ticker,name,sector,industry,first_price_date,last_price_date,last_filings_date,last_form4_date,yf_seeded,edgar_seeded,created_at,updated_at,market_cap,cap_bucket
A,,Healthcare,Diagnostics & Research,2005-01-03,2026-07-15,,,True,False,2026-07-15 17:14:41.329840,2026-07-15 17:14:41.329233,38410000000.0,large
AA,,Basic Materials,Aluminum,2005-01-03,2026-06-26,,,True,False,2026-06-28 09:56:17.023048,2026-06-28 09:56:17.022413,14280000000.0,large
AAOI,,Technology,Communication Equipment,2013-09-26,2026-07-15,,,True,False,2026-07-15 17:21:37.391096,2026-07-15 17:21:37.390436,10890000000.0,mid
AAON,,Industrials,Building Products & Equipment,2005-01-03,2026-07-15,,,True,False,2026-07-15 17:13:09.810381,2026-07-15 17:13:09.809294,10380000000.0,mid
AAP,,Consumer Cyclical,Auto Parts,2005-01-03,2026-06-26,,,True,False,2026-06-28 09:54:45.776277,2026-06-28 09:54:45.775101,3750000000.0,mid
AAT,,Real Estate,REIT - Diversified,2011-01-13,2026-07-15,,,True,False,2026-07-15 17:14:42.101402,2026-07-15 17:14:42.100776,1950000000.0,small
ABBV,,Healthcare,Drug Manufacturers - General,2013-01-02,2026-07-15,,,True,False,2026-07-15 17:03:48.683014,2026-07-15 17:03:48.681719,447620000000.0,large
ABEO,,Healthcare,Biotechnology,2016-08-04,2026-07-15,,,True,False,2026-07-15 16:37:35.409761,2026-07-15 16:37:35.408901,319740000.0,small
ACAD,,Healthcare,Biotechnology,2005-01-03,2026-07-15,,,True,False,2026-07-15 17:04:18.433155,2026-07-15 17:04:18.432517,4340000000.0,mid
ACHC,,Healthcare,Medical Care Facilities,2011-12-20,2026-07-15,,,True,False,2026-07-15 16:51:28.841960,2026-07-15 16:51:28.841327,2520000000.0,mid
ACIW,,Technology,Software - Infrastructure,2005-01-03,2026-06-26,,,True,False,2026-06-28 09:57:47.382688,2026-06-28 09:57:47.382076,5010000000.0,mid
ACM,,Industrials,Engineering & Construction,2007-05-10,2026-07-15,,,True,False,2026-07-15 16:47:14.798322,2026-07-15 16:47:14.797573,9130000000.0,mid
ACMR,,Technology,Semiconductor Equipment & Materials,2017-11-30,2026-06-26,,,True,False,2026-06-28 09:54:46.219940,2026-06-28 09:54:46.219297,7220000000.0,mid
ACN,,Technology,Information Technology Services,2005-01-03,2026-07-15,,,True,False,2026-07-15 16:44:33.536422,2026-07-15 16:44:33.535637,78930000000.0,large
ADC,,Real Estate,REIT - Retail,2005-01-03,2026-06-26,,,True,False,2026-06-28 09:56:18.124112,2026-06-28 09:56:18.123517,9260000000.0,mid
ADP,,Technology,Software - Application,2005-01-03,2026-07-15,,,True,False,2026-07-15 16:44:39.025980,2026-07-15 16:44:39.025230,89360000000.0,large
ADSK,,Technology,Software - Application,2005-01-03,2026-06-26,,,True,False,2026-06-28 09:55:45.658056,2026-06-28 09:55:45.657441,41440000000.0,large
AEHR,,Technology,Semiconductor Equipment & Materials,2016-04-15,2026-07-15,,,True,False,2026-07-15 17:15:12.998671,2026-07-15 17:15:12.998029,2890000000.0,mid
AEM,,Basic Materials,Gold,2005-01-03,2026-07-15,,,True,False,2026-07-15 17:15:14.085206,2026-07-15 17:15:14.084584,78620000000.0,large
AER,,Industrials,Rental & Leasing Services,2006-11-21,2026-06-26,,,True,False,2026-06-28 09:55:15.488396,2026-06-28 09:55:15.487756,23470000000.0,large
AES,,Utilities,Utilities - Diversified,2005-01-03,2026-06-26,,,True,False,2026-06-28 09:55:46.773320,2026-06-28 09:55:46.772728,10460000000.0,mid
AFG,,Financial Services,Insurance - Property & Casualty,2005-01-03,2026-07-15,,,True,False,2026-07-15 16:51:29.969029,2026-07-15 16:51:29.968396,11560000000.0,large
AFL,,Financial Services,Insurance - Life,2005-01-03,2026-07-15,,,True,False,2026-07-15 17:13:41.624867,2026-07-15 17:13:41.624190,61150000000.0,large
AGI,,Basic Materials,Gold,2013-02-08,2026-07-15,,,True,False,2026-07-15 16:32:41.558953,2026-07-15 16:32:41.557559,13050000000.0,large
AGO,,Financial Services,Insurance - Specialty,2005-01-03,2026-07-15,,,True,False,2026-07-15 16:51:31.098147,2026-07-15 16:51:31.097470,3530000000.0,mid
AGX,,Industrials,Engineering & Construction,2013-10-31,2026-07-15,,,True,False,2026-07-15 17:13:42.282049,2026-07-15 17:13:42.281441,10730000000.0,mid
AHRT,,Real Estate,REIT - Diversified,2013-05-08,2026-07-15,,,True,False,2026-07-15 16:44:42.447293,2026-07-15 16:44:42.446529,717070000.0,small
AIG,,Financial Services,Insurance - Diversified,2005-01-03,2026-06-26,,,True,False,2026-06-28 09:55:47.898425,2026-06-28 09:55:47.897826,40070000000.0,large
AIR,,Industrials,Aerospace & Defense,2005-01-03,2026-07-15,,,True,False,2026-07-15 17:13:10.891873,2026-07-15 17:13:10.891190,5620000000.0,mid
AIV,,Real Estate,REIT - Residential,2005-01-03,2026-06-26,,,True,False,2026-06-28 09:57:19.151244,2026-06-28 09:57:19.150625,454190000.0,small
AJG,,Financial Services,Insurance Brokers,2005-01-03,2026-07-15,,,True,False,2026-07-15 17:15:44.947752,2026-07-15 17:15:44.947144,58070000000.0,large
ALB,,Basic Materials,Specialty Chemicals,2005-01-03,2026-07-15,,,True,False,2026-07-15 16:51:32.230112,2026-07-15 16:51:32.229471,15770000000.0,large
ALLT,,Technology,Software - Infrastructure,2009-02-20,2026-06-26,,,True,False,2026-06-28 09:56:46.067036,2026-06-28 09:56:46.066421,382090000.0,small
ALLY,,Financial Services,Credit Services,2014-05-07,2026-07-15,,,True,False,2026-07-15 16:51:32.896228,2026-07-15 16:51:32.895587,14460000000.0,large
ALNT,,Technology,Electronic Components,2014-05-20,2026-06-26,,,True,False,2026-06-28 09:55:16.129697,2026-06-28 09:55:16.129092,1660000000.0,small
ALNY,,Healthcare,Biotechnology,2005-01-03,2026-07-15,,,True,False,2026-07-15 16:44:48.120573,2026-07-15 16:44:48.119776,38900000000.0,large
ALRM,,Technology,Software - Application,2015-06-26,2026-07-15,,,True,False,2026-07-15 16:33:11.176005,2026-07-15 16:33:11.175341,2290000000.0,small
ALSN,,Consumer Cyclical,Auto Parts,2012-03-15,2026-07-15,,,True,False,2026-07-15 17:21:08.148926,2026-07-15 17:21:08.147871,9940000000.0,mid
ALV,,Consumer Cyclical,Auto Parts,2005-01-03,2026-07-15,,,True,False,2026-07-15 17:15:15.185936,2026-07-15 17:15:15.185285,8920000000.0,mid
AMAT,,Technology,Semiconductor Equipment & Materials,2005-01-03,2026-07-15,,,True,False,2026-07-15 16:47:20.288489,2026-07-15 16:47:20.287760,497690000000.0,large
AMBA,,Technology,Semiconductor Equipment & Materials,2012-10-10,2026-07-15,,,True,False,2026-07-15 16:52:34.282043,2026-07-15 16:52:34.281374,2730000000.0,mid
AMC,,Communication Services,Entertainment,2013-12-18,2026-06-26,,,True,False,2026-06-28 09:56:18.780715,2026-06-28 09:56:18.780114,1930000000.0,small
AMD,,Technology,Semiconductors,2005-01-03,2026-07-15,,,True,False,2026-07-15 16:42:11.617488,2026-07-15 16:42:11.616742,850490000000.0,large
AMH,,Real Estate,REIT - Residential,2013-08-01,2026-07-15,,,True,False,2026-07-15 17:21:08.811788,2026-07-15 17:21:08.811139,14000000000.0,large
AMN,,Healthcare,Medical Care Facilities,2005-01-03,2026-07-15,,,True,False,2026-07-15 16:42:17.066474,2026-07-15 16:42:17.065743,1270000000.0,small
AMPH,,Healthcare,Drug Manufacturers - Specialty & Generic,2014-06-25,2026-07-15,,,True,False,2026-07-15 16:37:38.577650,2026-07-15 16:37:38.576902,960340000.0,small
AMRN,,Healthcare,Drug Manufacturers - General,2010-03-18,2026-07-15,,,True,False,2026-07-15 17:15:16.023736,2026-07-15 17:15:16.023119,333620000.0,small
AMT,,Real Estate,REIT - Specialty,2005-01-03,2026-07-15,,,True,False,2026-07-15 16:39:59.689317,2026-07-15 16:39:59.688579,81810000000.0,large
AN,,Consumer Cyclical,Auto & Truck Dealerships,2005-01-03,2026-06-26,,,True,False,2026-06-28 09:56:47.184323,2026-06-28 09:56:47.183725,6410000000.0,mid
ANAB,,Healthcare,Biotechnology,2017-02-23,2026-07-15,,,True,False,2026-07-15 17:14:10.658410,2026-07-15 17:14:10.657789,1840000000.0,small
ANET,,Technology,Computer Hardware,2014-06-06,2026-07-15,,,True,False,2026-07-15 17:04:19.055573,2026-07-15 17:04:19.054944,198450000000.0,large
ANF,,Consumer Cyclical,Apparel Retail,2005-01-03,2026-06-26,,,True,False,2026-06-28 09:56:19.883617,2026-06-28 09:56:19.883013,4070000000.0000005,mid
AON,,Financial Services,Insurance Brokers,2005-01-03,2026-07-15,,,True,False,2026-07-15 17:03:49.749052,2026-07-15 17:03:49.748404,70200000000.0,large
AORT,,Healthcare,Medical Devices,2005-01-03,2026-07-15,,,True,False,2026-07-15 16:50:56.905724,2026-07-15 16:50:56.904443,1150000000.0,small
AOS,,Industrials,Specialty Industrial Machinery,2005-01-03,2026-07-15,,,True,False,2026-07-15 17:04:20.125172,2026-07-15 17:04:20.124565,8510000000.0,mid
APAM,,Financial Services,Asset Management,2013-03-07,2026-07-15,,,True,False,2026-07-15 16:40:03.199636,2026-07-15 16:40:03.198891,2880000000.0,mid
APD,,Basic Materials,Specialty Chemicals,2005-01-03,2026-07-15,,,True,False,2026-07-15 16:47:25.783257,2026-07-15 16:47:25.782510,61860000000.0,large
APH,,Technology,Electronic Components,2005-01-03,2026-06-26,,,True,False,2026-06-28 09:55:17.253121,2026-06-28 09:55:17.252454,201410000000.0,large
APO,,Financial Services,Asset Management,2011-03-30,2026-07-15,,,True,False,2026-07-15 17:04:20.904240,2026-07-15 17:04:20.903603,68200000000.0,large
APPF,,Technology,Software - Application,2015-06-26,2026-07-15,,,True,False,2026-07-15 17:15:45.519663,2026-07-15 17:15:45.519040,5500000000.0,mid
APPN,,Technology,Software - Infrastructure,2017-05-25,2026-06-26,,,True,False,2026-06-28 09:56:20.374030,2026-06-28 09:56:20.373434,1610000000.0,small
AQN,,Utilities,Utilities - Diversified,2016-11-07,2026-07-15,,,True,False,2026-07-15 16:50:57.434682,2026-07-15 16:50:57.433988,4600000000.0,mid
ARCC,,Financial Services,Asset Management,2005-01-03,2026-07-15,,,True,False,2026-07-15 16:40:08.701103,2026-07-15 16:40:08.700339,13060000000.0,large
ARE,,Real Estate,REIT - Office,2005-01-03,2026-07-15,,,True,False,2026-07-15 17:13:43.369833,2026-07-15 17:13:43.369207,9620000000.0,mid
AROC,,Energy,Oil & Gas Equipment & Services,2007-08-21,2026-06-26,,,True,False,2026-06-28 09:55:18.227846,2026-06-28 09:55:18.227231,7350000000.0,mid
ARR,,Real Estate,REIT - Mortgage,2010-11-05,2026-07-15,,,True,False,2026-07-15 17:15:46.311453,2026-07-15 17:15:46.310846,2140000000.0000002,small
ASA,,Financial Services,Asset Management,2005-01-03,2026-06-26,,,True,False,2026-06-28 09:54:47.291910,2026-06-28 09:54:47.291071,1000000000.0,small
ASB,,Financial Services,Banks - Regional,2005-01-03,2026-07-15,,,True,False,2026-07-15 16:52:02.471176,2026-07-15 16:52:02.470512,5120000000.0,mid
ASML,,Technology,Semiconductor Equipment & Materials,2005-01-03,2026-07-15,,,True,False,2026-07-15 17:13:11.978185,2026-07-15 17:13:11.977522,692630000000.0,large
ASND,,Healthcare,Biotechnology,2015-01-28,2026-07-15,,,True,False,2026-07-15 16:33:11.781583,2026-07-15 16:33:11.780941,16200000000.0,large
ASYS,,Technology,Semiconductor Equipment & Materials,2007-02-08,2026-07-15,,,True,False,2026-07-15 17:03:50.720140,2026-07-15 17:03:50.719504,341810000.0,small
ATEN,,Technology,Software - Infrastructure,2014-03-21,2026-07-15,,,True,False,2026-07-15 16:35:33.303049,2026-07-15 16:35:33.301664,2520000000.0,mid
ATI,,Industrials,Metal Fabrication,2005-01-03,2026-07-15,,,True,False,2026-07-15 16:35:34.387777,2026-07-15 16:35:34.387038,26940000000.0,large
ATNI,,Communication Services,Telecom Services,2006-03-31,2026-06-26,,,True,False,2026-06-28 09:57:20.196460,2026-06-28 09:57:20.195809,402550000.0,small
ATR,,Healthcare,Medical Instruments & Supplies,2005-01-03,2026-07-15,,,True,False,2026-07-15 17:21:09.888702,2026-07-15 17:21:09.888081,8039999999.999999,mid
ATRC,,Healthcare,Medical Instruments & Supplies,2008-10-13,2026-06-26,,,True,False,2026-06-28 09:54:48.185798,2026-06-28 09:54:48.185188,1530000000.0,small
ATRO,,Industrials,Aerospace & Defense,2005-05-09,2026-06-26,,,True,False,2026-06-28 09:55:49.002520,2026-06-28 09:55:49.001921,3630000000.0,mid
AUPH,,Healthcare,Biotechnology,2014-12-16,2026-07-15,,,True,False,2026-07-15 17:04:21.510215,2026-07-15 17:04:21.509578,2220000000.0,small
AVA,,Utilities,Utilities - Diversified,2005-01-03,2026-07-15,,,True,False,2026-07-15 17:04:22.594353,2026-07-15 17:04:22.593700,3450000000.0,mid
AVB,,Real Estate,REIT - Residential,2005-01-03,2026-07-15,,,True,False,2026-07-15 17:21:39.023731,2026-07-15 17:21:39.023039,27140000000.0,large
AVGO,,Technology,Semiconductors,2009-08-06,2026-07-15,,,True,False,2026-07-15 16:50:58.326687,2026-07-15 16:50:58.326059,1740000000000.0,large
AVNS,,Healthcare,Medical Devices,2014-10-21,2026-07-15,,,True,False,2026-07-15 17:14:11.259297,2026-07-15 17:14:11.258686,1170000000.0,small
AVNT,,Basic Materials,Specialty Chemicals,2005-01-03,2026-07-15,,,True,False,2026-07-15 16:33:12.888222,2026-07-15 16:33:12.887614,3480000000.0,mid
AVT,,Technology,Electronics & Computer Distribution,2005-01-03,2026-07-15,,,True,False,2026-07-15 17:14:43.175410,2026-07-15 17:14:43.174797,7080000000.0,mid
AWK,,Utilities,Utilities - Regulated Water,2008-04-23,2026-07-15,,,True,False,2026-07-15 16:52:35.250015,2026-07-15 16:52:35.249380,25910000000.0,large
AXON,,Industrials,Aerospace & Defense,2005-01-03,2026-07-15,,,True,False,2026-07-15 16:30:10.225420,2026-07-15 16:30:10.223637,37470000000.0,large
AXS,,Financial Services,Insurance - Specialty,2005-01-03,2026-07-15,,,True,False,2026-07-15 17:03:51.809832,2026-07-15 17:03:51.809063,8020000000.0,mid
AZN,,Healthcare,Drug Manufacturers - General,2005-01-03,2026-07-15,,,True,False,2026-07-15 17:14:12.334347,2026-07-15 17:14:12.333713,293490000000.0,large
AZO,,Consumer Cyclical,Auto Parts,2005-01-03,2026-07-15,,,True,False,2026-07-15 17:14:13.396890,2026-07-15 17:14:13.396282,51080000000.0,large
BA,,Industrials,Aerospace & Defense,2005-01-03,2026-07-15,,,True,False,2026-07-15 16:30:11.467821,2026-07-15 16:30:11.467079,171260000000.0,large
BABA,,Consumer Cyclical,Internet Retail,2014-09-19,2026-06-26,,,True,False,2026-06-28 09:54:48.791890,2026-06-28 09:54:48.791280,216610000000.0,large
BAH,,Industrials,Consulting Services,2010-11-18,2026-06-26,,,True,False,2026-06-28 09:54:49.580978,2026-06-28 09:54:49.580369,7450000000.0,mid
BANC,,Financial Services,Banks - Regional,2010-09-29,2026-07-15,,,True,False,2026-07-15 16:52:36.093867,2026-07-15 16:52:36.093218,3210000000.0,mid
BANF,,Financial Services,Banks - Regional,2005-01-03,2026-07-15,,,True,False,2026-07-15 16:52:03.613478,2026-07-15 16:52:03.612829,3850000000.0,mid
BAP,,Financial Services,Banks - Regional,2005-04-19,2026-07-15,,,True,False,2026-07-15 16:42:22.427187,2026-07-15 16:42:22.426438,30520000000.0,large
BBAR,,Financial Services,Banks - Regional,2005-01-03,2026-07-15,,,True,False,2026-07-15 16:30:12.837580,2026-07-15 16:30:12.836865,4040000000.0,mid
BBD,,Financial Services,Banks - Regional,2005-01-03,2026-07-15,,,True,False,2026-07-15 17:04:23.690509,2026-07-15 17:04:23.689808,33619999999.999996,large
BBSI,,Industrials,Staffing & Employment Services,2005-01-03,2026-07-15,,,True,False,2026-07-15 16:50:59.446169,2026-07-15 16:50:59.445531,885620000.0,small
BBW,,Consumer Cyclical,Specialty Retail,2005-01-03,2026-07-15,,,True,False,2026-07-15 16:51:34.020968,2026-07-15 16:51:34.020292,382700000.0,small
BBWI,,Consumer Cyclical,Specialty Retail,2005-01-03,2026-07-15,,,True,False,2026-07-15 17:14:44.243794,2026-07-15 17:14:44.243180,4610000000.0,mid
BCC,,Basic Materials,Lumber & Wood Production,2013-02-06,2026-06-26,,,True,False,2026-06-28 09:56:47.903839,2026-06-28 09:56:47.903231,2850000000.0,mid
BEN,,Financial Services,Asset Management,2005-01-03,2026-06-26,,,True,False,2026-06-28 09:55:50.122716,2026-06-28 09:55:50.122124,17260000000.0,large
BFAM,,Consumer Cyclical,Personal Services,2013-01-25,2026-07-15,,,True,False,2026-07-15 17:14:14.082362,2026-07-15 17:14:14.081762,3690000000.0,mid
BFH,,Financial Services,Credit Services,2005-01-03,2026-07-15,,,True,False,2026-07-15 17:14:15.151319,2026-07-15 17:14:15.150702,4290000000.0,mid
BFS,,Real Estate,REIT - Retail,2005-01-03,2026-07-15,,,True,False,2026-07-15 16:52:04.747781,2026-07-15 16:52:04.747147,1340000000.0,small
BG,,Consumer Defensive,Farm Products,2005-01-03,2026-07-15,,,True,False,2026-07-15 16:37:44.036245,2026-07-15 16:37:44.035514,21450000000.0,large
BGS,,Consumer Defensive,Packaged Foods,2007-05-23,2026-07-15,,,True,False,2026-07-15 16:42:27.305064,2026-07-15 16:42:27.304317,336030000.0,small
BHC,,Healthcare,Drug Manufacturers - Specialty & Generic,2005-01-03,2026-06-26,,,True,False,2026-06-28 09:56:49.014403,2026-06-28 09:56:49.013802,1780000000.0,small
BHE,,Technology,Electronic Components,2005-01-03,2026-07-15,,,True,False,2026-07-15 16:30:14.111368,2026-07-15 16:30:14.110661,3300000000.0,mid
BHF,,Financial Services,Insurance - Life,2017-08-23,2026-06-26,,,True,False,2026-06-28 09:56:20.854057,2026-06-28 09:56:20.853451,3630000000.0,mid
BIDU,,Communication Services,Internet Content & Information,2005-08-05,2026-07-15,,,True,False,2026-07-15 16:37:49.400161,2026-07-15 16:37:49.399436,35460000000.0,large
BKD,,Healthcare,Medical Care Facilities,2005-11-22,2026-06-26,,,True,False,2026-06-28 09:56:21.906692,2026-06-28 09:56:21.906091,3750000000.0,mid
BKH,,Utilities,Utilities - Regulated Gas,2005-01-03,2026-07-15,,,True,False,2026-07-15 17:14:45.316430,2026-07-15 17:14:45.315828,5790000000.0,mid
BKNG,,Consumer Cyclical,Travel Services,2005-01-03,2026-07-15,,,True,False,2026-07-15 17:13:13.074182,2026-07-15 17:13:13.073530,140610000000.0,large
BLBD,,Industrials,Farm & Heavy Construction Machinery,2015-03-16,2026-07-15,,,True,False,2026-07-15 16:44:51.128435,2026-07-15 16:44:51.127686,2490000000.0,mid
BLDR,,Industrials,Building Products & Equipment,2005-06-28,2026-07-15,,,True,False,2026-07-15 16:35:35.449945,2026-07-15 16:35:35.449292,9590000000.0,mid
BLK,,Financial Services,Asset Management,2005-01-03,2026-07-15,,,True,False,2026-07-15 16:51:00.570648,2026-07-15 16:51:00.570019,157090000000.0,large
BLMN,,Consumer Cyclical,Restaurants,2012-08-08,2026-07-15,,,True,False,2026-07-15 16:35:36.161464,2026-07-15 16:35:36.160850,767960000.0,small
BLX,,Financial Services,Banks - Regional,2005-01-03,2026-07-15,,,True,False,2026-07-15 17:21:10.973255,2026-07-15 17:21:10.972436,2330000000.0,small
BMA,,Financial Services,Banks - Regional,2006-03-27,2026-07-15,,,True,False,2026-07-15 17:14:16.168035,2026-07-15 17:14:16.167417,6080000000.0,mid
BMO,,Financial Services,Banks - Diversified,2005-01-03,2026-07-15,,,True,False,2026-07-15 16:32:42.647906,2026-07-15 16:32:42.647184,122750000000.0,large
BMRN,,Healthcare,Biotechnology,2005-01-03,2026-07-15,,,True,False,2026-07-15 16:30:15.371385,2026-07-15 16:30:15.370667,11400000000.0,large
BN,,Financial Services,Asset Management,2005-01-03,2026-07-15,,,True,False,2026-07-15 16:52:05.886239,2026-07-15 16:52:05.885589,96060000000.0,large
BNS,,Financial Services,Banks - Diversified,2005-01-03,2026-06-26,,,True,False,2026-06-28 09:54:50.638645,2026-06-28 09:54:50.638041,105890000000.0,large
BNY,,Financial Services,Banks - Diversified,2005-01-03,2026-07-15,,,True,False,2026-07-15 17:03:52.897932,2026-07-15 17:03:52.897314,98540000000.0,large
BOH,,Financial Services,Banks - Regional,2005-01-03,2026-07-15,,,True,False,2026-07-15 16:44:56.578255,2026-07-15 16:44:56.577506,3250000000.0,mid
BOX,,Technology,Software - Infrastructure,2015-01-23,2026-07-15,,,True,False,2026-07-15 17:04:24.288133,2026-07-15 17:04:24.287489,3670000000.0,mid
BPOP,,Financial Services,Banks - Regional,2005-01-03,2026-07-15,,,True,False,2026-07-15 17:21:40.279130,2026-07-15 17:21:40.278462,10700000000.0,mid
BRK-B,,Financial Services,Insurance - Diversified,2005-01-03,2026-07-15,,,True,False,2026-07-15 17:15:17.122335,2026-07-15 17:15:17.121736,,mid
BRO,,Financial Services,Insurance Brokers,2005-01-03,2026-07-15,,,True,False,2026-07-15 17:03:54.029722,2026-07-15 17:03:54.029059,21770000000.0,large
BRSL,,Consumer Cyclical,Gambling,2005-01-03,2026-06-26,,,True,False,2026-06-28 09:55:51.234565,2026-06-28 09:55:51.233966,2060000000.0,small
BTG,,Basic Materials,Gold,2013-01-15,2026-07-15,,,True,False,2026-07-15 17:03:54.731307,2026-07-15 17:03:54.730561,5270000000.0,mid
BTI,,Consumer Defensive,Tobacco,2005-01-03,2026-07-15,,,True,False,2026-07-15 17:21:12.064340,2026-07-15 17:21:12.063726,135680000000.0,large
BUD,,Consumer Defensive,Beverages - Brewers,2009-07-01,2026-07-15,,,True,False,2026-07-15 16:52:06.795436,2026-07-15 16:52:06.794759,166150000000.0,large
BUSE,,Financial Services,Banks - Regional,2005-12-23,2026-07-15,,,True,False,2026-07-15 16:51:01.665901,2026-07-15 16:51:01.665274,2520000000.0,mid
BWXT,,Industrials,Aerospace & Defense,2010-08-02,2026-07-15,,,True,False,2026-07-15 17:15:47.114660,2026-07-15 17:15:47.114036,18130000000.0,large
BXC,,Industrials,Industrial Distribution,2017-03-17,2026-06-26,,,True,False,2026-06-28 09:56:22.401237,2026-06-28 09:56:22.400640,508030000.0,small
BY,,Financial Services,Banks - Regional,2017-06-30,2026-07-15,,,True,False,2026-07-15 16:32:43.125523,2026-07-15 16:32:43.124854,1710000000.0,small
CACC,,Financial Services,Credit Services,2006-05-08,2026-06-26,,,True,False,2026-06-28 09:57:21.245461,2026-06-28 09:57:21.244858,6580000000.0,mid
CACI,,Technology,Information Technology Services,2005-01-03,2026-07-15,,,True,False,2026-07-15 17:14:17.236808,2026-07-15 17:14:17.236191,10030000000.0,mid
CAG,,Consumer Defensive,Packaged Foods,2005-01-03,2026-07-15,,,True,False,2026-07-15 17:03:55.817070,2026-07-15 17:03:55.816447,6740000000.0,mid
CAKE,,Consumer Cyclical,Restaurants,2005-01-03,2026-07-15,,,True,False,2026-07-15 17:13:44.460972,2026-07-15 17:13:44.460350,3990000000.0,mid
CALX,,Technology,Software - Infrastructure,2010-03-24,2026-07-15,,,True,False,2026-07-15 16:47:29.997508,2026-07-15 16:47:29.996761,2270000000.0,small
CALY,,Consumer Cyclical,Leisure,2005-01-03,2026-06-26,,,True,False,2026-06-28 09:55:19.327204,2026-06-28 09:55:19.326590,3460000000.0,mid
CAMT,,Technology,Semiconductor Equipment & Materials,2013-12-03,2026-06-26,,,True,False,2026-06-28 09:56:23.061266,2026-06-28 09:56:23.060662,7080000000.0,mid
CARG,,Consumer Cyclical,Auto & Truck Dealerships,2017-10-12,2026-06-26,,,True,False,2026-06-28 09:57:21.723858,2026-06-28 09:57:21.723256,2980000000.0,mid
CARS,,Communication Services,Internet Content & Information,2017-06-28,2026-07-15,,,True,False,2026-07-15 16:47:32.447982,2026-07-15 16:47:32.447224,600960000.0,small
CAT,,Industrials,Farm & Heavy Construction Machinery,2005-01-03,2026-06-26,,,True,False,2026-06-28 09:57:22.831945,2026-06-28 09:57:22.831344,459430000000.0,large
CBU,,Financial Services,Banks - Regional,2005-01-03,2026-06-26,,,True,False,2026-06-28 09:54:51.712584,2026-06-28 09:54:51.711980,3550000000.0,mid
CBZ,,Industrials,Specialty Business Services,2005-01-03,2026-06-26,,,True,False,2026-06-28 09:54:52.777974,2026-06-28 09:54:52.777349,1650000000.0,small
CCEP,,Consumer Defensive,Beverages - Non-Alcoholic,2005-01-03,2026-06-26,,,True,False,2026-06-28 09:55:52.348422,2026-06-28 09:55:52.347820,44640000000.0,large
CCJ,,Energy,Uranium,2005-01-03,2026-06-26,,,True,False,2026-06-28 09:56:24.165076,2026-06-28 09:56:24.164483,45060000000.0,large
CCOI,,Communication Services,Telecom Services,2005-05-16,2026-07-15,,,True,False,2026-07-15 17:03:56.870218,2026-07-15 17:03:56.869622,640600000.0,small
CCRN,,Healthcare,Medical Care Facilities,2005-01-03,2026-07-15,,,True,False,2026-07-15 17:14:46.389018,2026-07-15 17:14:46.388397,409930000.0,small
CCS,,Real Estate,Real Estate - Development,2014-06-18,2026-07-15,,,True,False,2026-07-15 16:40:11.855369,2026-07-15 16:40:11.854642,2069999999.9999998,small
CDNA,,Healthcare,Diagnostics & Research,2016-12-07,2026-07-15,,,True,False,2026-07-15 16:42:29.854158,2026-07-15 16:42:29.853402,1490000000.0,small
CDW,,Technology,Information Technology Services,2013-06-27,2026-07-15,,,True,False,2026-07-15 17:13:45.140192,2026-07-15 17:13:45.139550,17030000000.000002,large
CECO,,Industrials,Pollution & Treatment Controls,2012-02-03,2026-06-26,,,True,False,2026-06-28 09:54:53.509559,2026-06-28 09:54:53.508952,5370000000.0,mid
CELH,,Consumer Defensive,Beverages - Non-Alcoholic,2016-09-15,2026-06-26,,,True,False,2026-06-28 09:57:23.361071,2026-06-28 09:57:23.360466,7630000000.0,mid
CET,,Financial Services,Asset Management,2005-01-03,2026-07-15,,,True,False,2026-07-15 17:15:18.222744,2026-07-15 17:15:18.222127,1530000000.0,small
CEVA,,Technology,Semiconductors,2005-01-03,2026-07-15,,,True,False,2026-07-15 16:52:07.957826,2026-07-15 16:52:07.957191,1180000000.0,small
CFFN,,Financial Services,Banks - Regional,2005-01-03,2026-07-15,,,True,False,2026-07-15 17:15:48.183797,2026-07-15 17:15:48.183200,1050000000.0,small
CGAU,,Basic Materials,Gold,2016-11-07,2026-07-15,,,True,False,2026-07-15 17:13:45.646790,2026-07-15 17:13:45.646181,3140000000.0,mid
CGC,,Healthcare,Drug Manufacturers - Specialty & Generic,2016-07-14,2026-07-15,,,True,False,2026-07-15 16:40:14.520648,2026-07-15 16:40:14.519900,392750000.0,small
CHCT,,Real Estate,REIT - Healthcare Facilities,2015-06-17,2026-07-15,,,True,False,2026-07-15 16:33:13.490193,2026-07-15 16:33:13.489528,494890000.0,small
CHD,,Consumer Defensive,Household & Personal Products,2005-01-03,2026-07-15,,,True,False,2026-07-15 16:51:35.154869,2026-07-15 16:51:35.154223,23590000000.0,large
CHDN,,Consumer Cyclical,Gambling,2005-01-03,2026-07-15,,,True,False,2026-07-15 16:51:02.796839,2026-07-15 16:51:02.796206,6200000000.0,mid
CHKP,,Technology,Software - Infrastructure,2005-01-03,2026-07-15,,,True,False,2026-07-15 16:33:14.601058,2026-07-15 16:33:14.600399,13530000000.0,large
CHRW,,Industrials,Integrated Freight & Logistics,2005-01-03,2026-07-15,,,True,False,2026-07-15 16:47:37.942154,2026-07-15 16:47:37.941427,21140000000.0,large
CHT,,Communication Services,Telecom Services,2009-03-31,2026-07-15,,,True,False,2026-07-15 17:13:46.512988,2026-07-15 17:13:46.512352,34800000000.0,large
CI,,Healthcare,Healthcare Plans,2005-01-03,2026-07-15,,,True,False,2026-07-15 16:33:15.703935,2026-07-15 16:33:15.703290,74810000000.0,large
CIA,,Financial Services,Insurance - Life,2005-01-03,2026-07-15,,,True,False,2026-07-15 17:15:19.310873,2026-07-15 17:15:19.310250,322530000.0,small
CIEN,,Technology,Communication Equipment,2005-01-03,2026-07-15,,,True,False,2026-07-15 17:03:57.949335,2026-07-15 17:03:57.948700,67870000000.00001,large
CIVB,,Financial Services,Banks - Regional,2016-06-17,2026-07-15,,,True,False,2026-07-15 16:33:16.236362,2026-07-15 16:33:16.235735,595860000.0,small
CL,,Consumer Defensive,Household & Personal Products,2005-01-03,2026-06-26,,,True,False,2026-06-28 09:54:54.588795,2026-06-28 09:54:54.588196,73670000000.0,large
CLDX,,Healthcare,Biotechnology,2009-01-27,2026-07-15,,,True,False,2026-07-15 17:13:47.385623,2026-07-15 17:13:47.384973,2770000000.0,mid
CLF,,Basic Materials,Steel,2005-01-03,2026-07-15,,,True,False,2026-07-15 17:03:59.026885,2026-07-15 17:03:59.026252,5680000000.0,mid
CLFD,,Technology,Communication Equipment,2009-08-17,2026-07-15,,,True,False,2026-07-15 17:04:25.149812,2026-07-15 17:04:25.149171,524960000.00000006,small
CLS,,Technology,Electronic Components,2005-01-03,2026-07-15,,,True,False,2026-07-15 16:51:36.290745,2026-07-15 16:51:36.290068,41490000000.0,large
CMBT,,Energy,Oil & Gas Midstream,2015-01-26,2026-06-26,,,True,False,2026-06-28 09:57:23.973245,2026-06-28 09:57:23.972636,4139999999.9999995,mid
CME,,Financial Services,Financial Data & Stock Exchanges,2005-01-03,2026-07-15,,,True,False,2026-07-15 16:51:37.429663,2026-07-15 16:51:37.429035,80080000000.0,large
CMG,,Consumer Cyclical,Restaurants,2006-01-26,2026-07-15,,,True,False,2026-07-15 16:51:38.512587,2026-07-15 16:51:38.511924,42770000000.0,large
CMP,,Basic Materials,Other Industrial Metals & Mining,2005-01-03,2026-07-15,,,True,False,2026-07-15 16:52:37.236720,2026-07-15 16:52:37.236096,1300000000.0,small
CNA,,Financial Services,Insurance - Property & Casualty,2005-01-03,2026-07-15,,,True,False,2026-07-15 16:30:16.628637,2026-07-15 16:30:16.627953,13080000000.0,large
CNC,,Healthcare,Healthcare Plans,2005-01-03,2026-06-26,,,True,False,2026-06-28 09:54:55.668652,2026-06-28 09:54:55.668045,32460000000.0,large
CNH,,Industrials,Farm & Heavy Construction Machinery,2013-09-30,2026-07-15,,,True,False,2026-07-15 17:15:48.847761,2026-07-15 17:15:48.847128,13680000000.0,large
CNI,,Industrials,Railroads,2005-01-03,2026-07-15,,,True,False,2026-07-15 16:37:54.898907,2026-07-15 16:37:54.898166,73230000000.0,large
CNK,,Communication Services,Entertainment,2007-04-24,2026-06-26,,,True,False,2026-06-28 09:56:25.158057,2026-06-28 09:56:25.157460,3860000000.0,mid
CNOB,,Financial Services,Banks - Regional,2010-12-28,2026-07-15,,,True,False,2026-07-15 17:03:59.815020,2026-07-15 17:03:59.814353,1670000000.0,small
CNS,,Financial Services,Asset Management,2005-01-03,2026-07-15,,,True,False,2026-07-15 16:45:02.049878,2026-07-15 16:45:02.049133,4030000000.0000005,mid
CNXN,,Technology,Electronics & Computer Distribution,2005-01-03,2026-07-15,,,True,False,2026-07-15 16:52:09.118404,2026-07-15 16:52:09.117745,1800000000.0,small
CODI,,Industrials,Conglomerates,2006-05-18,2026-07-15,,,True,False,2026-07-15 17:15:49.858245,2026-07-15 17:15:49.857602,783210000.0,small
COKE,,Consumer Defensive,Beverages - Non-Alcoholic,2005-01-03,2026-07-15,,,True,False,2026-07-15 16:38:00.380533,2026-07-15 16:38:00.379807,12520000000.0,large
COLB,,Financial Services,Banks - Regional,2005-01-03,2026-07-15,,,True,False,2026-07-15 16:33:17.326608,2026-07-15 16:33:17.325964,9310000000.0,mid
CORT,,Healthcare,Biotechnology,2009-08-10,2026-07-15,,,True,False,2026-07-15 16:47:42.349762,2026-07-15 16:47:42.349004,9370000000.0,mid
COTY,,Consumer Defensive,Household & Personal Products,2013-06-13,2026-07-15,,,True,False,2026-07-15 17:04:25.823435,2026-07-15 17:04:25.822799,1690000000.0,small
CPB,,Consumer Defensive,Packaged Foods,2005-01-03,2026-07-15,,,True,False,2026-07-15 16:35:37.249130,2026-07-15 16:35:37.248480,6780000000.0,mid
CQP,,Energy,Oil & Gas Midstream,2007-03-21,2026-07-15,,,True,False,2026-07-15 17:04:26.821398,2026-07-15 17:04:26.820783,29300000000.0,large
CRAI,,Industrials,Consulting Services,2005-01-03,2026-07-15,,,True,False,2026-07-15 17:04:27.883098,2026-07-15 17:04:27.882479,947870000.0,small
CRMD,,Healthcare,Biotechnology,2013-11-11,2026-06-26,,,True,False,2026-06-28 09:56:49.689846,2026-06-28 09:56:49.689227,615850000.0,small
CRS,,Industrials,Metal Fabrication,2005-01-03,2026-07-15,,,True,False,2026-07-15 17:14:47.460303,2026-07-15 17:14:47.459705,29400000000.0,large
CRUS,,Technology,Semiconductors,2005-01-03,2026-07-15,,,True,False,2026-07-15 16:51:39.650742,2026-07-15 16:51:39.650092,7410000000.0,mid
CRVS,,Healthcare,Biotechnology,2016-03-23,2026-07-15,,,True,False,2026-07-15 16:42:32.582371,2026-07-15 16:42:32.581649,1130000000.0,small
CSGP,,Real Estate,Real Estate Services,2005-01-03,2026-07-15,,,True,False,2026-07-15 16:33:18.417473,2026-07-15 16:33:18.416818,12350000000.0,large
CSL,,Industrials,Building Products & Equipment,2005-01-03,2026-07-15,,,True,False,2026-07-15 16:51:40.776465,2026-07-15 16:51:40.775841,15680000000.0,large
CSR,,Real Estate,REIT - Residential,2005-01-03,2026-06-26,,,True,False,2026-06-28 09:57:48.510043,2026-06-28 09:57:48.509435,1010000000.0,small
CSW,,Industrials,Specialty Industrial Machinery,2015-10-27,2026-07-15,,,True,False,2026-07-15 16:51:41.364458,2026-07-15 16:51:41.363793,4610000000.0,mid
CSWC,,Financial Services,Asset Management,2005-01-03,2026-07-15,,,True,False,2026-07-15 16:30:17.877797,2026-07-15 16:30:17.877103,1440000000.0,small
CTBI,,Financial Services,Banks - Regional,2005-01-03,2026-07-15,,,True,False,2026-07-15 16:42:38.111253,2026-07-15 16:42:38.110485,1310000000.0,small
CTRE,,Real Estate,REIT - Healthcare Facilities,2014-06-25,2026-07-15,,,True,False,2026-07-15 17:04:28.512925,2026-07-15 17:04:28.512289,9650000000.0,mid
CUBI,,Financial Services,Banks - Regional,2013-06-07,2026-06-26,,,True,False,2026-06-28 09:57:49.211707,2026-06-28 09:57:49.211097,2740000000.0,mid
CUZ,,Real Estate,REIT - Office,2005-01-03,2026-06-26,,,True,False,2026-06-28 09:54:56.752645,2026-06-28 09:54:56.752051,4930000000.0,mid
CVBF,,Financial Services,Banks - Regional,2005-01-03,2026-06-26,,,True,False,2026-06-28 09:56:50.808986,2026-06-28 09:56:50.808386,3960000000.0,mid
CVEO,,Consumer Cyclical,Lodging,2014-06-16,2026-07-15,,,True,False,2026-07-15 17:14:17.859958,2026-07-15 17:14:17.859347,370100000.0,small
CVS,,Healthcare,Healthcare Plans,2005-01-03,2026-07-15,,,True,False,2026-07-15 16:35:38.327678,2026-07-15 16:35:38.327012,133130000000.0,large
CWEN,,Utilities,Utilities - Renewable,2015-05-15,2026-07-15,,,True,False,2026-07-15 17:14:18.431525,2026-07-15 17:14:18.430890,7570000000.0,mid
CWH,,Consumer Cyclical,Auto & Truck Dealerships,2016-10-07,2026-07-15,,,True,False,2026-07-15 17:13:47.902175,2026-07-15 17:13:47.901531,785960000.0,small
CYD,,Consumer Cyclical,Auto Manufacturers,2005-01-03,2026-07-15,,,True,False,2026-07-15 17:13:14.166844,2026-07-15 17:13:14.166194,1680000000.0,small
CYRX,,Industrials,Integrated Freight & Logistics,2016-11-11,2026-07-15,,,True,False,2026-07-15 16:33:18.941958,2026-07-15 16:33:18.941071,806440000.0,small
CZNC,,Financial Services,Banks - Regional,2008-06-23,2026-07-15,,,True,False,2026-07-15 16:40:19.175731,2026-07-15 16:40:19.174995,420860000.0,small
CZR,,Consumer Cyclical,Resorts & Casinos,2015-02-09,2026-07-15,,,True,False,2026-07-15 16:42:41.207597,2026-07-15 16:42:41.206853,6150000000.0,mid
D,,Utilities,Utilities - Regulated Electric,2005-01-03,2026-07-15,,,True,False,2026-07-15 17:15:20.396587,2026-07-15 17:15:20.395982,61030000000.0,large
DAKT,,Technology,Electronic Components,2005-01-03,2026-06-26,,,True,False,2026-06-28 09:57:25.090835,2026-06-28 09:57:25.090228,943000000.0,small
DAR,,Consumer Defensive,Packaged Foods,2005-01-03,2026-07-15,,,True,False,2026-07-15 16:33:20.054798,2026-07-15 16:33:20.054131,8340000000.0,mid
DBI,,Consumer Cyclical,Footwear & Accessories,2005-06-29,2026-06-26,,,True,False,2026-06-28 09:55:53.438873,2026-06-28 09:55:53.438276,316850000.0,small
DBVT,,Healthcare,Biotechnology,2014-10-22,2026-06-26,,,True,False,2026-06-28 09:54:57.356126,2026-06-28 09:54:57.355528,969960000.0,small
DCH,,Consumer Cyclical,Auto Parts,2005-01-03,2026-06-26,,,True,False,2026-06-28 09:57:26.215522,2026-06-28 09:57:26.214912,1290000000.0,small
DCO,,Industrials,Aerospace & Defense,2005-01-03,2026-07-15,,,True,False,2026-07-15 16:33:21.164630,2026-07-15 16:33:21.163966,2680000000.0,mid
DCOM,,Financial Services,Banks - Regional,2009-06-26,2026-06-26,,,True,False,2026-06-28 09:56:51.708830,2026-06-28 09:56:51.708229,1790000000.0,small
DEA,,Real Estate,REIT - Office,2015-02-06,2026-06-26,,,True,False,2026-06-28 09:56:52.325137,2026-06-28 09:56:52.324538,1280000000.0,small
DECK,,Consumer Cyclical,Footwear & Accessories,2005-01-03,2026-07-15,,,True,False,2026-07-15 16:42:46.725125,2026-07-15 16:42:46.724399,14520000000.0,large
DHC,,Real Estate,REIT - Healthcare Facilities,2005-01-03,2026-07-15,,,True,False,2026-07-15 16:51:03.930452,2026-07-15 16:51:03.929817,2300000000.0,small
DIOD,,Technology,Semiconductors,2005-01-03,2026-07-15,,,True,False,2026-07-15 16:51:05.043324,2026-07-15 16:51:05.042682,4780000000.0,mid
DK,,Energy,Oil & Gas Refining & Marketing,2006-05-04,2026-07-15,,,True,False,2026-07-15 17:13:48.924779,2026-07-15 17:13:48.924147,2930000000.0,mid
DKS,,Consumer Cyclical,Specialty Retail,2005-01-03,2026-06-26,,,True,False,2026-06-28 09:54:58.468977,2026-06-28 09:54:58.468375,21410000000.0,large
DLB,,Industrials,Specialty Business Services,2005-02-17,2026-07-15,,,True,False,2026-07-15 16:47:47.809816,2026-07-15 16:47:47.809097,5060000000.0,mid
DMLP,,Energy,Oil & Gas E&P,2005-01-03,2026-07-15,,,True,False,2026-07-15 16:52:10.257585,2026-07-15 16:52:10.256921,1240000000.0,small
DNN,,Energy,Uranium,2005-07-11,2026-06-26,,,True,False,2026-06-28 09:56:26.235464,2026-06-28 09:56:26.234871,2800000000.0,mid
DOC,,Real Estate,REIT - Healthcare Facilities,2005-01-03,2026-07-15,,,True,False,2026-07-15 16:45:07.850412,2026-07-15 16:45:07.849675,15140000000.0,large
DORM,,Consumer Cyclical,Auto Parts,2008-06-12,2026-07-15,,,True,False,2026-07-15 17:13:15.080816,2026-07-15 17:13:15.080165,4019999999.9999995,mid
DQ,,Technology,Semiconductor Equipment & Materials,2010-10-07,2026-07-15,,,True,False,2026-07-15 16:51:42.206935,2026-07-15 16:51:42.206271,868830000.0,small
DRD,,Basic Materials,Gold,2005-01-03,2026-07-15,,,True,False,2026-07-15 17:04:29.598931,2026-07-15 17:04:29.598290,1850000000.0,small
DRH,,Real Estate,REIT - Hotel & Motel,2005-05-26,2026-06-26,,,True,False,2026-06-28 09:56:53.427952,2026-06-28 09:56:53.427339,2560000000.0,mid
DSGX,,Technology,Software - Application,2013-04-17,2026-07-15,,,True,False,2026-07-15 17:13:15.756603,2026-07-15 17:13:15.755884,5710000000.0,mid
DVA,,Healthcare,Medical Care Facilities,2005-01-03,2026-07-15,,,True,False,2026-07-15 16:40:24.751655,2026-07-15 16:40:24.750913,13930000000.0,large
DXPE,,Industrials,Industrial Distribution,2005-05-06,2026-07-15,,,True,False,2026-07-15 16:42:52.374030,2026-07-15 16:42:52.373259,2530000000.0,mid
EBS,,Healthcare,Drug Manufacturers - Specialty & Generic,2006-11-15,2026-07-15,,,True,False,2026-07-15 17:21:13.072645,2026-07-15 17:21:13.072039,440120000.0,small
ECC,,Financial Services,Asset Management,2015-08-14,2026-07-15,,,True,False,2026-07-15 16:47:50.698304,2026-07-15 16:47:50.697566,489170000.0,small
ECL,,Basic Materials,Specialty Chemicals,2005-01-03,2026-07-15,,,True,False,2026-07-15 16:32:44.203365,2026-07-15 16:32:44.202700,79830000000.0,large
ED,,Utilities,Utilities - Regulated Electric,2005-01-03,2026-07-15,,,True,False,2026-07-15 17:14:48.522849,2026-07-15 17:14:48.522223,41300000000.0,large
EEX,,Communication Services,Advertising Agencies,2017-04-28,2026-06-26,,,True,False,2026-06-28 09:55:53.942207,2026-06-28 09:55:53.941611,991530000.0,small
EFOR,,Technology,Information Technology Services,2005-01-03,2026-07-15,,,True,False,2026-07-15 17:14:49.596505,2026-07-15 17:14:49.595885,804010000.0,small
EGBN,,Financial Services,Banks - Regional,2009-06-25,2026-07-15,,,True,False,2026-07-15 17:15:21.269630,2026-07-15 17:15:21.268993,888340000.0,small
EGP,,Real Estate,REIT - Industrial,2005-01-03,2026-07-15,,,True,False,2026-07-15 17:15:22.360683,2026-07-15 17:15:22.360061,11130000000.0,mid
EIX,,Utilities,Utilities - Regulated Electric,2005-01-03,2026-07-15,,,True,False,2026-07-15 17:13:16.838530,2026-07-15 17:13:16.837878,29120000000.0,large
EMBJ,,Industrials,Aerospace & Defense,2005-01-03,2026-07-15,,,True,False,2026-07-15 16:38:05.902659,2026-07-15 16:38:05.901936,11130000000.0,mid
EMR,,Industrials,Specialty Industrial Machinery,2005-01-03,2026-06-26,,,True,False,2026-06-28 09:56:54.555053,2026-06-28 09:56:54.554445,80370000000.0,large
ENPH,,Technology,Solar,2012-03-30,2026-06-26,,,True,False,2026-06-28 09:54:59.198884,2026-06-28 09:54:59.198278,6270000000.0,mid
ENSG,,Healthcare,Medical Care Facilities,2007-11-09,2026-07-15,,,True,False,2026-07-15 16:45:12.650826,2026-07-15 16:45:12.650082,9450000000.0,mid
ENVA,,Financial Services,Credit Services,2014-11-13,2026-07-15,,,True,False,2026-07-15 16:33:21.773173,2026-07-15 16:33:21.772524,5760000000.0,mid
EPD,,Energy,Oil & Gas Midstream,2005-01-03,2026-07-15,,,True,False,2026-07-15 16:42:57.883779,2026-07-15 16:42:57.882910,79120000000.0,large
EPR,,Real Estate,REIT - Specialty,2005-01-03,2026-07-15,,,True,False,2026-07-15 16:32:45.283616,2026-07-15 16:32:45.282958,4570000000.0,mid
EQBK,,Financial Services,Banks - Regional,2015-11-11,2026-07-15,,,True,False,2026-07-15 17:13:49.478887,2026-07-15 17:13:49.478282,1020000000.0,small
EQIX,,Real Estate,REIT - Specialty,2005-01-03,2026-07-15,,,True,False,2026-07-15 16:45:18.423958,2026-07-15 16:45:18.423171,107630000000.0,large
EQT,,Energy,Oil & Gas E&P,2005-01-03,2026-06-26,,,True,False,2026-06-28 09:55:00.286400,2026-06-28 09:55:00.285804,32960000000.0,large
ERIC,,Technology,Communication Equipment,2005-01-03,2026-06-26,,,True,False,2026-06-28 09:56:27.341440,2026-06-28 09:56:27.340845,36500000000.0,large
ESE,,Technology,Scientific & Technical Instruments,2005-01-03,2026-07-15,,,True,False,2026-07-15 17:14:19.491714,2026-07-15 17:14:19.491095,8810000000.0,mid
ESLT,,Industrials,Aerospace & Defense,2013-04-02,2026-07-15,,,True,False,2026-07-15 17:04:00.506870,2026-07-15 17:04:00.506094,33549999999.999996,large
ETD,,Consumer Cyclical,"Furnishings, Fixtures & Appliances",2005-01-03,2026-06-26,,,True,False,2026-06-28 09:56:55.660939,2026-06-28 09:56:55.660336,573310000.0,small
EVRG,,Utilities,Utilities - Regulated Electric,2005-01-03,2026-07-15,,,True,False,2026-07-15 16:43:03.403542,2026-07-15 16:43:03.402756,20100000000.0,large
EW,,Healthcare,Medical Devices,2005-01-03,2026-07-15,,,True,False,2026-07-15 17:15:23.445660,2026-07-15 17:15:23.445016,52270000000.0,large
EXK,,Basic Materials,Silver,2006-05-23,2026-06-26,,,True,False,2026-06-28 09:55:20.360921,2026-06-28 09:55:20.360325,2380000000.0,small
EXLS,,Technology,Information Technology Services,2006-10-20,2026-07-15,,,True,False,2026-07-15 16:35:39.324047,2026-07-15 16:35:39.323414,3970000000.0,mid
EXP,,Basic Materials,Building Materials,2005-01-03,2026-07-15,,,True,False,2026-07-15 16:35:40.400094,2026-07-15 16:35:40.399436,7240000000.0,mid
EXPD,,Industrials,Integrated Freight & Logistics,2005-01-03,2026-07-15,,,True,False,2026-07-15 17:04:30.687441,2026-07-15 17:04:30.686833,21020000000.0,large
EXR,,Real Estate,REIT - Industrial,2005-01-03,2026-07-15,,,True,False,2026-07-15 16:40:30.277443,2026-07-15 16:40:30.276626,32930000000.0,large
EXTR,,Technology,Communication Equipment,2005-01-03,2026-07-15,,,True,False,2026-07-15 16:32:46.357015,2026-07-15 16:32:46.356342,4150000000.0000005,mid
EYE,,Consumer Cyclical,Specialty Retail,2017-10-27,2026-07-15,,,True,False,2026-07-15 16:43:05.764176,2026-07-15 16:43:05.763448,1510000000.0,small
F,,Consumer Cyclical,Auto Manufacturers,2005-01-03,2026-07-15,,,True,False,2026-07-15 17:04:31.764525,2026-07-15 17:04:31.763900,56300000000.0,large
FCBC,,Financial Services,Banks - Regional,2005-01-03,2026-07-15,,,True,False,2026-07-15 16:30:19.156449,2026-07-15 16:30:19.155723,851830000.0,small
FCF,,Financial Services,Banks - Regional,2005-01-03,2026-07-15,,,True,False,2026-07-15 17:13:17.988257,2026-07-15 17:13:17.987189,2080000000.0,small
FELE,,Industrials,Specialty Industrial Machinery,2005-01-03,2026-06-26,,,True,False,2026-06-28 09:55:55.060565,2026-06-28 09:55:55.059958,4770000000.0,mid
FFBC,,Financial Services,Banks - Regional,2005-01-03,2026-07-15,,,True,False,2026-07-15 16:51:06.164084,2026-07-15 16:51:06.163452,3540000000.0,mid
FFIV,,Technology,Software - Infrastructure,2005-01-03,2026-07-15,,,True,False,2026-07-15 16:47:56.197818,2026-07-15 16:47:56.197089,22260000000.0,large
FHB,,Financial Services,Banks - Regional,2016-08-05,2026-07-15,,,True,False,2026-07-15 17:13:50.005046,2026-07-15 17:13:50.004388,3590000000.0,mid
FHI,,Financial Services,Asset Management,2005-01-03,2026-07-15,,,True,False,2026-07-15 16:38:11.413072,2026-07-15 16:38:11.412309,4170000000.0,mid
FHN,,Financial Services,Banks - Regional,2005-01-03,2026-07-15,,,True,False,2026-07-15 17:04:32.863839,2026-07-15 17:04:32.863213,12140000000.0,large
FINV,,Financial Services,Credit Services,2017-12-07,2026-07-15,,,True,False,2026-07-15 16:38:13.749968,2026-07-15 16:38:13.749137,1180000000.0,small
FIS,,Technology,Information Technology Services,2005-01-03,2026-07-15,,,True,False,2026-07-15 17:14:20.560755,2026-07-15 17:14:20.560137,19940000000.0,large
FISI,,Financial Services,Banks - Regional,2007-10-15,2026-06-26,,,True,False,2026-06-28 09:57:50.207433,2026-06-28 09:57:50.206803,766390000.0,small
FITB,,Financial Services,Banks - Regional,2005-01-03,2026-07-15,,,True,False,2026-07-15 16:38:19.668099,2026-07-15 16:38:19.667364,51030000000.0,large
FIVE,,Consumer Cyclical,Specialty Retail,2012-07-19,2026-07-15,,,True,False,2026-07-15 16:52:37.996152,2026-07-15 16:52:37.995464,10420000000.0,mid
FIVN,,Technology,Software - Infrastructure,2014-04-04,2026-06-26,,,True,False,2026-06-28 09:55:21.007155,2026-06-28 09:55:21.006520,1630000000.0,small
FLEX,,Technology,Electronic Components,2005-01-03,2026-07-15,,,True,False,2026-07-15 16:30:20.388719,2026-07-15 16:30:20.387966,53750000000.0,large
FLG,,Financial Services,Banks - Regional,2005-01-03,2026-07-15,,,True,False,2026-07-15 17:15:50.938767,2026-07-15 17:15:50.938144,6370000000.0,mid
FLO,,Consumer Defensive,Packaged Foods,2005-01-03,2026-07-15,,,True,False,2026-07-15 17:14:21.631403,2026-07-15 17:14:21.630780,1690000000.0,small
FMC,,Basic Materials,Agricultural Inputs,2005-01-03,2026-07-15,,,True,False,2026-07-15 17:13:19.114440,2026-07-15 17:13:19.113809,1470000000.0,small
FMNB,,Financial Services,Banks - Regional,2014-12-23,2026-07-15,,,True,False,2026-07-15 16:40:33.315867,2026-07-15 16:40:33.315124,874610000.0,small
FMS,,Healthcare,Medical Care Facilities,2005-01-03,2026-07-15,,,True,False,2026-07-15 16:33:22.862530,2026-07-15 16:33:22.861875,12520000000.0,large
FN,,Technology,Electronic Components,2010-06-25,2026-07-15,,,True,False,2026-07-15 16:45:22.582603,2026-07-15 16:45:22.581866,18800000000.0,large
FND,,Consumer Cyclical,Home Improvement Retail,2017-04-27,2026-07-15,,,True,False,2026-07-15 17:13:19.607453,2026-07-15 17:13:19.606731,6440000000.0,mid
FPI,,Real Estate,REIT - Specialty,2014-04-11,2026-07-15,,,True,False,2026-07-15 16:40:36.535517,2026-07-15 16:40:36.534789,432680000.0,small
FRBA,,Financial Services,Banks - Regional,2016-11-30,2026-07-15,,,True,False,2026-07-15 16:40:39.094750,2026-07-15 16:40:39.094014,438330000.0,small
FRPT,,Consumer Defensive,Packaged Foods,2014-11-07,2026-06-26,,,True,False,2026-06-28 09:55:55.686264,2026-06-28 09:55:55.685660,2820000000.0,mid
FRST,,Financial Services,Banks - Regional,2015-08-03,2026-07-15,,,True,False,2026-07-15 17:13:20.194844,2026-07-15 17:13:20.194159,412450000.0,small
FSM,,Basic Materials,Gold,2009-01-16,2026-07-15,,,True,False,2026-07-15 16:43:10.281520,2026-07-15 16:43:10.280770,2540000000.0,mid
FTAI,,Industrials,Aerospace & Defense,2015-06-11,2026-07-15,,,True,False,2026-07-15 16:40:42.007020,2026-07-15 16:40:42.006288,26680000000.0,large
FTS,,Utilities,Utilities - Regulated Electric,2016-11-04,2026-07-15,,,True,False,2026-07-15 17:04:01.016017,2026-07-15 17:04:01.015253,29390000000.0,large
FTV,,Technology,Scientific & Technical Instruments,2016-07-05,2026-06-26,,,True,False,2026-06-28 09:57:50.760126,2026-06-28 09:57:50.759522,18740000000.0,large
FUN,,Consumer Cyclical,Leisure,2005-01-03,2026-06-26,,,True,False,2026-06-28 09:56:28.438371,2026-06-28 09:56:28.437770,2250000000.0,small
FWRD,,Industrials,Integrated Freight & Logistics,2005-01-03,2026-07-15,,,True,False,2026-07-15 17:13:51.102526,2026-07-15 17:13:51.101900,470260000.0,small
GABC,,Financial Services,Banks - Regional,2009-03-12,2026-06-26,,,True,False,2026-06-28 09:57:27.135009,2026-06-28 09:57:27.134404,1790000000.0,small
GAP,,Consumer Cyclical,Apparel Retail,2005-01-03,2026-07-15,,,True,False,2026-07-15 16:52:11.461222,2026-07-15 16:52:11.460583,7280000000.0,mid
GASS,,Industrials,Marine Shipping,2006-11-08,2026-07-15,,,True,False,2026-07-15 16:52:39.129205,2026-07-15 16:52:39.128540,303440000.0,small
GATX,,Industrials,Rental & Leasing Services,2005-01-03,2026-07-15,,,True,False,2026-07-15 16:52:12.587187,2026-07-15 16:52:12.586537,6470000000.0,mid
GBDC,,Financial Services,Asset Management,2010-04-15,2026-07-15,,,True,False,2026-07-15 16:51:07.016865,2026-07-15 16:51:07.016249,3270000000.0,mid
GD,,Industrials,Aerospace & Defense,2005-01-03,2026-07-15,,,True,False,2026-07-15 17:15:24.561073,2026-07-15 17:15:24.560459,93620000000.0,large
GDDY,,Technology,Software - Infrastructure,2015-04-28,2026-06-26,,,True,False,2026-06-28 09:57:27.740162,2026-06-28 09:57:27.739562,11200000000.0,large
GE,,Industrials,Aerospace & Defense,2005-01-03,2026-07-15,,,True,False,2026-07-15 16:35:41.481615,2026-07-15 16:35:41.480973,384990000000.0,large
GEO,,Industrials,Security & Protection Services,2005-01-03,2026-07-15,,,True,False,2026-07-15 16:33:24.115232,2026-07-15 16:33:24.114587,3980000000.0,mid
GEVO,,Basic Materials,Specialty Chemicals,2016-04-19,2026-06-26,,,True,False,2026-06-28 09:57:28.298677,2026-06-28 09:57:28.298056,332500000.0,small
GGAL,,Financial Services,Banks - Regional,2005-01-03,2026-07-15,,,True,False,2026-07-15 17:04:33.958465,2026-07-15 17:04:33.957823,8270000000.0,mid
GIC,,Industrials,Industrial Distribution,2005-01-03,2026-07-15,,,True,False,2026-07-15 16:51:43.345927,2026-07-15 16:51:43.345249,1340000000.0,small
GIL,,Consumer Cyclical,Apparel Manufacturing,2005-01-03,2026-07-15,,,True,False,2026-07-15 17:04:02.089223,2026-07-15 17:04:02.088610,9900000000.0,mid
GKOS,,Healthcare,Medical Devices,2015-06-25,2026-06-26,,,True,False,2026-06-28 09:57:28.886040,2026-06-28 09:57:28.885427,8480000000.0,mid
GM,,Consumer Cyclical,Auto Manufacturers,2010-11-18,2026-07-15,,,True,False,2026-07-15 17:14:22.421511,2026-07-15 17:14:22.420894,70420000000.0,large
GME,,Consumer Cyclical,Specialty Retail,2005-01-03,2026-07-15,,,True,False,2026-07-15 17:21:14.138968,2026-07-15 17:21:14.138361,9760000000.0,mid
GMED,,Healthcare,Medical Devices,2012-08-03,2026-07-15,,,True,False,2026-07-15 16:51:44.097450,2026-07-15 16:51:44.096803,11710000000.0,large
GNL,,Real Estate,REIT - Diversified,2015-06-02,2026-06-26,,,True,False,2026-06-28 09:55:21.597350,2026-06-28 09:55:21.596737,1910000000.0,small
GNRC,,Industrials,Specialty Industrial Machinery,2010-02-11,2026-07-15,,,True,False,2026-07-15 16:52:13.464376,2026-07-15 16:52:13.463740,16399999999.999998,large
GNTX,,Consumer Cyclical,Auto Parts,2005-01-03,2026-07-15,,,True,False,2026-07-15 16:40:47.453959,2026-07-15 16:40:47.453218,5460000000.0,mid
GNW,,Financial Services,Insurance - Life,2005-01-03,2026-07-15,,,True,False,2026-07-15 17:14:50.672598,2026-07-15 17:14:50.672002,3620000000.0,mid
GOLF,,Consumer Cyclical,Leisure,2016-10-28,2026-07-15,,,True,False,2026-07-15 16:47:58.797569,2026-07-15 16:47:58.796824,6910000000.0,mid
GOOD,,Real Estate,REIT - Diversified,2005-01-03,2026-07-15,,,True,False,2026-07-15 17:13:21.282547,2026-07-15 17:13:21.281916,605100000.0,small
GOOGL,,Communication Services,Internet Content & Information,2005-01-03,2026-07-15,,,True,False,2026-07-15 17:14:51.742062,2026-07-15 17:14:51.741442,4120000000000.0,large
GPI,,Consumer Cyclical,Auto & Truck Dealerships,2005-01-03,2026-07-15,,,True,False,2026-07-15 17:04:03.160318,2026-07-15 17:04:03.159706,3550000000.0,mid
GPRK,,Energy,Oil & Gas E&P,2016-05-05,2026-07-15,,,True,False,2026-07-15 16:38:22.420182,2026-07-15 16:38:22.419445,597020000.0,small
GRBK,,Consumer Cyclical,Residential Construction,2009-08-19,2026-07-15,,,True,False,2026-07-15 17:14:52.587166,2026-07-15 17:14:52.586537,3460000000.0,mid
GRMN,,Technology,Scientific & Technical Instruments,2005-01-03,2026-07-15,,,True,False,2026-07-15 17:15:25.656705,2026-07-15 17:15:25.656095,44840000000.0,large
GSBC,,Financial Services,Banks - Regional,2005-01-03,2026-07-15,,,True,False,2026-07-15 16:48:04.292108,2026-07-15 16:48:04.291382,861110000.0,small
GT,,Consumer Cyclical,Auto Parts,2005-01-03,2026-07-15,,,True,False,2026-07-15 17:15:26.750440,2026-07-15 17:15:26.749814,1960000000.0,small
GTLS,,Industrials,Specialty Industrial Machinery,2006-07-26,2026-07-15,,,True,False,2026-07-15 17:13:52.113379,2026-07-15 17:13:52.112785,9980000000.0,mid
GTN,,Communication Services,Broadcasting,2005-01-03,2026-07-15,,,True,False,2026-07-15 16:45:28.096424,2026-07-15 16:45:28.095676,371180000.0,small
GTY,,Real Estate,REIT - Retail,2005-01-03,2026-07-15,,,True,False,2026-07-15 17:21:15.220976,2026-07-15 17:21:15.220375,2060000000.0,small
GVA,,Industrials,Engineering & Construction,2005-01-03,2026-07-15,,,True,False,2026-07-15 16:32:47.457905,2026-07-15 16:32:47.457236,7020000000.0,mid
GYRE,,Healthcare,Biotechnology,2017-04-12,2026-07-15,,,True,False,2026-07-15 17:04:03.649067,2026-07-15 17:04:03.648442,574730000.0,small
HAE,,Healthcare,Medical Devices,2005-01-03,2026-07-15,,,True,False,2026-07-15 17:04:35.052592,2026-07-15 17:04:35.051977,3510000000.0,mid
HALO,,Healthcare,Biotechnology,2005-01-03,2026-07-15,,,True,False,2026-07-15 16:51:08.130944,2026-07-15 16:51:08.130303,8890000000.0,mid
HAPN,,Financial Services,Banks - Regional,2014-12-11,2026-06-26,,,True,False,2026-06-28 09:57:51.390257,2026-06-28 09:57:51.389636,2320000000.0,small
HAS,,Consumer Cyclical,Leisure,2005-01-03,2026-07-15,,,True,False,2026-07-15 17:15:52.063671,2026-07-15 17:15:52.062952,12070000000.0,large
HBAN,,Financial Services,Banks - Regional,2005-01-03,2026-07-15,,,True,False,2026-07-15 16:52:14.609751,2026-07-15 16:52:14.609101,36060000000.0,large
HBM,,Basic Materials,Copper,2010-10-19,2026-07-15,,,True,False,2026-07-15 16:51:08.961669,2026-07-15 16:51:08.961016,9340000000.0,mid
HD,,Consumer Cyclical,Home Improvement Retail,2005-01-03,2026-07-15,,,True,False,2026-07-15 16:43:15.745205,2026-07-15 16:43:15.744463,347850000000.0,large
HDB,,Financial Services,Banks - Regional,2005-01-03,2026-07-15,,,True,False,2026-07-15 17:04:36.144570,2026-07-15 17:04:36.143810,129970000000.0,large
HEI-A,,Industrials,Aerospace & Defense,2005-01-03,2026-07-15,,,True,False,2026-07-15 17:14:53.654327,2026-07-15 17:14:53.653692,,mid
HFWA,,Financial Services,Banks - Regional,2009-05-18,2026-07-15,,,True,False,2026-07-15 16:51:09.867009,2026-07-15 16:51:09.866374,1220000000.0,small
HII,,Industrials,Aerospace & Defense,2011-03-22,2026-07-15,,,True,False,2026-07-15 17:13:52.897552,2026-07-15 17:13:52.896918,11110000000.0,mid
HIMX,,Technology,Semiconductors,2006-03-31,2026-07-15,,,True,False,2026-07-15 16:52:40.235790,2026-07-15 16:52:40.235128,2510000000.0,mid
HIVE,,Financial Services,Capital Markets,2017-10-23,2026-07-15,,,True,False,2026-07-15 16:43:18.409009,2026-07-15 16:43:18.408228,1070000000.0000001,small
HLIT,,Technology,Communication Equipment,2005-01-03,2026-06-26,,,True,False,2026-06-28 09:57:52.518251,2026-06-28 09:57:52.517641,1620000000.0,small
HLNE,,Financial Services,Asset Management,2017-03-01,2026-07-15,,,True,False,2026-07-15 16:40:49.966248,2026-07-15 16:40:49.965502,4370000000.0,mid
HLX,,Energy,Oil & Gas Equipment & Services,2005-01-03,2026-06-26,,,True,False,2026-06-28 09:57:29.995311,2026-06-28 09:57:29.994701,1310000000.0,small
HMN,,Financial Services,Insurance - Property & Casualty,2005-01-03,2026-07-15,,,True,False,2026-07-15 16:32:48.553354,2026-07-15 16:32:48.552627,2080000000.0,small
HON,,Industrials,Conglomerates,2005-01-03,2026-07-15,,,True,False,2026-07-15 17:21:41.388685,2026-07-15 17:21:41.388051,147140000000.0,large
HP,,Energy,Oil & Gas Drilling,2005-01-03,2026-07-15,,,True,False,2026-07-15 16:43:23.882467,2026-07-15 16:43:23.881722,3380000000.0,mid
HR,,Real Estate,REIT - Healthcare Facilities,2005-01-03,2026-07-15,,,True,False,2026-07-15 17:04:04.717566,2026-07-15 17:04:04.716963,7190000000.0,mid
HRB,,Consumer Cyclical,Personal Services,2005-01-03,2026-06-26,,,True,False,2026-06-28 09:55:56.799916,2026-06-28 09:55:56.799320,4720000000.0,mid
HRTG,,Financial Services,Insurance - Property & Casualty,2014-05-23,2026-07-15,,,True,False,2026-07-15 16:52:15.271443,2026-07-15 16:52:15.270820,762900000.0,small
HRZN,,Financial Services,Asset Management,2010-10-29,2026-07-15,,,True,False,2026-07-15 16:38:26.530572,2026-07-15 16:38:26.529828,301030000.0,small
HSBC,,Financial Services,Banks - Diversified,2005-01-03,2026-07-15,,,True,False,2026-07-15 17:04:05.782019,2026-07-15 17:04:05.781409,322410000000.0,large
HSIC,,Healthcare,Medical Distribution,2005-01-03,2026-06-26,,,True,False,2026-06-28 09:57:31.100251,2026-06-28 09:57:31.099657,9680000000.0,mid
HTB,,Financial Services,Banks - Regional,2012-07-11,2026-07-15,,,True,False,2026-07-15 16:45:31.753982,2026-07-15 16:45:31.753221,813500000.0,small
HTLD,,Industrials,Trucking,2005-01-03,2026-07-15,,,True,False,2026-07-15 16:43:29.326252,2026-07-15 16:43:29.325500,1200000000.0,small
HTO,,Utilities,Utilities - Regulated Water,2005-01-03,2026-07-15,,,True,False,2026-07-15 16:52:16.413736,2026-07-15 16:52:16.413079,2540000000.0,mid
HTT,,Financial Services,Credit Services,2017-10-18,2026-06-26,,,True,False,2026-06-28 09:55:57.273037,2026-06-28 09:55:57.272430,389760000.0,small
HUBS,,Technology,Software - Application,2014-10-09,2026-07-15,,,True,False,2026-07-15 16:51:10.500585,2026-07-15 16:51:10.499947,9500000000.0,mid
HWC,,Financial Services,Banks - Regional,2005-01-03,2026-06-26,,,True,False,2026-06-28 09:56:29.542220,2026-06-28 09:56:29.541604,6040000000.0,mid
HWKN,,Basic Materials,Specialty Chemicals,2008-09-18,2026-07-15,,,True,False,2026-07-15 16:45:36.708249,2026-07-15 16:45:36.707513,3370000000.0,mid
HZO,,Consumer Cyclical,Specialty Retail,2005-01-03,2026-07-15,,,True,False,2026-07-15 17:21:16.305195,2026-07-15 17:21:16.304573,831340000.0,small
IBOC,,Financial Services,Banks - Regional,2005-01-03,2026-07-15,,,True,False,2026-07-15 17:04:06.852977,2026-07-15 17:04:06.852356,4840000000.0,mid
IBP,,Consumer Cyclical,Residential Construction,2014-02-13,2026-07-15,,,True,False,2026-07-15 16:52:17.094873,2026-07-15 16:52:17.094241,6250000000.0,mid
ICFI,,Industrials,Consulting Services,2006-09-28,2026-07-15,,,True,False,2026-07-15 16:45:41.772445,2026-07-15 16:45:41.771707,1290000000.0,small
IDT,,Communication Services,Telecom Services,2005-01-03,2026-07-15,,,True,False,2026-07-15 17:13:53.985765,2026-07-15 17:13:53.985124,1430000000.0,small
IIIN,,Industrials,Metal Fabrication,2005-01-03,2026-07-15,,,True,False,2026-07-15 16:35:42.564996,2026-07-15 16:35:42.564359,593300000.0,small
ILMN,,Healthcare,Diagnostics & Research,2005-01-03,2026-07-15,,,True,False,2026-07-15 16:30:21.636825,2026-07-15 16:30:21.636126,26710000000.0,large
IMKTA,,Consumer Defensive,Grocery Stores,2005-01-03,2026-07-15,,,True,False,2026-07-15 16:35:43.670683,2026-07-15 16:35:43.669992,1700000000.0,small
IMO,,Energy,Oil & Gas Integrated,2005-01-03,2026-06-26,,,True,False,2026-06-28 09:57:32.209095,2026-06-28 09:57:32.208489,54830000000.0,large
INSM,,Healthcare,Biotechnology,2005-01-03,2026-06-26,,,True,False,2026-06-28 09:55:01.372910,2026-06-28 09:55:01.372304,22410000000.0,large
INVA,,Healthcare,Biotechnology,2005-01-31,2026-07-15,,,True,False,2026-07-15 16:35:44.755286,2026-07-15 16:35:44.754657,1740000000.0,small
INVX,,Energy,Oil & Gas Equipment & Services,2005-01-03,2026-07-15,,,True,False,2026-07-15 16:51:11.624223,2026-07-15 16:51:11.623584,1750000000.0,small
IOSP,,Basic Materials,Specialty Chemicals,2005-01-03,2026-07-15,,,True,False,2026-07-15 16:38:32.479470,2026-07-15 16:38:32.478729,2040000000.0,small
IPGP,,Technology,Semiconductor Equipment & Materials,2006-12-13,2026-07-15,,,True,False,2026-07-15 16:45:46.856526,2026-07-15 16:45:46.855778,4550000000.0,mid
IPI,,Basic Materials,Agricultural Inputs,2008-04-22,2026-07-15,,,True,False,2026-07-15 16:30:22.691361,2026-07-15 16:30:22.690689,455910000.0,small
IQV,,Healthcare,Diagnostics & Research,2013-05-09,2026-07-15,,,True,False,2026-07-15 17:15:27.440758,2026-07-15 17:15:27.440085,31900000000.0,large
IRS,,Real Estate,Real Estate Services,2011-12-06,2026-07-15,,,True,False,2026-07-15 16:48:08.092985,2026-07-15 16:48:08.092236,1290000000.0,small
IRT,,Real Estate,REIT - Residential,2014-02-13,2026-07-15,,,True,False,2026-07-15 16:32:49.202124,2026-07-15 16:32:49.201466,4080000000.0,mid
IRTC,,Healthcare,Medical Devices,2016-10-20,2026-07-15,,,True,False,2026-07-15 16:33:24.637611,2026-07-15 16:33:24.636963,3910000000.0,mid
IRWD,,Healthcare,Drug Manufacturers - Specialty & Generic,2010-02-03,2026-07-15,,,True,False,2026-07-15 16:38:36.760950,2026-07-15 16:38:36.760211,679850000.0,small
ITGR,,Healthcare,Medical Devices,2005-01-03,2026-07-15,,,True,False,2026-07-15 16:40:55.392808,2026-07-15 16:40:55.392083,3190000000.0,mid
ITT,,Industrials,Specialty Industrial Machinery,2005-01-03,2026-07-15,,,True,False,2026-07-15 16:45:52.724004,2026-07-15 16:45:52.723262,17260000000.0,large
ITW,,Industrials,Specialty Industrial Machinery,2005-01-03,2026-07-15,,,True,False,2026-07-15 16:33:25.738418,2026-07-15 16:33:25.737767,77020000000.0,large
IVZ,,Financial Services,Asset Management,2005-01-03,2026-07-15,,,True,False,2026-07-15 16:33:26.831746,2026-07-15 16:33:26.831078,11600000000.0,large
IX,,Financial Services,Financial Conglomerates,2005-01-03,2026-07-15,,,True,False,2026-07-15 17:13:22.361032,2026-07-15 17:13:22.360345,41720000000.0,large
JBHT,,Industrials,Integrated Freight & Logistics,2005-01-03,2026-07-15,,,True,False,2026-07-15 16:52:41.397928,2026-07-15 16:52:41.397238,26430000000.0,large
JBSS,,Consumer Defensive,Packaged Foods,2008-10-30,2026-07-15,,,True,False,2026-07-15 17:21:17.211154,2026-07-15 17:21:17.210541,1020000000.0,small
JBTM,,Industrials,Specialty Industrial Machinery,2008-08-19,2026-07-15,,,True,False,2026-07-15 16:52:18.051032,2026-07-15 16:52:18.050378,7250000000.0,mid
JHX,,Basic Materials,Building Materials,2015-05-06,2026-06-26,,,True,False,2026-06-28 09:56:30.136052,2026-06-28 09:56:30.135437,15010000000.0,large
JKHY,,Technology,Information Technology Services,2005-01-03,2026-06-26,,,True,False,2026-06-28 09:57:53.652870,2026-06-28 09:57:53.652269,9590000000.0,mid
JLL,,Real Estate,Real Estate Services,2005-01-03,2026-07-15,,,True,False,2026-07-15 16:32:50.296709,2026-07-15 16:32:50.296058,14620000000.0,large
JNJ,,Healthcare,Drug Manufacturers - General,2005-01-03,2026-07-15,,,True,False,2026-07-15 16:51:45.235150,2026-07-15 16:51:45.234509,613020000000.0,large
JOYY,,Communication Services,Internet Content & Information,2012-11-21,2026-07-15,,,True,False,2026-07-15 16:32:51.006892,2026-07-15 16:32:51.006229,3360000000.0,mid
JPM,,Financial Services,Banks - Diversified,2005-01-03,2026-07-15,,,True,False,2026-07-15 16:51:12.752237,2026-07-15 16:51:12.751617,881690000000.0,large
KBH,,Consumer Cyclical,Residential Construction,2005-01-03,2026-07-15,,,True,False,2026-07-15 17:14:23.492181,2026-07-15 17:14:23.491538,3810000000.0,mid
KBR,,Industrials,Engineering & Construction,2006-11-16,2026-07-15,,,True,False,2026-07-15 17:21:42.391613,2026-07-15 17:21:42.390979,4230000000.0000005,mid
KE,,Industrials,Electrical Equipment & Parts,2014-11-03,2026-07-15,,,True,False,2026-07-15 16:51:13.378528,2026-07-15 16:51:13.377901,589200000.0,small
KEP,,Utilities,Utilities - Regulated Electric,2005-01-03,2026-07-15,,,True,False,2026-07-15 16:32:52.112783,2026-07-15 16:32:52.112128,15530000000.0,large
KFRC,,Industrials,Staffing & Employment Services,2005-01-03,2026-06-26,,,True,False,2026-06-28 09:55:22.700983,2026-06-28 09:55:22.700374,828350000.0,small
KGC,,Basic Materials,Gold,2005-01-03,2026-07-15,,,True,False,2026-07-15 16:48:13.602677,2026-07-15 16:48:13.601943,28930000000.0,large
KHC,,Consumer Defensive,Packaged Foods,2015-07-06,2026-06-26,,,True,False,2026-06-28 09:56:30.718897,2026-06-28 09:56:30.718304,28100000000.0,large
KLIC,,Technology,Semiconductor Equipment & Materials,2005-01-03,2026-07-15,,,True,False,2026-07-15 16:51:14.503765,2026-07-15 16:51:14.503131,6550000000.0,mid
KMPR,,Financial Services,Insurance - Property & Casualty,2005-01-03,2026-06-26,,,True,False,2026-06-28 09:57:33.319737,2026-06-28 09:57:33.319126,1580000000.0,small
KN,,Technology,Electronic Components,2014-02-14,2026-06-26,,,True,False,2026-06-28 09:55:23.348123,2026-06-28 09:55:23.347519,3430000000.0,mid
KNOP,,Energy,Oil & Gas Midstream,2013-04-10,2026-07-15,,,True,False,2026-07-15 16:30:23.470479,2026-07-15 16:30:23.469738,344840000.0,small
KNX,,Industrials,Trucking,2005-01-03,2026-07-15,,,True,False,2026-07-15 16:30:24.720524,2026-07-15 16:30:24.719815,12450000000.0,large
KODK,,Industrials,Specialty Business Services,2013-11-14,2026-06-26,,,True,False,2026-06-28 09:55:02.029026,2026-06-28 09:55:02.028423,934110000.0,small
KOF,,Consumer Defensive,Beverages - Non-Alcoholic,2005-01-03,2026-07-15,,,True,False,2026-07-15 17:21:43.501037,2026-07-15 17:21:43.500370,22500000000.0,large
KOP,,Basic Materials,Specialty Chemicals,2006-02-01,2026-07-15,,,True,False,2026-07-15 17:13:55.020533,2026-07-15 17:13:55.019919,867740000.0,small
KOPN,,Technology,Electronic Components,2005-01-03,2026-07-15,,,True,False,2026-07-15 16:35:45.844706,2026-07-15 16:35:45.844045,673530000.0,small
KOS,,Energy,Oil & Gas E&P,2011-05-11,2026-07-15,,,True,False,2026-07-15 16:45:56.739394,2026-07-15 16:45:56.738639,1290000000.0,small
KR,,Consumer Defensive,Grocery Stores,2005-01-03,2026-06-26,,,True,False,2026-06-28 09:55:03.107468,2026-06-28 09:55:03.106874,35370000000.0,large
KRC,,Real Estate,REIT - Office,2005-01-03,2026-07-15,,,True,False,2026-07-15 17:14:54.720682,2026-07-15 17:14:54.720089,4470000000.0,mid
KREF,,Real Estate,REIT - Mortgage,2017-05-05,2026-06-26,,,True,False,2026-06-28 09:57:33.818468,2026-06-28 09:57:33.817865,461030000.0,small
KRNY,,Financial Services,Banks - Regional,2005-02-24,2026-07-15,,,True,False,2026-07-15 16:35:46.942190,2026-07-15 16:35:46.941559,585280000.0,small
L,,Financial Services,Insurance - Property & Casualty,2005-01-03,2026-07-15,,,True,False,2026-07-15 16:46:02.306165,2026-07-15 16:46:02.305416,23300000000.0,large
LAMR,,Real Estate,REIT - Specialty,2005-01-03,2026-07-15,,,True,False,2026-07-15 17:13:23.437217,2026-07-15 17:13:23.436576,15840000000.0,large
LAND,,Real Estate,REIT - Specialty,2013-01-29,2026-06-26,,,True,False,2026-06-28 09:56:31.422623,2026-06-28 09:56:31.422010,371410000.0,small
LAUR,,Consumer Defensive,Education & Training Services,2017-02-01,2026-07-15,,,True,False,2026-07-15 17:13:55.515865,2026-07-15 17:13:55.515247,5200000000.0,mid
LAZ,,Financial Services,Capital Markets,2005-05-05,2026-07-15,,,True,False,2026-07-15 16:51:15.616502,2026-07-15 16:51:15.615850,3950000000.0,mid
LBRDA,,Communication Services,Telecom Services,2014-11-04,2026-07-15,,,True,False,2026-07-15 16:32:52.728557,2026-07-15 16:32:52.727895,6610000000.0,mid
LBTYK,,Communication Services,Telecom Services,2005-09-08,2026-07-15,,,True,False,2026-07-15 16:51:46.336875,2026-07-15 16:51:46.336248,3550000000.0,mid
LCII,,Consumer Cyclical,Recreational Vehicles,2005-01-03,2026-07-15,,,True,False,2026-07-15 17:15:28.541976,2026-07-15 17:15:28.541366,2330000000.0,small
LEA,,Consumer Cyclical,Auto Parts,2009-11-09,2026-07-15,,,True,False,2026-07-15 17:21:44.382640,2026-07-15 17:21:44.381969,6860000000.0,mid
LECO,,Industrials,Tools & Accessories,2005-01-03,2026-07-15,,,True,False,2026-07-15 16:30:25.956677,2026-07-15 16:30:25.955959,14600000000.0,large
LGIH,,Consumer Cyclical,Residential Construction,2013-11-07,2026-07-15,,,True,False,2026-07-15 16:52:18.733468,2026-07-15 16:52:18.732836,1530000000.0,small
LH,,Healthcare,Diagnostics & Research,2005-01-03,2026-07-15,,,True,False,2026-07-15 17:13:56.612331,2026-07-15 17:13:56.611705,22260000000.0,large
LII,,Industrials,Building Products & Equipment,2005-01-03,2026-07-15,,,True,False,2026-07-15 17:14:24.563956,2026-07-15 17:14:24.563336,19620000000.0,large
LILA,,Communication Services,Telecom Services,2015-07-02,2026-07-15,,,True,False,2026-07-15 16:35:47.526145,2026-07-15 16:35:47.525518,1440000000.0,small
LIN,,Basic Materials,Specialty Chemicals,2005-01-03,2026-07-15,,,True,False,2026-07-15 17:13:24.517986,2026-07-15 17:13:24.517350,240240000000.0,large
LITE,,Technology,Communication Equipment,2015-08-21,2026-07-15,,,True,False,2026-07-15 16:32:53.303509,2026-07-15 16:32:53.302872,63560000000.0,large
LKFN,,Financial Services,Banks - Regional,2005-01-03,2026-07-15,,,True,False,2026-07-15 16:51:16.744060,2026-07-15 16:51:16.743434,1560000000.0,small
LLY,,Healthcare,Drug Manufacturers - General,2005-01-03,2026-07-15,,,True,False,2026-07-15 16:41:00.834298,2026-07-15 16:41:00.833565,1080000000000.0001,large
LNC,,Financial Services,Insurance - Life,2005-01-03,2026-07-15,,,True,False,2026-07-15 16:52:19.876758,2026-07-15 16:52:19.876103,7020000000.0,mid
LOB,,Financial Services,Banks - Regional,2015-07-23,2026-07-15,,,True,False,2026-07-15 16:43:32.243440,2026-07-15 16:43:32.242645,1920000000.0,small
LOMA,,Basic Materials,Building Materials,2017-11-01,2026-07-15,,,True,False,2026-07-15 16:33:27.299184,2026-07-15 16:33:27.298536,1350000000.0,small
LQDT,,Consumer Cyclical,Internet Retail,2006-02-27,2026-07-15,,,True,False,2026-07-15 17:15:29.580337,2026-07-15 17:15:29.579745,1220000000.0,small
LRCX,,Technology,Semiconductor Equipment & Materials,2005-01-03,2026-07-15,,,True,False,2026-07-15 17:15:30.678674,2026-07-15 17:15:30.678051,474080000000.0,large
LRN,,Consumer Defensive,Education & Training Services,2007-12-13,2026-07-15,,,True,False,2026-07-15 17:15:53.040063,2026-07-15 17:15:53.039400,3650000000.0,mid
LSCC,,Technology,Semiconductors,2005-01-03,2026-07-15,,,True,False,2026-07-15 16:33:28.382971,2026-07-15 16:33:28.382317,19010000000.0,large
LULU,,Consumer Cyclical,Apparel Retail,2007-07-27,2026-07-15,,,True,False,2026-07-15 16:43:37.423249,2026-07-15 16:43:37.422494,13350000000.0,large
LW,,Consumer Defensive,Packaged Foods,2016-11-10,2026-07-15,,,True,False,2026-07-15 16:43:39.990537,2026-07-15 16:43:39.989784,6240000000.0,mid
LXFR,,Industrials,Specialty Industrial Machinery,2013-03-05,2026-07-15,,,True,False,2026-07-15 16:43:43.504714,2026-07-15 16:43:43.503990,496780000.0,small
LXP,,Real Estate,REIT - Industrial,2005-01-03,2026-06-26,,,True,False,2026-06-28 09:55:58.390013,2026-06-28 09:55:58.389406,3280000000.0,mid
LYTS,,Technology,Electronic Components,2005-01-03,2026-07-15,,,True,False,2026-07-15 16:35:48.614488,2026-07-15 16:35:48.613813,945600000.0,small
LYV,,Communication Services,Entertainment,2005-12-21,2026-07-15,,,True,False,2026-07-15 17:15:54.086576,2026-07-15 17:15:54.085952,41760000000.0,large
MAA,,Real Estate,REIT - Residential,2005-01-03,2026-07-15,,,True,False,2026-07-15 16:46:07.834624,2026-07-15 16:46:07.833887,16790000000.0,large
MAN,,Industrials,Staffing & Employment Services,2005-01-03,2026-06-26,,,True,False,2026-06-28 09:56:56.779433,2026-06-28 09:56:56.778833,1680000000.0,small
MAR,,Consumer Cyclical,Lodging,2005-01-03,2026-06-26,,,True,False,2026-06-28 09:55:24.452394,2026-06-28 09:55:24.451795,99490000000.0,large
MAS,,Industrials,Building Products & Equipment,2005-01-03,2026-07-15,,,True,False,2026-07-15 16:38:42.274040,2026-07-15 16:38:42.273303,15870000000.0,large
MATW,,Industrials,Conglomerates,2005-01-03,2026-07-15,,,True,False,2026-07-15 16:43:49.163360,2026-07-15 16:43:49.162622,850270000.0,small
MCK,,Healthcare,Medical Distribution,2005-01-03,2026-07-15,,,True,False,2026-07-15 16:30:27.249381,2026-07-15 16:30:27.248684,89390000000.0,large
MCRI,,Consumer Cyclical,Resorts & Casinos,2005-01-03,2026-07-15,,,True,False,2026-07-15 16:52:42.553755,2026-07-15 16:52:42.553109,2380000000.0,mid
MDT,,Healthcare,Medical Devices,2005-01-03,2026-07-15,,,True,False,2026-07-15 17:13:57.689394,2026-07-15 17:13:57.688756,103660000000.0,large
MDU,,Utilities,Utilities - Regulated Gas,2005-01-03,2026-07-15,,,True,False,2026-07-15 16:30:28.510256,2026-07-15 16:30:28.509486,4570000000.0,mid
MDXG,,Healthcare,Biotechnology,2012-04-20,2026-07-15,,,True,False,2026-07-15 17:15:31.434501,2026-07-15 17:15:31.433613,585360000.0,small
MEDP,,Healthcare,Diagnostics & Research,2016-08-11,2026-07-15,,,True,False,2026-07-15 16:46:10.505682,2026-07-15 16:46:10.504920,15050000000.0,large
META,,Communication Services,Internet Content & Information,2012-05-18,2026-07-15,,,True,False,2026-07-15 16:35:49.348242,2026-07-15 16:35:49.347592,1400000000000.0,large
METC,,Basic Materials,Coking Coal,2017-02-03,2026-07-15,,,True,False,2026-07-15 17:21:44.902587,2026-07-15 17:21:44.901905,820310000.0,small
MFA,,Real Estate,REIT - Mortgage,2005-01-03,2026-07-15,,,True,False,2026-07-15 16:38:48.103642,2026-07-15 16:38:48.102853,996660000.0,small
MFIC,,Financial Services,Asset Management,2005-01-03,2026-07-15,,,True,False,2026-07-15 17:13:25.627096,2026-07-15 17:13:25.626473,816310000.0,small
MGA,,Consumer Cyclical,Auto Parts,2005-01-03,2026-07-15,,,True,False,2026-07-15 17:21:46.023804,2026-07-15 17:21:46.023148,17760000000.0,large
MGM,,Consumer Cyclical,Resorts & Casinos,2005-01-03,2026-07-15,,,True,False,2026-07-15 17:13:26.704120,2026-07-15 17:13:26.703440,12590000000.0,large
MGNI,,Communication Services,Advertising Agencies,2014-04-02,2026-07-15,,,True,False,2026-07-15 16:41:04.087803,2026-07-15 16:41:04.087063,2680000000.0,mid
MHK,,Consumer Cyclical,"Furnishings, Fixtures & Appliances",2005-01-03,2026-07-15,,,True,False,2026-07-15 16:48:19.120554,2026-07-15 16:48:19.119822,7300000000.0,mid
MHO,,Consumer Cyclical,Residential Construction,2005-01-03,2026-06-26,,,True,False,2026-06-28 09:56:57.903002,2026-06-28 09:56:57.902412,4170000000.0,mid
MKC,,Consumer Defensive,Packaged Foods,2005-01-03,2026-07-15,,,True,False,2026-07-15 16:38:53.615437,2026-07-15 16:38:53.614660,13720000000.0,large
MKL,,Financial Services,Insurance - Property & Casualty,2005-01-03,2026-07-15,,,True,False,2026-07-15 16:38:59.089646,2026-07-15 16:38:59.088912,24030000000.0,large
MKSI,,Technology,Scientific & Technical Instruments,2005-01-03,2026-06-26,,,True,False,2026-06-28 09:55:25.549291,2026-06-28 09:55:25.548677,26250000000.0,large
MLKN,,Consumer Cyclical,"Furnishings, Fixtures & Appliances",2005-01-03,2026-06-26,,,True,False,2026-06-28 09:56:59.024855,2026-06-28 09:56:59.024261,1360000000.0,small
MLM,,Basic Materials,Building Materials,2005-01-03,2026-07-15,,,True,False,2026-07-15 16:51:17.874928,2026-07-15 16:51:17.874298,36990000000.0,large
MMM,,Industrials,Conglomerates,2005-01-03,2026-07-15,,,True,False,2026-07-15 16:52:21.018392,2026-07-15 16:52:21.017738,85540000000.0,large
MMSI,,Healthcare,Medical Instruments & Supplies,2005-01-03,2026-07-15,,,True,False,2026-07-15 17:21:18.291011,2026-07-15 17:21:18.290392,4280000000.0000005,mid
MOH,,Healthcare,Healthcare Plans,2005-01-03,2026-07-15,,,True,False,2026-07-15 17:14:55.786041,2026-07-15 17:14:55.785449,11970000000.0,large
MOS,,Basic Materials,Agricultural Inputs,2005-01-03,2026-07-15,,,True,False,2026-07-15 17:14:25.653785,2026-07-15 17:14:25.653196,7110000000.0,mid
MRSH,,Financial Services,Insurance Brokers,2005-01-03,2026-07-15,,,True,False,2026-07-15 17:14:26.716577,2026-07-15 17:14:26.715953,81660000000.0,large
MRVL,,Technology,Semiconductors,2005-01-03,2026-07-15,,,True,False,2026-07-15 17:13:27.791665,2026-07-15 17:13:27.791016,233370000000.0,large
MSI,,Technology,Communication Equipment,2005-01-03,2026-06-26,,,True,False,2026-06-28 09:55:26.649821,2026-06-28 09:55:26.649214,66879999999.99999,large
MSM,,Industrials,Industrial Distribution,2005-01-03,2026-06-26,,,True,False,2026-06-28 09:55:04.187079,2026-06-28 09:55:04.186476,6600000000.0,mid
MTDR,,Energy,Oil & Gas E&P,2012-02-02,2026-06-26,,,True,False,2026-06-28 09:57:34.584579,2026-06-28 09:57:34.583981,6200000000.0,mid
MTH,,Consumer Cyclical,Residential Construction,2005-01-03,2026-07-15,,,True,False,2026-07-15 16:39:04.859046,2026-07-15 16:39:04.858288,5680000000.0,mid
MTLS,,Technology,Software - Application,2014-06-25,2026-07-15,,,True,False,2026-07-15 16:51:18.516299,2026-07-15 16:51:18.515645,413790000.0,small
MTUS,,Basic Materials,Steel,2014-06-19,2026-07-15,,,True,False,2026-07-15 17:14:56.408970,2026-07-15 17:14:56.408367,829640000.0,small
MUR,,Energy,Oil & Gas E&P,2005-01-03,2026-07-15,,,True,False,2026-07-15 17:13:28.870086,2026-07-15 17:13:28.869417,4960000000.0,mid
MXL,,Technology,Semiconductors,2010-03-24,2026-07-15,,,True,False,2026-07-15 16:51:47.203245,2026-07-15 16:51:47.202634,8650000000.0,mid
MYGN,,Healthcare,Diagnostics & Research,2005-01-03,2026-07-15,,,True,False,2026-07-15 17:15:55.165626,2026-07-15 17:15:55.165000,555360000.0,small
MYRG,,Industrials,Engineering & Construction,2008-11-17,2026-06-26,,,True,False,2026-06-28 09:57:35.506509,2026-06-28 09:57:35.505910,7440000000.0,mid
MZTI,,Consumer Defensive,Packaged Foods,2005-01-03,2026-06-26,,,True,False,2026-06-28 09:56:32.533786,2026-06-28 09:56:32.533195,3180000000.0,mid
NAVI,,Financial Services,Credit Services,2014-04-17,2026-07-15,,,True,False,2026-07-15 16:43:52.358812,2026-07-15 16:43:52.358057,817710000.0,small
NBTB,,Financial Services,Banks - Regional,2005-01-03,2026-07-15,,,True,False,2026-07-15 16:30:29.780509,2026-07-15 16:30:29.779752,2580000000.0,mid
NC,,Energy,Thermal Coal,2005-01-03,2026-06-26,,,True,False,2026-06-28 09:57:00.145250,2026-06-28 09:57:00.144645,389920000.0,small
NEOG,,Healthcare,Medical Devices,2005-01-03,2026-07-15,,,True,False,2026-07-15 17:13:58.771513,2026-07-15 17:13:58.770871,2089999999.9999998,small
NEU,,Basic Materials,Specialty Chemicals,2005-01-03,2026-07-15,,,True,False,2026-07-15 16:51:19.630350,2026-07-15 16:51:19.629725,7290000000.0,mid
NEXA,,Basic Materials,Other Industrial Metals & Mining,2017-10-27,2026-07-15,,,True,False,2026-07-15 17:21:46.588384,2026-07-15 17:21:46.587699,1700000000.0,small
NFBK,,Financial Services,Banks - Regional,2007-11-08,2026-07-15,,,True,False,2026-07-15 16:51:48.192692,2026-07-15 16:51:48.192053,626040000.0,small
NFG,,Energy,Oil & Gas Integrated,2005-01-03,2026-07-15,,,True,False,2026-07-15 17:21:19.383776,2026-07-15 17:21:19.383149,7460000000.0,mid
NGG,,Utilities,Utilities - Regulated Electric,2005-08-10,2026-07-15,,,True,False,2026-07-15 17:14:57.471947,2026-07-15 17:14:57.471351,81900000000.0,large
NHC,,Healthcare,Medical Care Facilities,2005-11-17,2026-07-15,,,True,False,2026-07-15 16:46:15.838664,2026-07-15 16:46:15.837905,3230000000.0,mid
NHI,,Real Estate,REIT - Healthcare Facilities,2005-01-03,2026-07-15,,,True,False,2026-07-15 17:21:47.880996,2026-07-15 17:21:47.880317,3760000000.0,mid
NI,,Utilities,Utilities - Regulated Gas,2005-01-03,2026-07-15,,,True,False,2026-07-15 17:04:07.924975,2026-07-15 17:04:07.924370,23530000000.0,large
NIC,,Financial Services,Banks - Regional,2016-04-11,2026-07-15,,,True,False,2026-07-15 17:15:31.997385,2026-07-15 17:15:31.996742,3470000000.0,mid
NICE,,Technology,Software - Application,2005-01-03,2026-07-15,,,True,False,2026-07-15 16:52:22.160550,2026-07-15 16:52:22.159929,5080000000.0,mid
NKTR,,Healthcare,Biotechnology,2014-07-10,2026-07-15,,,True,False,2026-07-15 17:21:48.520166,2026-07-15 17:21:48.519528,2150000000.0,small
NLY,,Real Estate,REIT - Mortgage,2005-01-03,2026-06-26,,,True,False,2026-06-28 09:55:05.276756,2026-06-28 09:55:05.276153,16820000000.0,large
NMM,,Industrials,Marine Shipping,2008-09-23,2026-07-15,,,True,False,2026-07-15 17:15:32.904653,2026-07-15 17:15:32.904038,2000000000.0,small
NMR,,Financial Services,Capital Markets,2005-01-03,2026-07-15,,,True,False,2026-07-15 17:14:27.788618,2026-07-15 17:14:27.787985,25740000000.0,large
NNN,,Real Estate,REIT - Retail,2005-01-03,2026-06-26,,,True,False,2026-06-28 09:55:06.367897,2026-06-28 09:55:06.367290,9030000000.0,mid
NOA,,Energy,Oil & Gas Equipment & Services,2006-11-22,2026-07-15,,,True,False,2026-07-15 17:04:37.148308,2026-07-15 17:04:37.147634,367520000.0,small
NOAH,,Financial Services,Asset Management,2010-11-10,2026-07-15,,,True,False,2026-07-15 16:32:54.114261,2026-07-15 16:32:54.113586,651490000.0,small
NOC,,Industrials,Aerospace & Defense,2005-01-03,2026-07-15,,,True,False,2026-07-15 16:39:10.346552,2026-07-15 16:39:10.345810,71020000000.0,large
NODK,,Financial Services,Insurance - Property & Casualty,2017-03-16,2026-06-26,,,True,False,2026-06-28 09:55:27.150059,2026-06-28 09:55:27.149455,334460000.0,small
NOMD,,Consumer Defensive,Packaged Foods,2016-01-05,2026-07-15,,,True,False,2026-07-15 16:51:48.773134,2026-07-15 16:51:48.772477,1550000000.0,small
NOV,,Energy,Oil & Gas Equipment & Services,2005-01-03,2026-07-15,,,True,False,2026-07-15 17:04:38.246989,2026-07-15 17:04:38.246350,6700000000.0,mid
NOVT,,Technology,Scientific & Technical Instruments,2005-01-03,2026-06-26,,,True,False,2026-06-28 09:55:59.507631,2026-06-28 09:55:59.507033,5610000000.0,mid
NOW,,Technology,Software - Application,2012-06-29,2026-07-15,,,True,False,2026-07-15 17:14:28.501257,2026-07-15 17:14:28.500631,101420000000.0,large
NPKI,,Industrials,Building Products & Equipment,2005-01-03,2026-07-15,,,True,False,2026-07-15 16:48:24.635529,2026-07-15 16:48:24.634780,1320000000.0,small
NPO,,Industrials,Specialty Industrial Machinery,2005-01-03,2026-06-26,,,True,False,2026-06-28 09:56:00.630954,2026-06-28 09:56:00.630349,8010000000.0,mid
NRC,,Healthcare,Health Information Services,2013-05-23,2026-06-26,,,True,False,2026-06-28 09:55:07.046930,2026-06-28 09:55:07.046259,468990000.0,small
NRG,,Utilities,Utilities - Independent Power Producers,2005-01-03,2026-07-15,,,True,False,2026-07-15 17:04:39.353380,2026-07-15 17:04:39.352718,31510000000.0,large
NRIM,,Financial Services,Banks - Regional,2011-12-14,2026-06-26,,,True,False,2026-06-28 09:57:00.920615,2026-06-28 09:57:00.920017,621960000.0,small
NSSC,,Industrials,Security & Protection Services,2015-08-27,2026-07-15,,,True,False,2026-07-15 17:13:59.350345,2026-07-15 17:13:59.349749,1330000000.0,small
NTCT,,Technology,Software - Infrastructure,2005-01-03,2026-06-26,,,True,False,2026-06-28 09:57:36.610068,2026-06-28 09:57:36.609462,2970000000.0,mid
NTES,,Communication Services,Electronic Gaming & Multimedia,2005-01-03,2026-07-15,,,True,False,2026-07-15 17:21:20.476891,2026-07-15 17:21:20.476287,76600000000.0,large
NTGR,,Technology,Communication Equipment,2005-01-03,2026-06-26,,,True,False,2026-06-28 09:57:54.778253,2026-06-28 09:57:54.777648,613020000.0,small
NTLA,,Healthcare,Biotechnology,2016-05-06,2026-06-26,,,True,False,2026-06-28 09:55:07.582290,2026-06-28 09:55:07.581689,2330000000.0,small
NTRA,,Healthcare,Diagnostics & Research,2015-07-30,2026-06-26,,,True,False,2026-06-28 09:57:37.192512,2026-06-28 09:57:37.191905,37510000000.0,large
NVMI,,Technology,Semiconductor Equipment & Materials,2009-08-27,2026-06-26,,,True,False,2026-06-28 09:57:55.666584,2026-06-28 09:57:55.665958,15530000000.0,large
NVO,,Healthcare,Drug Manufacturers - General,2005-01-03,2026-06-26,,,True,False,2026-06-28 09:55:28.255788,2026-06-28 09:55:28.255171,214870000000.0,large
NVR,,Consumer Cyclical,Residential Construction,2005-01-03,2026-06-26,,,True,False,2026-06-28 09:57:38.301137,2026-06-28 09:57:38.300538,18430000000.0,large
NVS,,Healthcare,Drug Manufacturers - General,2005-01-03,2026-07-15,,,True,False,2026-07-15 16:30:31.042636,2026-07-15 16:30:31.041918,286020000000.0,large
NWN,,Utilities,Utilities - Regulated Gas,2005-01-03,2026-07-15,,,True,False,2026-07-15 17:13:29.947141,2026-07-15 17:13:29.946504,2140000000.0000002,small
NWPX,,Basic Materials,Steel,2005-01-03,2026-07-15,,,True,False,2026-07-15 16:43:57.805345,2026-07-15 16:43:57.804662,1430000000.0,small
NWSA,,Communication Services,Entertainment,2013-06-19,2026-07-15,,,True,False,2026-07-15 16:39:13.781492,2026-07-15 16:39:13.780761,13810000000.0,large
OC,,Industrials,Building Products & Equipment,2006-11-01,2026-07-15,,,True,False,2026-07-15 16:39:19.071483,2026-07-15 16:39:19.070726,10900000000.0,mid
OCSL,,Financial Services,Asset Management,2008-06-12,2026-06-26,,,True,False,2026-06-28 09:56:33.470594,2026-06-28 09:56:33.469984,1030000000.0,small
OFG,,Financial Services,Banks - Regional,2005-01-03,2026-06-26,,,True,False,2026-06-28 09:57:02.032079,2026-06-28 09:57:02.031467,2069999999.9999998,small
OHI,,Real Estate,REIT - Healthcare Facilities,2005-01-03,2026-07-15,,,True,False,2026-07-15 17:15:56.245588,2026-07-15 17:15:56.244972,14980000000.0,large
OII,,Energy,Oil & Gas Equipment & Services,2005-01-03,2026-07-15,,,True,False,2026-07-15 17:21:21.569797,2026-07-15 17:21:21.569187,3990000000.0,mid
OKTA,,Technology,Software - Infrastructure,2017-04-07,2026-06-26,,,True,False,2026-06-28 09:56:01.138396,2026-06-28 09:56:01.137774,21600000000.0,large
OLP,,Real Estate,REIT - Diversified,2005-01-03,2026-07-15,,,True,False,2026-07-15 16:46:21.401321,2026-07-15 16:46:21.400578,533700000.00000006,small
OMAB,,Industrials,Airports & Air Services,2012-12-03,2026-07-15,,,True,False,2026-07-15 16:44:01.321244,2026-07-15 16:44:01.320499,5420000000.0,mid
OMF,,Financial Services,Credit Services,2013-10-16,2026-07-15,,,True,False,2026-07-15 17:21:22.226396,2026-07-15 17:21:22.225774,6980000000.0,mid
ONB,,Financial Services,Banks - Regional,2005-01-03,2026-07-15,,,True,False,2026-07-15 17:21:23.314704,2026-07-15 17:21:23.314075,10000000000.0,mid
ONC,,Healthcare,Biotechnology,2016-02-03,2026-07-15,,,True,False,2026-07-15 17:15:56.792092,2026-07-15 17:15:56.791452,31130000000.0,large
ONIT,,Financial Services,Mortgage Finance,2005-01-03,2026-06-26,,,True,False,2026-06-28 09:56:34.565240,2026-06-28 09:56:34.564643,312160000.0,small
OPCH,,Healthcare,Medical Care Facilities,2005-01-03,2026-07-15,,,True,False,2026-07-15 16:32:55.212592,2026-07-15 16:32:55.211941,3430000000.0,mid
ORA,,Utilities,Utilities - Renewable,2005-01-03,2026-07-15,,,True,False,2026-07-15 16:35:50.451258,2026-07-15 16:35:50.450607,7140000000.0,mid
ORC,,Real Estate,REIT - Mortgage,2013-12-30,2026-07-15,,,True,False,2026-07-15 17:15:33.551020,2026-07-15 17:15:33.550413,1390000000.0,small
ORCL,,Technology,Software - Infrastructure,2005-01-03,2026-07-15,,,True,False,2026-07-15 17:14:29.565610,2026-07-15 17:14:29.565019,427840000000.0,large
OSG,,Financial Services,Insurance - Specialty,2013-05-01,2026-06-26,,,True,False,2026-06-28 09:57:56.376324,2026-06-28 09:57:56.375710,300240000.0,small
OSUR,,Healthcare,Medical Instruments & Supplies,2005-01-03,2026-07-15,,,True,False,2026-07-15 17:14:00.434188,2026-07-15 17:14:00.433549,307060000.0,small
OTEX,,Technology,Software - Application,2005-01-03,2026-07-15,,,True,False,2026-07-15 16:32:56.315299,2026-07-15 16:32:56.314546,5360000000.0,mid
OTTR,,Industrials,Conglomerates,2005-01-03,2026-07-15,,,True,False,2026-07-15 16:52:23.302977,2026-07-15 16:52:23.302334,3810000000.0,mid
OVID,,Healthcare,Biotechnology,2017-05-05,2026-06-26,,,True,False,2026-06-28 09:57:56.875199,2026-06-28 09:57:56.874602,475930000.0,small
OXM,,Consumer Cyclical,Apparel Manufacturing,2005-01-03,2026-07-15,,,True,False,2026-07-15 17:14:01.520573,2026-07-15 17:14:01.519954,534980000.0,small
OXY,,Energy,Oil & Gas E&P,2005-01-03,2026-07-15,,,True,False,2026-07-15 17:21:24.408044,2026-07-15 17:21:24.407444,49720000000.0,large
P,,Technology,Computer Hardware,2015-11-02,2026-06-26,,,True,False,2026-06-28 09:57:57.453348,2026-06-28 09:57:57.452747,22990000000.0,large
PAA,,Energy,Oil & Gas Midstream,2005-01-03,2026-07-15,,,True,False,2026-07-15 17:15:57.881832,2026-07-15 17:15:57.881188,15420000000.0,large
PAG,,Consumer Cyclical,Auto & Truck Dealerships,2005-01-03,2026-07-15,,,True,False,2026-07-15 16:33:29.470848,2026-07-15 16:33:29.470207,11980000000.0,large
PAGP,,Energy,Oil & Gas Midstream,2013-10-16,2026-06-26,,,True,False,2026-06-28 09:56:01.817880,2026-06-28 09:56:01.817276,5540000000.0,mid
PANW,,Technology,Software - Infrastructure,2012-07-20,2026-07-15,,,True,False,2026-07-15 17:14:02.248859,2026-07-15 17:14:02.248217,247920000000.0,large
PARR,,Energy,Oil & Gas Refining & Marketing,2014-05-28,2026-07-15,,,True,False,2026-07-15 16:48:27.816217,2026-07-15 16:48:27.815496,2740000000.0,mid
PAYC,,Technology,Software - Application,2014-04-15,2026-07-15,,,True,False,2026-07-15 16:35:51.090290,2026-07-15 16:35:51.089643,6020000000.0,mid
PAYS,,Technology,Software - Infrastructure,2017-11-30,2026-07-15,,,True,False,2026-07-15 16:52:23.787610,2026-07-15 16:52:23.786956,456750000.0,small
PBH,,Healthcare,Drug Manufacturers - Specialty & Generic,2005-02-10,2026-07-15,,,True,False,2026-07-15 16:46:26.876521,2026-07-15 16:46:26.875782,2340000000.0,small
PBYI,,Healthcare,Biotechnology,2012-11-14,2026-07-15,,,True,False,2026-07-15 17:04:08.618193,2026-07-15 17:04:08.617562,412790000.0,small
PCAR,,Industrials,Farm & Heavy Construction Machinery,2005-01-03,2026-07-15,,,True,False,2026-07-15 16:48:33.294967,2026-07-15 16:48:33.294241,63510000000.0,large
PCG,,Utilities,Utilities - Regulated Electric,2005-01-03,2026-06-26,,,True,False,2026-06-28 09:57:03.153378,2026-06-28 09:57:03.152767,38270000000.0,large
PCTY,,Technology,Software - Application,2014-03-19,2026-06-26,,,True,False,2026-06-28 09:57:38.955109,2026-06-28 09:57:38.954504,5690000000.0,mid
PDFS,,Technology,Software - Application,2009-02-19,2026-07-15,,,True,False,2026-07-15 16:32:57.209930,2026-07-15 16:32:57.209282,2640000000.0,mid
PEB,,Real Estate,REIT - Hotel & Motel,2009-12-09,2026-07-15,,,True,False,2026-07-15 16:32:58.064284,2026-07-15 16:32:58.063658,2180000000.0,small
PFBC,,Financial Services,Banks - Regional,2012-01-30,2026-06-26,,,True,False,2026-06-28 09:56:35.316876,2026-06-28 09:56:35.316279,1240000000.0,small
PFG,,Financial Services,Asset Management,2005-01-03,2026-07-15,,,True,False,2026-07-15 17:14:03.339747,2026-07-15 17:14:03.339125,23280000000.0,large
PFGC,,Consumer Defensive,Food Distribution,2015-10-27,2026-07-15,,,True,False,2026-07-15 17:15:34.108007,2026-07-15 17:15:34.107373,17350000000.0,large
PFIS,,Financial Services,Banks - Regional,2016-09-07,2026-07-15,,,True,False,2026-07-15 17:21:24.928261,2026-07-15 17:21:24.927652,671030000.0,small
PFLT,,Financial Services,Asset Management,2011-04-08,2026-07-15,,,True,False,2026-07-15 17:15:34.885960,2026-07-15 17:15:34.885365,734210000.0,small
PGC,,Financial Services,Banks - Regional,2012-02-15,2026-07-15,,,True,False,2026-07-15 16:52:24.566318,2026-07-15 16:52:24.565671,840060000.0,small
PGEN,,Healthcare,Biotechnology,2013-08-08,2026-06-26,,,True,False,2026-06-28 09:55:28.935723,2026-06-28 09:55:28.935117,2089999999.9999998,small
PHG,,Healthcare,Medical Devices,2005-01-03,2026-07-15,,,True,False,2026-07-15 16:30:32.273492,2026-07-15 16:30:32.272727,25940000000.0,large
PII,,Consumer Cyclical,Recreational Vehicles,2005-01-03,2026-07-15,,,True,False,2026-07-15 16:30:33.624261,2026-07-15 16:30:33.623492,4130000000.0,mid
PIPR,,Financial Services,Capital Markets,2005-01-03,2026-07-15,,,True,False,2026-07-15 16:52:43.711383,2026-07-15 16:52:43.710742,5410000000.0,mid
PJT,,Financial Services,Capital Markets,2015-10-19,2026-07-15,,,True,False,2026-07-15 16:41:06.943173,2026-07-15 16:41:06.942419,6180000000.0,mid
PKE,,Industrials,Aerospace & Defense,2005-01-03,2026-06-26,,,True,False,2026-06-28 09:55:08.672280,2026-06-28 09:55:08.671664,707340000.0,small
PKG,,Consumer Cyclical,Packaging & Containers,2005-01-03,2026-07-15,,,True,False,2026-07-15 17:14:30.633145,2026-07-15 17:14:30.632536,21390000000.0,large
PLAB,,Technology,Semiconductor Equipment & Materials,2005-01-03,2026-06-26,,,True,False,2026-06-28 09:56:02.941210,2026-06-28 09:56:02.940612,1810000000.0,small
PLAY,,Communication Services,Entertainment,2014-10-10,2026-07-15,,,True,False,2026-07-15 17:21:49.147583,2026-07-15 17:21:49.146931,411200000.0,small
PLD,,Real Estate,REIT - Industrial,2005-01-03,2026-06-26,,,True,False,2026-06-28 09:55:09.757262,2026-06-28 09:55:09.756663,133389999999.99998,large
PLOW,,Consumer Cyclical,Auto Parts,2010-05-05,2026-07-15,,,True,False,2026-07-15 17:13:30.767977,2026-07-15 17:13:30.767345,1250000000.0,small
PLPC,,Industrials,Electrical Equipment & Parts,2017-06-02,2026-07-15,,,True,False,2026-07-15 17:14:57.954585,2026-07-15 17:14:57.953974,1930000000.0,small
PLSE,,Healthcare,Medical Instruments & Supplies,2016-09-08,2026-07-15,,,True,False,2026-07-15 17:21:49.674051,2026-07-15 17:21:49.673408,1970000000.0,small
PLUS,,Technology,Software - Application,2009-04-15,2026-07-15,,,True,False,2026-07-15 16:30:34.613054,2026-07-15 16:30:34.612365,2069999999.9999998,small
PLXS,,Technology,Electronic Components,2005-01-03,2026-07-15,,,True,False,2026-07-15 16:51:20.765067,2026-07-15 16:51:20.764448,7690000000.0,mid
PNC,,Financial Services,Banks - Regional,2005-01-03,2026-07-15,,,True,False,2026-07-15 17:15:58.952918,2026-07-15 17:15:58.952293,98380000000.0,large
PNR,,Industrials,Specialty Industrial Machinery,2005-01-03,2026-07-15,,,True,False,2026-07-15 16:48:38.795725,2026-07-15 16:48:38.794987,12350000000.0,large
PODD,,Healthcare,Medical Devices,2007-05-15,2026-07-15,,,True,False,2026-07-15 16:30:35.756198,2026-07-15 16:30:35.755516,10960000000.0,mid
POOL,,Industrials,Industrial Distribution,2005-01-03,2026-07-15,,,True,False,2026-07-15 16:44:07.076380,2026-07-15 16:44:07.075622,7710000000.0,mid
POWL,,Industrials,Electrical Equipment & Parts,2005-01-03,2026-07-15,,,True,False,2026-07-15 17:13:31.845348,2026-07-15 17:13:31.844715,10190000000.0,mid
PRGS,,Technology,Software - Infrastructure,2005-01-03,2026-06-26,,,True,False,2026-06-28 09:57:04.277816,2026-06-28 09:57:04.277209,1390000000.0,small
PRK,,Financial Services,Banks - Regional,2005-01-03,2026-07-15,,,True,False,2026-07-15 16:32:59.167268,2026-07-15 16:32:59.166615,3330000000.0,mid
PRKS,,Consumer Cyclical,Leisure,2013-04-19,2026-06-26,,,True,False,2026-06-28 09:57:04.997852,2026-06-28 09:57:04.997249,2220000000.0,small
PRLB,,Industrials,Metal Fabrication,2012-02-24,2026-06-26,,,True,False,2026-06-28 09:56:03.699560,2026-06-28 09:56:03.698962,1920000000.0,small
PRTA,,Healthcare,Biotechnology,2013-01-18,2026-07-15,,,True,False,2026-07-15 16:30:36.574805,2026-07-15 16:30:36.574113,524580000.00000006,small
PRU,,Financial Services,Insurance - Life,2005-01-03,2026-07-15,,,True,False,2026-07-15 16:35:52.186448,2026-07-15 16:35:52.185806,37600000000.0,large
PSKY,,Communication Services,Entertainment,2005-12-05,2026-06-26,,,True,False,2026-06-28 09:57:06.077100,2026-06-28 09:57:06.076493,10790000000.0,mid
PTC,,Technology,Software - Application,2005-01-03,2026-07-15,,,True,False,2026-07-15 17:04:09.698154,2026-07-15 17:04:09.697537,13370000000.0,large
PUK,,Financial Services,Insurance - Life,2005-01-03,2026-06-26,,,True,False,2026-06-28 09:56:04.815835,2026-06-28 09:56:04.815236,33189999999.999996,large
PZZA,,Consumer Cyclical,Restaurants,2005-01-03,2026-07-15,,,True,False,2026-07-15 17:04:40.456998,2026-07-15 17:04:40.456363,1210000000.0,small
QCRH,,Financial Services,Banks - Regional,2015-05-14,2026-07-15,,,True,False,2026-07-15 16:35:52.773317,2026-07-15 16:35:52.772661,1620000000.0,small
QGEN,,Healthcare,Diagnostics & Research,2005-01-03,2026-07-15,,,True,False,2026-07-15 17:04:41.554681,2026-07-15 17:04:41.554051,8150000000.0,mid
QRVO,,Technology,Semiconductors,2015-01-02,2026-07-15,,,True,False,2026-07-15 17:21:25.529028,2026-07-15 17:21:25.528369,8260000000.0,mid
QSR,,Consumer Cyclical,Restaurants,2014-12-11,2026-07-15,,,True,False,2026-07-15 17:04:10.304536,2026-07-15 17:04:10.303853,33920000000.0,large
QUIK,,Technology,Semiconductors,2009-09-23,2026-07-15,,,True,False,2026-07-15 16:39:23.397155,2026-07-15 16:39:23.396414,337710000.0,small
QURE,,Healthcare,Biotechnology,2014-02-05,2026-07-15,,,True,False,2026-07-15 17:14:31.274176,2026-07-15 17:14:31.273541,3270000000.0,mid
R,,Industrials,Rental & Leasing Services,2005-01-03,2026-07-15,,,True,False,2026-07-15 16:33:00.246292,2026-07-15 16:33:00.245648,10100000000.0,mid
RACE,,Consumer Cyclical,Auto Manufacturers,2015-10-21,2026-06-26,,,True,False,2026-06-28 09:57:58.038045,2026-06-28 09:57:58.037417,64680000000.00001,large
RBB,,Financial Services,Banks - Regional,2017-07-26,2026-07-15,,,True,False,2026-07-15 16:39:25.819834,2026-07-15 16:39:25.819094,458120000.0,small
RBBN,,Technology,Software - Application,2005-01-03,2026-07-15,,,True,False,2026-07-15 17:04:11.388265,2026-07-15 17:04:11.387547,387510000.0,small
RBCAA,,Financial Services,Banks - Regional,2005-12-22,2026-07-15,,,True,False,2026-07-15 17:15:35.928803,2026-07-15 17:15:35.928181,1750000000.0,small
RCI,,Communication Services,Telecom Services,2005-01-03,2026-07-15,,,True,False,2026-07-15 17:16:00.039251,2026-07-15 17:16:00.038631,19100000000.0,large
RCKT,,Healthcare,Biotechnology,2015-02-18,2026-06-26,,,True,False,2026-06-28 09:57:39.573900,2026-06-28 09:57:39.573299,354880000.0,small
RCKY,,Consumer Cyclical,Footwear & Accessories,2009-08-14,2026-06-26,,,True,False,2026-06-28 09:55:29.814370,2026-06-28 09:55:29.813705,311310000.0,small
RDN,,Financial Services,Insurance - Specialty,2005-01-03,2026-07-15,,,True,False,2026-07-15 16:51:21.894949,2026-07-15 16:51:21.894328,4990000000.0,mid
RDWR,,Technology,Software - Infrastructure,2005-01-03,2026-07-15,,,True,False,2026-07-15 17:16:01.116407,2026-07-15 17:16:01.115784,1240000000.0,small
RES,,Energy,Oil & Gas Equipment & Services,2005-01-03,2026-07-15,,,True,False,2026-07-15 17:16:02.199171,2026-07-15 17:16:02.198560,1280000000.0,small
REX,,Basic Materials,Chemicals,2005-01-03,2026-07-15,,,True,False,2026-07-15 17:16:03.271675,2026-07-15 17:16:03.271050,1450000000.0,small
RGLD,,Basic Materials,Gold,2005-01-03,2026-07-15,,,True,False,2026-07-15 17:13:32.922420,2026-07-15 17:13:32.921720,17650000000.0,large
RGNX,,Healthcare,Biotechnology,2015-09-17,2026-07-15,,,True,False,2026-07-15 17:14:58.521314,2026-07-15 17:14:58.520680,541790000.0,small
RHI,,Industrials,Staffing & Employment Services,2005-01-03,2026-07-15,,,True,False,2026-07-15 16:41:12.424100,2026-07-15 16:41:12.423360,3290000000.0,mid
RIGL,,Healthcare,Biotechnology,2005-01-03,2026-07-15,,,True,False,2026-07-15 16:51:23.021105,2026-07-15 16:51:23.020481,715850000.0,small
RIOT,,Financial Services,Capital Markets,2017-04-04,2026-06-26,,,True,False,2026-06-28 09:56:35.810257,2026-06-28 09:56:35.809648,10800000000.0,mid
RITM,,Real Estate,REIT - Mortgage,2013-05-02,2026-07-15,,,True,False,2026-07-15 16:35:53.454642,2026-07-15 16:35:53.453991,5240000000.0,mid
RLJ,,Real Estate,REIT - Hotel & Motel,2011-05-11,2026-06-26,,,True,False,2026-06-28 09:56:05.623518,2026-06-28 09:56:05.622902,1810000000.0,small
RM,,Financial Services,Credit Services,2012-03-28,2026-07-15,,,True,False,2026-07-15 17:21:26.264423,2026-07-15 17:21:26.263797,377900000.0,small
RMAX,,Real Estate,Real Estate Services,2013-10-02,2026-07-15,,,True,False,2026-07-15 17:21:26.919588,2026-07-15 17:21:26.918985,333190000.0,small
RNG,,Technology,Software - Application,2013-09-27,2026-06-26,,,True,False,2026-06-28 09:55:10.420294,2026-06-28 09:55:10.419691,3120000000.0,mid
RNR,,Financial Services,Insurance - Reinsurance,2005-01-03,2026-07-15,,,True,False,2026-07-15 17:21:28.007835,2026-07-15 17:21:28.007233,13630000000.0,large
ROKU,,Communication Services,Entertainment,2017-09-28,2026-07-15,,,True,False,2026-07-15 17:21:50.143600,2026-07-15 17:21:50.142955,20000000000.0,large
ROP,,Technology,Software - Application,2005-01-03,2026-07-15,,,True,False,2026-07-15 17:14:59.607911,2026-07-15 17:14:59.607298,34140000000.0,large
RPD,,Technology,Software - Infrastructure,2015-07-17,2026-07-15,,,True,False,2026-07-15 16:41:15.394499,2026-07-15 16:41:15.393766,508580000.0,small
RRC,,Energy,Oil & Gas E&P,2005-01-03,2026-07-15,,,True,False,2026-07-15 16:41:20.850642,2026-07-15 16:41:20.849884,8850000000.0,mid
RRX,,Industrials,Specialty Industrial Machinery,2005-01-03,2026-07-15,,,True,False,2026-07-15 17:21:29.115630,2026-07-15 17:21:29.114928,14630000000.0,large
RS,,Basic Materials,Steel,2005-01-03,2026-07-15,,,True,False,2026-07-15 16:51:49.908967,2026-07-15 16:51:49.908344,19690000000.0,large
RYN,,Real Estate,REIT - Specialty,2005-01-03,2026-07-15,,,True,False,2026-07-15 17:16:04.355479,2026-07-15 17:16:04.354871,6630000000.0,mid
RYTM,,Healthcare,Biotechnology,2017-10-09,2026-06-26,,,True,False,2026-06-28 09:56:36.283918,2026-06-28 09:56:36.283300,7530000000.0,mid
SA,,Basic Materials,Gold,2005-01-03,2026-07-15,,,True,False,2026-07-15 16:30:37.824009,2026-07-15 16:30:37.823320,2820000000.0,mid
SAM,,Consumer Defensive,Beverages - Brewers,2005-01-03,2026-07-15,,,True,False,2026-07-15 16:35:54.530735,2026-07-15 16:35:54.530110,1960000000.0,small
SAN,,Financial Services,Banks - Diversified,2005-01-03,2026-07-15,,,True,False,2026-07-15 16:52:44.863427,2026-07-15 16:52:44.862773,193350000000.0,large
SAP,,Technology,Software - Application,2005-01-03,2026-07-15,,,True,False,2026-07-15 17:15:37.023416,2026-07-15 17:15:37.022772,179950000000.0,large
SAR,,Financial Services,Asset Management,2014-10-14,2026-07-15,,,True,False,2026-07-15 17:04:12.001378,2026-07-15 17:04:12.000741,362610000.0,small
SBLK,,Industrials,Marine Shipping,2013-05-29,2026-07-15,,,True,False,2026-07-15 17:15:00.294165,2026-07-15 17:15:00.293566,2720000000.0,mid
SBR,,Energy,Oil & Gas Midstream,2005-01-03,2026-06-26,,,True,False,2026-06-28 09:56:37.397400,2026-06-28 09:56:37.396800,1070000000.0000001,small
SBS,,Utilities,Utilities - Regulated Water,2005-01-03,2026-06-26,,,True,False,2026-06-28 09:55:30.916576,2026-06-28 09:55:30.915969,19550000000.0,large
SBSI,,Financial Services,Banks - Regional,2005-01-03,2026-07-15,,,True,False,2026-07-15 16:48:44.314972,2026-07-15 16:48:44.314240,1040000000.0,small
SBUX,,Consumer Cyclical,Restaurants,2005-01-03,2026-06-26,,,True,False,2026-06-28 09:56:38.501145,2026-06-28 09:56:38.500547,119210000000.0,large
SCCO,,Basic Materials,Copper,2005-01-03,2026-07-15,,,True,False,2026-07-15 16:44:12.547823,2026-07-15 16:44:12.547077,142890000000.0,large
SCHL,,Communication Services,Publishing,2005-01-03,2026-06-26,,,True,False,2026-06-28 09:57:59.175644,2026-06-28 09:57:59.175030,979470000.0,small
SEI,,Energy,Oil & Gas Equipment & Services,2017-05-12,2026-07-15,,,True,False,2026-07-15 17:14:31.754907,2026-07-15 17:14:31.754290,5650000000.0,mid
SFBS,,Financial Services,Banks - Regional,2014-05-14,2026-07-15,,,True,False,2026-07-15 17:15:37.651715,2026-07-15 17:15:37.651089,4840000000.0,mid
SFIX,,Consumer Cyclical,Apparel Retail,2017-11-17,2026-07-15,,,True,False,2026-07-15 16:52:45.348066,2026-07-15 16:52:45.347411,605750000.0,small
SFM,,Consumer Defensive,Grocery Stores,2013-08-01,2026-07-15,,,True,False,2026-07-15 17:21:29.788259,2026-07-15 17:21:29.787661,7720000000.0,mid
SHBI,,Financial Services,Banks - Regional,2015-09-14,2026-07-15,,,True,False,2026-07-15 16:51:50.503734,2026-07-15 16:51:50.503110,779190000.0,small
SHOO,,Consumer Cyclical,Footwear & Accessories,2005-01-03,2026-07-15,,,True,False,2026-07-15 16:39:31.315825,2026-07-15 16:39:31.315093,3160000000.0,mid
SHOP,,Technology,Software - Application,2015-06-17,2026-07-15,,,True,False,2026-07-15 16:41:23.772096,2026-07-15 16:41:23.771358,152030000000.0,large
SIGI,,Financial Services,Insurance - Property & Casualty,2005-01-03,2026-06-26,,,True,False,2026-06-28 09:57:07.202986,2026-06-28 09:57:07.202388,5770000000.0,mid
SIRI,,Communication Services,Entertainment,2005-01-03,2026-07-15,,,True,False,2026-07-15 17:14:32.817734,2026-07-15 17:14:32.817087,9540000000.0,mid
SITE,,Industrials,Industrial Distribution,2016-05-12,2026-07-15,,,True,False,2026-07-15 17:16:04.947124,2026-07-15 17:16:04.946517,5170000000.0,mid
SKM,,Communication Services,Telecom Services,2005-01-03,2026-06-26,,,True,False,2026-06-28 09:55:32.016085,2026-06-28 09:55:32.015489,12580000000.0,large
SKT,,Real Estate,REIT - Retail,2005-01-03,2026-07-15,,,True,False,2026-07-15 16:39:37.450149,2026-07-15 16:39:37.449401,4840000000.0,mid
SLAB,,Technology,Semiconductors,2005-01-03,2026-07-15,,,True,False,2026-07-15 17:04:42.646001,2026-07-15 17:04:42.645374,7200000000.0,mid
SLF,,Financial Services,Insurance - Diversified,2005-01-03,2026-07-15,,,True,False,2026-07-15 16:46:32.435736,2026-07-15 16:46:32.434888,42980000000.0,large
SLG,,Real Estate,REIT - Office,2005-01-03,2026-06-26,,,True,False,2026-06-28 09:57:08.323499,2026-06-28 09:57:08.322890,4019999999.9999995,mid
SLM,,Financial Services,Credit Services,2005-01-03,2026-07-15,,,True,False,2026-07-15 16:48:49.843540,2026-07-15 16:48:49.842802,4800000000.0,mid
SLRC,,Financial Services,Asset Management,2010-02-09,2026-06-26,,,True,False,2026-06-28 09:56:39.354682,2026-06-28 09:56:39.354082,677840000.0,small
SM,,Energy,Oil & Gas E&P,2005-01-03,2026-07-15,,,True,False,2026-07-15 16:35:55.605735,2026-07-15 16:35:55.605092,6310000000.0,mid
SMCI,,Technology,Computer Hardware,2007-03-29,2026-06-26,,,True,False,2026-06-28 09:56:40.339642,2026-06-28 09:56:40.339043,19810000000.0,large
SMFG,,Financial Services,Banks - Diversified,2006-01-27,2026-06-26,,,True,False,2026-06-28 09:55:33.065151,2026-06-28 09:55:33.064553,150680000000.0,large
SMP,,Consumer Cyclical,Auto Parts,2005-01-03,2026-07-15,,,True,False,2026-07-15 16:46:37.991257,2026-07-15 16:46:37.990524,904560000.0,small
SMPL,,Consumer Defensive,Packaged Foods,2017-07-10,2026-07-15,,,True,False,2026-07-15 16:33:00.729047,2026-07-15 16:33:00.728405,1180000000.0,small
SMTC,,Technology,Semiconductors,2005-01-03,2026-07-15,,,True,False,2026-07-15 16:33:01.820249,2026-07-15 16:33:01.819590,13950000000.0,large
SNA,,Industrials,Tools & Accessories,2005-01-03,2026-07-15,,,True,False,2026-07-15 16:48:55.337078,2026-07-15 16:48:55.336345,20570000000.0,large
SNAP,,Communication Services,Internet Content & Information,2017-03-02,2026-06-26,,,True,False,2026-06-28 09:55:10.918567,2026-06-28 09:55:10.917957,7310000000.0,mid
SNN,,Healthcare,Medical Devices,2005-01-03,2026-07-15,,,True,False,2026-07-15 17:13:33.999783,2026-07-15 17:13:33.999157,12770000000.0,large
SO,,Utilities,Utilities - Regulated Electric,2005-01-03,2026-07-15,,,True,False,2026-07-15 16:49:00.825771,2026-07-15 16:49:00.825056,109530000000.0,large
SONY,,Technology,Consumer Electronics,2005-01-03,2026-07-15,,,True,False,2026-07-15 16:51:51.640355,2026-07-15 16:51:51.639737,116910000000.0,large
SPG,,Real Estate,REIT - Retail,2005-01-03,2026-07-15,,,True,False,2026-07-15 16:30:39.083084,2026-07-15 16:30:39.082416,86300000000.0,large
SPH,,Utilities,Utilities - Regulated Gas,2005-01-03,2026-07-15,,,True,False,2026-07-15 16:51:52.768987,2026-07-15 16:51:52.768358,1150000000.0,small
SQM,,Basic Materials,Specialty Chemicals,2005-01-03,2026-07-15,,,True,False,2026-07-15 17:15:01.381861,2026-07-15 17:15:01.381219,20450000000.0,large
SSTK,,Communication Services,Internet Content & Information,2012-10-11,2026-07-15,,,True,False,2026-07-15 16:33:30.182821,2026-07-15 16:33:30.182168,521679999.99999994,small
SSYS,,Technology,Computer Hardware,2005-01-03,2026-07-15,,,True,False,2026-07-15 16:52:25.699645,2026-07-15 16:52:25.698991,709270000.0,small
ST,,Technology,Scientific & Technical Instruments,2010-03-11,2026-07-15,,,True,False,2026-07-15 16:46:42.285662,2026-07-15 16:46:42.284611,6810000000.0,mid
STAA,,Healthcare,Medical Instruments & Supplies,2005-01-03,2026-07-15,,,True,False,2026-07-15 16:49:06.308218,2026-07-15 16:49:06.307491,1460000000.0,small
STBA,,Financial Services,Banks - Regional,2005-01-03,2026-06-26,,,True,False,2026-06-28 09:56:06.751287,2026-06-28 09:56:06.750685,1770000000.0,small
STGW,,Communication Services,Advertising Agencies,2005-08-05,2026-07-15,,,True,False,2026-07-15 16:30:40.364152,2026-07-15 16:30:40.363411,1740000000.0,small
STLA,,Consumer Cyclical,Auto Manufacturers,2014-11-03,2026-07-15,,,True,False,2026-07-15 16:46:45.438526,2026-07-15 16:46:45.437762,16600000000.000002,large
STM,,Technology,Semiconductors,2005-01-03,2026-07-15,,,True,False,2026-07-15 17:16:06.044478,2026-07-15 17:16:06.043846,63440000000.0,large
STNG,,Energy,Oil & Gas Midstream,2010-03-31,2026-07-15,,,True,False,2026-07-15 16:33:31.028821,2026-07-15 16:33:31.028175,3330000000.0,mid
STZ,,Consumer Defensive,Beverages - Brewers,2005-01-03,2026-07-15,,,True,False,2026-07-15 17:21:51.240665,2026-07-15 17:21:51.240025,25090000000.0,large
SU,,Energy,Oil & Gas Integrated,2005-01-03,2026-06-26,,,True,False,2026-06-28 09:55:12.016231,2026-06-28 09:55:12.015632,63600000000.0,large
SUI,,Real Estate,REIT - Residential,2005-01-03,2026-07-15,,,True,False,2026-07-15 16:52:46.508629,2026-07-15 16:52:46.507985,15250000000.0,large
SUPN,,Healthcare,Drug Manufacturers - Specialty & Generic,2012-05-01,2026-06-26,,,True,False,2026-06-28 09:57:59.939644,2026-06-28 09:57:59.939022,2720000000.0,mid
SVM,,Basic Materials,Silver,2017-05-15,2026-06-26,,,True,False,2026-06-28 09:57:08.826046,2026-06-28 09:57:08.825445,2350000000.0,small
SWBI,,Industrials,Aerospace & Defense,2005-01-03,2026-07-15,,,True,False,2026-07-15 17:16:07.128936,2026-07-15 17:16:07.128308,681190000.0,small
SWX,,Utilities,Utilities - Regulated Gas,2005-01-03,2026-06-26,,,True,False,2026-06-28 09:57:09.979886,2026-06-28 09:57:09.979281,6580000000.0,mid
SYNA,,Technology,Semiconductors,2005-01-03,2026-07-15,,,True,False,2026-07-15 16:44:18.320675,2026-07-15 16:44:18.319883,4680000000.0,mid
SYY,,Consumer Defensive,Food Distribution,2005-01-03,2026-07-15,,,True,False,2026-07-15 17:14:33.881642,2026-07-15 17:14:33.881034,39600000000.0,large
TAC,,Utilities,Utilities - Independent Power Producers,2005-01-31,2026-07-15,,,True,False,2026-07-15 17:15:02.468435,2026-07-15 17:15:02.467728,4110000000.0000005,mid
TAK,,Healthcare,Drug Manufacturers - Specialty & Generic,2010-01-05,2026-07-15,,,True,False,2026-07-15 17:14:04.181691,2026-07-15 17:14:04.181070,49710000000.0,large
TAP,,Consumer Defensive,Beverages - Brewers,2005-01-03,2026-07-15,,,True,False,2026-07-15 16:41:29.297717,2026-07-15 16:41:29.296963,7780000000.0,mid
TBPH,,Healthcare,Biotechnology,2014-06-26,2026-06-26,,,True,False,2026-06-28 09:57:10.628199,2026-06-28 09:57:10.627598,908880000.0,small
TCBI,,Financial Services,Banks - Regional,2005-01-03,2026-07-15,,,True,False,2026-07-15 17:21:30.876103,2026-07-15 17:21:30.875415,4520000000.0,mid
TCBK,,Financial Services,Banks - Regional,2005-01-03,2026-07-15,,,True,False,2026-07-15 16:30:41.603103,2026-07-15 16:30:41.602405,1720000000.0,small
TD,,Financial Services,Banks - Diversified,2005-01-03,2026-07-15,,,True,False,2026-07-15 16:52:26.835814,2026-07-15 16:52:26.835173,198930000000.0,large
TDAY,,Communication Services,Publishing,2014-02-04,2026-06-26,,,True,False,2026-06-28 09:56:07.425764,2026-06-28 09:56:07.425152,1220000000.0,small
TDC,,Technology,Software - Infrastructure,2007-10-26,2026-06-26,,,True,False,2026-06-28 09:56:08.409454,2026-06-28 09:56:08.408851,3090000000.0,mid
TDOC,,Healthcare,Health Information Services,2015-07-28,2026-07-15,,,True,False,2026-07-15 16:39:40.418260,2026-07-15 16:39:40.417495,1510000000.0,small
TECH,,Healthcare,Biotechnology,2005-01-03,2026-07-15,,,True,False,2026-07-15 17:16:08.228760,2026-07-15 17:16:08.228163,11120000000.0,mid
TEO,,Communication Services,Telecom Services,2005-01-03,2026-07-15,,,True,False,2026-07-15 17:13:35.082160,2026-07-15 17:13:35.081500,5760000000.0,mid
TFSL,,Financial Services,Banks - Regional,2007-04-23,2026-06-26,,,True,False,2026-06-28 09:58:00.952971,2026-06-28 09:58:00.952364,4880000000.0,mid
TGB,,Basic Materials,Copper,2005-01-03,2026-06-26,,,True,False,2026-06-28 09:56:09.523298,2026-06-28 09:56:09.522700,2400000000.0,mid
TGLS,,Basic Materials,Building Materials,2017-02-03,2026-07-15,,,True,False,2026-07-15 17:15:02.969268,2026-07-15 17:15:02.968653,1990000000.0,small
TGTX,,Healthcare,Biotechnology,2013-01-02,2026-07-15,,,True,False,2026-07-15 16:41:32.829170,2026-07-15 16:41:32.828435,7910000000.0,mid
THC,,Healthcare,Medical Care Facilities,2005-01-03,2026-07-15,,,True,False,2026-07-15 16:39:45.980591,2026-07-15 16:39:45.979820,16280000000.000002,large
THFF,,Financial Services,Banks - Regional,2005-01-03,2026-07-15,,,True,False,2026-07-15 16:51:53.900281,2026-07-15 16:51:53.899650,923520000.0,small
TITN,,Industrials,Industrial Distribution,2007-12-13,2026-07-15,,,True,False,2026-07-15 16:35:56.598171,2026-07-15 16:35:56.597546,475370000.0,small
TJX,,Consumer Cyclical,Apparel Retail,2005-01-03,2026-07-15,,,True,False,2026-07-15 16:33:32.132454,2026-07-15 16:33:32.131830,171700000000.0,large
TKC,,Communication Services,Telecom Services,2005-01-03,2026-07-15,,,True,False,2026-07-15 16:30:42.842658,2026-07-15 16:30:42.841975,5180000000.0,mid
TMO,,Healthcare,Diagnostics & Research,2005-01-03,2026-07-15,,,True,False,2026-07-15 16:41:38.320726,2026-07-15 16:41:38.320005,190650000000.0,large
TMUS,,Communication Services,Telecom Services,2007-04-19,2026-07-15,,,True,False,2026-07-15 16:35:57.572095,2026-07-15 16:35:57.571431,197700000000.0,large
TNET,,Industrials,Staffing & Employment Services,2014-03-27,2026-07-15,,,True,False,2026-07-15 17:15:03.611939,2026-07-15 17:15:03.611322,2290000000.0,small
TOL,,Consumer Cyclical,Residential Construction,2005-01-03,2026-07-15,,,True,False,2026-07-15 16:33:33.260122,2026-07-15 16:33:33.259494,15340000000.0,large
TOWN,,Financial Services,Banks - Regional,2007-10-05,2026-06-26,,,True,False,2026-06-28 09:55:34.032015,2026-06-28 09:55:34.031417,3320000000.0,mid
TPR,,Consumer Cyclical,Luxury Goods,2005-01-03,2026-07-15,,,True,False,2026-07-15 17:16:09.351704,2026-07-15 17:16:09.351097,29500000000.0,large
TREE,,Financial Services,Financial Conglomerates,2012-05-21,2026-07-15,,,True,False,2026-07-15 17:15:04.341755,2026-07-15 17:15:04.341101,567610000.0,small
TRGP,,Energy,Oil & Gas Midstream,2010-12-07,2026-07-15,,,True,False,2026-07-15 17:13:35.872917,2026-07-15 17:13:35.872276,58510000000.0,large
TRIP,,Consumer Cyclical,Travel Services,2011-12-07,2026-07-15,,,True,False,2026-07-15 17:04:43.406670,2026-07-15 17:04:43.406036,1600000000.0,small
TRMK,,Financial Services,Banks - Regional,2005-01-03,2026-06-26,,,True,False,2026-06-28 09:56:41.438392,2026-06-28 09:56:41.437795,2730000000.0,mid
TRP,,Energy,Oil & Gas Midstream,2005-01-03,2026-07-15,,,True,False,2026-07-15 16:41:43.797309,2026-07-15 16:41:43.796577,73130000000.0,large
TRST,,Financial Services,Banks - Regional,2005-01-03,2026-07-15,,,True,False,2026-07-15 17:04:44.500853,2026-07-15 17:04:44.500225,955170000.0,small
TRV,,Financial Services,Insurance - Property & Casualty,2005-01-03,2026-07-15,,,True,False,2026-07-15 16:46:51.004549,2026-07-15 16:46:51.003804,69610000000.0,large
TRVG,,Communication Services,Internet Content & Information,2016-12-16,2026-07-15,,,True,False,2026-07-15 17:21:51.750811,2026-07-15 17:21:51.750168,375420000.0,small
TSEM,,Technology,Semiconductors,2009-04-09,2026-07-15,,,True,False,2026-07-15 17:14:05.058401,2026-07-15 17:14:05.057756,28170000000.0,large
TSLX,,Financial Services,Asset Management,2014-03-21,2026-06-26,,,True,False,2026-06-28 09:55:34.677710,2026-06-28 09:55:34.677109,1600000000.0,small
TSN,,Consumer Defensive,Farm Products,2005-01-03,2026-07-15,,,True,False,2026-07-15 16:44:23.808422,2026-07-15 16:44:23.807682,20620000000.0,large
TTC,,Industrials,Tools & Accessories,2005-01-03,2026-07-15,,,True,False,2026-07-15 16:51:24.152104,2026-07-15 16:51:24.151461,9220000000.0,mid
TTD,,Communication Services,Advertising Agencies,2016-09-21,2026-07-15,,,True,False,2026-07-15 16:33:33.799602,2026-07-15 16:33:33.798958,8640000000.0,mid
TWLO,,Technology,Software - Infrastructure,2016-06-23,2026-07-15,,,True,False,2026-07-15 17:14:34.404169,2026-07-15 17:14:34.403554,29080000000.0,large
TX,,Basic Materials,Steel,2006-02-01,2026-07-15,,,True,False,2026-07-15 16:51:54.985239,2026-07-15 16:51:54.984625,8720000000.0,mid
TXT,,Industrials,Aerospace & Defense,2005-01-03,2026-07-15,,,True,False,2026-07-15 16:52:27.975500,2026-07-15 16:52:27.974845,15860000000.0,large
UA,,Consumer Cyclical,Apparel Manufacturing,2016-05-02,2026-06-26,,,True,False,2026-06-28 09:55:35.220707,2026-06-28 09:55:35.220101,2640000000.0,mid
UAL,,Industrials,Airlines,2006-02-06,2026-07-15,,,True,False,2026-07-15 17:15:05.363932,2026-07-15 17:15:05.363332,44180000000.0,large
UAN,,Basic Materials,Agricultural Inputs,2011-04-08,2026-06-26,,,True,False,2026-06-28 09:56:10.335042,2026-06-28 09:56:10.334437,1160000000.0,small
UBS,,Financial Services,Banks - Diversified,2005-01-03,2026-06-26,,,True,False,2026-06-28 09:57:40.711395,2026-06-28 09:57:40.710794,150330000000.0,large
UDR,,Real Estate,REIT - Residential,2005-01-03,2026-07-15,,,True,False,2026-07-15 17:15:06.446664,2026-07-15 17:15:06.446026,14290000000.0,large
UFPT,,Healthcare,Medical Devices,2011-12-06,2026-06-26,,,True,False,2026-06-28 09:55:35.983966,2026-06-28 09:55:35.983367,2009999999.9999998,small
UGP,,Energy,Oil & Gas Refining & Marketing,2005-01-03,2026-07-15,,,True,False,2026-07-15 16:49:11.796019,2026-07-15 16:49:11.795285,5200000000.0,mid
UHAL,,Industrials,Rental & Leasing Services,2005-01-03,2026-06-26,,,True,False,2026-06-28 09:55:37.085543,2026-06-28 09:55:37.084941,13150000000.0,large
UHS,,Healthcare,Medical Care Facilities,2005-01-03,2026-07-15,,,True,False,2026-07-15 17:15:38.743243,2026-07-15 17:15:38.742574,8820000000.0,mid
UHT,,Real Estate,REIT - Healthcare Facilities,2005-01-03,2026-07-15,,,True,False,2026-07-15 16:33:34.910744,2026-07-15 16:33:34.910097,595120000.0,small
UNFI,,Consumer Defensive,Food Distribution,2005-01-03,2026-07-15,,,True,False,2026-07-15 16:49:17.333247,2026-07-15 16:49:17.332517,2970000000.0,mid
UNH,,Healthcare,Healthcare Plans,2005-01-03,2026-07-15,,,True,False,2026-07-15 16:35:58.678132,2026-07-15 16:35:58.677425,388590000000.0,large
UNIT,,Real Estate,REIT - Specialty,2015-04-20,2026-07-15,,,True,False,2026-07-15 16:33:02.412705,2026-07-15 16:33:02.412028,2690000000.0,mid
UNM,,Financial Services,Insurance - Life,2005-01-03,2026-07-15,,,True,False,2026-07-15 16:41:49.303229,2026-07-15 16:41:49.302492,14400000000.0,large
URI,,Industrials,Rental & Leasing Services,2005-01-03,2026-06-26,,,True,False,2026-06-28 09:58:02.080123,2026-06-28 09:58:02.079478,70270000000.0,large
USAC,,Energy,Oil & Gas Equipment & Services,2013-01-15,2026-07-15,,,True,False,2026-07-15 16:51:24.868702,2026-07-15 16:51:24.868050,3820000000.0,mid
USB,,Financial Services,Banks - Regional,2005-01-03,2026-07-15,,,True,False,2026-07-15 16:52:29.115860,2026-07-15 16:52:29.115246,94880000000.0,large
USPH,,Healthcare,Medical Care Facilities,2005-01-03,2026-07-15,,,True,False,2026-07-15 17:14:06.149341,2026-07-15 17:14:06.148720,1050000000.0,small
UTHR,,Healthcare,Drug Manufacturers - Specialty & Generic,2005-01-03,2026-07-15,,,True,False,2026-07-15 16:41:54.805143,2026-07-15 16:41:54.804408,23030000000.0,large
UTL,,Utilities,Utilities - Diversified,2008-08-13,2026-06-26,,,True,False,2026-06-28 09:58:03.025153,2026-06-28 09:58:03.024548,968270000.0,small
UUUU,,Energy,Uranium,2013-05-30,2026-06-26,,,True,False,2026-06-28 09:56:11.035133,2026-06-28 09:56:11.034543,3610000000.0,mid
VAC,,Consumer Cyclical,Resorts & Casinos,2011-11-08,2026-07-15,,,True,False,2026-07-15 16:51:55.776485,2026-07-15 16:51:55.775787,3480000000.0,mid
VCEL,,Healthcare,Biotechnology,2008-10-20,2026-07-15,,,True,False,2026-07-15 16:35:59.586415,2026-07-15 16:35:59.585712,2360000000.0,small
VCYT,,Healthcare,Diagnostics & Research,2013-10-30,2026-07-15,,,True,False,2026-07-15 16:46:54.360324,2026-07-15 16:46:54.359564,4830000000.0,mid
VEON,,Communication Services,Telecom Services,2005-01-03,2026-07-15,,,True,False,2026-07-15 16:51:56.927159,2026-07-15 16:51:56.926515,3580000000.0,mid
VFC,,Consumer Cyclical,Apparel Manufacturing,2005-01-03,2026-07-15,,,True,False,2026-07-15 17:04:13.083793,2026-07-15 17:04:13.083145,6810000000.0,mid
VKTX,,Healthcare,Biotechnology,2015-12-11,2026-06-26,,,True,False,2026-06-28 09:57:41.289060,2026-06-28 09:57:41.288437,4420000000.0,mid
VLGEA,,Consumer Defensive,Grocery Stores,2006-10-17,2026-07-15,,,True,False,2026-07-15 16:30:43.995876,2026-07-15 16:30:43.995178,624960000.0,small
VLO,,Energy,Oil & Gas Refining & Marketing,2005-01-03,2026-06-26,,,True,False,2026-06-28 09:57:42.424803,2026-06-28 09:57:42.424204,77020000000.0,large
VLY,,Financial Services,Banks - Regional,2005-01-03,2026-06-26,,,True,False,2026-06-28 09:56:12.157649,2026-06-28 09:56:12.157042,8160000000.0,mid
VMC,,Basic Materials,Building Materials,2005-01-03,2026-06-26,,,True,False,2026-06-28 09:58:04.152170,2026-06-28 09:58:04.151573,40400000000.0,large
VNDA,,Healthcare,Biotechnology,2006-04-12,2026-07-15,,,True,False,2026-07-15 17:21:31.913878,2026-07-15 17:21:31.913256,361410000.0,small
VNET,,Technology,Information Technology Services,2011-04-21,2026-07-15,,,True,False,2026-07-15 17:04:45.298753,2026-07-15 17:04:45.298128,2180000000.0,small
VNOM,,Energy,Oil & Gas Midstream,2014-06-18,2026-07-15,,,True,False,2026-07-15 16:49:20.513356,2026-07-15 16:49:20.512605,15280000000.0,large
VOD,,Communication Services,Telecom Services,2005-01-03,2026-07-15,,,True,False,2026-07-15 16:30:45.253292,2026-07-15 16:30:45.252587,32150000000.0,large
VRSK,,Industrials,Consulting Services,2009-10-07,2026-07-15,,,True,False,2026-07-15 17:04:13.919332,2026-07-15 17:04:13.918686,23870000000.0,large
VSAT,,Technology,Communication Equipment,2005-01-03,2026-06-26,,,True,False,2026-06-28 09:57:43.543997,2026-06-28 09:57:43.543361,8460000000.000001,mid
VSH,,Technology,Semiconductors,2005-01-03,2026-07-15,,,True,False,2026-07-15 17:16:10.455831,2026-07-15 17:16:10.455160,7670000000.0,mid
VSTM,,Healthcare,Biotechnology,2013-06-26,2026-06-26,,,True,False,2026-06-28 09:57:44.275771,2026-06-28 09:57:44.275094,332160000.0,small
VTOL,,Energy,Oil & Gas Equipment & Services,2013-01-22,2026-07-15,,,True,False,2026-07-15 17:21:32.797714,2026-07-15 17:21:32.797020,1240000000.0,small
VTR,,Real Estate,REIT - Healthcare Facilities,2005-01-03,2026-07-15,,,True,False,2026-07-15 16:36:00.696398,2026-07-15 16:36:00.695486,43600000000.0,large
VYX,,Technology,Information Technology Services,2005-01-03,2026-07-15,,,True,False,2026-07-15 17:16:11.590599,2026-07-15 17:16:11.589924,1090000000.0,small
WAL,,Financial Services,Banks - Regional,2005-07-01,2026-07-15,,,True,False,2026-07-15 16:33:35.995720,2026-07-15 16:33:35.995071,8840000000.0,mid
WAT,,Healthcare,Diagnostics & Research,2005-01-03,2026-07-15,,,True,False,2026-07-15 16:49:26.013569,2026-07-15 16:49:26.012823,36760000000.0,large
WBD,,Communication Services,Entertainment,2005-07-08,2026-06-26,,,True,False,2026-06-28 09:55:38.163553,2026-06-28 09:55:38.162953,67030000000.0,large
WBS,,Financial Services,Banks - Regional,2005-01-03,2026-06-26,,,True,False,2026-06-28 09:56:42.540185,2026-06-28 09:56:42.539586,12250000000.0,large
WCN,,Industrials,Waste Management,2005-01-03,2026-07-15,,,True,False,2026-07-15 17:13:36.946885,2026-07-15 17:13:36.946270,42660000000.0,large
WD,,Financial Services,Mortgage Finance,2010-12-15,2026-07-15,,,True,False,2026-07-15 16:39:50.017248,2026-07-15 16:39:50.016486,1880000000.0,small
WDC,,Technology,Computer Hardware,2005-01-03,2026-07-15,,,True,False,2026-07-15 17:15:39.835785,2026-07-15 17:15:39.835164,202140000000.0,large
WELL,,Real Estate,REIT - Healthcare Facilities,2005-01-03,2026-07-15,,,True,False,2026-07-15 16:49:31.521334,2026-07-15 16:49:31.520604,160480000000.0,large
WEN,,Consumer Cyclical,Restaurants,2005-01-03,2026-06-26,,,True,False,2026-06-28 09:55:39.273439,2026-06-28 09:55:39.272836,1490000000.0,small
WERN,,Industrials,Trucking,2005-01-03,2026-07-15,,,True,False,2026-07-15 16:49:37.002199,2026-07-15 16:49:37.001483,2560000000.0,mid
WINA,,Consumer Cyclical,Specialty Retail,2016-06-08,2026-06-26,,,True,False,2026-06-28 09:57:11.180629,2026-06-28 09:57:11.180011,1500000000.0,small
WKC,,Energy,Oil & Gas Refining & Marketing,2005-01-03,2026-07-15,,,True,False,2026-07-15 17:14:35.475457,2026-07-15 17:14:35.474808,1730000000.0,small
WLFC,,Industrials,Rental & Leasing Services,2012-01-06,2026-07-15,,,True,False,2026-07-15 16:41:58.590903,2026-07-15 16:41:58.590167,1580000000.0,small
WLK,,Basic Materials,Specialty Chemicals,2005-01-03,2026-06-26,,,True,False,2026-06-28 09:57:12.307205,2026-06-28 09:57:12.306605,9820000000.0,mid
WLKP,,Basic Materials,Chemicals,2014-07-30,2026-07-15,,,True,False,2026-07-15 16:33:03.051208,2026-07-15 16:33:03.050550,798670000.0,small
WLY,,Communication Services,Publishing,2005-01-03,2026-06-26,,,True,False,2026-06-28 09:57:13.439090,2026-06-28 09:57:13.438496,2450000000.0,mid
WMS,,Industrials,Building Products & Equipment,2014-07-25,2026-07-15,,,True,False,2026-07-15 17:04:14.540002,2026-07-15 17:04:14.539364,11830000000.0,large
WNC,,Industrials,Farm & Heavy Construction Machinery,2005-01-03,2026-06-26,,,True,False,2026-06-28 09:57:14.551863,2026-06-28 09:57:14.551239,571470000.0,small
WPC,,Real Estate,REIT - Diversified,2005-01-03,2026-07-15,,,True,False,2026-07-15 16:33:04.143900,2026-07-15 16:33:04.143240,16450000000.0,large
WPP,,Communication Services,Advertising Agencies,2005-01-03,2026-07-15,,,True,False,2026-07-15 17:15:07.532279,2026-07-15 17:15:07.531642,3520000000.0,mid
WRB,,Financial Services,Insurance - Property & Casualty,2005-01-03,2026-07-15,,,True,False,2026-07-15 16:33:05.235282,2026-07-15 16:33:05.234628,27770000000.0,large
WRLD,,Financial Services,Credit Services,2005-01-03,2026-07-15,,,True,False,2026-07-15 16:33:37.108759,2026-07-15 16:33:37.108117,955090000.0,small
WSBC,,Financial Services,Banks - Regional,2005-01-03,2026-06-26,,,True,False,2026-06-28 09:55:40.379134,2026-06-28 09:55:40.378538,3730000000.0,mid
WSM,,Consumer Cyclical,Specialty Retail,2005-01-03,2026-06-26,,,True,False,2026-06-28 09:55:41.484264,2026-06-28 09:55:41.483659,28160000000.0,large
WSO,,Industrials,Industrial Distribution,2005-01-03,2026-07-15,,,True,False,2026-07-15 17:16:12.703278,2026-07-15 17:16:12.702649,16700000000.0,large
WST,,Healthcare,Medical Instruments & Supplies,2005-01-03,2026-07-15,,,True,False,2026-07-15 16:52:30.258756,2026-07-15 16:52:30.258113,24790000000.0,large
WVE,,Healthcare,Biotechnology,2015-11-11,2026-07-15,,,True,False,2026-07-15 17:14:06.703052,2026-07-15 17:14:06.702404,1120000000.0,small
WWD,,Industrials,Aerospace & Defense,2005-01-03,2026-07-15,,,True,False,2026-07-15 16:51:58.066765,2026-07-15 16:51:58.066145,25720000000.0,large
WWW,,Consumer Cyclical,Footwear & Accessories,2005-01-03,2026-07-15,,,True,False,2026-07-15 17:14:36.546808,2026-07-15 17:14:36.546218,1410000000.0,small
WYNN,,Consumer Cyclical,Resorts & Casinos,2005-01-03,2026-07-15,,,True,False,2026-07-15 16:52:31.392097,2026-07-15 16:52:31.391475,10270000000.0,mid
XENE,,Healthcare,Biotechnology,2014-11-05,2026-07-15,,,True,False,2026-07-15 17:21:33.554716,2026-07-15 17:21:33.554042,5770000000.0,mid
XHR,,Real Estate,REIT - Hotel & Motel,2015-02-04,2026-07-15,,,True,False,2026-07-15 16:33:05.834813,2026-07-15 16:33:05.834150,2060000000.0,small
XIFR,,Utilities,Utilities - Renewable,2014-06-27,2026-06-26,,,True,False,2026-06-28 09:55:42.117824,2026-06-28 09:55:42.117222,1130000000.0,small
XRX,,Industrials,Business Equipment & Supplies,2005-01-03,2026-07-15,,,True,False,2026-07-15 16:33:06.926117,2026-07-15 16:33:06.925457,432880000.0,small
XYL,,Industrials,Specialty Industrial Machinery,2011-10-13,2026-07-15,,,True,False,2026-07-15 16:42:02.407287,2026-07-15 16:42:02.406533,27680000000.0,large
XYZ,,Technology,Software - Infrastructure,2015-11-19,2026-07-15,,,True,False,2026-07-15 16:52:47.108744,2026-07-15 16:52:47.108115,46750000000.0,large
YELP,,Communication Services,Internet Content & Information,2012-03-02,2026-07-15,,,True,False,2026-07-15 17:13:37.677325,2026-07-15 17:13:37.676677,1320000000.0,small
YEXT,,Technology,Software - Infrastructure,2017-04-13,2026-07-15,,,True,False,2026-07-15 17:04:45.804201,2026-07-15 17:04:45.803593,445100000.0,small
YUM,,Consumer Cyclical,Restaurants,2005-01-03,2026-07-15,,,True,False,2026-07-15 17:15:40.925762,2026-07-15 17:15:40.925127,43110000000.0,large
YUMC,,Consumer Cyclical,Restaurants,2016-11-11,2026-07-15,,,True,False,2026-07-15 17:14:37.048990,2026-07-15 17:14:37.048366,14110000000.0,large
ZBH,,Healthcare,Medical Devices,2005-01-03,2026-07-15,,,True,False,2026-07-15 17:21:34.671238,2026-07-15 17:21:34.670618,18010000000.0,large
ZD,,Communication Services,Advertising Agencies,2005-01-03,2026-06-26,,,True,False,2026-06-28 09:56:13.281541,2026-06-28 09:56:13.280940,1860000000.0,small
ZION,,Financial Services,Banks - Regional,2005-01-03,2026-07-15,,,True,False,2026-07-15 16:33:38.202090,2026-07-15 16:33:38.201442,10170000000.0,mid
ZVRA,,Healthcare,Biotechnology,2017-12-28,2026-07-15,,,True,False,2026-07-15 17:15:07.986342,2026-07-15 17:15:07.985730,799240000.0,small
ZYME,,Healthcare,Biotechnology,2017-11-27,2026-07-15,,,True,False,2026-07-15 16:33:07.382320,2026-07-15 16:33:07.381671,1760000000.0,small
