2026-07-28 21:47:41,597 INFO    findata.configs | Logging configured -> /Users/connorott/PycharmProjects/findata/logs/init_edgar.log
2026-07-28 21:49:28,243 INFO    findata.database.edgar_ | EDGAR run: 800 ticker(s), forms=('10-K', '10-Q', '8-K', '4'), extra_sections=False
2026-07-28 21:49:29,424 INFO    findata.database.edgar_ | BAH: 1065 filing(s) to fetch (0 already stored)
2026-07-28 21:49:31,779 INFO    findata.database.edgar_ | KR: 3106 filing(s) to fetch (0 already stored)
2026-07-28 22:06:58,183 INFO    findata.configs | Logging configured -> /Users/connorott/PycharmProjects/findata/logs/init_edgar.log
2026-07-28 22:06:58,200 INFO    findata.database.edgar_ | EDGAR run: 5 ticker(s), forms=('4',), extra_sections=False
2026-07-28 22:07:00,095 INFO    findata.database.edgar_ | AAPL: 1337 filing(s) to fetch (0 already stored)
2026-07-28 22:07:01,801 ERROR   findata.database.edgar_ | MSTF: Company() failed: Company not found: 'MSTF'
  Tip: Search by name with find_company("...") or pass a CIK directly.
2026-08-10 17:08:25,696 INFO    findata.configs | Logging configured -> /Users/connorott/PycharmProjects/findata/logs/init_edgar.log
2026-08-10 17:15:06,184 INFO    findata.configs | Logging configured -> /Users/connorott/PycharmProjects/findata/logs/init_edgar.log
2026-08-10 17:22:20,873 INFO    findata.configs | Logging configured -> /Users/connorott/PycharmProjects/findata/logs/init_edgar.log
2026-08-10 17:24:27,295 INFO    findata.database.edgar_ | EDGAR run: 800 ticker(s), forms=('4',), extra_sections=False
2026-08-10 17:25:31,092 INFO    findata.database.edgar_ | BAH: 803 filing(s) to fetch (0 already stored)
2026-08-10 17:25:31,886 INFO    findata.database.edgar_ | KR: 2641 filing(s) to fetch (0 already stored)
2026-08-10 17:27:12,342 WARNING findata.database.edgar_ | BAH: 4 0001443646-21-000044 failed: The read operation timed out
2026-08-10 17:27:37,209 WARNING findata.database.edgar_ | BAH: 4 0001443646-19-000085 failed: The read operation timed out
2026-08-10 17:29:17,150 INFO    findata.configs | Logging configured -> /Users/connorott/PycharmProjects/findata/logs/init_edgar.log
2026-08-10 17:30:53,691 INFO    findata.database.edgar_ | EDGAR run: 20 ticker(s), forms=('4',), extra_sections=False
2026-08-10 17:30:58,308 INFO    findata.database.edgar_ | BAH: 803 filing(s) to fetch (0 already stored)
2026-08-10 17:31:00,593 INFO    findata.database.edgar_ | KR: 2641 filing(s) to fetch (0 already stored)
2026-08-10 17:32:35,224 INFO    findata.configs | Logging configured -> /Users/connorott/PycharmProjects/findata/logs/init_edgar.log
2026-08-10 17:32:58,246 INFO    findata.database.edgar_ | EDGAR run: 20 ticker(s), forms=(), extra_sections=False
2026-08-10 17:33:02,260 INFO    findata.database.edgar_ | BAH: 1417 filing(s) to fetch (0 already stored)
2026-08-10 17:33:04,530 INFO    findata.database.edgar_ | KR: 4110 filing(s) to fetch (0 already stored)
2026-08-10 17:33:08,068 WARNING edgar.core | No XBRL attachments found in filing Filing(company='Booz Allen Hamilton Holding Corp', cik=1443646, form='FWP', filing_date='2026-07-28', accession_no='0001104659-26-087606')
2026-08-10 17:33:08,072 WARNING findata.database.edgar_ | BAH: FWP 0001104659-26-087606 failed: no data object for filing
2026-08-10 17:35:21,650 INFO    findata.configs | Logging configured -> /Users/connorott/PycharmProjects/findata/logs/init_edgar.log
2026-08-10 17:36:04,280 INFO    findata.database.edgar_ | EDGAR run: 20 ticker(s), forms=(), extra_sections=False
2026-08-10 17:37:27,173 INFO    findata.database.edgar_ | KR: 4110 filing(s) to fetch (0 already stored)
2026-08-10 17:37:27,182 INFO    findata.database.edgar_ | BAH: 1417 filing(s) to fetch (0 already stored)
2026-08-10 17:37:56,990 WARNING edgar.core | No XBRL attachments found in filing Filing(company='KROGER CO', cik=56873, form='SD', filing_date='2026-05-20', accession_no='0001104659-26-064234')
2026-08-10 17:37:56,991 WARNING findata.database.edgar_ | KR: SD 0001104659-26-064234 failed: no data object for filing
2026-08-10 17:37:57,140 WARNING edgar.core | No XBRL attachments found in filing Filing(company='KROGER CO', cik=56873, form='ARS', filing_date='2026-05-13', accession_no='0001104659-26-060267')
2026-08-10 17:37:57,160 WARNING findata.database.edgar_ | KR: ARS 0001104659-26-060267 failed: no data object for filing
2026-08-10 17:37:58,728 WARNING edgar.core | TenQ falling back to legacy parser for 'Part I, Item 1' (filing: 0001104659-26-078236). New parser sections available: ['part_i_item_2', 'part_i_item_4', 'part_ii_item_1', 'part_ii_item_2', 'part_ii_item_5', 'part_ii_item_6']. This fallback will be removed in v6.0.
2026-08-12 17:05:56,776 INFO    findata.configs | Logging configured -> /Users/connorott/PycharmProjects/findata/logs/init_edgar.log
2026-08-12 17:06:46,182 INFO    findata.database.edgar_ | EDGAR run: 800 ticker(s), forms=(), extra_sections=False
2026-08-12 17:06:53,452 INFO    findata.database.edgar_ | BAH: 1417 filing(s) to fetch (0 already stored)
2026-08-12 17:06:55,390 INFO    findata.database.edgar_ | KR: 4110 filing(s) to fetch (0 already stored)
2026-08-12 17:10:31,372 INFO    findata.configs | Logging configured -> /Users/connorott/PycharmProjects/findata/logs/init_edgar.log
2026-08-12 17:10:34,132 INFO    findata.database.edgar_ | EDGAR run: 5 ticker(s), forms=('10-K', '10-Q', '8-K', '4'), extra_sections=False
2026-08-12 17:10:55,871 INFO    findata.configs | Logging configured -> /Users/connorott/PycharmProjects/findata/logs/init_edgar.log
2026-08-12 17:11:00,343 INFO    findata.database.edgar_ | EDGAR run: 5 ticker(s), forms=(), extra_sections=False
2026-08-12 17:21:41,072 INFO    findata.configs | Logging configured -> /Users/connorott/PycharmProjects/findata/logs/init_edgar.log
2026-08-12 17:21:41,113 INFO    findata.database.edgar_ | EDGAR run: 5 ticker(s), forms=(), extra_sections=False
2026-08-12 17:27:41,482 INFO    findata.database.edgar_ | BAH processed: {'text_filings': 0, 'sections': 0, 'form4_rows': 0, 'income': 784, 'balance': 628, 'cashflow': 474, 'errors': 0}
2026-08-12 17:28:44,318 INFO    findata.database.edgar_ | KR processed: {'text_filings': 0, 'sections': 0, 'form4_rows': 0, 'income': 615, 'balance': 702, 'cashflow': 558, 'errors': 0}
2026-08-12 17:28:52,096 INFO    findata.database.edgar_ | CBU processed: {'text_filings': 0, 'sections': 0, 'form4_rows': 0, 'income': 594, 'balance': 393, 'cashflow': 453, 'errors': 0}
2026-08-12 17:28:53,582 INFO    findata.database.edgar_ | RNG processed: {'text_filings': 0, 'sections': 0, 'form4_rows': 0, 'income': 729, 'balance': 483, 'cashflow': 320, 'errors': 0}
2026-08-12 17:28:56,692 INFO    findata.database.edgar_ | KODK processed: {'text_filings': 0, 'sections': 0, 'form4_rows': 0, 'income': 791, 'balance': 784, 'cashflow': 408, 'errors': 0}
2026-08-12 17:28:56,692 INFO    findata.database.edgar_ | EDGAR run done: {'text_filings': 0, 'sections': 0, 'form4_rows': 0, 'income': 3513, 'balance': 2990, 'cashflow': 2213, 'errors': 0}
2026-08-12 17:29:38,560 INFO    findata.configs | Logging configured -> /Users/connorott/PycharmProjects/findata/logs/init_edgar.log
2026-08-12 17:29:38,606 INFO    findata.database.edgar_ | EDGAR run: 5 ticker(s), forms=(), extra_sections=False
2026-08-12 17:29:40,048 WARNING edgar.entity.parser | No facts found for CIK 1230869
2026-08-12 17:29:42,374 INFO    findata.database.edgar_ | CNC processed: {'text_filings': 0, 'sections': 0, 'form4_rows': 0, 'income': 896, 'balance': 798, 'cashflow': 395, 'errors': 0}
2026-08-12 17:29:42,376 INFO    findata.database.edgar_ | ASA processed: {'text_filings': 0, 'sections': 0, 'form4_rows': 0, 'income': 0, 'balance': 0, 'cashflow': 0, 'errors': 0}
2026-08-12 17:29:42,669 INFO    findata.database.edgar_ | PLD processed: {'text_filings': 0, 'sections': 0, 'form4_rows': 0, 'income': 719, 'balance': 439, 'cashflow': 281, 'errors': 0}
2026-08-12 17:29:42,931 INFO    findata.database.edgar_ | NLY processed: {'text_filings': 0, 'sections': 0, 'form4_rows': 0, 'income': 643, 'balance': 503, 'cashflow': 414, 'errors': 0}
2026-08-12 17:29:43,128 INFO    findata.database.edgar_ | NTLA processed: {'text_filings': 0, 'sections': 0, 'form4_rows': 0, 'income': 340, 'balance': 349, 'cashflow': 240, 'errors': 0}
2026-08-12 17:29:43,128 INFO    findata.database.edgar_ | EDGAR run done: {'text_filings': 0, 'sections': 0, 'form4_rows': 0, 'income': 2598, 'balance': 2089, 'cashflow': 1330, 'errors': 0}
2026-08-12 17:30:03,738 INFO    findata.configs | Logging configured -> /Users/connorott/PycharmProjects/findata/logs/init_edgar.log
2026-08-12 17:30:35,460 INFO    findata.configs | Logging configured -> /Users/connorott/PycharmProjects/findata/logs/init_edgar.log
2026-08-12 17:31:09,372 INFO    findata.database.edgar_ | EDGAR run: 790 ticker(s), forms=(), extra_sections=False
2026-08-12 17:31:12,887 INFO    findata.database.edgar_ | BABA processed: {'text_filings': 0, 'sections': 0, 'form4_rows': 0, 'income': 142, 'balance': 133, 'cashflow': 79, 'errors': 0}
2026-08-12 17:31:13,195 INFO    findata.database.edgar_ | ENPH processed: {'text_filings': 0, 'sections': 0, 'form4_rows': 0, 'income': 750, 'balance': 706, 'cashflow': 333, 'errors': 0}
2026-08-12 17:31:13,386 INFO    findata.database.edgar_ | DBVT processed: {'text_filings': 0, 'sections': 0, 'form4_rows': 0, 'income': 277, 'balance': 230, 'cashflow': 114, 'errors': 0}
2026-08-12 17:31:13,691 INFO    findata.database.edgar_ | NRC processed: {'text_filings': 0, 'sections': 0, 'form4_rows': 0, 'income': 643, 'balance': 605, 'cashflow': 386, 'errors': 0}
2026-08-12 17:31:13,993 INFO    findata.database.edgar_ | NNN processed: {'text_filings': 0, 'sections': 0, 'form4_rows': 0, 'income': 740, 'balance': 398, 'cashflow': 361, 'errors': 0}
2026-08-12 17:31:17,265 INFO    findata.database.edgar_ | INSM processed: {'text_filings': 0, 'sections': 0, 'form4_rows': 0, 'income': 769, 'balance': 661, 'cashflow': 330, 'errors': 0}
2026-08-12 17:31:17,606 INFO    findata.database.edgar_ | EQT processed: {'text_filings': 0, 'sections': 0, 'form4_rows': 0, 'income': 865, 'balance': 637, 'cashflow': 538, 'errors': 0}
2026-08-12 17:31:17,893 INFO    findata.database.edgar_ | AAP processed: {'text_filings': 0, 'sections': 0, 'form4_rows': 0, 'income': 562, 'balance': 697, 'cashflow': 488, 'errors': 0}
2026-08-12 17:31:18,218 INFO    findata.database.edgar_ | SNAP processed: {'text_filings': 0, 'sections': 0, 'form4_rows': 0, 'income': 581, 'balance': 362, 'cashflow': 336, 'errors': 0}
2026-08-12 17:31:18,535 INFO    findata.database.edgar_ | CBZ processed: {'text_filings': 0, 'sections': 0, 'form4_rows': 0, 'income': 865, 'balance': 629, 'cashflow': 422, 'errors': 0}
2026-08-12 17:31:21,280 INFO    findata.database.edgar_ | PKE processed: {'text_filings': 0, 'sections': 0, 'form4_rows': 0, 'income': 692, 'balance': 610, 'cashflow': 426, 'errors': 0}
2026-08-12 17:31:21,379 INFO    findata.database.edgar_ | BNS processed: {'text_filings': 0, 'sections': 0, 'form4_rows': 0, 'income': 74, 'balance': 80, 'cashflow': 0, 'errors': 0}
2026-08-12 17:31:21,662 INFO    findata.database.edgar_ | ACMR processed: {'text_filings': 0, 'sections': 0, 'form4_rows': 0, 'income': 594, 'balance': 351, 'cashflow': 239, 'errors': 0}
2026-08-12 17:31:22,015 INFO    findata.database.edgar_ | MSM processed: {'text_filings': 0, 'sections': 0, 'form4_rows': 0, 'income': 962, 'balance': 647, 'cashflow': 410, 'errors': 0}
2026-08-12 17:31:22,087 INFO    findata.database.edgar_ | SU processed: {'text_filings': 0, 'sections': 0, 'form4_rows': 0, 'income': 18, 'balance': 19, 'cashflow': 0, 'errors': 0}
2026-08-12 17:31:25,565 INFO    findata.database.edgar_ | CL processed: {'text_filings': 0, 'sections': 0, 'form4_rows': 0, 'income': 911, 'balance': 777, 'cashflow': 449, 'errors': 0}
2026-08-12 17:31:25,908 INFO    findata.database.edgar_ | ATRC processed: {'text_filings': 0, 'sections': 0, 'form4_rows': 0, 'income': 820, 'balance': 760, 'cashflow': 330, 'errors': 0}
2026-08-12 17:31:26,302 INFO    findata.database.edgar_ | CECO processed: {'text_filings': 0, 'sections': 0, 'form4_rows': 0, 'income': 834, 'balance': 701, 'cashflow': 414, 'errors': 0}
2026-08-12 17:31:26,638 INFO    findata.database.edgar_ | DKS processed: {'text_filings': 0, 'sections': 0, 'form4_rows': 0, 'income': 902, 'balance': 603, 'cashflow': 429, 'errors': 0}
2026-08-12 17:31:26,931 INFO    findata.database.edgar_ | CUZ processed: {'text_filings': 0, 'sections': 0, 'form4_rows': 0, 'income': 659, 'balance': 466, 'cashflow': 380, 'errors': 0}
2026-08-12 17:31:29,680 INFO    findata.database.edgar_ | ALNT processed: {'text_filings': 0, 'sections': 0, 'form4_rows': 0, 'income': 921, 'balance': 705, 'cashflow': 407, 'errors': 0}
2026-08-12 17:31:30,038 INFO    findata.database.edgar_ | MAR processed: {'text_filings': 0, 'sections': 0, 'form4_rows': 0, 'income': 880, 'balance': 690, 'cashflow': 476, 'errors': 0}
2026-08-12 17:31:30,124 INFO    findata.database.edgar_ | SKM processed: {'text_filings': 0, 'sections': 0, 'form4_rows': 0, 'income': 24, 'balance': 39, 'cashflow': 0, 'errors': 0}
2026-08-12 17:31:30,318 INFO    findata.database.edgar_ | TSLX processed: {'text_filings': 0, 'sections': 0, 'form4_rows': 0, 'income': 138, 'balance': 125, 'cashflow': 68, 'errors': 0}
2026-08-12 17:31:30,649 INFO    findata.database.edgar_ | KN processed: {'text_filings': 0, 'sections': 0, 'form4_rows': 0, 'income': 750, 'balance': 529, 'cashflow': 304, 'errors': 0}
2026-08-12 17:31:31,107 ERROR   findata.database.edgar_ | TOWN: Company() failed: Company not found: 'TOWN'
  Similar: 'TSQ' (Townsquare Media, Inc.)
  Tip: Search by name with find_company("...") or pass a CIK directly.
2026-08-12 17:31:33,189 ERROR   findata.database.edgar_ | TOWN: nothing fetched, skipping processing
2026-08-12 17:31:33,491 INFO    findata.database.edgar_ | AROC processed: {'text_filings': 0, 'sections': 0, 'form4_rows': 0, 'income': 676, 'balance': 647, 'cashflow': 537, 'errors': 0}
2026-08-12 17:31:33,869 INFO    findata.database.edgar_ | MKSI processed: {'text_filings': 0, 'sections': 0, 'form4_rows': 0, 'income': 978, 'balance': 794, 'cashflow': 452, 'errors': 0}
2026-08-12 17:31:34,014 INFO    findata.database.edgar_ | NVO processed: {'text_filings': 0, 'sections': 0, 'form4_rows': 0, 'income': 36, 'balance': 23, 'cashflow': 0, 'errors': 0}
2026-08-12 17:31:34,316 INFO    findata.database.edgar_ | WSM processed: {'text_filings': 0, 'sections': 0, 'form4_rows': 0, 'income': 696, 'balance': 736, 'cashflow': 582, 'errors': 0}
2026-08-12 17:31:37,943 INFO    findata.database.edgar_ | UA processed: {'text_filings': 0, 'sections': 0, 'form4_rows': 0, 'income': 809, 'balance': 687, 'cashflow': 356, 'errors': 0}
2026-08-12 17:31:38,230 INFO    findata.database.edgar_ | GNL processed: {'text_filings': 0, 'sections': 0, 'form4_rows': 0, 'income': 598, 'balance': 359, 'cashflow': 363, 'errors': 0}
2026-08-12 17:31:38,620 INFO    findata.database.edgar_ | MSI processed: {'text_filings': 0, 'sections': 0, 'form4_rows': 0, 'income': 1048, 'balance': 773, 'cashflow': 586, 'errors': 0}
2026-08-12 17:31:38,849 INFO    findata.database.edgar_ | AER processed: {'text_filings': 0, 'sections': 0, 'form4_rows': 0, 'income': 214, 'balance': 179, 'cashflow': 109, 'errors': 0}
2026-08-12 17:31:39,190 INFO    findata.database.edgar_ | RCKY processed: {'text_filings': 0, 'sections': 0, 'form4_rows': 0, 'income': 823, 'balance': 691, 'cashflow': 439, 'errors': 0}
2026-08-12 17:31:42,423 INFO    findata.database.edgar_ | WEN processed: {'text_filings': 0, 'sections': 0, 'form4_rows': 0, 'income': 839, 'balance': 740, 'cashflow': 510, 'errors': 0}
2026-08-12 17:31:42,511 INFO    findata.database.edgar_ | SMFG processed: {'text_filings': 0, 'sections': 0, 'form4_rows': 0, 'income': 23, 'balance': 53, 'cashflow': 0, 'errors': 0}
2026-08-12 17:31:42,833 INFO    findata.database.edgar_ | UFPT processed: {'text_filings': 0, 'sections': 0, 'form4_rows': 0, 'income': 798, 'balance': 730, 'cashflow': 341, 'errors': 0}
2026-08-12 17:31:43,096 INFO    findata.database.edgar_ | WSBC processed: {'text_filings': 0, 'sections': 0, 'form4_rows': 0, 'income': 554, 'balance': 400, 'cashflow': 342, 'errors': 0}
2026-08-12 17:31:43,172 INFO    findata.database.edgar_ | SBS processed: {'text_filings': 0, 'sections': 0, 'form4_rows': 0, 'income': 18, 'balance': 29, 'cashflow': 0, 'errors': 0}
2026-08-12 17:31:46,925 INFO    findata.database.edgar_ | PGEN processed: {'text_filings': 0, 'sections': 0, 'form4_rows': 0, 'income': 500, 'balance': 633, 'cashflow': 320, 'errors': 0}
2026-08-12 17:31:47,286 INFO    findata.database.edgar_ | WBD processed: {'text_filings': 0, 'sections': 0, 'form4_rows': 0, 'income': 788, 'balance': 675, 'cashflow': 398, 'errors': 0}
2026-08-12 17:31:47,677 INFO    findata.database.edgar_ | APH processed: {'text_filings': 0, 'sections': 0, 'form4_rows': 0, 'income': 976, 'balance': 809, 'cashflow': 549, 'errors': 0}
2026-08-12 17:31:47,953 INFO    findata.database.edgar_ | FIVN processed: {'text_filings': 0, 'sections': 0, 'form4_rows': 0, 'income': 738, 'balance': 507, 'cashflow': 322, 'errors': 0}
2026-08-12 17:31:48,335 INFO    findata.database.edgar_ | CALY processed: {'text_filings': 0, 'sections': 0, 'form4_rows': 0, 'income': 902, 'balance': 575, 'cashflow': 444, 'errors': 0}
2026-08-12 17:31:51,716 INFO    findata.database.edgar_ | UHAL processed: {'text_filings': 0, 'sections': 0, 'form4_rows': 0, 'income': 467, 'balance': 389, 'cashflow': 373, 'errors': 0}
2026-08-12 17:31:52,054 INFO    findata.database.edgar_ | KFRC processed: {'text_filings': 0, 'sections': 0, 'form4_rows': 0, 'income': 804, 'balance': 516, 'cashflow': 443, 'errors': 0}
2026-08-12 17:31:52,137 INFO    findata.database.edgar_ | EXK processed: {'text_filings': 0, 'sections': 0, 'form4_rows': 0, 'income': 18, 'balance': 30, 'cashflow': 0, 'errors': 0}
2026-08-12 17:31:52,403 INFO    findata.database.edgar_ | NODK processed: {'text_filings': 0, 'sections': 0, 'form4_rows': 0, 'income': 441, 'balance': 313, 'cashflow': 241, 'errors': 0}
2026-08-12 17:31:53,314 INFO    findata.database.edgar_ | NPO processed: {'text_filings': 0, 'sections': 0, 'form4_rows': 0, 'income': 909, 'balance': 695, 'cashflow': 427, 'errors': 0}
2026-08-12 17:31:56,787 INFO    findata.database.edgar_ | PUK processed: {'text_filings': 0, 'sections': 0, 'form4_rows': 0, 'income': 9, 'balance': 55, 'cashflow': 0, 'errors': 0}
2026-08-12 17:31:57,008 INFO    findata.database.edgar_ | BRSL processed: {'text_filings': 0, 'sections': 0, 'form4_rows': 0, 'income': 122, 'balance': 162, 'cashflow': 88, 'errors': 0}
2026-08-12 17:31:57,430 INFO    findata.database.edgar_ | TDC processed: {'text_filings': 0, 'sections': 0, 'form4_rows': 0, 'income': 1048, 'balance': 722, 'cashflow': 368, 'errors': 0}
2026-08-12 17:31:57,793 INFO    findata.database.edgar_ | PRLB processed: {'text_filings': 0, 'sections': 0, 'form4_rows': 0, 'income': 859, 'balance': 672, 'cashflow': 361, 'errors': 0}
2026-08-12 17:31:58,227 INFO    findata.database.edgar_ | NOVT processed: {'text_filings': 0, 'sections': 0, 'form4_rows': 0, 'income': 921, 'balance': 751, 'cashflow': 387, 'errors': 0}
2026-08-12 17:32:01,960 INFO    findata.database.edgar_ | AIG processed: {'text_filings': 0, 'sections': 0, 'form4_rows': 0, 'income': 712, 'balance': 464, 'cashflow': 470, 'errors': 0}
2026-08-12 17:32:02,271 INFO    findata.database.edgar_ | FRPT processed: {'text_filings': 0, 'sections': 0, 'form4_rows': 0, 'income': 669, 'balance': 505, 'cashflow': 287, 'errors': 0}
2026-08-12 17:32:02,369 INFO    findata.database.edgar_ | CCEP processed: {'text_filings': 0, 'sections': 0, 'form4_rows': 0, 'income': 15, 'balance': 66, 'cashflow': 0, 'errors': 0}
2026-08-12 17:32:02,648 INFO    findata.database.edgar_ | PAGP processed: {'text_filings': 0, 'sections': 0, 'form4_rows': 0, 'income': 516, 'balance': 510, 'cashflow': 300, 'errors': 0}
2026-08-12 17:32:03,023 INFO    findata.database.edgar_ | AES processed: {'text_filings': 0, 'sections': 0, 'form4_rows': 0, 'income': 747, 'balance': 781, 'cashflow': 461, 'errors': 0}
2026-08-12 17:32:07,007 INFO    findata.database.edgar_ | OKTA processed: {'text_filings': 0, 'sections': 0, 'form4_rows': 0, 'income': 534, 'balance': 311, 'cashflow': 184, 'errors': 0}
2026-08-12 17:32:07,340 INFO    findata.database.edgar_ | HRB processed: {'text_filings': 0, 'sections': 0, 'form4_rows': 0, 'income': 743, 'balance': 702, 'cashflow': 470, 'errors': 0}
2026-08-12 17:32:07,644 INFO    findata.database.edgar_ | RLJ processed: {'text_filings': 0, 'sections': 0, 'form4_rows': 0, 'income': 752, 'balance': 429, 'cashflow': 427, 'errors': 0}
2026-08-12 17:32:07,982 INFO    findata.database.edgar_ | VLY processed: {'text_filings': 0, 'sections': 0, 'form4_rows': 0, 'income': 609, 'balance': 507, 'cashflow': 482, 'errors': 0}
2026-08-12 17:32:08,357 INFO    findata.database.edgar_ | BEN processed: {'text_filings': 0, 'sections': 0, 'form4_rows': 0, 'income': 878, 'balance': 610, 'cashflow': 485, 'errors': 0}
2026-08-12 17:32:11,277 INFO    findata.database.edgar_ | LXP processed: {'text_filings': 0, 'sections': 0, 'form4_rows': 0, 'income': 598, 'balance': 388, 'cashflow': 331, 'errors': 0}
2026-08-12 17:32:11,504 INFO    findata.database.edgar_ | UUUU processed: {'text_filings': 0, 'sections': 0, 'form4_rows': 0, 'income': 376, 'balance': 421, 'cashflow': 226, 'errors': 0}
2026-08-12 17:32:11,677 INFO    findata.database.edgar_ | HTT processed: {'text_filings': 0, 'sections': 0, 'form4_rows': 0, 'income': 78, 'balance': 110, 'cashflow': 63, 'errors': 0}
2026-08-12 17:32:11,999 INFO    findata.database.edgar_ | UAN processed: {'text_filings': 0, 'sections': 0, 'form4_rows': 0, 'income': 656, 'balance': 567, 'cashflow': 392, 'errors': 0}
2026-08-12 17:32:12,368 INFO    findata.database.edgar_ | FELE processed: {'text_filings': 0, 'sections': 0, 'form4_rows': 0, 'income': 906, 'balance': 715, 'cashflow': 487, 'errors': 0}
2026-08-12 17:32:15,622 INFO    findata.database.edgar_ | EEX processed: {'text_filings': 0, 'sections': 0, 'form4_rows': 0, 'income': 437, 'balance': 356, 'cashflow': 306, 'errors': 0}
2026-08-12 17:32:15,935 INFO    findata.database.edgar_ | STBA processed: {'text_filings': 0, 'sections': 0, 'form4_rows': 0, 'income': 531, 'balance': 525, 'cashflow': 446, 'errors': 0}
2026-08-12 17:32:16,298 INFO    findata.database.edgar_ | PLAB processed: {'text_filings': 0, 'sections': 0, 'form4_rows': 0, 'income': 913, 'balance': 698, 'cashflow': 362, 'errors': 0}
2026-08-12 17:32:16,372 INFO    findata.database.edgar_ | TGB processed: {'text_filings': 0, 'sections': 0, 'form4_rows': 0, 'income': 18, 'balance': 39, 'cashflow': 0, 'errors': 0}
2026-08-12 17:32:16,716 INFO    findata.database.edgar_ | ATRO processed: {'text_filings': 0, 'sections': 0, 'form4_rows': 0, 'income': 856, 'balance': 637, 'cashflow': 368, 'errors': 0}
2026-08-12 17:32:20,144 INFO    findata.database.edgar_ | ADSK processed: {'text_filings': 0, 'sections': 0, 'form4_rows': 0, 'income': 1077, 'balance': 635, 'cashflow': 389, 'errors': 0}
2026-08-12 17:32:20,452 INFO    findata.database.edgar_ | DBI processed: {'text_filings': 0, 'sections': 0, 'form4_rows': 0, 'income': 747, 'balance': 591, 'cashflow': 430, 'errors': 0}
2026-08-12 17:32:20,712 INFO    findata.database.edgar_ | TDAY processed: {'text_filings': 0, 'sections': 0, 'form4_rows': 0, 'income': 558, 'balance': 626, 'cashflow': 338, 'errors': 0}
2026-08-12 17:32:20,844 INFO    findata.database.edgar_ | FUN processed: {'text_filings': 0, 'sections': 0, 'form4_rows': 0, 'income': 106, 'balance': 154, 'cashflow': 64, 'errors': 0}
2026-08-12 17:32:21,109 INFO    findata.database.edgar_ | XHR processed: {'text_filings': 0, 'sections': 0, 'form4_rows': 0, 'income': 583, 'balance': 357, 'cashflow': 306, 'errors': 0}
2026-08-12 17:32:24,163 INFO    findata.database.edgar_ | JHX processed: {'text_filings': 0, 'sections': 0, 'form4_rows': 0, 'income': 213, 'balance': 184, 'cashflow': 131, 'errors': 0}
2026-08-12 17:32:24,408 INFO    findata.database.edgar_ | WLKP processed: {'text_filings': 0, 'sections': 0, 'form4_rows': 0, 'income': 406, 'balance': 380, 'cashflow': 280, 'errors': 0}
2026-08-12 17:32:24,644 INFO    findata.database.edgar_ | LAND processed: {'text_filings': 0, 'sections': 0, 'form4_rows': 0, 'income': 361, 'balance': 401, 'cashflow': 317, 'errors': 0}
2026-08-12 17:32:25,006 INFO    findata.database.edgar_ | SMCI processed: {'text_filings': 0, 'sections': 0, 'form4_rows': 0, 'income': 920, 'balance': 573, 'cashflow': 346, 'errors': 0}
2026-08-12 17:32:25,380 INFO    findata.database.edgar_ | SBUX processed: {'text_filings': 0, 'sections': 0, 'form4_rows': 0, 'income': 936, 'balance': 870, 'cashflow': 513, 'errors': 0}
2026-08-12 17:32:28,446 INFO    findata.database.edgar_ | AA processed: {'text_filings': 0, 'sections': 0, 'form4_rows': 0, 'income': 468, 'balance': 449, 'cashflow': 276, 'errors': 0}
2026-08-12 17:32:28,743 INFO    findata.database.edgar_ | CNK processed: {'text_filings': 0, 'sections': 0, 'form4_rows': 0, 'income': 716, 'balance': 609, 'cashflow': 393, 'errors': 0}
2026-08-12 17:32:28,962 INFO    findata.database.edgar_ | BHF processed: {'text_filings': 0, 'sections': 0, 'form4_rows': 0, 'income': 418, 'balance': 307, 'cashflow': 166, 'errors': 0}
2026-08-12 17:32:29,262 INFO    findata.database.edgar_ | ONIT processed: {'text_filings': 0, 'sections': 0, 'form4_rows': 0, 'income': 731, 'balance': 383, 'cashflow': 407, 'errors': 0}
2026-08-12 17:32:29,352 INFO    findata.database.edgar_ | CCJ processed: {'text_filings': 0, 'sections': 0, 'form4_rows': 0, 'income': 36, 'balance': 19, 'cashflow': 0, 'errors': 0}
2026-08-12 17:32:32,882 INFO    findata.database.edgar_ | CAMT processed: {'text_filings': 0, 'sections': 0, 'form4_rows': 0, 'income': 264, 'balance': 283, 'cashflow': 173, 'errors': 0}
2026-08-12 17:32:32,988 INFO    findata.database.edgar_ | SLRC processed: {'text_filings': 0, 'sections': 0, 'form4_rows': 0, 'income': 102, 'balance': 118, 'cashflow': 59, 'errors': 0}
2026-08-12 17:32:33,273 INFO    findata.database.edgar_ | ADC processed: {'text_filings': 0, 'sections': 0, 'form4_rows': 0, 'income': 694, 'balance': 412, 'cashflow': 402, 'errors': 0}
2026-08-12 17:32:33,476 INFO    findata.database.edgar_ | XRX processed: {'text_filings': 0, 'sections': 0, 'form4_rows': 0, 'income': 294, 'balance': 355, 'cashflow': 287, 'errors': 0}
2026-08-12 17:32:33,771 INFO    findata.database.edgar_ | WPC processed: {'text_filings': 0, 'sections': 0, 'form4_rows': 0, 'income': 671, 'balance': 514, 'cashflow': 381, 'errors': 0}
2026-08-12 17:32:37,287 INFO    findata.database.edgar_ | RIOT processed: {'text_filings': 0, 'sections': 0, 'form4_rows': 0, 'income': 555, 'balance': 598, 'cashflow': 372, 'errors': 0}
2026-08-12 17:32:37,607 INFO    findata.database.edgar_ | ANF processed: {'text_filings': 0, 'sections': 0, 'form4_rows': 0, 'income': 797, 'balance': 634, 'cashflow': 403, 'errors': 0}
2026-08-12 17:32:37,909 INFO    findata.database.edgar_ | MZTI processed: {'text_filings': 0, 'sections': 0, 'form4_rows': 0, 'income': 761, 'balance': 585, 'cashflow': 480, 'errors': 0}
2026-08-12 17:32:38,195 INFO    findata.database.edgar_ | KHC processed: {'text_filings': 0, 'sections': 0, 'form4_rows': 0, 'income': 590, 'balance': 592, 'cashflow': 335, 'errors': 0}
2026-08-12 17:32:38,479 INFO    findata.database.edgar_ | TRMK processed: {'text_filings': 0, 'sections': 0, 'form4_rows': 0, 'income': 584, 'balance': 479, 'cashflow': 505, 'errors': 0}
2026-08-12 17:32:41,544 INFO    findata.database.edgar_ | APPN processed: {'text_filings': 0, 'sections': 0, 'form4_rows': 0, 'income': 520, 'balance': 335, 'cashflow': 236, 'errors': 0}
2026-08-12 17:32:41,808 INFO    findata.database.edgar_ | WRB processed: {'text_filings': 0, 'sections': 0, 'form4_rows': 0, 'income': 610, 'balance': 465, 'cashflow': 422, 'errors': 0}
2026-08-12 17:32:42,016 INFO    findata.database.edgar_ | RYTM processed: {'text_filings': 0, 'sections': 0, 'form4_rows': 0, 'income': 350, 'balance': 359, 'cashflow': 174, 'errors': 0}
2026-08-12 17:32:42,129 INFO    findata.database.edgar_ | OCSL processed: {'text_filings': 0, 'sections': 0, 'form4_rows': 0, 'income': 97, 'balance': 129, 'cashflow': 78, 'errors': 0}
2026-08-12 17:32:42,405 INFO    findata.database.edgar_ | AMC processed: {'text_filings': 0, 'sections': 0, 'form4_rows': 0, 'income': 639, 'balance': 481, 'cashflow': 384, 'errors': 0}
2026-08-12 17:32:43,197 WARNING edgar.core | No company facts found on url https://data.sec.gov/api/xbrl/companyfacts/CIK0000710752.json
2026-08-12 17:32:43,723 WARNING edgar.core | No company facts found on url https://data.sec.gov/api/xbrl/companyfacts/CIK0001492165.json
2026-08-12 17:32:44,190 INFO    findata.database.edgar_ | ERIC processed: {'text_filings': 0, 'sections': 0, 'form4_rows': 0, 'income': 27, 'balance': 22, 'cashflow': 0, 'errors': 0}
2026-08-12 17:32:44,192 INFO    findata.database.edgar_ | SBR processed: {'text_filings': 0, 'sections': 0, 'form4_rows': 0, 'income': 0, 'balance': 0, 'cashflow': 0, 'errors': 0}
2026-08-12 17:32:44,549 INFO    findata.database.edgar_ | BKD processed: {'text_filings': 0, 'sections': 0, 'form4_rows': 0, 'income': 648, 'balance': 769, 'cashflow': 383, 'errors': 0}
2026-08-12 17:32:44,611 INFO    findata.database.edgar_ | DNN processed: {'text_filings': 0, 'sections': 0, 'form4_rows': 0, 'income': 8, 'balance': 27, 'cashflow': 0, 'errors': 0}
2026-08-12 17:32:44,613 INFO    findata.database.edgar_ | PFBC processed: {'text_filings': 0, 'sections': 0, 'form4_rows': 0, 'income': 0, 'balance': 0, 'cashflow': 0, 'errors': 0}
2026-08-12 17:32:48,427 INFO    findata.database.edgar_ | HWC processed: {'text_filings': 0, 'sections': 0, 'form4_rows': 0, 'income': 586, 'balance': 567, 'cashflow': 441, 'errors': 0}
2026-08-12 17:32:48,829 INFO    findata.database.edgar_ | BXC processed: {'text_filings': 0, 'sections': 0, 'form4_rows': 0, 'income': 862, 'balance': 688, 'cashflow': 401, 'errors': 0}
2026-08-12 17:32:49,155 INFO    findata.database.edgar_ | BCC processed: {'text_filings': 0, 'sections': 0, 'form4_rows': 0, 'income': 701, 'balance': 521, 'cashflow': 433, 'errors': 0}
2026-08-12 17:32:49,452 INFO    findata.database.edgar_ | PRKS processed: {'text_filings': 0, 'sections': 0, 'form4_rows': 0, 'income': 704, 'balance': 615, 'cashflow': 316, 'errors': 0}
2026-08-12 17:32:49,884 INFO    findata.database.edgar_ | MLKN processed: {'text_filings': 0, 'sections': 0, 'form4_rows': 0, 'income': 1045, 'balance': 773, 'cashflow': 502, 'errors': 0}
2026-08-12 17:32:53,349 INFO    findata.database.edgar_ | DRH processed: {'text_filings': 0, 'sections': 0, 'form4_rows': 0, 'income': 738, 'balance': 452, 'cashflow': 397, 'errors': 0}
2026-08-12 17:32:53,696 INFO    findata.database.edgar_ | MAN processed: {'text_filings': 0, 'sections': 0, 'form4_rows': 0, 'income': 883, 'balance': 704, 'cashflow': 465, 'errors': 0}
2026-08-12 17:32:53,814 INFO    findata.database.edgar_ | PSKY processed: {'text_filings': 0, 'sections': 0, 'form4_rows': 0, 'income': 69, 'balance': 63, 'cashflow': 54, 'errors': 0}
2026-08-12 17:32:54,149 INFO    findata.database.edgar_ | PCG processed: {'text_filings': 0, 'sections': 0, 'form4_rows': 0, 'income': 786, 'balance': 757, 'cashflow': 358, 'errors': 0}
2026-08-12 17:32:54,436 INFO    findata.database.edgar_ | CVBF processed: {'text_filings': 0, 'sections': 0, 'form4_rows': 0, 'income': 572, 'balance': 465, 'cashflow': 444, 'errors': 0}
2026-08-12 17:32:58,230 INFO    findata.database.edgar_ | NRIM processed: {'text_filings': 0, 'sections': 0, 'form4_rows': 0, 'income': 578, 'balance': 456, 'cashflow': 376, 'errors': 0}
2026-08-12 17:32:58,554 INFO    findata.database.edgar_ | CRMD processed: {'text_filings': 0, 'sections': 0, 'form4_rows': 0, 'income': 675, 'balance': 592, 'cashflow': 319, 'errors': 0}
2026-08-12 17:32:58,875 INFO    findata.database.edgar_ | ETD processed: {'text_filings': 0, 'sections': 0, 'form4_rows': 0, 'income': 768, 'balance': 660, 'cashflow': 466, 'errors': 0}
2026-08-12 17:32:59,306 INFO    findata.database.edgar_ | PRGS processed: {'text_filings': 0, 'sections': 0, 'form4_rows': 0, 'income': 909, 'balance': 690, 'cashflow': 457, 'errors': 0}
2026-08-12 17:32:59,588 INFO    findata.database.edgar_ | SLG processed: {'text_filings': 0, 'sections': 0, 'form4_rows': 0, 'income': 667, 'balance': 429, 'cashflow': 437, 'errors': 0}
2026-08-12 17:33:03,502 INFO    findata.database.edgar_ | BHC processed: {'text_filings': 0, 'sections': 0, 'form4_rows': 0, 'income': 822, 'balance': 801, 'cashflow': 418, 'errors': 0}
2026-08-12 17:33:03,770 INFO    findata.database.edgar_ | DCOM processed: {'text_filings': 0, 'sections': 0, 'form4_rows': 0, 'income': 577, 'balance': 442, 'cashflow': 380, 'errors': 0}
2026-08-12 17:33:04,027 INFO    findata.database.edgar_ | TBPH processed: {'text_filings': 0, 'sections': 0, 'form4_rows': 0, 'income': 596, 'balance': 395, 'cashflow': 260, 'errors': 0}
2026-08-12 17:33:04,274 INFO    findata.database.edgar_ | ALLT processed: {'text_filings': 0, 'sections': 0, 'form4_rows': 0, 'income': 231, 'balance': 227, 'cashflow': 156, 'errors': 0}
2026-08-12 17:33:04,554 INFO    findata.database.edgar_ | OFG processed: {'text_filings': 0, 'sections': 0, 'form4_rows': 0, 'income': 488, 'balance': 445, 'cashflow': 433, 'errors': 0}
2026-08-12 17:33:07,594 INFO    findata.database.edgar_ | SVM processed: {'text_filings': 0, 'sections': 0, 'form4_rows': 0, 'income': 19, 'balance': 27, 'cashflow': 0, 'errors': 0}
2026-08-12 17:33:07,855 INFO    findata.database.edgar_ | SMPL processed: {'text_filings': 0, 'sections': 0, 'form4_rows': 0, 'income': 550, 'balance': 431, 'cashflow': 215, 'errors': 0}
2026-08-12 17:33:08,197 INFO    findata.database.edgar_ | PDFS processed: {'text_filings': 0, 'sections': 0, 'form4_rows': 0, 'income': 794, 'balance': 614, 'cashflow': 379, 'errors': 0}
2026-08-12 17:33:08,513 INFO    findata.database.edgar_ | PEB processed: {'text_filings': 0, 'sections': 0, 'form4_rows': 0, 'income': 756, 'balance': 434, 'cashflow': 370, 'errors': 0}
2026-08-12 17:33:08,930 INFO    findata.database.edgar_ | OTEX processed: {'text_filings': 0, 'sections': 0, 'form4_rows': 0, 'income': 971, 'balance': 784, 'cashflow': 494, 'errors': 0}
2026-08-12 17:33:12,084 INFO    findata.database.edgar_ | UNIT processed: {'text_filings': 0, 'sections': 0, 'form4_rows': 0, 'income': 45, 'balance': 70, 'cashflow': 35, 'errors': 0}
2026-08-12 17:33:12,417 INFO    findata.database.edgar_ | OPCH processed: {'text_filings': 0, 'sections': 0, 'form4_rows': 0, 'income': 786, 'balance': 872, 'cashflow': 378, 'errors': 0}
2026-08-12 17:33:12,632 INFO    findata.database.edgar_ | NOAH processed: {'text_filings': 0, 'sections': 0, 'form4_rows': 0, 'income': 151, 'balance': 129, 'cashflow': 99, 'errors': 0}
2026-08-12 17:33:12,926 INFO    findata.database.edgar_ | HMN processed: {'text_filings': 0, 'sections': 0, 'form4_rows': 0, 'income': 714, 'balance': 432, 'cashflow': 305, 'errors': 0}
2026-08-12 17:33:13,260 INFO    findata.database.edgar_ | ECL processed: {'text_filings': 0, 'sections': 0, 'form4_rows': 0, 'income': 923, 'balance': 791, 'cashflow': 516, 'errors': 0}
2026-08-12 17:33:17,079 INFO    findata.database.edgar_ | GVA processed: {'text_filings': 0, 'sections': 0, 'form4_rows': 0, 'income': 903, 'balance': 805, 'cashflow': 490, 'errors': 0}
2026-08-12 17:33:17,432 INFO    findata.database.edgar_ | R processed: {'text_filings': 0, 'sections': 0, 'form4_rows': 0, 'income': 672, 'balance': 738, 'cashflow': 514, 'errors': 0}
2026-08-12 17:33:17,777 INFO    findata.database.edgar_ | PRK processed: {'text_filings': 0, 'sections': 0, 'form4_rows': 0, 'income': 607, 'balance': 518, 'cashflow': 411, 'errors': 0}
2026-08-12 17:33:17,854 INFO    findata.database.edgar_ | AGI processed: {'text_filings': 0, 'sections': 0, 'form4_rows': 0, 'income': 11, 'balance': 25, 'cashflow': 0, 'errors': 0}
2026-08-12 17:33:18,060 INFO    findata.database.edgar_ | BY processed: {'text_filings': 0, 'sections': 0, 'form4_rows': 0, 'income': 340, 'balance': 293, 'cashflow': 264, 'errors': 0}
2026-08-12 17:33:21,418 INFO    findata.database.edgar_ | KEP processed: {'text_filings': 0, 'sections': 0, 'form4_rows': 0, 'income': 33, 'balance': 38, 'cashflow': 6, 'errors': 0}
2026-08-12 17:33:21,713 INFO    findata.database.edgar_ | EPR processed: {'text_filings': 0, 'sections': 0, 'form4_rows': 0, 'income': 706, 'balance': 419, 'cashflow': 500, 'errors': 0}
2026-08-12 17:33:22,074 INFO    findata.database.edgar_ | SMTC processed: {'text_filings': 0, 'sections': 0, 'form4_rows': 0, 'income': 988, 'balance': 698, 'cashflow': 397, 'errors': 0}
2026-08-12 17:33:22,342 INFO    findata.database.edgar_ | JOYY processed: {'text_filings': 0, 'sections': 0, 'form4_rows': 0, 'income': 186, 'balance': 168, 'cashflow': 99, 'errors': 0}
2026-08-12 17:33:22,726 INFO    findata.database.edgar_ | JLL processed: {'text_filings': 0, 'sections': 0, 'form4_rows': 0, 'income': 790, 'balance': 675, 'cashflow': 328, 'errors': 0}
2026-08-12 17:33:26,482 INFO    findata.database.edgar_ | LITE processed: {'text_filings': 0, 'sections': 0, 'form4_rows': 0, 'income': 629, 'balance': 535, 'cashflow': 291, 'errors': 0}
2026-08-12 17:33:26,588 INFO    findata.database.edgar_ | BMO processed: {'text_filings': 0, 'sections': 0, 'form4_rows': 0, 'income': 74, 'balance': 93, 'cashflow': 0, 'errors': 0}
2026-08-12 17:33:27,008 INFO    findata.database.edgar_ | EXTR processed: {'text_filings': 0, 'sections': 0, 'form4_rows': 0, 'income': 933, 'balance': 644, 'cashflow': 356, 'errors': 0}
2026-08-12 17:33:27,288 INFO    findata.database.edgar_ | IRT processed: {'text_filings': 0, 'sections': 0, 'form4_rows': 0, 'income': 661, 'balance': 423, 'cashflow': 393, 'errors': 0}
2026-08-12 17:33:27,472 INFO    findata.database.edgar_ | ZYME processed: {'text_filings': 0, 'sections': 0, 'form4_rows': 0, 'income': 192, 'balance': 172, 'cashflow': 115, 'errors': 0}
2026-08-12 17:33:30,890 INFO    findata.database.edgar_ | LBRDA processed: {'text_filings': 0, 'sections': 0, 'form4_rows': 0, 'income': 613, 'balance': 414, 'cashflow': 297, 'errors': 0}
2026-08-12 17:33:31,249 INFO    findata.database.edgar_ | PAG processed: {'text_filings': 0, 'sections': 0, 'form4_rows': 0, 'income': 836, 'balance': 795, 'cashflow': 500, 'errors': 0}
2026-08-12 17:33:31,577 INFO    findata.database.edgar_ | FMS processed: {'text_filings': 0, 'sections': 0, 'form4_rows': 0, 'income': 537, 'balance': 480, 'cashflow': 211, 'errors': 0}
2026-08-12 17:33:31,843 INFO    findata.database.edgar_ | COLB processed: {'text_filings': 0, 'sections': 0, 'form4_rows': 0, 'income': 559, 'balance': 459, 'cashflow': 457, 'errors': 0}
2026-08-12 17:33:31,914 INFO    findata.database.edgar_ | STNG processed: {'text_filings': 0, 'sections': 0, 'form4_rows': 0, 'income': 9, 'balance': 60, 'cashflow': 0, 'errors': 0}
2026-08-12 17:33:35,436 INFO    findata.database.edgar_ | LSCC processed: {'text_filings': 0, 'sections': 0, 'form4_rows': 0, 'income': 846, 'balance': 707, 'cashflow': 367, 'errors': 0}
2026-08-12 17:33:35,701 INFO    findata.database.edgar_ | WRLD processed: {'text_filings': 0, 'sections': 0, 'form4_rows': 0, 'income': 693, 'balance': 464, 'cashflow': 396, 'errors': 0}
2026-08-12 17:33:36,042 INFO    findata.database.edgar_ | AVNT processed: {'text_filings': 0, 'sections': 0, 'form4_rows': 0, 'income': 827, 'balance': 701, 'cashflow': 446, 'errors': 0}
2026-08-12 17:33:36,346 INFO    findata.database.edgar_ | DCO processed: {'text_filings': 0, 'sections': 0, 'form4_rows': 0, 'income': 775, 'balance': 727, 'cashflow': 344, 'errors': 0}
2026-08-12 17:33:36,640 INFO    findata.database.edgar_ | TJX processed: {'text_filings': 0, 'sections': 0, 'form4_rows': 0, 'income': 659, 'balance': 740, 'cashflow': 529, 'errors': 0}
2026-08-12 17:33:41,370 INFO    findata.database.edgar_ | IVZ processed: {'text_filings': 0, 'sections': 0, 'form4_rows': 0, 'income': 851, 'balance': 623, 'cashflow': 563, 'errors': 0}
2026-08-12 17:33:41,843 INFO    findata.database.edgar_ | CSGP processed: {'text_filings': 0, 'sections': 0, 'form4_rows': 0, 'income': 921, 'balance': 618, 'cashflow': 353, 'errors': 0}
2026-08-12 17:33:42,143 INFO    findata.database.edgar_ | CIVB processed: {'text_filings': 0, 'sections': 0, 'form4_rows': 0, 'income': 562, 'balance': 341, 'cashflow': 356, 'errors': 0}
2026-08-12 17:33:42,520 INFO    findata.database.edgar_ | SSTK processed: {'text_filings': 0, 'sections': 0, 'form4_rows': 0, 'income': 794, 'balance': 544, 'cashflow': 400, 'errors': 0}
2026-08-12 17:33:42,853 INFO    findata.database.edgar_ | ENVA processed: {'text_filings': 0, 'sections': 0, 'form4_rows': 0, 'income': 690, 'balance': 423, 'cashflow': 282, 'errors': 0}
2026-08-12 17:33:46,401 INFO    findata.database.edgar_ | CYRX processed: {'text_filings': 0, 'sections': 0, 'form4_rows': 0, 'income': 768, 'balance': 625, 'cashflow': 360, 'errors': 0}
2026-08-12 17:33:46,743 INFO    findata.database.edgar_ | GEO processed: {'text_filings': 0, 'sections': 0, 'form4_rows': 0, 'income': 756, 'balance': 670, 'cashflow': 412, 'errors': 0}
2026-08-12 17:33:47,039 INFO    findata.database.edgar_ | ALRM processed: {'text_filings': 0, 'sections': 0, 'form4_rows': 0, 'income': 636, 'balance': 491, 'cashflow': 270, 'errors': 0}
2026-08-12 17:33:47,378 INFO    findata.database.edgar_ | TOL processed: {'text_filings': 0, 'sections': 0, 'form4_rows': 0, 'income': 657, 'balance': 346, 'cashflow': 478, 'errors': 0}
2026-08-12 17:33:47,704 INFO    findata.database.edgar_ | IRTC processed: {'text_filings': 0, 'sections': 0, 'form4_rows': 0, 'income': 544, 'balance': 486, 'cashflow': 224, 'errors': 0}
2026-08-12 17:33:50,015 INFO    findata.database.edgar_ | ASND processed: {'text_filings': 0, 'sections': 0, 'form4_rows': 0, 'income': 105, 'balance': 90, 'cashflow': 0, 'errors': 0}
2026-08-12 17:33:50,346 INFO    findata.database.edgar_ | TTD processed: {'text_filings': 0, 'sections': 0, 'form4_rows': 0, 'income': 572, 'balance': 283, 'cashflow': 244, 'errors': 0}
2026-08-12 17:33:50,677 INFO    findata.database.edgar_ | CHKP processed: {'text_filings': 0, 'sections': 0, 'form4_rows': 0, 'income': 183, 'balance': 190, 'cashflow': 120, 'errors': 0}
2026-08-12 17:33:51,060 INFO    findata.database.edgar_ | ITW processed: {'text_filings': 0, 'sections': 0, 'form4_rows': 0, 'income': 858, 'balance': 774, 'cashflow': 514, 'errors': 0}
2026-08-12 17:33:51,300 INFO    findata.database.edgar_ | CI processed: {'text_filings': 0, 'sections': 0, 'form4_rows': 0, 'income': 359, 'balance': 403, 'cashflow': 222, 'errors': 0}
2026-08-12 17:33:56,780 INFO    findata.database.edgar_ | ZION processed: {'text_filings': 0, 'sections': 0, 'form4_rows': 0, 'income': 540, 'balance': 498, 'cashflow': 546, 'errors': 0}
2026-08-12 17:33:57,101 INFO    findata.database.edgar_ | STGW processed: {'text_filings': 0, 'sections': 0, 'form4_rows': 0, 'income': 714, 'balance': 544, 'cashflow': 465, 'errors': 0}
2026-08-12 17:33:57,353 INFO    findata.database.edgar_ | UHT processed: {'text_filings': 0, 'sections': 0, 'form4_rows': 0, 'income': 582, 'balance': 393, 'cashflow': 382, 'errors': 0}
2026-08-12 17:33:57,616 INFO    findata.database.edgar_ | WAL processed: {'text_filings': 0, 'sections': 0, 'form4_rows': 0, 'income': 557, 'balance': 491, 'cashflow': 265, 'errors': 0}
2026-08-12 17:33:57,831 INFO    findata.database.edgar_ | CHCT processed: {'text_filings': 0, 'sections': 0, 'form4_rows': 0, 'income': 431, 'balance': 321, 'cashflow': 218, 'errors': 0}
2026-08-12 17:34:01,718 INFO    findata.database.edgar_ | DAR processed: {'text_filings': 0, 'sections': 0, 'form4_rows': 0, 'income': 888, 'balance': 735, 'cashflow': 318, 'errors': 0}
2026-08-12 17:34:01,800 INFO    findata.database.edgar_ | LOMA processed: {'text_filings': 0, 'sections': 0, 'form4_rows': 0, 'income': 22, 'balance': 36, 'cashflow': 0, 'errors': 0}
2026-08-12 17:34:02,236 INFO    findata.database.edgar_ | CPB processed: {'text_filings': 0, 'sections': 0, 'form4_rows': 0, 'income': 944, 'balance': 757, 'cashflow': 508, 'errors': 0}
2026-08-12 17:34:02,608 INFO    findata.database.edgar_ | ATI processed: {'text_filings': 0, 'sections': 0, 'form4_rows': 0, 'income': 879, 'balance': 871, 'cashflow': 496, 'errors': 0}
2026-08-12 17:34:02,959 INFO    findata.database.edgar_ | META processed: {'text_filings': 0, 'sections': 0, 'form4_rows': 0, 'income': 830, 'balance': 479, 'cashflow': 392, 'errors': 0}
2026-08-12 17:34:06,582 INFO    findata.database.edgar_ | EMR processed: {'text_filings': 0, 'sections': 0, 'form4_rows': 0, 'income': 760, 'balance': 756, 'cashflow': 534, 'errors': 0}
2026-08-12 17:34:06,884 INFO    findata.database.edgar_ | ATEN processed: {'text_filings': 0, 'sections': 0, 'form4_rows': 0, 'income': 671, 'balance': 540, 'cashflow': 366, 'errors': 0}
2026-08-12 17:34:07,224 INFO    findata.database.edgar_ | EXP processed: {'text_filings': 0, 'sections': 0, 'form4_rows': 0, 'income': 785, 'balance': 771, 'cashflow': 499, 'errors': 0}
2026-08-12 17:34:07,452 INFO    findata.database.edgar_ | LILA processed: {'text_filings': 0, 'sections': 0, 'form4_rows': 0, 'income': 403, 'balance': 332, 'cashflow': 250, 'errors': 0}
2026-08-12 17:34:07,670 INFO    findata.database.edgar_ | KRNY processed: {'text_filings': 0, 'sections': 0, 'form4_rows': 0, 'income': 422, 'balance': 334, 'cashflow': 245, 'errors': 0}
2026-08-12 17:34:11,835 INFO    findata.database.edgar_ | BLDR processed: {'text_filings': 0, 'sections': 0, 'form4_rows': 0, 'income': 772, 'balance': 731, 'cashflow': 389, 'errors': 0}
2026-08-12 17:34:12,196 INFO    findata.database.edgar_ | TITN processed: {'text_filings': 0, 'sections': 0, 'form4_rows': 0, 'income': 904, 'balance': 684, 'cashflow': 301, 'errors': 0}
2026-08-12 17:34:12,386 INFO    findata.database.edgar_ | STEL processed: {'text_filings': 0, 'sections': 0, 'form4_rows': 0, 'income': 325, 'balance': 261, 'cashflow': 254, 'errors': 0}
2026-08-12 17:34:12,637 INFO    findata.database.edgar_ | RITM processed: {'text_filings': 0, 'sections': 0, 'form4_rows': 0, 'income': 582, 'balance': 416, 'cashflow': 246, 'errors': 0}
2026-08-12 17:34:12,992 INFO    findata.database.edgar_ | TMUS processed: {'text_filings': 0, 'sections': 0, 'form4_rows': 0, 'income': 836, 'balance': 779, 'cashflow': 601, 'errors': 0}
2026-08-12 17:34:16,921 INFO    findata.database.edgar_ | KOPN processed: {'text_filings': 0, 'sections': 0, 'form4_rows': 0, 'income': 722, 'balance': 583, 'cashflow': 318, 'errors': 0}
2026-08-12 17:34:17,292 INFO    findata.database.edgar_ | BLMN processed: {'text_filings': 0, 'sections': 0, 'form4_rows': 0, 'income': 643, 'balance': 693, 'cashflow': 447, 'errors': 0}
2026-08-12 17:34:17,594 INFO    findata.database.edgar_ | QCRH processed: {'text_filings': 0, 'sections': 0, 'form4_rows': 0, 'income': 570, 'balance': 450, 'cashflow': 330, 'errors': 0}
2026-08-12 17:34:17,883 INFO    findata.database.edgar_ | SWX processed: {'text_filings': 0, 'sections': 0, 'form4_rows': 0, 'income': 521, 'balance': 402, 'cashflow': 337, 'errors': 0}
2026-08-12 17:34:18,237 INFO    findata.database.edgar_ | IIIN processed: {'text_filings': 0, 'sections': 0, 'form4_rows': 0, 'income': 751, 'balance': 518, 'cashflow': 411, 'errors': 0}
2026-08-12 17:34:22,247 INFO    findata.database.edgar_ | INVA processed: {'text_filings': 0, 'sections': 0, 'form4_rows': 0, 'income': 723, 'balance': 546, 'cashflow': 384, 'errors': 0}
2026-08-12 17:34:22,582 INFO    findata.database.edgar_ | PAYC processed: {'text_filings': 0, 'sections': 0, 'form4_rows': 0, 'income': 789, 'balance': 625, 'cashflow': 311, 'errors': 0}
2026-08-12 17:34:23,135 INFO    findata.database.edgar_ | UNH processed: {'text_filings': 0, 'sections': 0, 'form4_rows': 0, 'income': 970, 'balance': 852, 'cashflow': 462, 'errors': 0}
2026-08-12 17:34:23,718 INFO    findata.database.edgar_ | PRU processed: {'text_filings': 0, 'sections': 0, 'form4_rows': 0, 'income': 538, 'balance': 523, 'cashflow': 415, 'errors': 0}
2026-08-12 17:34:24,431 INFO    findata.database.edgar_ | VCEL processed: {'text_filings': 0, 'sections': 0, 'form4_rows': 0, 'income': 716, 'balance': 611, 'cashflow': 347, 'errors': 0}
2026-08-12 17:34:28,670 INFO    findata.database.edgar_ | CVS processed: {'text_filings': 0, 'sections': 0, 'form4_rows': 0, 'income': 986, 'balance': 880, 'cashflow': 484, 'errors': 0}
2026-08-12 17:34:29,046 INFO    findata.database.edgar_ | ORA processed: {'text_filings': 0, 'sections': 0, 'form4_rows': 0, 'income': 961, 'balance': 680, 'cashflow': 391, 'errors': 0}
2026-08-12 17:34:29,388 INFO    findata.database.edgar_ | SAM processed: {'text_filings': 0, 'sections': 0, 'form4_rows': 0, 'income': 841, 'balance': 540, 'cashflow': 396, 'errors': 0}
2026-08-12 17:34:29,730 INFO    findata.database.edgar_ | VTR processed: {'text_filings': 0, 'sections': 0, 'form4_rows': 0, 'income': 808, 'balance': 474, 'cashflow': 369, 'errors': 0}
2026-08-12 17:34:30,103 INFO    findata.database.edgar_ | LYTS processed: {'text_filings': 0, 'sections': 0, 'form4_rows': 0, 'income': 823, 'balance': 613, 'cashflow': 486, 'errors': 0}
2026-08-12 17:34:33,943 INFO    findata.database.edgar_ | SM processed: {'text_filings': 0, 'sections': 0, 'form4_rows': 0, 'income': 845, 'balance': 590, 'cashflow': 289, 'errors': 0}
2026-08-12 17:34:34,255 INFO    findata.database.edgar_ | IMKTA processed: {'text_filings': 0, 'sections': 0, 'form4_rows': 0, 'income': 652, 'balance': 578, 'cashflow': 375, 'errors': 0}
2026-08-12 17:34:34,670 INFO    findata.database.edgar_ | EXLS processed: {'text_filings': 0, 'sections': 0, 'form4_rows': 0, 'income': 871, 'balance': 725, 'cashflow': 422, 'errors': 0}
2026-08-12 17:34:35,059 INFO    findata.database.edgar_ | GE processed: {'text_filings': 0, 'sections': 0, 'form4_rows': 0, 'income': 761, 'balance': 684, 'cashflow': 428, 'errors': 0}
2026-08-12 17:34:35,343 INFO    findata.database.edgar_ | TDOC processed: {'text_filings': 0, 'sections': 0, 'form4_rows': 0, 'income': 501, 'balance': 433, 'cashflow': 258, 'errors': 0}
2026-08-12 17:34:39,503 INFO    findata.database.edgar_ | COKE processed: {'text_filings': 0, 'sections': 0, 'form4_rows': 0, 'income': 688, 'balance': 631, 'cashflow': 430, 'errors': 0}
2026-08-12 17:34:39,837 INFO    findata.database.edgar_ | WD processed: {'text_filings': 0, 'sections': 0, 'form4_rows': 0, 'income': 686, 'balance': 438, 'cashflow': 464, 'errors': 0}
2026-08-12 17:34:40,153 INFO    findata.database.edgar_ | IRWD processed: {'text_filings': 0, 'sections': 0, 'form4_rows': 0, 'income': 654, 'balance': 448, 'cashflow': 326, 'errors': 0}
2026-08-12 17:34:40,571 INFO    findata.database.edgar_ | THC processed: {'text_filings': 0, 'sections': 0, 'form4_rows': 0, 'income': 702, 'balance': 742, 'cashflow': 386, 'errors': 0}
2026-08-12 17:34:40,845 INFO    findata.database.edgar_ | BIDU processed: {'text_filings': 0, 'sections': 0, 'form4_rows': 0, 'income': 161, 'balance': 253, 'cashflow': 157, 'errors': 0}
2026-08-12 17:34:44,356 INFO    findata.database.edgar_ | MKL processed: {'text_filings': 0, 'sections': 0, 'form4_rows': 0, 'income': 829, 'balance': 435, 'cashflow': 364, 'errors': 0}
2026-08-12 17:34:44,620 INFO    findata.database.edgar_ | MTH processed: {'text_filings': 0, 'sections': 0, 'form4_rows': 0, 'income': 619, 'balance': 402, 'cashflow': 371, 'errors': 0}
2026-08-12 17:34:44,904 INFO    findata.database.edgar_ | ABEO processed: {'text_filings': 0, 'sections': 0, 'form4_rows': 0, 'income': 533, 'balance': 556, 'cashflow': 341, 'errors': 0}
2026-08-12 17:34:45,223 INFO    findata.database.edgar_ | SUPN processed: {'text_filings': 0, 'sections': 0, 'form4_rows': 0, 'income': 789, 'balance': 609, 'cashflow': 322, 'errors': 0}
2026-08-12 17:34:45,425 INFO    findata.database.edgar_ | RBB processed: {'text_filings': 0, 'sections': 0, 'form4_rows': 0, 'income': 369, 'balance': 303, 'cashflow': 236, 'errors': 0}
2026-08-12 17:34:48,900 INFO    findata.database.edgar_ | QUIK processed: {'text_filings': 0, 'sections': 0, 'form4_rows': 0, 'income': 857, 'balance': 676, 'cashflow': 335, 'errors': 0}
2026-08-12 17:34:49,138 INFO    findata.database.edgar_ | MFA processed: {'text_filings': 0, 'sections': 0, 'form4_rows': 0, 'income': 422, 'balance': 462, 'cashflow': 373, 'errors': 0}
2026-08-12 17:34:49,519 INFO    findata.database.edgar_ | MKC processed: {'text_filings': 0, 'sections': 0, 'form4_rows': 0, 'income': 914, 'balance': 626, 'cashflow': 482, 'errors': 0}
2026-08-12 17:34:49,921 INFO    findata.database.edgar_ | IOSP processed: {'text_filings': 0, 'sections': 0, 'form4_rows': 0, 'income': 932, 'balance': 646, 'cashflow': 416, 'errors': 0}
2026-08-12 17:34:50,183 INFO    findata.database.edgar_ | UTL processed: {'text_filings': 0, 'sections': 0, 'form4_rows': 0, 'income': 460, 'balance': 703, 'cashflow': 385, 'errors': 0}
2026-08-12 17:34:54,500 INFO    findata.database.edgar_ | OC processed: {'text_filings': 0, 'sections': 0, 'form4_rows': 0, 'income': 1027, 'balance': 725, 'cashflow': 475, 'errors': 0}
2026-08-12 17:34:54,918 INFO    findata.database.edgar_ | MAS processed: {'text_filings': 0, 'sections': 0, 'form4_rows': 0, 'income': 951, 'balance': 759, 'cashflow': 498, 'errors': 0}
2026-08-12 17:34:55,080 INFO    findata.database.edgar_ | BG processed: {'text_filings': 0, 'sections': 0, 'form4_rows': 0, 'income': 136, 'balance': 134, 'cashflow': 99, 'errors': 0}
2026-08-12 17:34:55,328 INFO    findata.database.edgar_ | NWSA processed: {'text_filings': 0, 'sections': 0, 'form4_rows': 0, 'income': 449, 'balance': 469, 'cashflow': 320, 'errors': 0}
2026-08-12 17:34:55,689 INFO    findata.database.edgar_ | AMPH processed: {'text_filings': 0, 'sections': 0, 'form4_rows': 0, 'income': 826, 'balance': 647, 'cashflow': 335, 'errors': 0}
2026-08-12 17:34:58,903 INFO    findata.database.edgar_ | FINV processed: {'text_filings': 0, 'sections': 0, 'form4_rows': 0, 'income': 91, 'balance': 70, 'cashflow': 59, 'errors': 0}
2026-08-12 17:34:59,008 INFO    findata.database.edgar_ | SKT processed: {'text_filings': 0, 'sections': 0, 'form4_rows': 0, 'income': 127, 'balance': 201, 'cashflow': 72, 'errors': 0}
2026-08-12 17:34:59,126 INFO    findata.database.edgar_ | HRZN processed: {'text_filings': 0, 'sections': 0, 'form4_rows': 0, 'income': 107, 'balance': 128, 'cashflow': 65, 'errors': 0}
2026-08-12 17:34:59,452 INFO    findata.database.edgar_ | FITB processed: {'text_filings': 0, 'sections': 0, 'form4_rows': 0, 'income': 621, 'balance': 529, 'cashflow': 544, 'errors': 0}
2026-08-12 17:34:59,816 INFO    findata.database.edgar_ | NOC processed: {'text_filings': 0, 'sections': 0, 'form4_rows': 0, 'income': 907, 'balance': 807, 'cashflow': 527, 'errors': 0}
2026-08-12 17:35:02,757 INFO    findata.database.edgar_ | SHOO processed: {'text_filings': 0, 'sections': 0, 'form4_rows': 0, 'income': 802, 'balance': 699, 'cashflow': 474, 'errors': 0}
2026-08-12 17:35:02,823 INFO    findata.database.edgar_ | GPRK processed: {'text_filings': 0, 'sections': 0, 'form4_rows': 0, 'income': 9, 'balance': 29, 'cashflow': 0, 'errors': 0}
2026-08-12 17:35:02,908 INFO    findata.database.edgar_ | EMBJ processed: {'text_filings': 0, 'sections': 0, 'form4_rows': 0, 'income': 27, 'balance': 35, 'cashflow': 0, 'errors': 0}
2026-08-12 17:35:03,227 INFO    findata.database.edgar_ | FHI processed: {'text_filings': 0, 'sections': 0, 'form4_rows': 0, 'income': 711, 'balance': 630, 'cashflow': 433, 'errors': 0}
2026-08-12 17:35:03,454 INFO    findata.database.edgar_ | CNI processed: {'text_filings': 0, 'sections': 0, 'form4_rows': 0, 'income': 160, 'balance': 178, 'cashflow': 149, 'errors': 0}
2026-08-12 17:35:07,020 INFO    findata.database.edgar_ | PRA processed: {'text_filings': 0, 'sections': 0, 'form4_rows': 0, 'income': 676, 'balance': 474, 'cashflow': 423, 'errors': 0}
2026-08-12 17:35:07,195 INFO    findata.database.edgar_ | HLNE processed: {'text_filings': 0, 'sections': 0, 'form4_rows': 0, 'income': 247, 'balance': 206, 'cashflow': 272, 'errors': 0}
2026-08-12 17:35:07,575 INFO    findata.database.edgar_ | EXR processed: {'text_filings': 0, 'sections': 0, 'form4_rows': 0, 'income': 861, 'balance': 423, 'cashflow': 454, 'errors': 0}
2026-08-12 17:35:07,970 INFO    findata.database.edgar_ | WLFC processed: {'text_filings': 0, 'sections': 0, 'form4_rows': 0, 'income': 817, 'balance': 422, 'cashflow': 386, 'errors': 0}
2026-08-12 17:35:08,264 INFO    findata.database.edgar_ | PJT processed: {'text_filings': 0, 'sections': 0, 'form4_rows': 0, 'income': 269, 'balance': 232, 'cashflow': 331, 'errors': 0}
2026-08-12 17:35:11,691 INFO    findata.database.edgar_ | CGC processed: {'text_filings': 0, 'sections': 0, 'form4_rows': 0, 'income': 327, 'balance': 354, 'cashflow': 155, 'errors': 0}
2026-08-12 17:35:12,012 INFO    findata.database.edgar_ | RRC processed: {'text_filings': 0, 'sections': 0, 'form4_rows': 0, 'income': 755, 'balance': 686, 'cashflow': 431, 'errors': 0}
2026-08-12 17:35:12,249 INFO    findata.database.edgar_ | CCS processed: {'text_filings': 0, 'sections': 0, 'form4_rows': 0, 'income': 467, 'balance': 362, 'cashflow': 315, 'errors': 0}
2026-08-12 17:35:12,482 INFO    findata.database.edgar_ | FTAI processed: {'text_filings': 0, 'sections': 0, 'form4_rows': 0, 'income': 493, 'balance': 453, 'cashflow': 326, 'errors': 0}
2026-08-12 17:35:12,843 INFO    findata.database.edgar_ | RHI processed: {'text_filings': 0, 'sections': 0, 'form4_rows': 0, 'income': 784, 'balance': 671, 'cashflow': 495, 'errors': 0}
2026-08-12 17:35:16,385 INFO    findata.database.edgar_ | APAM processed: {'text_filings': 0, 'sections': 0, 'form4_rows': 0, 'income': 593, 'balance': 297, 'cashflow': 352, 'errors': 0}
2026-08-12 17:35:16,818 INFO    findata.database.edgar_ | SCHL processed: {'text_filings': 0, 'sections': 0, 'form4_rows': 0, 'income': 797, 'balance': 707, 'cashflow': 400, 'errors': 0}
2026-08-12 17:35:17,187 INFO    findata.database.edgar_ | GNTX processed: {'text_filings': 0, 'sections': 0, 'form4_rows': 0, 'income': 978, 'balance': 692, 'cashflow': 482, 'errors': 0}
2026-08-12 17:35:17,462 INFO    findata.database.edgar_ | FPI processed: {'text_filings': 0, 'sections': 0, 'form4_rows': 0, 'income': 570, 'balance': 348, 'cashflow': 318, 'errors': 0}
2026-08-12 17:35:17,859 INFO    findata.database.edgar_ | UTHR processed: {'text_filings': 0, 'sections': 0, 'form4_rows': 0, 'income': 1014, 'balance': 692, 'cashflow': 388, 'errors': 0}
2026-08-12 17:35:20,910 INFO    findata.database.edgar_ | CZNC processed: {'text_filings': 0, 'sections': 0, 'form4_rows': 0, 'income': 528, 'balance': 517, 'cashflow': 407, 'errors': 0}
2026-08-12 17:35:20,987 INFO    findata.database.edgar_ | SA processed: {'text_filings': 0, 'sections': 0, 'form4_rows': 0, 'income': 14, 'balance': 32, 'cashflow': 0, 'errors': 0}
2026-08-12 17:35:21,296 INFO    findata.database.edgar_ | TGTX processed: {'text_filings': 0, 'sections': 0, 'form4_rows': 0, 'income': 513, 'balance': 671, 'cashflow': 332, 'errors': 0}
2026-08-12 17:35:21,684 INFO    findata.database.edgar_ | XYL processed: {'text_filings': 0, 'sections': 0, 'form4_rows': 0, 'income': 860, 'balance': 691, 'cashflow': 503, 'errors': 0}
2026-08-12 17:35:21,900 INFO    findata.database.edgar_ | SHOP processed: {'text_filings': 0, 'sections': 0, 'form4_rows': 0, 'income': 171, 'balance': 172, 'cashflow': 136, 'errors': 0}
2026-08-12 17:35:22,030 ERROR   findata.database.edgar_ | FRBA: Company() failed: Company not found: 'FRBA'
  Tip: Search by name with find_company("...") or pass a CIK directly.
2026-08-12 17:35:25,920 INFO    findata.database.edgar_ | LLY processed: {'text_filings': 0, 'sections': 0, 'form4_rows': 0, 'income': 801, 'balance': 862, 'cashflow': 446, 'errors': 0}
2026-08-12 17:35:25,920 ERROR   findata.database.edgar_ | FRBA: nothing fetched, skipping processing
2026-08-12 17:35:26,206 INFO    findata.database.edgar_ | FMNB processed: {'text_filings': 0, 'sections': 0, 'form4_rows': 0, 'income': 555, 'balance': 481, 'cashflow': 444, 'errors': 0}
2026-08-12 17:35:26,330 INFO    findata.database.edgar_ | ARCC processed: {'text_filings': 0, 'sections': 0, 'form4_rows': 0, 'income': 102, 'balance': 144, 'cashflow': 63, 'errors': 0}
2026-08-12 17:35:26,608 INFO    findata.database.edgar_ | TFSL processed: {'text_filings': 0, 'sections': 0, 'form4_rows': 0, 'income': 584, 'balance': 408, 'cashflow': 481, 'errors': 0}
2026-08-12 17:35:30,546 INFO    findata.database.edgar_ | DVA processed: {'text_filings': 0, 'sections': 0, 'form4_rows': 0, 'income': 831, 'balance': 913, 'cashflow': 430, 'errors': 0}
2026-08-12 17:35:30,779 INFO    findata.database.edgar_ | TRP processed: {'text_filings': 0, 'sections': 0, 'form4_rows': 0, 'income': 151, 'balance': 167, 'cashflow': 100, 'errors': 0}
2026-08-12 17:35:31,132 INFO    findata.database.edgar_ | TAP processed: {'text_filings': 0, 'sections': 0, 'form4_rows': 0, 'income': 830, 'balance': 727, 'cashflow': 426, 'errors': 0}
2026-08-12 17:35:31,544 INFO    findata.database.edgar_ | TMO processed: {'text_filings': 0, 'sections': 0, 'form4_rows': 0, 'income': 976, 'balance': 731, 'cashflow': 527, 'errors': 0}
2026-08-12 17:35:31,918 INFO    findata.database.edgar_ | ITGR processed: {'text_filings': 0, 'sections': 0, 'form4_rows': 0, 'income': 936, 'balance': 737, 'cashflow': 337, 'errors': 0}
2026-08-12 17:35:35,676 INFO    findata.database.edgar_ | RPD processed: {'text_filings': 0, 'sections': 0, 'form4_rows': 0, 'income': 617, 'balance': 464, 'cashflow': 275, 'errors': 0}
2026-08-12 17:35:35,960 INFO    findata.database.edgar_ | MGNI processed: {'text_filings': 0, 'sections': 0, 'form4_rows': 0, 'income': 656, 'balance': 519, 'cashflow': 306, 'errors': 0}
2026-08-12 17:35:36,275 INFO    findata.database.edgar_ | UNM processed: {'text_filings': 0, 'sections': 0, 'form4_rows': 0, 'income': 737, 'balance': 508, 'cashflow': 496, 'errors': 0}
2026-08-12 17:35:36,702 INFO    findata.database.edgar_ | AMT processed: {'text_filings': 0, 'sections': 0, 'form4_rows': 0, 'income': 867, 'balance': 805, 'cashflow': 524, 'errors': 0}
2026-08-12 17:35:36,789 INFO    findata.database.edgar_ | FSM processed: {'text_filings': 0, 'sections': 0, 'form4_rows': 0, 'income': 25, 'balance': 29, 'cashflow': 0, 'errors': 0}
2026-08-12 17:35:40,780 INFO    findata.database.edgar_ | AMN processed: {'text_filings': 0, 'sections': 0, 'form4_rows': 0, 'income': 916, 'balance': 586, 'cashflow': 389, 'errors': 0}
2026-08-12 17:35:41,224 INFO    findata.database.edgar_ | MATW processed: {'text_filings': 0, 'sections': 0, 'form4_rows': 0, 'income': 891, 'balance': 738, 'cashflow': 508, 'errors': 0}
2026-08-12 17:35:41,496 INFO    findata.database.edgar_ | GABC processed: {'text_filings': 0, 'sections': 0, 'form4_rows': 0, 'income': 549, 'balance': 426, 'cashflow': 352, 'errors': 0}
2026-08-12 17:35:41,853 INFO    findata.database.edgar_ | DXPE processed: {'text_filings': 0, 'sections': 0, 'form4_rows': 0, 'income': 861, 'balance': 728, 'cashflow': 416, 'errors': 0}
2026-08-12 17:35:41,932 INFO    findata.database.edgar_ | BAP processed: {'text_filings': 0, 'sections': 0, 'form4_rows': 0, 'income': 16, 'balance': 37, 'cashflow': 0, 'errors': 0}
2026-08-12 17:35:45,210 INFO    findata.database.edgar_ | HTLD processed: {'text_filings': 0, 'sections': 0, 'form4_rows': 0, 'income': 794, 'balance': 662, 'cashflow': 493, 'errors': 0}
2026-08-12 17:35:45,471 INFO    findata.database.edgar_ | LW processed: {'text_filings': 0, 'sections': 0, 'form4_rows': 0, 'income': 486, 'balance': 458, 'cashflow': 280, 'errors': 0}
2026-08-12 17:35:45,793 INFO    findata.database.edgar_ | POOL processed: {'text_filings': 0, 'sections': 0, 'form4_rows': 0, 'income': 840, 'balance': 779, 'cashflow': 483, 'errors': 0}
2026-08-12 17:35:45,866 INFO    findata.database.edgar_ | OMAB processed: {'text_filings': 0, 'sections': 0, 'form4_rows': 0, 'income': 16, 'balance': 20, 'cashflow': 0, 'errors': 0}
2026-08-12 17:35:46,207 INFO    findata.database.edgar_ | EPD processed: {'text_filings': 0, 'sections': 0, 'form4_rows': 0, 'income': 733, 'balance': 640, 'cashflow': 489, 'errors': 0}
2026-08-12 17:35:49,105 INFO    findata.database.edgar_ | CRVS processed: {'text_filings': 0, 'sections': 0, 'form4_rows': 0, 'income': 326, 'balance': 348, 'cashflow': 220, 'errors': 0}
2026-08-12 17:35:49,358 INFO    findata.database.edgar_ | NAVI processed: {'text_filings': 0, 'sections': 0, 'form4_rows': 0, 'income': 559, 'balance': 384, 'cashflow': 273, 'errors': 0}
2026-08-12 17:35:49,490 INFO    findata.database.edgar_ | HIVE processed: {'text_filings': 0, 'sections': 0, 'form4_rows': 0, 'income': 70, 'balance': 65, 'cashflow': 36, 'errors': 0}
2026-08-12 17:35:49,792 INFO    findata.database.edgar_ | CZR processed: {'text_filings': 0, 'sections': 0, 'form4_rows': 0, 'income': 600, 'balance': 585, 'cashflow': 280, 'errors': 0}
2026-08-12 17:35:50,145 INFO    findata.database.edgar_ | SCCO processed: {'text_filings': 0, 'sections': 0, 'form4_rows': 0, 'income': 708, 'balance': 760, 'cashflow': 709, 'errors': 0}
2026-08-12 17:35:54,388 INFO    findata.database.edgar_ | HD processed: {'text_filings': 0, 'sections': 0, 'form4_rows': 0, 'income': 1042, 'balance': 818, 'cashflow': 507, 'errors': 0}
2026-08-12 17:35:54,668 INFO    findata.database.edgar_ | LOB processed: {'text_filings': 0, 'sections': 0, 'form4_rows': 0, 'income': 405, 'balance': 219, 'cashflow': 266, 'errors': 0}
2026-08-12 17:35:55,033 INFO    findata.database.edgar_ | LULU processed: {'text_filings': 0, 'sections': 0, 'form4_rows': 0, 'income': 818, 'balance': 655, 'cashflow': 461, 'errors': 0}
2026-08-12 17:35:55,297 INFO    findata.database.edgar_ | EYE processed: {'text_filings': 0, 'sections': 0, 'form4_rows': 0, 'income': 455, 'balance': 460, 'cashflow': 221, 'errors': 0}
2026-08-12 17:35:55,580 INFO    findata.database.edgar_ | CTBI processed: {'text_filings': 0, 'sections': 0, 'form4_rows': 0, 'income': 551, 'balance': 476, 'cashflow': 431, 'errors': 0}
2026-08-12 17:35:59,089 INFO    findata.database.edgar_ | NWPX processed: {'text_filings': 0, 'sections': 0, 'form4_rows': 0, 'income': 797, 'balance': 674, 'cashflow': 311, 'errors': 0}
2026-08-12 17:35:59,443 INFO    findata.database.edgar_ | HP processed: {'text_filings': 0, 'sections': 0, 'form4_rows': 0, 'income': 881, 'balance': 845, 'cashflow': 494, 'errors': 0}
2026-08-12 17:35:59,777 INFO    findata.database.edgar_ | TSN processed: {'text_filings': 0, 'sections': 0, 'form4_rows': 0, 'income': 775, 'balance': 620, 'cashflow': 487, 'errors': 0}
2026-08-12 17:36:00,030 INFO    findata.database.edgar_ | LXFR processed: {'text_filings': 0, 'sections': 0, 'form4_rows': 0, 'income': 470, 'balance': 357, 'cashflow': 265, 'errors': 0}
2026-08-12 17:36:00,440 INFO    findata.database.edgar_ | SYNA processed: {'text_filings': 0, 'sections': 0, 'form4_rows': 0, 'income': 963, 'balance': 814, 'cashflow': 401, 'errors': 0}
2026-08-12 17:36:03,631 INFO    findata.database.edgar_ | DECK processed: {'text_filings': 0, 'sections': 0, 'form4_rows': 0, 'income': 807, 'balance': 693, 'cashflow': 432, 'errors': 0}
2026-08-12 17:36:03,859 INFO    findata.database.edgar_ | EVRG processed: {'text_filings': 0, 'sections': 0, 'form4_rows': 0, 'income': 417, 'balance': 334, 'cashflow': 211, 'errors': 0}
2026-08-12 17:36:04,213 INFO    findata.database.edgar_ | AMD processed: {'text_filings': 0, 'sections': 0, 'form4_rows': 0, 'income': 985, 'balance': 786, 'cashflow': 343, 'errors': 0}
2026-08-12 17:36:04,570 INFO    findata.database.edgar_ | CDNA processed: {'text_filings': 0, 'sections': 0, 'form4_rows': 0, 'income': 648, 'balance': 586, 'cashflow': 274, 'errors': 0}
2026-08-12 17:36:04,883 INFO    findata.database.edgar_ | BGS processed: {'text_filings': 0, 'sections': 0, 'form4_rows': 0, 'income': 741, 'balance': 729, 'cashflow': 413, 'errors': 0}
2026-08-12 17:36:09,605 INFO    findata.database.edgar_ | ADP processed: {'text_filings': 0, 'sections': 0, 'form4_rows': 0, 'income': 833, 'balance': 793, 'cashflow': 434, 'errors': 0}
2026-08-12 17:36:09,943 INFO    findata.database.edgar_ | GTN processed: {'text_filings': 0, 'sections': 0, 'form4_rows': 0, 'income': 777, 'balance': 573, 'cashflow': 422, 'errors': 0}
2026-08-12 17:36:10,282 INFO    findata.database.edgar_ | NHC processed: {'text_filings': 0, 'sections': 0, 'form4_rows': 0, 'income': 698, 'balance': 716, 'cashflow': 452, 'errors': 0}
2026-08-12 17:36:10,672 INFO    findata.database.edgar_ | IPGP processed: {'text_filings': 0, 'sections': 0, 'form4_rows': 0, 'income': 943, 'balance': 772, 'cashflow': 374, 'errors': 0}
2026-08-12 17:36:11,020 INFO    findata.database.edgar_ | PBH processed: {'text_filings': 0, 'sections': 0, 'form4_rows': 0, 'income': 859, 'balance': 639, 'cashflow': 384, 'errors': 0}
2026-08-12 17:36:14,314 INFO    findata.database.edgar_ | BLBD processed: {'text_filings': 0, 'sections': 0, 'form4_rows': 0, 'income': 656, 'balance': 613, 'cashflow': 356, 'errors': 0}
2026-08-12 17:36:14,644 INFO    findata.database.edgar_ | ICFI processed: {'text_filings': 0, 'sections': 0, 'form4_rows': 0, 'income': 843, 'balance': 651, 'cashflow': 367, 'errors': 0}
2026-08-12 17:36:14,921 INFO    findata.database.edgar_ | KOS processed: {'text_filings': 0, 'sections': 0, 'form4_rows': 0, 'income': 643, 'balance': 587, 'cashflow': 329, 'errors': 0}
2026-08-12 17:36:15,219 INFO    findata.database.edgar_ | ALNY processed: {'text_filings': 0, 'sections': 0, 'form4_rows': 0, 'income': 627, 'balance': 565, 'cashflow': 345, 'errors': 0}
2026-08-12 17:36:15,529 INFO    findata.database.edgar_ | HWKN processed: {'text_filings': 0, 'sections': 0, 'form4_rows': 0, 'income': 760, 'balance': 724, 'cashflow': 407, 'errors': 0}
2026-08-12 17:36:19,866 INFO    findata.database.edgar_ | L processed: {'text_filings': 0, 'sections': 0, 'form4_rows': 0, 'income': 650, 'balance': 605, 'cashflow': 473, 'errors': 0}
2026-08-12 17:36:20,158 INFO    findata.database.edgar_ | BOH processed: {'text_filings': 0, 'sections': 0, 'form4_rows': 0, 'income': 588, 'balance': 570, 'cashflow': 392, 'errors': 0}
2026-08-12 17:36:20,539 INFO    findata.database.edgar_ | EQIX processed: {'text_filings': 0, 'sections': 0, 'form4_rows': 0, 'income': 913, 'balance': 699, 'cashflow': 470, 'errors': 0}
2026-08-12 17:36:20,886 INFO    findata.database.edgar_ | SMP processed: {'text_filings': 0, 'sections': 0, 'form4_rows': 0, 'income': 855, 'balance': 663, 'cashflow': 465, 'errors': 0}
2026-08-12 17:36:21,252 INFO    findata.database.edgar_ | FN processed: {'text_filings': 0, 'sections': 0, 'form4_rows': 0, 'income': 857, 'balance': 793, 'cashflow': 319, 'errors': 0}
2026-08-12 17:36:24,437 INFO    findata.database.edgar_ | STLA processed: {'text_filings': 0, 'sections': 0, 'form4_rows': 0, 'income': 30, 'balance': 24, 'cashflow': 0, 'errors': 0}
2026-08-12 17:36:24,730 INFO    findata.database.edgar_ | CNS processed: {'text_filings': 0, 'sections': 0, 'form4_rows': 0, 'income': 694, 'balance': 390, 'cashflow': 452, 'errors': 0}
2026-08-12 17:36:24,978 INFO    findata.database.edgar_ | MEDP processed: {'text_filings': 0, 'sections': 0, 'form4_rows': 0, 'income': 474, 'balance': 413, 'cashflow': 288, 'errors': 0}
2026-08-12 17:36:25,056 INFO    findata.database.edgar_ | SLF processed: {'text_filings': 0, 'sections': 0, 'form4_rows': 0, 'income': 18, 'balance': 30, 'cashflow': 0, 'errors': 0}
2026-08-12 17:36:25,348 INFO    findata.database.edgar_ | AHRT processed: {'text_filings': 0, 'sections': 0, 'form4_rows': 0, 'income': 568, 'balance': 379, 'cashflow': 291, 'errors': 0}
2026-08-12 17:36:29,263 INFO    findata.database.edgar_ | HTB processed: {'text_filings': 0, 'sections': 0, 'form4_rows': 0, 'income': 400, 'balance': 409, 'cashflow': 417, 'errors': 0}
2026-08-12 17:36:29,689 INFO    findata.database.edgar_ | ITT processed: {'text_filings': 0, 'sections': 0, 'form4_rows': 0, 'income': 985, 'balance': 987, 'cashflow': 560, 'errors': 0}
2026-08-12 17:36:30,046 INFO    findata.database.edgar_ | ST processed: {'text_filings': 0, 'sections': 0, 'form4_rows': 0, 'income': 882, 'balance': 688, 'cashflow': 426, 'errors': 0}
2026-08-12 17:36:30,340 INFO    findata.database.edgar_ | TRV processed: {'text_filings': 0, 'sections': 0, 'form4_rows': 0, 'income': 726, 'balance': 484, 'cashflow': 358, 'errors': 0}
2026-08-12 17:36:30,626 INFO    findata.database.edgar_ | VCYT processed: {'text_filings': 0, 'sections': 0, 'form4_rows': 0, 'income': 528, 'balance': 579, 'cashflow': 285, 'errors': 0}
2026-08-12 17:36:34,410 INFO    findata.database.edgar_ | DOC processed: {'text_filings': 0, 'sections': 0, 'form4_rows': 0, 'income': 820, 'balance': 537, 'cashflow': 380, 'errors': 0}
2026-08-12 17:36:34,717 INFO    findata.database.edgar_ | OLP processed: {'text_filings': 0, 'sections': 0, 'form4_rows': 0, 'income': 620, 'balance': 376, 'cashflow': 337, 'errors': 0}
2026-08-12 17:36:34,941 INFO    findata.database.edgar_ | MAA processed: {'text_filings': 0, 'sections': 0, 'form4_rows': 0, 'income': 441, 'balance': 336, 'cashflow': 301, 'errors': 0}
2026-08-12 17:36:35,319 INFO    findata.database.edgar_ | ACN processed: {'text_filings': 0, 'sections': 0, 'form4_rows': 0, 'income': 983, 'balance': 756, 'cashflow': 512, 'errors': 0}
2026-08-12 17:36:35,705 INFO    findata.database.edgar_ | ENSG processed: {'text_filings': 0, 'sections': 0, 'form4_rows': 0, 'income': 815, 'balance': 740, 'cashflow': 460, 'errors': 0}
2026-08-12 17:36:39,508 INFO    findata.database.edgar_ | PARR processed: {'text_filings': 0, 'sections': 0, 'form4_rows': 0, 'income': 723, 'balance': 663, 'cashflow': 420, 'errors': 0}
2026-08-12 17:36:39,852 INFO    findata.database.edgar_ | WELL processed: {'text_filings': 0, 'sections': 0, 'form4_rows': 0, 'income': 770, 'balance': 522, 'cashflow': 327, 'errors': 0}
2026-08-12 17:36:40,177 INFO    findata.database.edgar_ | CORT processed: {'text_filings': 0, 'sections': 0, 'form4_rows': 0, 'income': 711, 'balance': 591, 'cashflow': 350, 'errors': 0}
2026-08-12 17:36:40,292 INFO    findata.database.edgar_ | NVS processed: {'text_filings': 0, 'sections': 0, 'form4_rows': 0, 'income': 68, 'balance': 65, 'cashflow': 0, 'errors': 0}
2026-08-12 17:36:40,647 INFO    findata.database.edgar_ | STAA processed: {'text_filings': 0, 'sections': 0, 'form4_rows': 0, 'income': 831, 'balance': 609, 'cashflow': 378, 'errors': 0}
2026-08-12 17:36:44,397 INFO    findata.database.edgar_ | APD processed: {'text_filings': 0, 'sections': 0, 'form4_rows': 0, 'income': 996, 'balance': 955, 'cashflow': 466, 'errors': 0}
2026-08-12 17:36:44,766 INFO    findata.database.edgar_ | SNA processed: {'text_filings': 0, 'sections': 0, 'form4_rows': 0, 'income': 893, 'balance': 699, 'cashflow': 426, 'errors': 0}
2026-08-12 17:36:44,868 INFO    findata.database.edgar_ | VNOM processed: {'text_filings': 0, 'sections': 0, 'form4_rows': 0, 'income': 41, 'balance': 48, 'cashflow': 42, 'errors': 0}
2026-08-12 17:36:45,270 INFO    findata.database.edgar_ | DLB processed: {'text_filings': 0, 'sections': 0, 'form4_rows': 0, 'income': 1078, 'balance': 599, 'cashflow': 467, 'errors': 0}
2026-08-12 17:36:45,494 INFO    findata.database.edgar_ | CARS processed: {'text_filings': 0, 'sections': 0, 'form4_rows': 0, 'income': 456, 'balance': 464, 'cashflow': 250, 'errors': 0}
2026-08-12 17:36:49,048 INFO    findata.database.edgar_ | GOLF processed: {'text_filings': 0, 'sections': 0, 'form4_rows': 0, 'income': 560, 'balance': 466, 'cashflow': 298, 'errors': 0}
2026-08-12 17:36:49,466 INFO    findata.database.edgar_ | FFIV processed: {'text_filings': 0, 'sections': 0, 'form4_rows': 0, 'income': 1016, 'balance': 763, 'cashflow': 418, 'errors': 0}
2026-08-12 17:36:49,721 INFO    findata.database.edgar_ | GSBC processed: {'text_filings': 0, 'sections': 0, 'form4_rows': 0, 'income': 532, 'balance': 469, 'cashflow': 370, 'errors': 0}
2026-08-12 17:36:50,062 INFO    findata.database.edgar_ | UNFI processed: {'text_filings': 0, 'sections': 0, 'form4_rows': 0, 'income': 867, 'balance': 778, 'cashflow': 430, 'errors': 0}
2026-08-12 17:36:50,424 INFO    findata.database.edgar_ | MHK processed: {'text_filings': 0, 'sections': 0, 'form4_rows': 0, 'income': 906, 'balance': 768, 'cashflow': 390, 'errors': 0}
2026-08-12 17:36:54,503 INFO    findata.database.edgar_ | ACM processed: {'text_filings': 0, 'sections': 0, 'form4_rows': 0, 'income': 843, 'balance': 732, 'cashflow': 438, 'errors': 0}
2026-08-12 17:36:54,818 INFO    findata.database.edgar_ | IPI processed: {'text_filings': 0, 'sections': 0, 'form4_rows': 0, 'income': 708, 'balance': 679, 'cashflow': 392, 'errors': 0}
2026-08-12 17:36:55,131 INFO    findata.database.edgar_ | NPKI processed: {'text_filings': 0, 'sections': 0, 'form4_rows': 0, 'income': 706, 'balance': 708, 'cashflow': 391, 'errors': 0}
2026-08-12 17:36:55,484 INFO    findata.database.edgar_ | CALX processed: {'text_filings': 0, 'sections': 0, 'form4_rows': 0, 'income': 807, 'balance': 649, 'cashflow': 366, 'errors': 0}
2026-08-12 17:36:55,827 INFO    findata.database.edgar_ | CHRW processed: {'text_filings': 0, 'sections': 0, 'form4_rows': 0, 'income': 868, 'balance': 744, 'cashflow': 462, 'errors': 0}
2026-08-12 17:37:19,034 INFO    findata.database.edgar_ | AMAT processed: {'text_filings': 0, 'sections': 0, 'form4_rows': 0, 'income': 1083, 'balance': 832, 'cashflow': 456, 'errors': 0}
2026-08-12 17:37:19,364 INFO    findata.database.edgar_ | WERN processed: {'text_filings': 0, 'sections': 0, 'form4_rows': 0, 'income': 834, 'balance': 617, 'cashflow': 492, 'errors': 0}
2026-08-12 17:37:19,449 INFO    findata.database.edgar_ | KGC processed: {'text_filings': 0, 'sections': 0, 'form4_rows': 0, 'income': 27, 'balance': 35, 'cashflow': 0, 'errors': 0}
2026-08-12 17:37:19,813 INFO    findata.database.edgar_ | WAT processed: {'text_filings': 0, 'sections': 0, 'form4_rows': 0, 'income': 988, 'balance': 965, 'cashflow': 377, 'errors': 0}
2026-08-12 17:37:20,279 INFO    findata.database.edgar_ | PNR processed: {'text_filings': 0, 'sections': 0, 'form4_rows': 0, 'income': 912, 'balance': 746, 'cashflow': 481, 'errors': 0}
2026-08-12 17:37:23,168 WARNING edgar.entity.parser | No facts found for CIK 1604174
2026-08-12 17:37:24,061 INFO    findata.database.edgar_ | PCAR processed: {'text_filings': 0, 'sections': 0, 'form4_rows': 0, 'income': 652, 'balance': 275, 'cashflow': 504, 'errors': 0}
2026-08-12 17:37:24,262 INFO    findata.database.edgar_ | KNOP processed: {'text_filings': 0, 'sections': 0, 'form4_rows': 0, 'income': 166, 'balance': 280, 'cashflow': 145, 'errors': 0}
2026-08-12 17:37:31,544 INFO    findata.database.edgar_ | SBSI processed: {'text_filings': 0, 'sections': 0, 'form4_rows': 0, 'income': 553, 'balance': 470, 'cashflow': 451, 'errors': 0}
2026-08-12 17:37:31,632 INFO    findata.database.edgar_ | UGP processed: {'text_filings': 0, 'sections': 0, 'form4_rows': 0, 'income': 20, 'balance': 20, 'cashflow': 0, 'errors': 0}
2026-08-12 17:37:31,634 INFO    findata.database.edgar_ | ECC processed: {'text_filings': 0, 'sections': 0, 'form4_rows': 0, 'income': 0, 'balance': 0, 'cashflow': 0, 'errors': 0}
2026-08-12 17:37:36,827 INFO    findata.database.edgar_ | IRS processed: {'text_filings': 0, 'sections': 0, 'form4_rows': 0, 'income': 24, 'balance': 29, 'cashflow': 0, 'errors': 0}
2026-08-12 17:37:37,140 INFO    findata.database.edgar_ | SLM processed: {'text_filings': 0, 'sections': 0, 'form4_rows': 0, 'income': 679, 'balance': 526, 'cashflow': 399, 'errors': 0}
2026-08-12 17:37:37,593 INFO    findata.database.edgar_ | SO processed: {'text_filings': 0, 'sections': 0, 'form4_rows': 0, 'income': 792, 'balance': 647, 'cashflow': 461, 'errors': 0}
2026-08-12 17:37:37,930 INFO    findata.database.edgar_ | HUBS processed: {'text_filings': 0, 'sections': 0, 'form4_rows': 0, 'income': 714, 'balance': 415, 'cashflow': 272, 'errors': 0}
2026-08-12 17:37:38,343 INFO    findata.database.edgar_ | TTC processed: {'text_filings': 0, 'sections': 0, 'form4_rows': 0, 'income': 899, 'balance': 746, 'cashflow': 480, 'errors': 0}
2026-08-12 17:37:44,628 INFO    findata.database.edgar_ | DIOD processed: {'text_filings': 0, 'sections': 0, 'form4_rows': 0, 'income': 1046, 'balance': 808, 'cashflow': 330, 'errors': 0}
2026-08-12 17:37:45,054 INFO    findata.database.edgar_ | KLIC processed: {'text_filings': 0, 'sections': 0, 'form4_rows': 0, 'income': 1034, 'balance': 690, 'cashflow': 428, 'errors': 0}
2026-08-12 17:37:45,341 INFO    findata.database.edgar_ | AVGO processed: {'text_filings': 0, 'sections': 0, 'form4_rows': 0, 'income': 547, 'balance': 418, 'cashflow': 295, 'errors': 0}
2026-08-12 17:37:45,763 INFO    findata.database.edgar_ | BA processed: {'text_filings': 0, 'sections': 0, 'form4_rows': 0, 'income': 1060, 'balance': 766, 'cashflow': 478, 'errors': 0}
2026-08-12 17:37:46,010 INFO    findata.database.edgar_ | HFWA processed: {'text_filings': 0, 'sections': 0, 'form4_rows': 0, 'income': 506, 'balance': 437, 'cashflow': 455, 'errors': 0}
2026-08-12 17:37:51,428 INFO    findata.database.edgar_ | MLM processed: {'text_filings': 0, 'sections': 0, 'form4_rows': 0, 'income': 916, 'balance': 790, 'cashflow': 462, 'errors': 0}
2026-08-12 17:37:51,740 INFO    findata.database.edgar_ | LAZ processed: {'text_filings': 0, 'sections': 0, 'form4_rows': 0, 'income': 740, 'balance': 417, 'cashflow': 471, 'errors': 0}
2026-08-12 17:37:52,043 INFO    findata.database.edgar_ | LKFN processed: {'text_filings': 0, 'sections': 0, 'form4_rows': 0, 'income': 552, 'balance': 478, 'cashflow': 471, 'errors': 0}
2026-08-12 17:37:52,339 INFO    findata.database.edgar_ | DHC processed: {'text_filings': 0, 'sections': 0, 'form4_rows': 0, 'income': 659, 'balance': 410, 'cashflow': 439, 'errors': 0}
2026-08-12 17:37:52,601 INFO    findata.database.edgar_ | RIGL processed: {'text_filings': 0, 'sections': 0, 'form4_rows': 0, 'income': 519, 'balance': 523, 'cashflow': 319, 'errors': 0}
2026-08-15 09:17:49,223 INFO    findata.configs | Logging configured -> /Users/connorott/PycharmProjects/findata/logs/init_edgar.log
2026-08-15 09:18:54,769 INFO    findata.database.edgar_ | EDGAR run: 2 ticker(s), forms=(), extra_sections=False
2026-08-15 10:09:13,870 INFO    findata.database.edgar_ | AAPL processed: {'text_filings': 0, 'sections': 0, 'form4_rows': 0, 'income': 1107, 'balance': 869, 'cashflow': 504, 'errors': 0}
2026-08-15 10:09:21,518 INFO    findata.database.edgar_ | AMZN processed: {'text_filings': 0, 'sections': 0, 'form4_rows': 0, 'income': 1006, 'balance': 838, 'cashflow': 826, 'errors': 0}
2026-08-15 10:09:21,519 INFO    findata.database.edgar_ | EDGAR run done: {'text_filings': 0, 'sections': 0, 'form4_rows': 0, 'income': 2113, 'balance': 1707, 'cashflow': 1330, 'errors': 0}
2026-08-15 11:05:04,424 INFO    findata.configs | Logging configured -> /Users/connorott/PycharmProjects/findata/logs/init_edgar.log
2026-08-15 11:05:34,803 INFO    findata.database.edgar_ | EDGAR run: 4 ticker(s), forms=(), extra_sections=False
2026-08-15 11:07:07,996 WARNING edgar.core | Data quality issue: Q1 (-1.03B) > YTD_6M (-1.05B) for us-gaap:CashAndCashEquivalentsPeriodIncreaseDecrease, skipping Q2 derivation
2026-08-15 11:07:07,996 WARNING edgar.core | Data quality issue: Q1 (0.02B) > YTD_6M (0.01B) for us-gaap:CashAndCashEquivalentsPeriodIncreaseDecrease, skipping Q2 derivation
2026-08-15 11:07:07,997 WARNING edgar.core | Data quality issue: YTD_6M (0.01B) > YTD_9M (0.01B) for us-gaap:CashAndCashEquivalentsPeriodIncreaseDecrease, skipping Q3 derivation
2026-08-15 11:07:07,997 WARNING edgar.core | Data quality issue: YTD_6M (0.01B) > YTD_9M (0.00B) for us-gaap:CashAndCashEquivalentsPeriodIncreaseDecrease, skipping Q3 derivation
2026-08-15 11:07:07,997 WARNING edgar.core | Data quality issue: YTD_6M (-0.15B) > YTD_9M (-0.32B) for us-gaap:CashAndCashEquivalentsPeriodIncreaseDecrease, skipping Q3 derivation
2026-08-15 11:07:07,997 WARNING edgar.core | Data quality issue: YTD_9M (0.09B) > FY (-0.04B) for us-gaap:CashAndCashEquivalentsPeriodIncreaseDecrease, skipping Q4 derivation
2026-08-15 11:07:07,997 WARNING edgar.core | Data quality issue: YTD_9M (0.09B) > FY (-0.04B) for us-gaap:CashAndCashEquivalentsPeriodIncreaseDecrease, skipping Q4 derivation
2026-08-15 11:07:07,997 WARNING edgar.core | Data quality issue: YTD_9M (0.01B) > FY (-0.00B) for us-gaap:CashAndCashEquivalentsPeriodIncreaseDecrease, skipping Q4 derivation
2026-08-15 11:07:07,997 WARNING edgar.core | Data quality issue: YTD_9M (0.01B) > FY (-0.00B) for us-gaap:CashAndCashEquivalentsPeriodIncreaseDecrease, skipping Q4 derivation
2026-08-15 11:07:07,997 WARNING edgar.core | Data quality issue: YTD_9M (0.00B) > FY (-0.01B) for us-gaap:CashAndCashEquivalentsPeriodIncreaseDecrease, skipping Q4 derivation
2026-08-15 11:07:07,997 WARNING edgar.core | Data quality issue: YTD_9M (0.00B) > FY (-0.01B) for us-gaap:CashAndCashEquivalentsPeriodIncreaseDecrease, skipping Q4 derivation
2026-08-15 11:07:07,997 WARNING edgar.core | Data quality issue: YTD_9M (0.42B) > FY (0.35B) for us-gaap:CashAndCashEquivalentsPeriodIncreaseDecrease, skipping Q4 derivation
2026-08-15 11:07:07,997 WARNING edgar.core | Data quality issue: YTD_9M (0.42B) > FY (0.35B) for us-gaap:CashAndCashEquivalentsPeriodIncreaseDecrease, skipping Q4 derivation
2026-08-15 11:07:07,997 WARNING edgar.core | Data quality issue: YTD_9M (-0.32B) > FY (-0.48B) for us-gaap:CashAndCashEquivalentsPeriodIncreaseDecrease, skipping Q4 derivation
2026-08-15 11:07:07,997 WARNING edgar.core | Data quality issue: Q1 (0.86B) > YTD_6M (0.72B) for us-gaap:CashCashEquivalentsRestrictedCashAndRestrictedCashEquivalentsPeriodIncreaseDecreaseIncludingExchangeRateEffect, skipping Q2 derivation
2026-08-15 11:07:07,997 WARNING edgar.core | Data quality issue: Q1 (0.05B) > YTD_6M (-0.03B) for us-gaap:CashCashEquivalentsRestrictedCashAndRestrictedCashEquivalentsPeriodIncreaseDecreaseIncludingExchangeRateEffect, skipping Q2 derivation
2026-08-15 11:07:07,997 WARNING edgar.core | Data quality issue: Q1 (-0.20B) > YTD_6M (-0.21B) for us-gaap:CashCashEquivalentsRestrictedCashAndRestrictedCashEquivalentsPeriodIncreaseDecreaseIncludingExchangeRateEffect, skipping Q2 derivation
2026-08-15 11:07:07,998 WARNING edgar.core | Data quality issue: YTD_6M (0.72B) > YTD_9M (0.65B) for us-gaap:CashCashEquivalentsRestrictedCashAndRestrictedCashEquivalentsPeriodIncreaseDecreaseIncludingExchangeRateEffect, skipping Q3 derivation
2026-08-15 11:07:07,998 WARNING edgar.core | Data quality issue: YTD_6M (-0.03B) > YTD_9M (-0.23B) for us-gaap:CashCashEquivalentsRestrictedCashAndRestrictedCashEquivalentsPeriodIncreaseDecreaseIncludingExchangeRateEffect, skipping Q3 derivation
2026-08-15 11:07:07,998 WARNING edgar.core | Data quality issue: YTD_6M (-0.36B) > YTD_9M (-0.41B) for us-gaap:CashCashEquivalentsRestrictedCashAndRestrictedCashEquivalentsPeriodIncreaseDecreaseIncludingExchangeRateEffect, skipping Q3 derivation
2026-08-15 11:07:07,998 WARNING edgar.core | Data quality issue: YTD_9M (0.65B) > FY (0.42B) for us-gaap:CashCashEquivalentsRestrictedCashAndRestrictedCashEquivalentsPeriodIncreaseDecreaseIncludingExchangeRateEffect, skipping Q4 derivation
2026-08-15 11:07:07,998 WARNING edgar.core | Data quality issue: YTD_9M (0.65B) > FY (0.42B) for us-gaap:CashCashEquivalentsRestrictedCashAndRestrictedCashEquivalentsPeriodIncreaseDecreaseIncludingExchangeRateEffect, skipping Q4 derivation
2026-08-15 11:07:07,998 WARNING edgar.core | Data quality issue: YTD_9M (-0.23B) > FY (-0.23B) for us-gaap:CashCashEquivalentsRestrictedCashAndRestrictedCashEquivalentsPeriodIncreaseDecreaseIncludingExchangeRateEffect, skipping Q4 derivation
2026-08-15 11:07:07,998 WARNING edgar.core | Data quality issue: YTD_9M (-0.23B) > FY (-0.23B) for us-gaap:CashCashEquivalentsRestrictedCashAndRestrictedCashEquivalentsPeriodIncreaseDecreaseIncludingExchangeRateEffect, skipping Q4 derivation
2026-08-15 11:07:07,998 WARNING edgar.core | Data quality issue: YTD_9M (1.30B) > FY (1.25B) for us-gaap:CashCashEquivalentsRestrictedCashAndRestrictedCashEquivalentsPeriodIncreaseDecreaseIncludingExchangeRateEffect, skipping Q4 derivation
2026-08-15 11:07:08,003 WARNING edgar.core | Data quality issue: Q1 (0.08B) > YTD_6M (0.08B) for us-gaap:DividendsCash, skipping Q2 derivation
2026-08-15 11:07:08,004 WARNING edgar.core | Data quality issue: Q1 (-0.00B) > YTD_6M (-0.00B) for us-gaap:EffectOfExchangeRateOnCashAndCashEquivalents, skipping Q2 derivation
2026-08-15 11:07:08,004 WARNING edgar.core | Data quality issue: Q1 (-0.00B) > YTD_6M (-0.00B) for us-gaap:EffectOfExchangeRateOnCashAndCashEquivalents, skipping Q2 derivation
2026-08-15 11:07:08,004 WARNING edgar.core | Data quality issue: Q1 (0.00B) > YTD_6M (0.00B) for us-gaap:EffectOfExchangeRateOnCashAndCashEquivalents, skipping Q2 derivation
2026-08-15 11:07:08,004 WARNING edgar.core | Data quality issue: Q1 (-0.00B) > YTD_6M (-0.00B) for us-gaap:EffectOfExchangeRateOnCashAndCashEquivalents, skipping Q2 derivation
2026-08-15 11:07:08,004 WARNING edgar.core | Data quality issue: YTD_6M (-0.00B) > YTD_9M (-0.00B) for us-gaap:EffectOfExchangeRateOnCashAndCashEquivalents, skipping Q3 derivation
2026-08-15 11:07:08,004 WARNING edgar.core | Data quality issue: YTD_6M (0.00B) > YTD_9M (0.00B) for us-gaap:EffectOfExchangeRateOnCashAndCashEquivalents, skipping Q3 derivation
2026-08-15 11:07:08,004 WARNING edgar.core | Data quality issue: YTD_6M (0.00B) > YTD_9M (0.00B) for us-gaap:EffectOfExchangeRateOnCashAndCashEquivalents, skipping Q3 derivation
2026-08-15 11:07:08,004 WARNING edgar.core | Data quality issue: YTD_9M (-0.00B) > FY (-0.00B) for us-gaap:EffectOfExchangeRateOnCashAndCashEquivalents, skipping Q4 derivation
2026-08-15 11:07:08,005 WARNING edgar.core | Data quality issue: YTD_9M (-0.00B) > FY (-0.00B) for us-gaap:EffectOfExchangeRateOnCashAndCashEquivalents, skipping Q4 derivation
2026-08-15 11:07:08,005 WARNING edgar.core | Data quality issue: YTD_9M (-0.00B) > FY (-0.00B) for us-gaap:EffectOfExchangeRateOnCashAndCashEquivalents, skipping Q4 derivation
2026-08-15 11:07:08,005 WARNING edgar.core | Data quality issue: YTD_9M (-0.00B) > FY (-0.00B) for us-gaap:EffectOfExchangeRateOnCashAndCashEquivalents, skipping Q4 derivation
2026-08-15 11:07:08,005 WARNING edgar.core | Data quality issue: YTD_9M (0.00B) > FY (0.00B) for us-gaap:EffectOfExchangeRateOnCashAndCashEquivalents, skipping Q4 derivation
2026-08-15 11:07:08,005 WARNING edgar.core | Data quality issue: YTD_9M (0.00B) > FY (0.00B) for us-gaap:EffectOfExchangeRateOnCashAndCashEquivalents, skipping Q4 derivation
2026-08-15 11:07:08,005 WARNING edgar.core | Data quality issue: YTD_9M (-0.00B) > FY (-0.01B) for us-gaap:EffectOfExchangeRateOnCashAndCashEquivalents, skipping Q4 derivation
2026-08-15 11:07:08,005 WARNING edgar.core | Data quality issue: YTD_9M (-0.00B) > FY (-0.01B) for us-gaap:EffectOfExchangeRateOnCashAndCashEquivalents, skipping Q4 derivation
2026-08-15 11:07:08,005 WARNING edgar.core | Data quality issue: YTD_6M (0.01B) > YTD_9M (-0.02B) for us-gaap:EffectOfExchangeRateOnCashCashEquivalentsRestrictedCashAndRestrictedCashEquivalents, skipping Q3 derivation
2026-08-15 11:07:08,005 WARNING edgar.core | Data quality issue: YTD_6M (0.00B) > YTD_9M (-0.00B) for us-gaap:EffectOfExchangeRateOnCashCashEquivalentsRestrictedCashAndRestrictedCashEquivalents, skipping Q3 derivation
2026-08-15 11:07:08,005 WARNING edgar.core | Data quality issue: YTD_9M (-0.00B) > FY (-0.01B) for us-gaap:EffectOfExchangeRateOnCashCashEquivalentsRestrictedCashAndRestrictedCashEquivalents, skipping Q4 derivation
2026-08-15 11:07:08,005 WARNING edgar.core | Data quality issue: YTD_9M (-0.00B) > FY (-0.01B) for us-gaap:EffectOfExchangeRateOnCashCashEquivalentsRestrictedCashAndRestrictedCashEquivalents, skipping Q4 derivation
2026-08-15 11:07:08,005 WARNING edgar.core | Data quality issue: YTD_9M (-0.00B) > FY (-0.01B) for us-gaap:EffectOfExchangeRateOnCashCashEquivalentsRestrictedCashAndRestrictedCashEquivalents, skipping Q4 derivation
2026-08-15 11:07:08,007 WARNING edgar.core | Data quality issue: Q1 (0.13B) > YTD_6M (0.12B) for us-gaap:GoodwillAcquiredDuringPeriod, skipping Q2 derivation
2026-08-15 11:07:08,007 WARNING edgar.core | Data quality issue: Q1 (0.81B) > YTD_6M (0.80B) for us-gaap:GoodwillAcquiredDuringPeriod, skipping Q2 derivation
2026-08-15 11:07:08,008 WARNING edgar.core | Data quality issue: YTD_6M (0.80B) > YTD_9M (0.80B) for us-gaap:GoodwillAcquiredDuringPeriod, skipping Q3 derivation
2026-08-15 11:07:08,008 WARNING edgar.core | Data quality issue: YTD_6M (0.80B) > YTD_9M (0.00B) for us-gaap:GoodwillAcquiredDuringPeriod, skipping Q3 derivation
2026-08-15 11:07:08,008 WARNING edgar.core | Data quality issue: Q1 (-0.00B) > YTD_6M (-0.01B) for us-gaap:GoodwillTranslationAdjustments, skipping Q2 derivation
2026-08-15 11:07:08,008 WARNING edgar.core | Data quality issue: YTD_6M (0.00B) > YTD_9M (-0.00B) for us-gaap:GoodwillTranslationAdjustments, skipping Q3 derivation
2026-08-15 11:07:08,008 WARNING edgar.core | Data quality issue: YTD_9M (-0.00B) > FY (-0.00B) for us-gaap:GoodwillTranslationAdjustments, skipping Q4 derivation
2026-08-15 11:07:08,008 WARNING edgar.core | Data quality issue: YTD_9M (-0.00B) > FY (-0.00B) for us-gaap:GoodwillTranslationAdjustments, skipping Q4 derivation
2026-08-15 11:07:08,008 WARNING edgar.core | Data quality issue: YTD_9M (-0.00B) > FY (-0.01B) for us-gaap:GoodwillTranslationAdjustments, skipping Q4 derivation
2026-08-15 11:07:08,012 WARNING edgar.core | Data quality issue: Q1 (0.04B) > YTD_6M (0.04B) for us-gaap:IncreaseDecreaseInAccountsReceivable, skipping Q2 derivation
2026-08-15 11:07:08,012 WARNING edgar.core | Data quality issue: Q1 (0.05B) > YTD_6M (0.05B) for us-gaap:IncreaseDecreaseInAccountsReceivable, skipping Q2 derivation
2026-08-15 11:07:08,012 WARNING edgar.core | Data quality issue: Q1 (0.17B) > YTD_6M (0.15B) for us-gaap:IncreaseDecreaseInAccountsReceivable, skipping Q2 derivation
2026-08-15 11:07:08,012 WARNING edgar.core | Data quality issue: Q1 (-0.05B) > YTD_6M (-0.05B) for us-gaap:IncreaseDecreaseInAccountsReceivable, skipping Q2 derivation
2026-08-15 11:07:08,012 WARNING edgar.core | Data quality issue: YTD_6M (0.03B) > YTD_9M (0.03B) for us-gaap:IncreaseDecreaseInAccountsReceivable, skipping Q3 derivation
2026-08-15 11:07:08,012 WARNING edgar.core | Data quality issue: YTD_6M (0.04B) > YTD_9M (0.04B) for us-gaap:IncreaseDecreaseInAccountsReceivable, skipping Q3 derivation
2026-08-15 11:07:08,012 WARNING edgar.core | Data quality issue: YTD_6M (0.15B) > YTD_9M (0.07B) for us-gaap:IncreaseDecreaseInAccountsReceivable, skipping Q3 derivation
2026-08-15 11:07:08,012 WARNING edgar.core | Data quality issue: YTD_9M (0.10B) > FY (0.05B) for us-gaap:IncreaseDecreaseInAccountsReceivable, skipping Q4 derivation
2026-08-15 11:07:08,013 WARNING edgar.core | Data quality issue: YTD_9M (0.10B) > FY (0.05B) for us-gaap:IncreaseDecreaseInAccountsReceivable, skipping Q4 derivation
2026-08-15 11:07:08,013 WARNING edgar.core | Data quality issue: YTD_9M (0.09B) > FY (0.02B) for us-gaap:IncreaseDecreaseInAccountsReceivable, skipping Q4 derivation
2026-08-15 11:07:08,013 WARNING edgar.core | Data quality issue: YTD_9M (0.09B) > FY (0.02B) for us-gaap:IncreaseDecreaseInAccountsReceivable, skipping Q4 derivation
2026-08-15 11:07:08,013 WARNING edgar.core | Data quality issue: YTD_9M (0.09B) > FY (0.04B) for us-gaap:IncreaseDecreaseInAccountsReceivable, skipping Q4 derivation
2026-08-15 11:07:08,013 WARNING edgar.core | Data quality issue: YTD_9M (0.09B) > FY (0.04B) for us-gaap:IncreaseDecreaseInAccountsReceivable, skipping Q4 derivation
2026-08-15 11:07:08,013 WARNING edgar.core | Data quality issue: YTD_9M (0.04B) > FY (-0.04B) for us-gaap:IncreaseDecreaseInAccountsReceivable, skipping Q4 derivation
2026-08-15 11:07:08,013 WARNING edgar.core | Data quality issue: YTD_9M (0.04B) > FY (-0.04B) for us-gaap:IncreaseDecreaseInAccountsReceivable, skipping Q4 derivation
2026-08-15 11:07:08,013 WARNING edgar.core | Data quality issue: YTD_9M (0.09B) > FY (0.02B) for us-gaap:IncreaseDecreaseInAccountsReceivable, skipping Q4 derivation
2026-08-15 11:07:08,013 WARNING edgar.core | Data quality issue: YTD_9M (0.09B) > FY (0.02B) for us-gaap:IncreaseDecreaseInAccountsReceivable, skipping Q4 derivation
2026-08-15 11:07:08,013 WARNING edgar.core | Data quality issue: YTD_9M (0.10B) > FY (0.06B) for us-gaap:IncreaseDecreaseInAccountsReceivable, skipping Q4 derivation
2026-08-15 11:07:08,013 WARNING edgar.core | Data quality issue: YTD_9M (0.10B) > FY (0.06B) for us-gaap:IncreaseDecreaseInAccountsReceivable, skipping Q4 derivation
2026-08-15 11:07:08,013 WARNING edgar.core | Data quality issue: YTD_9M (0.15B) > FY (0.06B) for us-gaap:IncreaseDecreaseInAccountsReceivable, skipping Q4 derivation
2026-08-15 11:07:08,013 WARNING edgar.core | Data quality issue: YTD_9M (0.15B) > FY (0.06B) for us-gaap:IncreaseDecreaseInAccountsReceivable, skipping Q4 derivation
2026-08-15 11:07:08,013 WARNING edgar.core | Data quality issue: YTD_9M (0.18B) > FY (0.03B) for us-gaap:IncreaseDecreaseInAccountsReceivable, skipping Q4 derivation
2026-08-15 11:07:08,013 WARNING edgar.core | Data quality issue: YTD_9M (0.18B) > FY (0.03B) for us-gaap:IncreaseDecreaseInAccountsReceivable, skipping Q4 derivation
2026-08-15 11:07:08,013 WARNING edgar.core | Data quality issue: YTD_9M (0.07B) > FY (-0.08B) for us-gaap:IncreaseDecreaseInAccountsReceivable, skipping Q4 derivation
2026-08-15 11:07:08,013 WARNING edgar.core | Data quality issue: YTD_9M (0.07B) > FY (-0.07B) for us-gaap:IncreaseDecreaseInAccountsReceivable, skipping Q4 derivation
2026-08-15 11:07:08,013 WARNING edgar.core | Data quality issue: YTD_9M (0.07B) > FY (-0.07B) for us-gaap:IncreaseDecreaseInAccountsReceivable, skipping Q4 derivation
2026-08-15 11:07:08,013 WARNING edgar.core | Data quality issue: YTD_9M (0.17B) > FY (0.11B) for us-gaap:IncreaseDecreaseInAccountsReceivable, skipping Q4 derivation
2026-08-15 11:07:08,013 WARNING edgar.core | Data quality issue: YTD_9M (0.17B) > FY (0.11B) for us-gaap:IncreaseDecreaseInAccountsReceivable, skipping Q4 derivation
2026-08-15 11:07:08,013 WARNING edgar.core | Data quality issue: YTD_9M (0.17B) > FY (0.11B) for us-gaap:IncreaseDecreaseInAccountsReceivable, skipping Q4 derivation
2026-08-15 11:07:08,013 WARNING edgar.core | Data quality issue: YTD_9M (0.06B) > FY (-0.03B) for us-gaap:IncreaseDecreaseInAccountsReceivable, skipping Q4 derivation
2026-08-15 11:07:08,013 WARNING edgar.core | Data quality issue: YTD_9M (-0.05B) > FY (-0.14B) for us-gaap:IncreaseDecreaseInAccountsReceivable, skipping Q4 derivation
2026-08-15 11:07:08,015 WARNING edgar.core | Data quality issue: Q1 (0.00B) > YTD_6M (-0.01B) for us-gaap:IncreaseDecreaseInOtherOperatingAssets, skipping Q2 derivation
2026-08-15 11:07:08,015 WARNING edgar.core | Data quality issue: Q1 (0.07B) > YTD_6M (0.07B) for us-gaap:IncreaseDecreaseInOtherOperatingAssets, skipping Q2 derivation
2026-08-15 11:07:08,015 WARNING edgar.core | Data quality issue: YTD_6M (0.01B) > YTD_9M (0.01B) for us-gaap:IncreaseDecreaseInOtherOperatingAssets, skipping Q3 derivation
2026-08-15 11:07:08,015 WARNING edgar.core | Data quality issue: YTD_6M (-0.01B) > YTD_9M (-0.01B) for us-gaap:IncreaseDecreaseInOtherOperatingAssets, skipping Q3 derivation
2026-08-15 11:07:08,015 WARNING edgar.core | Data quality issue: YTD_6M (0.07B) > YTD_9M (0.06B) for us-gaap:IncreaseDecreaseInOtherOperatingAssets, skipping Q3 derivation
2026-08-15 11:07:08,015 WARNING edgar.core | Data quality issue: YTD_9M (0.01B) > FY (-0.01B) for us-gaap:IncreaseDecreaseInOtherOperatingAssets, skipping Q4 derivation
2026-08-15 11:07:08,015 WARNING edgar.core | Data quality issue: YTD_9M (0.01B) > FY (-0.01B) for us-gaap:IncreaseDecreaseInOtherOperatingAssets, skipping Q4 derivation
2026-08-15 11:07:08,015 WARNING edgar.core | Data quality issue: YTD_9M (0.02B) > FY (-0.02B) for us-gaap:IncreaseDecreaseInOtherOperatingAssets, skipping Q4 derivation
2026-08-15 11:07:08,015 WARNING edgar.core | Data quality issue: YTD_9M (0.01B) > FY (-0.01B) for us-gaap:IncreaseDecreaseInOtherOperatingAssets, skipping Q4 derivation
2026-08-15 11:07:08,016 WARNING edgar.core | Data quality issue: YTD_9M (0.01B) > FY (-0.01B) for us-gaap:IncreaseDecreaseInOtherOperatingAssets, skipping Q4 derivation
2026-08-15 11:07:08,016 WARNING edgar.core | Data quality issue: YTD_9M (0.02B) > FY (-0.01B) for us-gaap:IncreaseDecreaseInOtherOperatingAssets, skipping Q4 derivation
2026-08-15 11:07:08,016 WARNING edgar.core | Data quality issue: YTD_9M (0.02B) > FY (-0.01B) for us-gaap:IncreaseDecreaseInOtherOperatingAssets, skipping Q4 derivation
2026-08-15 11:07:08,016 WARNING edgar.core | Data quality issue: YTD_9M (0.02B) > FY (-0.01B) for us-gaap:IncreaseDecreaseInOtherOperatingAssets, skipping Q4 derivation
2026-08-15 11:07:08,016 WARNING edgar.core | Data quality issue: YTD_9M (0.06B) > FY (0.02B) for us-gaap:IncreaseDecreaseInOtherOperatingAssets, skipping Q4 derivation
2026-08-15 11:07:08,016 WARNING edgar.core | Data quality issue: Q1 (-0.01B) > YTD_6M (-0.02B) for us-gaap:IncreaseDecreaseInReceivables, skipping Q2 derivation
2026-08-15 11:07:08,016 WARNING edgar.core | Data quality issue: YTD_6M (-0.02B) > YTD_9M (-0.02B) for us-gaap:IncreaseDecreaseInReceivables, skipping Q3 derivation
2026-08-15 11:07:08,016 WARNING edgar.core | Data quality issue: YTD_6M (0.00B) > YTD_9M (-0.01B) for us-gaap:IncreaseDecreaseInReceivables, skipping Q3 derivation
2026-08-15 11:07:08,016 WARNING edgar.core | Data quality issue: YTD_6M (-0.02B) > YTD_9M (-0.06B) for us-gaap:IncreaseDecreaseInReceivables, skipping Q3 derivation
2026-08-15 11:07:08,016 WARNING edgar.core | Data quality issue: YTD_9M (-0.02B) > FY (-0.03B) for us-gaap:IncreaseDecreaseInReceivables, skipping Q4 derivation
2026-08-15 11:07:08,016 WARNING edgar.core | Data quality issue: YTD_9M (-0.02B) > FY (-0.03B) for us-gaap:IncreaseDecreaseInReceivables, skipping Q4 derivation
2026-08-15 11:07:08,016 WARNING edgar.core | Data quality issue: YTD_9M (-0.01B) > FY (-0.02B) for us-gaap:IncreaseDecreaseInReceivables, skipping Q4 derivation
2026-08-15 11:07:08,019 WARNING edgar.core | Data quality issue: Q1 (0.15B) > YTD_6M (0.13B) for us-gaap:NetCashProvidedByUsedInFinancingActivities, skipping Q2 derivation
2026-08-15 11:07:08,019 WARNING edgar.core | Data quality issue: Q1 (-0.08B) > YTD_6M (-0.11B) for us-gaap:NetCashProvidedByUsedInFinancingActivities, skipping Q2 derivation
2026-08-15 11:07:08,019 WARNING edgar.core | Data quality issue: Q1 (1.01B) > YTD_6M (0.80B) for us-gaap:NetCashProvidedByUsedInFinancingActivities, skipping Q2 derivation
2026-08-15 11:07:08,019 WARNING edgar.core | Data quality issue: Q1 (-0.03B) > YTD_6M (-0.19B) for us-gaap:NetCashProvidedByUsedInFinancingActivities, skipping Q2 derivation
2026-08-15 11:07:08,019 WARNING edgar.core | Data quality issue: Q1 (0.02B) > YTD_6M (-0.04B) for us-gaap:NetCashProvidedByUsedInFinancingActivities, skipping Q2 derivation
2026-08-15 11:07:08,019 WARNING edgar.core | Data quality issue: Q1 (0.02B) > YTD_6M (-0.03B) for us-gaap:NetCashProvidedByUsedInFinancingActivities, skipping Q2 derivation
2026-08-15 11:07:08,019 WARNING edgar.core | Data quality issue: Q1 (-0.50B) > YTD_6M (-0.54B) for us-gaap:NetCashProvidedByUsedInFinancingActivities, skipping Q2 derivation
2026-08-15 11:07:08,019 WARNING edgar.core | Data quality issue: Q1 (0.94B) > YTD_6M (0.42B) for us-gaap:NetCashProvidedByUsedInFinancingActivities, skipping Q2 derivation
2026-08-15 11:07:08,019 WARNING edgar.core | Data quality issue: Q1 (-0.22B) > YTD_6M (-0.68B) for us-gaap:NetCashProvidedByUsedInFinancingActivities, skipping Q2 derivation
2026-08-15 11:07:08,019 WARNING edgar.core | Data quality issue: Q1 (-0.27B) > YTD_6M (-0.47B) for us-gaap:NetCashProvidedByUsedInFinancingActivities, skipping Q2 derivation
2026-08-15 11:07:08,019 WARNING edgar.core | Data quality issue: Q1 (0.43B) > YTD_6M (0.31B) for us-gaap:NetCashProvidedByUsedInFinancingActivities, skipping Q2 derivation
2026-08-15 11:07:08,019 WARNING edgar.core | Data quality issue: Q1 (-0.03B) > YTD_6M (-0.04B) for us-gaap:NetCashProvidedByUsedInFinancingActivities, skipping Q2 derivation
2026-08-15 11:07:08,019 WARNING edgar.core | Data quality issue: Q1 (-0.02B) > YTD_6M (-0.03B) for us-gaap:NetCashProvidedByUsedInFinancingActivities, skipping Q2 derivation
2026-08-15 11:07:08,019 WARNING edgar.core | Data quality issue: YTD_6M (-0.34B) > YTD_9M (-0.36B) for us-gaap:NetCashProvidedByUsedInFinancingActivities, skipping Q3 derivation
2026-08-15 11:07:08,019 WARNING edgar.core | Data quality issue: YTD_6M (-0.31B) > YTD_9M (-0.38B) for us-gaap:NetCashProvidedByUsedInFinancingActivities, skipping Q3 derivation
2026-08-15 11:07:08,019 WARNING edgar.core | Data quality issue: YTD_6M (0.13B) > YTD_9M (0.12B) for us-gaap:NetCashProvidedByUsedInFinancingActivities, skipping Q3 derivation
2026-08-15 11:07:08,019 WARNING edgar.core | Data quality issue: YTD_6M (-0.11B) > YTD_9M (-0.11B) for us-gaap:NetCashProvidedByUsedInFinancingActivities, skipping Q3 derivation
2026-08-15 11:07:08,020 WARNING edgar.core | Data quality issue: YTD_6M (0.80B) > YTD_9M (0.66B) for us-gaap:NetCashProvidedByUsedInFinancingActivities, skipping Q3 derivation
2026-08-15 11:07:08,020 WARNING edgar.core | Data quality issue: YTD_6M (-0.19B) > YTD_9M (-0.34B) for us-gaap:NetCashProvidedByUsedInFinancingActivities, skipping Q3 derivation
2026-08-15 11:07:08,020 WARNING edgar.core | Data quality issue: YTD_6M (-0.04B) > YTD_9M (-0.18B) for us-gaap:NetCashProvidedByUsedInFinancingActivities, skipping Q3 derivation
2026-08-15 11:07:08,020 WARNING edgar.core | Data quality issue: YTD_6M (-0.03B) > YTD_9M (-0.15B) for us-gaap:NetCashProvidedByUsedInFinancingActivities, skipping Q3 derivation
2026-08-15 11:07:08,020 WARNING edgar.core | Data quality issue: YTD_6M (-0.54B) > YTD_9M (-0.87B) for us-gaap:NetCashProvidedByUsedInFinancingActivities, skipping Q3 derivation
2026-08-15 11:07:08,020 WARNING edgar.core | Data quality issue: YTD_6M (0.42B) > YTD_9M (0.03B) for us-gaap:NetCashProvidedByUsedInFinancingActivities, skipping Q3 derivation
2026-08-15 11:07:08,020 WARNING edgar.core | Data quality issue: YTD_6M (-0.68B) > YTD_9M (-0.97B) for us-gaap:NetCashProvidedByUsedInFinancingActivities, skipping Q3 derivation
2026-08-15 11:07:08,020 WARNING edgar.core | Data quality issue: YTD_6M (-0.47B) > YTD_9M (-0.55B) for us-gaap:NetCashProvidedByUsedInFinancingActivities, skipping Q3 derivation
2026-08-15 11:07:08,020 WARNING edgar.core | Data quality issue: YTD_6M (0.31B) > YTD_9M (0.20B) for us-gaap:NetCashProvidedByUsedInFinancingActivities, skipping Q3 derivation
2026-08-15 11:07:08,020 WARNING edgar.core | Data quality issue: YTD_6M (-0.04B) > YTD_9M (-0.06B) for us-gaap:NetCashProvidedByUsedInFinancingActivities, skipping Q3 derivation
2026-08-15 11:07:08,020 WARNING edgar.core | Data quality issue: YTD_9M (-0.36B) > FY (-0.51B) for us-gaap:NetCashProvidedByUsedInFinancingActivities, skipping Q4 derivation
2026-08-15 11:07:08,020 WARNING edgar.core | Data quality issue: YTD_9M (-0.36B) > FY (-0.51B) for us-gaap:NetCashProvidedByUsedInFinancingActivities, skipping Q4 derivation
2026-08-15 11:07:08,020 WARNING edgar.core | Data quality issue: YTD_9M (-0.38B) > FY (-0.54B) for us-gaap:NetCashProvidedByUsedInFinancingActivities, skipping Q4 derivation
2026-08-15 11:07:08,020 WARNING edgar.core | Data quality issue: YTD_9M (-0.38B) > FY (-0.54B) for us-gaap:NetCashProvidedByUsedInFinancingActivities, skipping Q4 derivation
2026-08-15 11:07:08,020 WARNING edgar.core | Data quality issue: YTD_9M (0.66B) > FY (0.58B) for us-gaap:NetCashProvidedByUsedInFinancingActivities, skipping Q4 derivation
2026-08-15 11:07:08,020 WARNING edgar.core | Data quality issue: YTD_9M (0.66B) > FY (0.58B) for us-gaap:NetCashProvidedByUsedInFinancingActivities, skipping Q4 derivation
2026-08-15 11:07:08,020 WARNING edgar.core | Data quality issue: YTD_9M (-0.34B) > FY (-0.45B) for us-gaap:NetCashProvidedByUsedInFinancingActivities, skipping Q4 derivation
2026-08-15 11:07:08,020 WARNING edgar.core | Data quality issue: YTD_9M (-0.34B) > FY (-0.45B) for us-gaap:NetCashProvidedByUsedInFinancingActivities, skipping Q4 derivation
2026-08-15 11:07:08,020 WARNING edgar.core | Data quality issue: YTD_9M (-0.18B) > FY (-0.19B) for us-gaap:NetCashProvidedByUsedInFinancingActivities, skipping Q4 derivation
2026-08-15 11:07:08,020 WARNING edgar.core | Data quality issue: YTD_9M (-0.18B) > FY (-0.22B) for us-gaap:NetCashProvidedByUsedInFinancingActivities, skipping Q4 derivation
2026-08-15 11:07:08,020 WARNING edgar.core | Data quality issue: YTD_9M (-0.15B) > FY (-0.26B) for us-gaap:NetCashProvidedByUsedInFinancingActivities, skipping Q4 derivation
2026-08-15 11:07:08,020 WARNING edgar.core | Data quality issue: YTD_9M (-0.15B) > FY (-0.26B) for us-gaap:NetCashProvidedByUsedInFinancingActivities, skipping Q4 derivation
2026-08-15 11:07:08,020 WARNING edgar.core | Data quality issue: YTD_9M (-0.87B) > FY (-0.88B) for us-gaap:NetCashProvidedByUsedInFinancingActivities, skipping Q4 derivation
2026-08-15 11:07:08,020 WARNING edgar.core | Data quality issue: YTD_9M (-0.87B) > FY (-0.88B) for us-gaap:NetCashProvidedByUsedInFinancingActivities, skipping Q4 derivation
2026-08-15 11:07:08,020 WARNING edgar.core | Data quality issue: YTD_9M (0.03B) > FY (-0.29B) for us-gaap:NetCashProvidedByUsedInFinancingActivities, skipping Q4 derivation
2026-08-15 11:07:08,020 WARNING edgar.core | Data quality issue: YTD_9M (0.03B) > FY (-0.29B) for us-gaap:NetCashProvidedByUsedInFinancingActivities, skipping Q4 derivation
2026-08-15 11:07:08,020 WARNING edgar.core | Data quality issue: YTD_9M (-0.97B) > FY (-1.06B) for us-gaap:NetCashProvidedByUsedInFinancingActivities, skipping Q4 derivation
2026-08-15 11:07:08,020 WARNING edgar.core | Data quality issue: YTD_9M (-0.97B) > FY (-1.06B) for us-gaap:NetCashProvidedByUsedInFinancingActivities, skipping Q4 derivation
2026-08-15 11:07:08,020 WARNING edgar.core | Data quality issue: YTD_9M (-0.55B) > FY (-0.62B) for us-gaap:NetCashProvidedByUsedInFinancingActivities, skipping Q4 derivation
2026-08-15 11:07:08,020 WARNING edgar.core | Data quality issue: YTD_9M (-0.55B) > FY (-0.62B) for us-gaap:NetCashProvidedByUsedInFinancingActivities, skipping Q4 derivation
2026-08-15 11:07:08,020 WARNING edgar.core | Data quality issue: YTD_9M (-0.55B) > FY (-0.62B) for us-gaap:NetCashProvidedByUsedInFinancingActivities, skipping Q4 derivation
2026-08-15 11:07:08,020 WARNING edgar.core | Data quality issue: YTD_9M (0.20B) > FY (0.19B) for us-gaap:NetCashProvidedByUsedInFinancingActivities, skipping Q4 derivation
2026-08-15 11:07:08,020 WARNING edgar.core | Data quality issue: YTD_9M (0.20B) > FY (0.19B) for us-gaap:NetCashProvidedByUsedInFinancingActivities, skipping Q4 derivation
2026-08-15 11:07:08,021 WARNING edgar.core | Data quality issue: YTD_9M (0.20B) > FY (0.19B) for us-gaap:NetCashProvidedByUsedInFinancingActivities, skipping Q4 derivation
2026-08-15 11:07:08,021 WARNING edgar.core | Data quality issue: YTD_9M (-0.06B) > FY (-0.08B) for us-gaap:NetCashProvidedByUsedInFinancingActivities, skipping Q4 derivation
2026-08-15 11:07:08,021 WARNING edgar.core | Data quality issue: YTD_9M (1.56B) > FY (1.54B) for us-gaap:NetCashProvidedByUsedInFinancingActivities, skipping Q4 derivation
2026-08-15 11:07:08,021 WARNING edgar.core | Data quality issue: Q1 (-0.08B) > YTD_6M (-0.15B) for us-gaap:NetCashProvidedByUsedInInvestingActivities, skipping Q2 derivation
2026-08-15 11:07:08,021 WARNING edgar.core | Data quality issue: Q1 (-0.24B) > YTD_6M (-0.28B) for us-gaap:NetCashProvidedByUsedInInvestingActivities, skipping Q2 derivation
2026-08-15 11:07:08,021 WARNING edgar.core | Data quality issue: Q1 (-2.12B) > YTD_6M (-2.17B) for us-gaap:NetCashProvidedByUsedInInvestingActivities, skipping Q2 derivation
2026-08-15 11:07:08,021 WARNING edgar.core | Data quality issue: Q1 (-0.06B) > YTD_6M (-0.13B) for us-gaap:NetCashProvidedByUsedInInvestingActivities, skipping Q2 derivation
2026-08-15 11:07:08,021 WARNING edgar.core | Data quality issue: Q1 (-0.09B) > YTD_6M (-0.14B) for us-gaap:NetCashProvidedByUsedInInvestingActivities, skipping Q2 derivation
2026-08-15 11:07:08,021 WARNING edgar.core | Data quality issue: Q1 (-0.06B) > YTD_6M (-0.12B) for us-gaap:NetCashProvidedByUsedInInvestingActivities, skipping Q2 derivation
2026-08-15 11:07:08,021 WARNING edgar.core | Data quality issue: Q1 (-0.03B) > YTD_6M (-0.06B) for us-gaap:NetCashProvidedByUsedInInvestingActivities, skipping Q2 derivation
2026-08-15 11:07:08,021 WARNING edgar.core | Data quality issue: Q1 (-0.06B) > YTD_6M (-0.10B) for us-gaap:NetCashProvidedByUsedInInvestingActivities, skipping Q2 derivation
2026-08-15 11:07:08,021 WARNING edgar.core | Data quality issue: Q1 (-0.08B) > YTD_6M (-0.14B) for us-gaap:NetCashProvidedByUsedInInvestingActivities, skipping Q2 derivation
2026-08-15 11:07:08,021 WARNING edgar.core | Data quality issue: Q1 (-0.07B) > YTD_6M (-0.13B) for us-gaap:NetCashProvidedByUsedInInvestingActivities, skipping Q2 derivation
2026-08-15 11:07:08,021 WARNING edgar.core | Data quality issue: Q1 (-0.11B) > YTD_6M (-0.21B) for us-gaap:NetCashProvidedByUsedInInvestingActivities, skipping Q2 derivation
2026-08-15 11:07:08,021 WARNING edgar.core | Data quality issue: Q1 (-0.09B) > YTD_6M (-0.14B) for us-gaap:NetCashProvidedByUsedInInvestingActivities, skipping Q2 derivation
2026-08-15 11:07:08,021 WARNING edgar.core | Data quality issue: Q1 (-0.04B) > YTD_6M (-0.08B) for us-gaap:NetCashProvidedByUsedInInvestingActivities, skipping Q2 derivation
2026-08-15 11:07:08,021 WARNING edgar.core | Data quality issue: Q1 (-0.03B) > YTD_6M (-0.07B) for us-gaap:NetCashProvidedByUsedInInvestingActivities, skipping Q2 derivation
2026-08-15 11:07:08,021 WARNING edgar.core | Data quality issue: YTD_6M (-0.10B) > YTD_9M (-0.15B) for us-gaap:NetCashProvidedByUsedInInvestingActivities, skipping Q3 derivation
2026-08-15 11:07:08,021 WARNING edgar.core | Data quality issue: YTD_6M (-0.15B) > YTD_9M (-0.22B) for us-gaap:NetCashProvidedByUsedInInvestingActivities, skipping Q3 derivation
2026-08-15 11:07:08,021 WARNING edgar.core | Data quality issue: YTD_6M (-0.15B) > YTD_9M (-0.21B) for us-gaap:NetCashProvidedByUsedInInvestingActivities, skipping Q3 derivation
2026-08-15 11:07:08,021 WARNING edgar.core | Data quality issue: YTD_6M (-0.28B) > YTD_9M (-0.32B) for us-gaap:NetCashProvidedByUsedInInvestingActivities, skipping Q3 derivation
2026-08-15 11:07:08,021 WARNING edgar.core | Data quality issue: YTD_6M (-2.17B) > YTD_9M (-2.22B) for us-gaap:NetCashProvidedByUsedInInvestingActivities, skipping Q3 derivation
2026-08-15 11:07:08,021 WARNING edgar.core | Data quality issue: YTD_6M (-0.13B) > YTD_9M (-0.18B) for us-gaap:NetCashProvidedByUsedInInvestingActivities, skipping Q3 derivation
2026-08-15 11:07:08,021 WARNING edgar.core | Data quality issue: YTD_6M (-0.14B) > YTD_9M (-0.21B) for us-gaap:NetCashProvidedByUsedInInvestingActivities, skipping Q3 derivation
2026-08-15 11:07:08,021 WARNING edgar.core | Data quality issue: YTD_6M (-0.12B) > YTD_9M (-0.15B) for us-gaap:NetCashProvidedByUsedInInvestingActivities, skipping Q3 derivation
2026-08-15 11:07:08,021 WARNING edgar.core | Data quality issue: YTD_6M (-0.06B) > YTD_9M (-0.10B) for us-gaap:NetCashProvidedByUsedInInvestingActivities, skipping Q3 derivation
2026-08-15 11:07:08,021 WARNING edgar.core | Data quality issue: YTD_6M (-0.10B) > YTD_9M (-0.16B) for us-gaap:NetCashProvidedByUsedInInvestingActivities, skipping Q3 derivation
2026-08-15 11:07:08,021 WARNING edgar.core | Data quality issue: YTD_6M (-0.14B) > YTD_9M (-0.19B) for us-gaap:NetCashProvidedByUsedInInvestingActivities, skipping Q3 derivation
2026-08-15 11:07:08,021 WARNING edgar.core | Data quality issue: YTD_6M (-0.13B) > YTD_9M (-0.19B) for us-gaap:NetCashProvidedByUsedInInvestingActivities, skipping Q3 derivation
2026-08-15 11:07:08,021 WARNING edgar.core | Data quality issue: YTD_6M (-0.21B) > YTD_9M (-0.33B) for us-gaap:NetCashProvidedByUsedInInvestingActivities, skipping Q3 derivation
2026-08-15 11:07:08,021 WARNING edgar.core | Data quality issue: YTD_6M (-0.14B) > YTD_9M (-0.19B) for us-gaap:NetCashProvidedByUsedInInvestingActivities, skipping Q3 derivation
2026-08-15 11:07:08,021 WARNING edgar.core | Data quality issue: YTD_6M (-0.08B) > YTD_9M (-0.12B) for us-gaap:NetCashProvidedByUsedInInvestingActivities, skipping Q3 derivation
2026-08-15 11:07:08,021 WARNING edgar.core | Data quality issue: YTD_6M (-0.07B) > YTD_9M (-0.14B) for us-gaap:NetCashProvidedByUsedInInvestingActivities, skipping Q3 derivation
2026-08-15 11:07:08,021 WARNING edgar.core | Data quality issue: YTD_9M (-0.15B) > FY (-0.20B) for us-gaap:NetCashProvidedByUsedInInvestingActivities, skipping Q4 derivation
2026-08-15 11:07:08,021 WARNING edgar.core | Data quality issue: YTD_9M (-0.15B) > FY (-0.20B) for us-gaap:NetCashProvidedByUsedInInvestingActivities, skipping Q4 derivation
2026-08-15 11:07:08,021 WARNING edgar.core | Data quality issue: YTD_9M (-0.22B) > FY (-0.29B) for us-gaap:NetCashProvidedByUsedInInvestingActivities, skipping Q4 derivation
2026-08-15 11:07:08,021 WARNING edgar.core | Data quality issue: YTD_9M (-0.22B) > FY (-0.29B) for us-gaap:NetCashProvidedByUsedInInvestingActivities, skipping Q4 derivation
2026-08-15 11:07:08,021 WARNING edgar.core | Data quality issue: YTD_9M (-0.21B) > FY (-0.27B) for us-gaap:NetCashProvidedByUsedInInvestingActivities, skipping Q4 derivation
2026-08-15 11:07:08,021 WARNING edgar.core | Data quality issue: YTD_9M (-0.21B) > FY (-0.27B) for us-gaap:NetCashProvidedByUsedInInvestingActivities, skipping Q4 derivation
2026-08-15 11:07:08,022 WARNING edgar.core | Data quality issue: YTD_9M (-0.32B) > FY (-0.36B) for us-gaap:NetCashProvidedByUsedInInvestingActivities, skipping Q4 derivation
2026-08-15 11:07:08,022 WARNING edgar.core | Data quality issue: YTD_9M (-0.32B) > FY (-0.36B) for us-gaap:NetCashProvidedByUsedInInvestingActivities, skipping Q4 derivation
2026-08-15 11:07:08,022 WARNING edgar.core | Data quality issue: YTD_9M (-2.22B) > FY (-2.29B) for us-gaap:NetCashProvidedByUsedInInvestingActivities, skipping Q4 derivation
2026-08-15 11:07:08,022 WARNING edgar.core | Data quality issue: YTD_9M (-2.22B) > FY (-2.29B) for us-gaap:NetCashProvidedByUsedInInvestingActivities, skipping Q4 derivation
2026-08-15 11:07:08,022 WARNING edgar.core | Data quality issue: YTD_9M (-0.18B) > FY (-0.25B) for us-gaap:NetCashProvidedByUsedInInvestingActivities, skipping Q4 derivation
2026-08-15 11:07:08,022 WARNING edgar.core | Data quality issue: YTD_9M (-0.18B) > FY (-0.25B) for us-gaap:NetCashProvidedByUsedInInvestingActivities, skipping Q4 derivation
2026-08-15 11:07:08,022 WARNING edgar.core | Data quality issue: YTD_9M (-0.21B) > FY (-0.26B) for us-gaap:NetCashProvidedByUsedInInvestingActivities, skipping Q4 derivation
2026-08-15 11:07:08,022 WARNING edgar.core | Data quality issue: YTD_9M (-0.21B) > FY (-0.26B) for us-gaap:NetCashProvidedByUsedInInvestingActivities, skipping Q4 derivation
2026-08-15 11:07:08,022 WARNING edgar.core | Data quality issue: YTD_9M (-0.15B) > FY (-0.18B) for us-gaap:NetCashProvidedByUsedInInvestingActivities, skipping Q4 derivation
2026-08-15 11:07:08,022 WARNING edgar.core | Data quality issue: YTD_9M (-0.15B) > FY (-0.18B) for us-gaap:NetCashProvidedByUsedInInvestingActivities, skipping Q4 derivation
2026-08-15 11:07:08,022 WARNING edgar.core | Data quality issue: YTD_9M (-0.10B) > FY (-0.19B) for us-gaap:NetCashProvidedByUsedInInvestingActivities, skipping Q4 derivation
2026-08-15 11:07:08,022 WARNING edgar.core | Data quality issue: YTD_9M (-0.10B) > FY (-0.19B) for us-gaap:NetCashProvidedByUsedInInvestingActivities, skipping Q4 derivation
2026-08-15 11:07:08,022 WARNING edgar.core | Data quality issue: YTD_9M (-0.16B) > FY (-0.46B) for us-gaap:NetCashProvidedByUsedInInvestingActivities, skipping Q4 derivation
2026-08-15 11:07:08,022 WARNING edgar.core | Data quality issue: YTD_9M (-0.16B) > FY (-0.46B) for us-gaap:NetCashProvidedByUsedInInvestingActivities, skipping Q4 derivation
2026-08-15 11:07:08,022 WARNING edgar.core | Data quality issue: YTD_9M (-0.19B) > FY (-0.27B) for us-gaap:NetCashProvidedByUsedInInvestingActivities, skipping Q4 derivation
2026-08-15 11:07:08,022 WARNING edgar.core | Data quality issue: YTD_9M (-0.19B) > FY (-0.27B) for us-gaap:NetCashProvidedByUsedInInvestingActivities, skipping Q4 derivation
2026-08-15 11:07:08,022 WARNING edgar.core | Data quality issue: YTD_9M (-0.19B) > FY (-0.29B) for us-gaap:NetCashProvidedByUsedInInvestingActivities, skipping Q4 derivation
2026-08-15 11:07:08,022 WARNING edgar.core | Data quality issue: YTD_9M (-0.19B) > FY (-0.29B) for us-gaap:NetCashProvidedByUsedInInvestingActivities, skipping Q4 derivation
2026-08-15 11:07:08,022 WARNING edgar.core | Data quality issue: YTD_9M (-0.33B) > FY (-0.42B) for us-gaap:NetCashProvidedByUsedInInvestingActivities, skipping Q4 derivation
2026-08-15 11:07:08,022 WARNING edgar.core | Data quality issue: YTD_9M (-0.33B) > FY (-0.42B) for us-gaap:NetCashProvidedByUsedInInvestingActivities, skipping Q4 derivation
2026-08-15 11:07:08,022 WARNING edgar.core | Data quality issue: YTD_9M (-0.33B) > FY (-0.42B) for us-gaap:NetCashProvidedByUsedInInvestingActivities, skipping Q4 derivation
2026-08-15 11:07:08,022 WARNING edgar.core | Data quality issue: YTD_9M (-0.19B) > FY (-0.24B) for us-gaap:NetCashProvidedByUsedInInvestingActivities, skipping Q4 derivation
2026-08-15 11:07:08,022 WARNING edgar.core | Data quality issue: YTD_9M (-0.19B) > FY (-0.24B) for us-gaap:NetCashProvidedByUsedInInvestingActivities, skipping Q4 derivation
2026-08-15 11:07:08,022 WARNING edgar.core | Data quality issue: YTD_9M (-0.19B) > FY (-0.24B) for us-gaap:NetCashProvidedByUsedInInvestingActivities, skipping Q4 derivation
2026-08-15 11:07:08,022 WARNING edgar.core | Data quality issue: YTD_9M (-0.14B) > FY (-0.24B) for us-gaap:NetCashProvidedByUsedInInvestingActivities, skipping Q4 derivation
2026-08-15 11:07:08,022 WARNING edgar.core | Data quality issue: YTD_6M (-0.11B) > YTD_9M (-0.12B) for us-gaap:NetCashProvidedByUsedInOperatingActivities, skipping Q3 derivation
2026-08-15 11:07:08,023 WARNING edgar.core | Data quality issue: YTD_9M (0.16B) > FY (0.08B) for us-gaap:NetCashProvidedByUsedInOperatingActivities, skipping Q4 derivation
2026-08-15 11:07:08,024 WARNING edgar.core | Data quality issue: Q1 (0.01B) > YTD_6M (0.01B) for us-gaap:NoncashOrPartNoncashAcquisitionFixedAssetsAcquired1, skipping Q2 derivation
2026-08-15 11:07:08,024 WARNING edgar.core | Data quality issue: Q1 (0.01B) > YTD_6M (0.01B) for us-gaap:NoncashOrPartNoncashAcquisitionFixedAssetsAcquired1, skipping Q2 derivation
2026-08-15 11:07:08,024 WARNING edgar.core | Data quality issue: Q1 (0.01B) > YTD_6M (0.01B) for us-gaap:NoncashOrPartNoncashAcquisitionFixedAssetsAcquired1, skipping Q2 derivation
2026-08-15 11:07:08,024 WARNING edgar.core | Data quality issue: Q1 (0.03B) > YTD_6M (0.01B) for us-gaap:NoncashOrPartNoncashAcquisitionFixedAssetsAcquired1, skipping Q2 derivation
2026-08-15 11:07:08,024 WARNING edgar.core | Data quality issue: Q1 (0.01B) > YTD_6M (0.01B) for us-gaap:NoncashOrPartNoncashAcquisitionFixedAssetsAcquired1, skipping Q2 derivation
2026-08-15 11:07:08,024 WARNING edgar.core | Data quality issue: YTD_6M (0.03B) > YTD_9M (0.02B) for us-gaap:NoncashOrPartNoncashAcquisitionFixedAssetsAcquired1, skipping Q3 derivation
2026-08-15 11:07:08,024 WARNING edgar.core | Data quality issue: YTD_6M (0.02B) > YTD_9M (0.02B) for us-gaap:NoncashOrPartNoncashAcquisitionFixedAssetsAcquired1, skipping Q3 derivation
2026-08-15 11:07:08,024 WARNING edgar.core | Data quality issue: YTD_6M (0.01B) > YTD_9M (0.01B) for us-gaap:NoncashOrPartNoncashAcquisitionFixedAssetsAcquired1, skipping Q3 derivation
2026-08-15 11:07:08,024 WARNING edgar.core | Data quality issue: YTD_6M (0.02B) > YTD_9M (0.01B) for us-gaap:NoncashOrPartNoncashAcquisitionFixedAssetsAcquired1, skipping Q3 derivation
2026-08-15 11:07:08,024 WARNING edgar.core | Data quality issue: YTD_6M (0.01B) > YTD_9M (0.01B) for us-gaap:NoncashOrPartNoncashAcquisitionFixedAssetsAcquired1, skipping Q3 derivation
2026-08-15 11:07:08,024 WARNING edgar.core | Data quality issue: YTD_9M (0.03B) > FY (0.03B) for us-gaap:NoncashOrPartNoncashAcquisitionFixedAssetsAcquired1, skipping Q4 derivation
2026-08-15 11:07:08,024 WARNING edgar.core | Data quality issue: YTD_9M (0.03B) > FY (0.03B) for us-gaap:NoncashOrPartNoncashAcquisitionFixedAssetsAcquired1, skipping Q4 derivation
2026-08-15 11:07:08,024 WARNING edgar.core | Data quality issue: YTD_9M (0.02B) > FY (0.00B) for us-gaap:NoncashOrPartNoncashAcquisitionFixedAssetsAcquired1, skipping Q4 derivation
2026-08-15 11:07:08,024 WARNING edgar.core | Data quality issue: YTD_9M (0.02B) > FY (0.00B) for us-gaap:NoncashOrPartNoncashAcquisitionFixedAssetsAcquired1, skipping Q4 derivation
2026-08-15 11:07:08,024 WARNING edgar.core | Data quality issue: YTD_9M (0.01B) > FY (0.01B) for us-gaap:NoncashOrPartNoncashAcquisitionFixedAssetsAcquired1, skipping Q4 derivation
2026-08-15 11:07:08,024 WARNING edgar.core | Data quality issue: YTD_9M (0.01B) > FY (0.01B) for us-gaap:NoncashOrPartNoncashAcquisitionFixedAssetsAcquired1, skipping Q4 derivation
2026-08-15 11:07:08,024 WARNING edgar.core | Data quality issue: YTD_9M (0.01B) > FY (0.01B) for us-gaap:NoncashOrPartNoncashAcquisitionFixedAssetsAcquired1, skipping Q4 derivation
2026-08-15 11:07:08,024 WARNING edgar.core | Data quality issue: YTD_9M (0.01B) > FY (0.01B) for us-gaap:NoncashOrPartNoncashAcquisitionFixedAssetsAcquired1, skipping Q4 derivation
2026-08-15 11:07:08,024 WARNING edgar.core | Data quality issue: YTD_9M (0.01B) > FY (0.01B) for us-gaap:NoncashOrPartNoncashAcquisitionFixedAssetsAcquired1, skipping Q4 derivation
2026-08-15 11:07:08,024 WARNING edgar.core | Data quality issue: YTD_9M (0.01B) > FY (0.01B) for us-gaap:NoncashOrPartNoncashAcquisitionFixedAssetsAcquired1, skipping Q4 derivation
2026-08-15 11:07:08,024 WARNING edgar.core | Data quality issue: YTD_9M (0.02B) > FY (0.01B) for us-gaap:NoncashOrPartNoncashAcquisitionFixedAssetsAcquired1, skipping Q4 derivation
2026-08-15 11:07:08,031 WARNING edgar.core | Data quality issue: YTD_9M (2.06B) > FY (2.06B) for us-gaap:PaymentsToAcquireBusinessesNetOfCashAcquired, skipping Q4 derivation
2026-08-15 11:07:08,031 WARNING edgar.core | Data quality issue: YTD_9M (2.06B) > FY (2.06B) for us-gaap:PaymentsToAcquireBusinessesNetOfCashAcquired, skipping Q4 derivation
2026-08-15 11:07:08,031 WARNING edgar.core | Data quality issue: YTD_9M (0.02B) > FY (0.02B) for us-gaap:PaymentsToAcquireBusinessesNetOfCashAcquired, skipping Q4 derivation
2026-08-15 11:07:08,031 WARNING edgar.core | Data quality issue: YTD_9M (0.02B) > FY (0.02B) for us-gaap:PaymentsToAcquireBusinessesNetOfCashAcquired, skipping Q4 derivation
2026-08-15 11:07:08,034 WARNING edgar.core | Data quality issue: YTD_6M (0.00B) > YTD_9M (0.00B) for us-gaap:ProceedsFromSaleOfPropertyPlantAndEquipment, skipping Q3 derivation
2026-08-15 11:07:08,034 WARNING edgar.core | Data quality issue: YTD_9M (0.01B) > FY (0.01B) for us-gaap:ProceedsFromSaleOfPropertyPlantAndEquipment, skipping Q4 derivation
2026-08-15 11:07:08,034 WARNING edgar.core | Data quality issue: YTD_9M (0.01B) > FY (0.01B) for us-gaap:ProceedsFromSaleOfPropertyPlantAndEquipment, skipping Q4 derivation
2026-08-15 11:07:08,034 WARNING edgar.core | Data quality issue: YTD_9M (0.00B) > FY (0.00B) for us-gaap:ProceedsFromSaleOfPropertyPlantAndEquipment, skipping Q4 derivation
2026-08-15 11:07:08,034 WARNING edgar.core | Data quality issue: YTD_9M (0.00B) > FY (0.00B) for us-gaap:ProceedsFromSaleOfPropertyPlantAndEquipment, skipping Q4 derivation
2026-08-15 11:07:08,035 WARNING edgar.core | Data quality issue: YTD_9M (0.00B) > FY (0.00B) for us-gaap:ProceedsFromSaleOfPropertyPlantAndEquipment, skipping Q4 derivation
2026-08-15 11:07:08,035 WARNING edgar.core | Data quality issue: YTD_9M (0.00B) > FY (0.00B) for us-gaap:ProceedsFromSaleOfPropertyPlantAndEquipment, skipping Q4 derivation
2026-08-15 11:07:08,035 WARNING edgar.core | Data quality issue: YTD_9M (0.00B) > FY (0.00B) for us-gaap:ProceedsFromSaleOfPropertyPlantAndEquipment, skipping Q4 derivation
2026-08-15 11:07:08,035 WARNING edgar.core | Data quality issue: YTD_9M (0.02B) > FY (0.02B) for us-gaap:ProceedsFromSaleOfPropertyPlantAndEquipment, skipping Q4 derivation
2026-08-15 11:07:08,042 WARNING edgar.core | Data quality issue: YTD_9M (0.08B) > FY (-0.06B) for us-gaap:CashProvidedByUsedInOperatingActivitiesDiscontinuedOperations, skipping Q4 derivation
2026-08-15 11:07:08,042 WARNING edgar.core | Data quality issue: Q1 (0.00B) > YTD_6M (0.00B) for us-gaap:EffectOfExchangeRateOnCashCashEquivalentsRestrictedCashAndRestrictedCashEquivalentsIncludingDisposalGroupAndDiscontinuedOperations, skipping Q2 derivation
2026-08-15 11:07:08,043 WARNING edgar.core | Data quality issue: Q1 (-0.03B) > YTD_6M (-0.07B) for us-gaap:NetCashProvidedByUsedInInvestingActivitiesContinuingOperations, skipping Q2 derivation
2026-08-15 11:07:08,043 WARNING edgar.core | Data quality issue: YTD_6M (-0.07B) > YTD_9M (-0.14B) for us-gaap:NetCashProvidedByUsedInInvestingActivitiesContinuingOperations, skipping Q3 derivation
2026-08-15 11:07:08,043 WARNING edgar.core | Data quality issue: YTD_9M (-0.12B) > FY (-0.17B) for us-gaap:NetCashProvidedByUsedInInvestingActivitiesContinuingOperations, skipping Q4 derivation
2026-08-15 11:07:08,043 WARNING edgar.core | Data quality issue: YTD_9M (-0.14B) > FY (-0.24B) for us-gaap:NetCashProvidedByUsedInInvestingActivitiesContinuingOperations, skipping Q4 derivation
2026-08-15 11:07:08,043 WARNING edgar.core | Data quality issue: YTD_6M (-0.11B) > YTD_9M (-0.12B) for us-gaap:NetCashProvidedByUsedInOperatingActivitiesContinuingOperations, skipping Q3 derivation
2026-08-15 11:25:27,183 INFO    findata.configs | Logging configured -> /Users/connorott/PycharmProjects/findata/logs/init_edgar.log
2026-08-15 11:25:38,722 INFO    findata.database.edgar_ | EDGAR run: 4 ticker(s), forms=(), extra_sections=False
2026-08-15 11:54:43,381 INFO    findata.database.edgar_ | AA processed: {'text_filings': 0, 'sections': 0, 'form4_rows': 0, 'income': 0, 'balance': 0, 'cashflow': 0, 'errors': 0}
2026-08-15 12:31:58,291 INFO    findata.configs | Logging configured -> /Users/connorott/PycharmProjects/findata/logs/init_edgar.log
2026-08-15 12:38:04,411 INFO    findata.configs | Logging configured -> /Users/connorott/PycharmProjects/findata/logs/init_edgar.log
2026-08-15 12:38:04,424 INFO    findata.database.edgar_ | EDGAR run: 800 ticker(s), forms=(), extra_sections=False
2026-08-15 12:38:09,074 WARNING findata.database.edgar_ | BAH: incomplete quarterly coverage for 3 (item, year) pair(s): {('balance', 'stockholders_equity'): [2011], ('income', 'shares_basic'): [2022], ('income', 'shares_diluted'): [2022]}
2026-08-15 12:38:09,077 INFO    findata.database.edgar_ | BAH processed: {'text_filings': 0, 'sections': 0, 'form4_rows': 0, 'income': 983, 'balance': 628, 'cashflow': 819, 'errors': 0, 'incomplete_years': 3}
2026-08-15 12:38:09,307 WARNING findata.database.edgar_ | KR: incomplete quarterly coverage for 13 (item, year) pair(s): {('balance', 'cash_and_equivalents'): [2009], ('balance', 'shares_outstanding'): [2012, 2013, 2017, 2018, 2021, 2022, 2023, 2024, 2025, 2026], ('balance', 'stockholders_equity'): [2009], ('income', 'interest_expense'): [2025]}
2026-08-15 12:38:09,309 INFO    findata.database.edgar_ | KR processed: {'text_filings': 0, 'sections': 0, 'form4_rows': 0, 'income': 981, 'balance': 702, 'cashflow': 934, 'errors': 0, 'incomplete_years': 13}
2026-08-15 12:38:09,468 WARNING findata.database.edgar_ | CBU: incomplete quarterly coverage for 4 (item, year) pair(s): {('balance', 'cash_and_equivalents'): [2010], ('balance', 'stockholders_equity'): [2010, 2011], ('income', 'operating_expenses'): [2022]}
2026-08-15 12:38:09,469 INFO    findata.database.edgar_ | CBU processed: {'text_filings': 0, 'sections': 0, 'form4_rows': 0, 'income': 755, 'balance': 393, 'cashflow': 778, 'errors': 0, 'incomplete_years': 4}
2026-08-15 12:38:09,636 WARNING findata.database.edgar_ | RNG: incomplete quarterly coverage for 8 (item, year) pair(s): {('balance', 'cash_and_equivalents'): [2012], ('balance', 'long_term_debt'): [2022, 2023], ('balance', 'short_term_debt'): [2022, 2023], ('balance', 'stockholders_equity'): [2012, 2013], ('cashflow', 'stock_buybacks'): [2021]}
2026-08-15 12:38:09,637 INFO    findata.database.edgar_ | RNG processed: {'text_filings': 0, 'sections': 0, 'form4_rows': 0, 'income': 998, 'balance': 483, 'cashflow': 567, 'errors': 0, 'incomplete_years': 8}
2026-08-15 12:38:09,818 WARNING findata.database.edgar_ | KODK: incomplete quarterly coverage for 39 (item, year) pair(s): {('balance', 'assets'): [2010, 2013], ('balance', 'assets_current'): [2013], ('balance', 'cash_and_equivalents'): [2009, 2013], ('balance', 'goodwill'): [2013], ('balance', 'inventory'): [2013], ('balance', 'liabilities'): [2013], ('balance', 'liabilities_current'): [2013], ('balance', 'long_term_debt'): [2010], ('balance', 'short_term_debt'): [2010], ('balance', 'stockholders_equity'): [2009, 2010, 2013], ('cashflow', 'capex'): [2013], ('cashflow', 'depreciation_amortization'): [2013], ('cashflow', 'dividends_paid'): [2022], ('cashflow', 'financing_cash_flow'): [2013], ('cashflow', 'investing_cash_flow'): [2013], ('cashflow', 'operating_cash_flow'): [2013], ('cashflow', 'stock_buybacks'): [2016, 2017, 2021, 2022, 2023, 2024], ('income', 'cost_of_revenue'): [2013], ('income', 'eps_basic'): [2013], ('income', 'eps_diluted'): [2013], ('income', 'gross_profit'): [2013], ('income', 'income_tax'): [2013], ('income', 'interest_expense'): [2013], ('income', 'net_income'): [2013], ('income', 'operating_income'): [2013], ('income', 'revenue'): [2013], ('income', 'rnd_expense'): [2013], ('income', 'shares_basic'): [2011, 2013], ('income', 'shares_diluted'): [2013]}
2026-08-15 12:38:09,819 INFO    findata.database.edgar_ | KODK processed: {'text_filings': 0, 'sections': 0, 'form4_rows': 0, 'income': 1073, 'balance': 784, 'cashflow': 694, 'errors': 0, 'incomplete_years': 39}
2026-08-15 12:38:10,850 WARNING edgar.entity.parser | No facts found for CIK 1230869
2026-08-15 12:38:14,366 WARNING findata.database.edgar_ | CNC: incomplete quarterly coverage for 3 (item, year) pair(s): {('balance', 'cash_and_equivalents'): [2009], ('balance', 'stockholders_equity'): [2009, 2010]}
2026-08-15 12:38:14,367 INFO    findata.database.edgar_ | CNC processed: {'text_filings': 0, 'sections': 0, 'form4_rows': 0, 'income': 1141, 'balance': 798, 'cashflow': 737, 'errors': 0, 'incomplete_years': 3}
2026-08-15 12:38:14,367 INFO    findata.database.edgar_ | ASA processed: {'text_filings': 0, 'sections': 0, 'form4_rows': 0, 'income': 0, 'balance': 0, 'cashflow': 0, 'errors': 0}
2026-08-15 12:38:14,523 WARNING findata.database.edgar_ | PLD: incomplete quarterly coverage for 3 (item, year) pair(s): {('balance', 'cash_and_equivalents'): [2010], ('balance', 'stockholders_equity'): [2010, 2011]}
2026-08-15 12:38:14,524 INFO    findata.database.edgar_ | PLD processed: {'text_filings': 0, 'sections': 0, 'form4_rows': 0, 'income': 859, 'balance': 439, 'cashflow': 704, 'errors': 0, 'incomplete_years': 3}
2026-08-15 12:38:14,690 WARNING findata.database.edgar_ | NLY: incomplete quarterly coverage for 9 (item, year) pair(s): {('balance', 'long_term_debt'): [2018], ('balance', 'stockholders_equity'): [2008, 2009], ('cashflow', 'stock_buybacks'): [2018, 2019, 2020, 2021], ('income', 'shares_basic'): [2022], ('income', 'shares_diluted'): [2022]}
2026-08-15 12:38:14,691 INFO    findata.database.edgar_ | NLY processed: {'text_filings': 0, 'sections': 0, 'form4_rows': 0, 'income': 726, 'balance': 503, 'cashflow': 663, 'errors': 0, 'incomplete_years': 9}
2026-08-15 12:38:14,799 INFO    findata.database.edgar_ | NTLA processed: {'text_filings': 0, 'sections': 0, 'form4_rows': 0, 'income': 588, 'balance': 349, 'cashflow': 410, 'errors': 0, 'incomplete_years': 0}
2026-08-15 12:38:17,915 INFO    findata.database.edgar_ | BABA processed: {'text_filings': 0, 'sections': 0, 'form4_rows': 0, 'income': 168, 'balance': 133, 'cashflow': 92, 'errors': 0, 'incomplete_years': 0}
2026-08-15 12:38:18,068 WARNING findata.database.edgar_ | ENPH: incomplete quarterly coverage for 11 (item, year) pair(s): {('balance', 'liabilities_noncurrent'): [2013, 2014], ('balance', 'long_term_debt'): [2015, 2016], ('balance', 'short_term_debt'): [2015, 2016], ('balance', 'stockholders_equity'): [2011], ('cashflow', 'stock_buybacks'): [2022], ('income', 'eps_basic'): [2015], ('income', 'eps_diluted'): [2015, 2016]}
2026-08-15 12:38:18,069 INFO    findata.database.edgar_ | ENPH processed: {'text_filings': 0, 'sections': 0, 'form4_rows': 0, 'income': 947, 'balance': 706, 'cashflow': 573, 'errors': 0, 'incomplete_years': 11}
2026-08-15 12:38:18,161 WARNING findata.database.edgar_ | DBVT: incomplete quarterly coverage for 8 (item, year) pair(s): {('balance', 'assets'): [2017, 2018, 2019, 2020], ('balance', 'shares_outstanding'): [2019, 2020, 2021, 2025]}
2026-08-15 12:38:18,162 INFO    findata.database.edgar_ | DBVT processed: {'text_filings': 0, 'sections': 0, 'form4_rows': 0, 'income': 374, 'balance': 230, 'cashflow': 189, 'errors': 0, 'incomplete_years': 8}
2026-08-15 12:38:18,323 WARNING findata.database.edgar_ | NRC: incomplete quarterly coverage for 14 (item, year) pair(s): {('balance', 'cash_and_equivalents'): [2010], ('balance', 'long_term_debt'): [2018], ('balance', 'shares_outstanding'): [2013, 2017], ('balance', 'stockholders_equity'): [2010, 2011], ('cashflow', 'depreciation_amortization'): [2020, 2022], ('cashflow', 'dividends_paid'): [2021], ('cashflow', 'stock_buybacks'): [2015], ('income', 'eps_basic'): [2013], ('income', 'eps_diluted'): [2013], ('income', 'shares_basic'): [2013], ('income', 'shares_diluted'): [2013]}
2026-08-15 12:38:18,324 INFO    findata.database.edgar_ | NRC processed: {'text_filings': 0, 'sections': 0, 'form4_rows': 0, 'income': 815, 'balance': 605, 'cashflow': 738, 'errors': 0, 'incomplete_years': 14}
2026-08-15 12:38:18,483 WARNING findata.database.edgar_ | NNN: incomplete quarterly coverage for 7 (item, year) pair(s): {('balance', 'cash_and_equivalents'): [2009], ('balance', 'stockholders_equity'): [2009, 2010], ('income', 'shares_basic'): [2021, 2022], ('income', 'shares_diluted'): [2021, 2022]}
2026-08-15 12:38:18,484 INFO    findata.database.edgar_ | NNN processed: {'text_filings': 0, 'sections': 0, 'form4_rows': 0, 'income': 844, 'balance': 398, 'cashflow': 657, 'errors': 0, 'incomplete_years': 7}
2026-08-15 12:38:21,634 WARNING findata.database.edgar_ | INSM: incomplete quarterly coverage for 13 (item, year) pair(s): {('balance', 'goodwill'): [2020, 2021], ('balance', 'short_term_debt'): [2014, 2016, 2017, 2023, 2024], ('balance', 'short_term_investments'): [2021], ('balance', 'stockholders_equity'): [2010, 2011], ('income', 'gross_profit'): [2020], ('income', 'income_tax'): [2014], ('income', 'revenue'): [2013]}
2026-08-15 12:38:21,635 INFO    findata.database.edgar_ | INSM processed: {'text_filings': 0, 'sections': 0, 'form4_rows': 0, 'income': 1055, 'balance': 661, 'cashflow': 570, 'errors': 0, 'incomplete_years': 13}
2026-08-15 12:38:21,831 WARNING findata.database.edgar_ | EQT: incomplete quarterly coverage for 11 (item, year) pair(s): {('balance', 'cash_and_equivalents'): [2008], ('balance', 'goodwill'): [2023, 2024], ('balance', 'long_term_debt'): [2019, 2020, 2021, 2022], ('balance', 'short_term_debt'): [2010, 2016], ('balance', 'stockholders_equity'): [2008, 2009]}
2026-08-15 12:38:21,833 INFO    findata.database.edgar_ | EQT processed: {'text_filings': 0, 'sections': 0, 'form4_rows': 0, 'income': 1080, 'balance': 637, 'cashflow': 892, 'errors': 0, 'incomplete_years': 11}
2026-08-15 12:38:22,036 WARNING findata.database.edgar_ | AAP: incomplete quarterly coverage for 5 (item, year) pair(s): {('balance', 'short_term_debt'): [2021, 2022], ('balance', 'stockholders_equity'): [2009], ('cashflow', 'stock_buybacks'): [2025], ('income', 'interest_expense'): [2016]}
2026-08-15 12:38:22,037 INFO    findata.database.edgar_ | AAP processed: {'text_filings': 0, 'sections': 0, 'form4_rows': 0, 'income': 994, 'balance': 697, 'cashflow': 844, 'errors': 0, 'incomplete_years': 5}
2026-08-15 12:38:22,197 INFO    findata.database.edgar_ | SNAP processed: {'text_filings': 0, 'sections': 0, 'form4_rows': 0, 'income': 722, 'balance': 362, 'cashflow': 502, 'errors': 0, 'incomplete_years': 0}
2026-08-15 12:38:22,430 WARNING findata.database.edgar_ | CBZ: incomplete quarterly coverage for 13 (item, year) pair(s): {('balance', 'cash_and_equivalents'): [2010], ('balance', 'goodwill'): [2012, 2013, 2020, 2021, 2022, 2023, 2024, 2025], ('balance', 'stockholders_equity'): [2010, 2011], ('cashflow', 'stock_buybacks'): [2013, 2025]}
2026-08-15 12:38:22,431 INFO    findata.database.edgar_ | CBZ processed: {'text_filings': 0, 'sections': 0, 'form4_rows': 0, 'income': 965, 'balance': 629, 'cashflow': 702, 'errors': 0, 'incomplete_years': 13}
2026-08-15 12:38:25,244 WARNING findata.database.edgar_ | PKE: incomplete quarterly coverage for 25 (item, year) pair(s): {('balance', 'cash_and_equivalents'): [2011], ('balance', 'goodwill'): [2014, 2015, 2016, 2017, 2018, 2019, 2020, 2021, 2022], ('balance', 'long_term_debt'): [2018], ('balance', 'shares_outstanding'): [2014, 2015, 2016, 2017, 2018, 2019, 2023, 2024, 2025, 2026], ('balance', 'short_term_debt'): [2018], ('balance', 'short_term_investments'): [2015, 2016], ('cashflow', 'stock_buybacks'): [2022]}
2026-08-15 12:38:25,245 INFO    findata.database.edgar_ | PKE processed: {'text_filings': 0, 'sections': 0, 'form4_rows': 0, 'income': 911, 'balance': 610, 'cashflow': 733, 'errors': 0, 'incomplete_years': 25}
2026-08-15 12:38:25,284 INFO    findata.database.edgar_ | BNS processed: {'text_filings': 0, 'sections': 0, 'form4_rows': 0, 'income': 86, 'balance': 80, 'cashflow': 0, 'errors': 0, 'incomplete_years': 0}
2026-08-15 12:38:25,414 WARNING findata.database.edgar_ | ACMR: incomplete quarterly coverage for 2 (item, year) pair(s): {('balance', 'inventory'): [2024], ('balance', 'stockholders_equity'): [2017]}
2026-08-15 12:38:25,415 INFO    findata.database.edgar_ | ACMR processed: {'text_filings': 0, 'sections': 0, 'form4_rows': 0, 'income': 686, 'balance': 351, 'cashflow': 387, 'errors': 0, 'incomplete_years': 2}
2026-08-15 12:38:25,592 WARNING findata.database.edgar_ | MSM: incomplete quarterly coverage for 8 (item, year) pair(s): {('balance', 'stockholders_equity'): [2010], ('cashflow', 'dividends_paid'): [2015, 2018, 2019, 2020, 2021, 2022, 2023]}
2026-08-15 12:38:25,593 INFO    findata.database.edgar_ | MSM processed: {'text_filings': 0, 'sections': 0, 'form4_rows': 0, 'income': 1092, 'balance': 647, 'cashflow': 773, 'errors': 0, 'incomplete_years': 8}
2026-08-15 12:38:25,619 INFO    findata.database.edgar_ | SU processed: {'text_filings': 0, 'sections': 0, 'form4_rows': 0, 'income': 20, 'balance': 19, 'cashflow': 0, 'errors': 0, 'incomplete_years': 0}
2026-08-15 12:38:28,556 WARNING findata.database.edgar_ | CL: incomplete quarterly coverage for 7 (item, year) pair(s): {('balance', 'cash_and_equivalents'): [2008], ('balance', 'liabilities'): [2010, 2011, 2012, 2013], ('balance', 'shares_outstanding'): [2009], ('balance', 'short_term_debt'): [2025]}
2026-08-15 12:38:28,557 INFO    findata.database.edgar_ | CL processed: {'text_filings': 0, 'sections': 0, 'form4_rows': 0, 'income': 1029, 'balance': 777, 'cashflow': 773, 'errors': 0, 'incomplete_years': 7}
2026-08-15 12:38:28,791 WARNING findata.database.edgar_ | ATRC: incomplete quarterly coverage for 10 (item, year) pair(s): {('balance', 'cash_and_equivalents'): [2010], ('balance', 'long_term_debt'): [2016], ('balance', 'short_term_debt'): [2015, 2016, 2020, 2022, 2023, 2024], ('balance', 'stockholders_equity'): [2010, 2011]}
2026-08-15 12:38:28,792 INFO    findata.database.edgar_ | ATRC processed: {'text_filings': 0, 'sections': 0, 'form4_rows': 0, 'income': 1124, 'balance': 760, 'cashflow': 570, 'errors': 0, 'incomplete_years': 10}
2026-08-15 12:38:28,975 WARNING findata.database.edgar_ | CECO: incomplete quarterly coverage for 11 (item, year) pair(s): {('balance', 'shares_outstanding'): [2013, 2014], ('balance', 'short_term_debt'): [2019], ('balance', 'stockholders_equity'): [2011], ('cashflow', 'dividends_paid'): [2018], ('cashflow', 'stock_buybacks'): [2012, 2013, 2016, 2020, 2021, 2022]}
2026-08-15 12:38:28,976 INFO    findata.database.edgar_ | CECO processed: {'text_filings': 0, 'sections': 0, 'form4_rows': 0, 'income': 960, 'balance': 701, 'cashflow': 706, 'errors': 0, 'incomplete_years': 11}
2026-08-15 12:38:29,157 WARNING findata.database.edgar_ | DKS: incomplete quarterly coverage for 6 (item, year) pair(s): {('balance', 'cash_and_equivalents'): [2010], ('balance', 'long_term_debt'): [2020], ('balance', 'short_term_debt'): [2020], ('balance', 'stockholders_equity'): [2010, 2011], ('income', 'income_tax'): [2013]}
2026-08-15 12:38:29,158 INFO    findata.database.edgar_ | DKS processed: {'text_filings': 0, 'sections': 0, 'form4_rows': 0, 'income': 1018, 'balance': 603, 'cashflow': 808, 'errors': 0, 'incomplete_years': 6}
2026-08-15 12:38:29,335 WARNING findata.database.edgar_ | CUZ: incomplete quarterly coverage for 12 (item, year) pair(s): {('balance', 'assets'): [2011], ('balance', 'cash_and_equivalents'): [2010], ('balance', 'goodwill'): [2011], ('balance', 'shares_outstanding'): [2013, 2014, 2015, 2016, 2017, 2018], ('balance', 'stockholders_equity'): [2010], ('income', 'shares_basic'): [2019], ('income', 'shares_diluted'): [2019]}
2026-08-15 12:38:29,336 INFO    findata.database.edgar_ | CUZ processed: {'text_filings': 0, 'sections': 0, 'form4_rows': 0, 'income': 907, 'balance': 466, 'cashflow': 631, 'errors': 0, 'incomplete_years': 12}
2026-08-15 12:38:31,328 WARNING findata.database.edgar_ | ALNT: incomplete quarterly coverage for 9 (item, year) pair(s): {('balance', 'short_term_debt'): [2018], ('cashflow', 'dividends_paid'): [2018, 2019, 2020, 2021, 2022, 2023, 2024, 2025]}
2026-08-15 12:38:31,329 INFO    findata.database.edgar_ | ALNT processed: {'text_filings': 0, 'sections': 0, 'form4_rows': 0, 'income': 1038, 'balance': 705, 'cashflow': 682, 'errors': 0, 'incomplete_years': 9}
2026-08-15 12:38:31,518 WARNING findata.database.edgar_ | MAR: incomplete quarterly coverage for 6 (item, year) pair(s): {('balance', 'cash_and_equivalents'): [2008], ('balance', 'inventory'): [2013], ('balance', 'stockholders_equity'): [2008, 2009], ('cashflow', 'dividends_paid'): [2021], ('cashflow', 'stock_buybacks'): [2021]}
2026-08-15 12:38:31,519 INFO    findata.database.edgar_ | MAR processed: {'text_filings': 0, 'sections': 0, 'form4_rows': 0, 'income': 1071, 'balance': 690, 'cashflow': 819, 'errors': 0, 'incomplete_years': 6}
2026-08-15 12:38:31,550 INFO    findata.database.edgar_ | SKM processed: {'text_filings': 0, 'sections': 0, 'form4_rows': 0, 'income': 30, 'balance': 39, 'cashflow': 0, 'errors': 0, 'incomplete_years': 0}
2026-08-15 12:38:31,617 INFO    findata.database.edgar_ | TSLX processed: {'text_filings': 0, 'sections': 0, 'form4_rows': 0, 'income': 207, 'balance': 125, 'cashflow': 111, 'errors': 0, 'incomplete_years': 0}
2026-08-15 12:38:31,774 WARNING findata.database.edgar_ | KN: incomplete quarterly coverage for 5 (item, year) pair(s): {('balance', 'shares_outstanding'): [2016, 2017, 2018, 2019], ('balance', 'stockholders_equity'): [2013]}
2026-08-15 12:38:31,775 INFO    findata.database.edgar_ | KN processed: {'text_filings': 0, 'sections': 0, 'form4_rows': 0, 'income': 874, 'balance': 529, 'cashflow': 507, 'errors': 0, 'incomplete_years': 5}
2026-08-15 12:38:32,530 ERROR   findata.database.edgar_ | TOWN: Company() failed: Company not found: 'TOWN'
  Similar: 'TSQ' (Townsquare Media, Inc.)
  Tip: Search by name with find_company("...") or pass a CIK directly.
2026-08-15 12:38:33,868 ERROR   findata.database.edgar_ | TOWN: nothing fetched, skipping processing
2026-08-15 12:38:34,064 WARNING findata.database.edgar_ | AROC: incomplete quarterly coverage for 10 (item, year) pair(s): {('balance', 'assets_noncurrent'): [2015], ('balance', 'cash_and_equivalents'): [2009], ('balance', 'goodwill'): [2014, 2018, 2019, 2023, 2024], ('balance', 'stockholders_equity'): [2009], ('income', 'cost_of_revenue'): [2015, 2018]}
2026-08-15 12:38:34,065 INFO    findata.database.edgar_ | AROC processed: {'text_filings': 0, 'sections': 0, 'form4_rows': 0, 'income': 917, 'balance': 647, 'cashflow': 880, 'errors': 0, 'incomplete_years': 10}
2026-08-15 12:38:34,279 WARNING findata.database.edgar_ | MKSI: incomplete quarterly coverage for 11 (item, year) pair(s): {('balance', 'cash_and_equivalents'): [2009], ('balance', 'long_term_debt'): [2016], ('balance', 'short_term_debt'): [2012, 2013, 2016], ('balance', 'short_term_investments'): [2024], ('balance', 'stockholders_equity'): [2009, 2010], ('cashflow', 'stock_buybacks'): [2015, 2018], ('income', 'interest_expense'): [2011]}
2026-08-15 12:38:34,280 INFO    findata.database.edgar_ | MKSI processed: {'text_filings': 0, 'sections': 0, 'form4_rows': 0, 'income': 1116, 'balance': 794, 'cashflow': 841, 'errors': 0, 'incomplete_years': 11}
2026-08-15 12:38:34,316 INFO    findata.database.edgar_ | NVO processed: {'text_filings': 0, 'sections': 0, 'form4_rows': 0, 'income': 55, 'balance': 23, 'cashflow': 0, 'errors': 0, 'incomplete_years': 0}
2026-08-15 12:38:34,498 WARNING findata.database.edgar_ | WSM: incomplete quarterly coverage for 19 (item, year) pair(s): {('balance', 'cash_and_equivalents'): [2010], ('balance', 'goodwill'): [2014, 2015, 2016, 2017, 2018], ('balance', 'long_term_debt'): [2016, 2018, 2020, 2022], ('balance', 'short_term_debt'): [2016, 2020], ('balance', 'stockholders_equity'): [2010], ('income', 'shares_basic'): [2013, 2019, 2020], ('income', 'shares_diluted'): [2013, 2019, 2020]}
2026-08-15 12:38:34,499 INFO    findata.database.edgar_ | WSM processed: {'text_filings': 0, 'sections': 0, 'form4_rows': 0, 'income': 851, 'balance': 736, 'cashflow': 939, 'errors': 0, 'incomplete_years': 19}
2026-08-15 12:38:37,588 WARNING findata.database.edgar_ | UA: incomplete quarterly coverage for 27 (item, year) pair(s): {('balance', 'cash_and_equivalents'): [2009], ('balance', 'short_term_debt'): [2020], ('balance', 'stockholders_equity'): [2009], ('income', 'cost_of_revenue'): [2025], ('income', 'eps_basic'): [2016, 2025], ('income', 'eps_diluted'): [2016, 2025], ('income', 'gross_profit'): [2025], ('income', 'income_tax'): [2025], ('income', 'interest_expense'): [2013, 2022, 2023, 2024, 2025], ('income', 'net_income'): [2025], ('income', 'operating_income'): [2025], ('income', 'pretax_income'): [2025], ('income', 'revenue'): [2025], ('income', 'shares_basic'): [2016, 2023, 2024, 2025], ('income', 'shares_diluted'): [2016, 2023, 2024, 2025]}
2026-08-15 12:38:37,589 INFO    findata.database.edgar_ | UA processed: {'text_filings': 0, 'sections': 0, 'form4_rows': 0, 'income': 939, 'balance': 687, 'cashflow': 666, 'errors': 0, 'incomplete_years': 27}
2026-08-15 12:38:37,742 WARNING findata.database.edgar_ | GNL: incomplete quarterly coverage for 5 (item, year) pair(s): {('balance', 'cash_and_equivalents'): [2016], ('cashflow', 'stock_buybacks'): [2020, 2021, 2022], ('income', 'cost_of_revenue'): [2019]}
2026-08-15 12:38:37,744 INFO    findata.database.edgar_ | GNL processed: {'text_filings': 0, 'sections': 0, 'form4_rows': 0, 'income': 818, 'balance': 359, 'cashflow': 704, 'errors': 0, 'incomplete_years': 5}
2026-08-15 12:38:37,953 WARNING findata.database.edgar_ | MSI: incomplete quarterly coverage for 5 (item, year) pair(s): {('balance', 'cash_and_equivalents'): [2008], ('balance', 'goodwill'): [2009], ('balance', 'short_term_investments'): [2015], ('income', 'shares_basic'): [2010], ('income', 'shares_diluted'): [2010]}
2026-08-15 12:38:37,954 INFO    findata.database.edgar_ | MSI processed: {'text_filings': 0, 'sections': 0, 'form4_rows': 0, 'income': 1176, 'balance': 773, 'cashflow': 957, 'errors': 0, 'incomplete_years': 5}
2026-08-15 12:38:38,068 INFO    findata.database.edgar_ | AER processed: {'text_filings': 0, 'sections': 0, 'form4_rows': 0, 'income': 268, 'balance': 179, 'cashflow': 161, 'errors': 0, 'incomplete_years': 0}
2026-08-15 12:38:38,244 WARNING findata.database.edgar_ | RCKY: incomplete quarterly coverage for 2 (item, year) pair(s): {('balance', 'cash_and_equivalents'): [2010], ('balance', 'stockholders_equity'): [2010]}
2026-08-15 12:38:38,245 INFO    findata.database.edgar_ | RCKY processed: {'text_filings': 0, 'sections': 0, 'form4_rows': 0, 'income': 995, 'balance': 691, 'cashflow': 735, 'errors': 0, 'incomplete_years': 2}
2026-08-15 12:38:43,427 WARNING findata.database.edgar_ | WEN: incomplete quarterly coverage for 14 (item, year) pair(s): {('balance', 'assets'): [2011], ('balance', 'assets_current'): [2011], ('balance', 'cash_and_equivalents'): [2009], ('balance', 'goodwill'): [2011], ('balance', 'inventory'): [2011], ('balance', 'liabilities_current'): [2011], ('balance', 'long_term_debt'): [2011], ('balance', 'shares_outstanding'): [2012, 2013, 2014], ('balance', 'short_term_debt'): [2011], ('balance', 'stockholders_equity'): [2009, 2010], ('cashflow', 'stock_buybacks'): [2012]}
2026-08-15 12:38:43,429 INFO    findata.database.edgar_ | WEN processed: {'text_filings': 0, 'sections': 0, 'form4_rows': 0, 'income': 1090, 'balance': 740, 'cashflow': 866, 'errors': 0, 'incomplete_years': 14}
2026-08-15 12:38:43,481 INFO    findata.database.edgar_ | SMFG processed: {'text_filings': 0, 'sections': 0, 'form4_rows': 0, 'income': 29, 'balance': 53, 'cashflow': 0, 'errors': 0, 'incomplete_years': 0}
2026-08-15 12:38:43,649 WARNING findata.database.edgar_ | UFPT: incomplete quarterly coverage for 10 (item, year) pair(s): {('balance', 'cash_and_equivalents'): [2010], ('balance', 'long_term_debt'): [2019, 2020, 2021], ('balance', 'short_term_debt'): [2017, 2019, 2020, 2021], ('balance', 'stockholders_equity'): [2010, 2011]}
2026-08-15 12:38:43,650 INFO    findata.database.edgar_ | UFPT processed: {'text_filings': 0, 'sections': 0, 'form4_rows': 0, 'income': 961, 'balance': 730, 'cashflow': 583, 'errors': 0, 'incomplete_years': 10}
2026-08-15 12:38:43,791 WARNING findata.database.edgar_ | WSBC: incomplete quarterly coverage for 15 (item, year) pair(s): {('balance', 'cash_and_equivalents'): [2010], ('balance', 'goodwill'): [2013, 2014, 2015, 2016, 2017, 2018, 2019, 2020, 2021, 2022, 2023, 2024], ('balance', 'stockholders_equity'): [2010], ('income', 'interest_expense'): [2024]}
2026-08-15 12:38:43,792 INFO    findata.database.edgar_ | WSBC processed: {'text_filings': 0, 'sections': 0, 'form4_rows': 0, 'income': 723, 'balance': 400, 'cashflow': 579, 'errors': 0, 'incomplete_years': 15}
2026-08-15 12:38:43,826 INFO    findata.database.edgar_ | SBS processed: {'text_filings': 0, 'sections': 0, 'form4_rows': 0, 'income': 36, 'balance': 29, 'cashflow': 0, 'errors': 0, 'incomplete_years': 0}
2026-08-15 12:38:46,188 WARNING findata.database.edgar_ | PGEN: incomplete quarterly coverage for 16 (item, year) pair(s): {('balance', 'cash_and_equivalents'): [2012], ('balance', 'long_term_debt'): [2024, 2025], ('balance', 'stockholders_equity'): [2012, 2013], ('income', 'cost_of_revenue'): [2018], ('income', 'interest_expense'): [2019, 2025], ('income', 'operating_expenses'): [2019, 2025], ('income', 'operating_income'): [2025], ('income', 'pretax_income'): [2025], ('income', 'revenue'): [2023, 2025], ('income', 'rnd_expense'): [2019, 2025]}
2026-08-15 12:38:46,189 INFO    findata.database.edgar_ | PGEN processed: {'text_filings': 0, 'sections': 0, 'form4_rows': 0, 'income': 763, 'balance': 633, 'cashflow': 530, 'errors': 0, 'incomplete_years': 16}
2026-08-15 12:38:46,387 WARNING findata.database.edgar_ | WBD: incomplete quarterly coverage for 4 (item, year) pair(s): {('balance', 'liabilities'): [2010], ('balance', 'shares_outstanding'): [2021], ('income', 'shares_basic'): [2014], ('income', 'shares_diluted'): [2014]}
2026-08-15 12:38:46,388 INFO    findata.database.edgar_ | WBD processed: {'text_filings': 0, 'sections': 0, 'form4_rows': 0, 'income': 1036, 'balance': 675, 'cashflow': 719, 'errors': 0, 'incomplete_years': 4}
2026-08-15 12:38:46,587 WARNING findata.database.edgar_ | APH: incomplete quarterly coverage for 5 (item, year) pair(s): {('balance', 'cash_and_equivalents'): [2008], ('balance', 'stockholders_equity'): [2008, 2009], ('cashflow', 'dividends_paid'): [2013, 2014]}
2026-08-15 12:38:46,588 INFO    findata.database.edgar_ | APH processed: {'text_filings': 0, 'sections': 0, 'form4_rows': 0, 'income': 1110, 'balance': 809, 'cashflow': 918, 'errors': 0, 'incomplete_years': 5}
2026-08-15 12:38:46,733 WARNING findata.database.edgar_ | FIVN: incomplete quarterly coverage for 1 (item, year) pair(s): {('balance', 'stockholders_equity'): [2013]}
2026-08-15 12:38:46,734 INFO    findata.database.edgar_ | FIVN processed: {'text_filings': 0, 'sections': 0, 'form4_rows': 0, 'income': 952, 'balance': 507, 'cashflow': 525, 'errors': 0, 'incomplete_years': 1}
2026-08-15 12:38:46,918 WARNING findata.database.edgar_ | CALY: incomplete quarterly coverage for 17 (item, year) pair(s): {('balance', 'cash_and_equivalents'): [2010], ('balance', 'shares_outstanding'): [2013, 2014, 2015, 2016, 2017, 2018, 2019, 2022, 2023, 2024, 2025], ('balance', 'short_term_debt'): [2021], ('balance', 'stockholders_equity'): [2010, 2011], ('income', 'cost_of_revenue'): [2025], ('income', 'gross_profit'): [2025]}
2026-08-15 12:38:46,919 INFO    findata.database.edgar_ | CALY processed: {'text_filings': 0, 'sections': 0, 'form4_rows': 0, 'income': 1090, 'balance': 575, 'cashflow': 757, 'errors': 0, 'incomplete_years': 17}
2026-08-15 12:38:50,737 WARNING findata.database.edgar_ | UHAL: incomplete quarterly coverage for 23 (item, year) pair(s): {('balance', 'long_term_debt'): [2020, 2021, 2022, 2025, 2026], ('balance', 'shares_outstanding'): [2014, 2015, 2016, 2017, 2018, 2019, 2020, 2021, 2022, 2023], ('balance', 'stockholders_equity'): [2011], ('cashflow', 'dividends_paid'): [2014, 2016, 2018, 2024], ('income', 'shares_basic'): [2023, 2026], ('income', 'shares_diluted'): [2022]}
2026-08-15 12:38:50,738 INFO    findata.database.edgar_ | UHAL processed: {'text_filings': 0, 'sections': 0, 'form4_rows': 0, 'income': 858, 'balance': 389, 'cashflow': 640, 'errors': 0, 'incomplete_years': 23}
2026-08-15 12:38:50,914 WARNING findata.database.edgar_ | KFRC: incomplete quarterly coverage for 11 (item, year) pair(s): {('balance', 'cash_and_equivalents'): [2010], ('balance', 'shares_outstanding'): [2013, 2014, 2015, 2016, 2023, 2024, 2025], ('income', 'operating_expenses'): [2024], ('income', 'shares_basic'): [2013], ('income', 'shares_diluted'): [2013]}
2026-08-15 12:38:50,915 INFO    findata.database.edgar_ | KFRC processed: {'text_filings': 0, 'sections': 0, 'form4_rows': 0, 'income': 951, 'balance': 516, 'cashflow': 802, 'errors': 0, 'incomplete_years': 11}
2026-08-15 12:38:50,944 INFO    findata.database.edgar_ | EXK processed: {'text_filings': 0, 'sections': 0, 'form4_rows': 0, 'income': 30, 'balance': 30, 'cashflow': 0, 'errors': 0, 'incomplete_years': 0}
2026-08-15 12:38:51,058 WARNING findata.database.edgar_ | NODK: incomplete quarterly coverage for 10 (item, year) pair(s): {('balance', 'cash_and_equivalents'): [2015], ('balance', 'goodwill'): [2024], ('balance', 'long_term_debt'): [2025], ('balance', 'short_term_investments'): [2021, 2022, 2023, 2024, 2025], ('balance', 'stockholders_equity'): [2015, 2016]}
2026-08-15 12:38:51,059 INFO    findata.database.edgar_ | NODK processed: {'text_filings': 0, 'sections': 0, 'form4_rows': 0, 'income': 519, 'balance': 313, 'cashflow': 393, 'errors': 0, 'incomplete_years': 10}
2026-08-15 12:38:51,246 WARNING findata.database.edgar_ | NPO: incomplete quarterly coverage for 4 (item, year) pair(s): {('balance', 'cash_and_equivalents'): [2010], ('balance', 'goodwill'): [2011], ('balance', 'stockholders_equity'): [2010, 2011]}
2026-08-15 12:38:51,247 INFO    findata.database.edgar_ | NPO processed: {'text_filings': 0, 'sections': 0, 'form4_rows': 0, 'income': 1074, 'balance': 695, 'cashflow': 728, 'errors': 0, 'incomplete_years': 4}
2026-08-15 12:38:54,114 INFO    findata.database.edgar_ | PUK processed: {'text_filings': 0, 'sections': 0, 'form4_rows': 0, 'income': 11, 'balance': 55, 'cashflow': 0, 'errors': 0, 'incomplete_years': 0}
2026-08-15 12:38:54,207 INFO    findata.database.edgar_ | BRSL processed: {'text_filings': 0, 'sections': 0, 'form4_rows': 0, 'income': 159, 'balance': 162, 'cashflow': 88, 'errors': 0, 'incomplete_years': 0}
2026-08-15 12:38:54,403 WARNING findata.database.edgar_ | TDC: incomplete quarterly coverage for 9 (item, year) pair(s): {('balance', 'cash_and_equivalents'): [2009], ('balance', 'shares_outstanding'): [2012, 2013, 2014, 2015, 2016], ('balance', 'short_term_debt'): [2014], ('balance', 'stockholders_equity'): [2009, 2010]}
2026-08-15 12:38:54,404 INFO    findata.database.edgar_ | TDC processed: {'text_filings': 0, 'sections': 0, 'form4_rows': 0, 'income': 1274, 'balance': 722, 'cashflow': 726, 'errors': 0, 'incomplete_years': 9}
2026-08-15 12:38:54,572 WARNING findata.database.edgar_ | PRLB: incomplete quarterly coverage for 3 (item, year) pair(s): {('balance', 'short_term_debt'): [2015, 2017], ('balance', 'stockholders_equity'): [2011]}
2026-08-15 12:38:54,573 INFO    findata.database.edgar_ | PRLB processed: {'text_filings': 0, 'sections': 0, 'form4_rows': 0, 'income': 1014, 'balance': 672, 'cashflow': 618, 'errors': 0, 'incomplete_years': 3}
2026-08-15 12:38:54,754 WARNING findata.database.edgar_ | NOVT: incomplete quarterly coverage for 8 (item, year) pair(s): {('balance', 'cash_and_equivalents'): [2010], ('balance', 'short_term_debt'): [2019], ('balance', 'stockholders_equity'): [2010, 2011], ('cashflow', 'stock_buybacks'): [2018, 2019, 2022], ('income', 'interest_expense'): [2012]}
2026-08-15 12:38:54,755 INFO    findata.database.edgar_ | NOVT processed: {'text_filings': 0, 'sections': 0, 'form4_rows': 0, 'income': 1063, 'balance': 751, 'cashflow': 641, 'errors': 0, 'incomplete_years': 8}
2026-08-15 12:38:57,700 WARNING findata.database.edgar_ | AIG: incomplete quarterly coverage for 29 (item, year) pair(s): {('balance', 'goodwill'): [2011, 2012, 2013, 2014, 2015, 2016, 2017, 2018, 2019, 2020, 2021, 2022, 2023, 2024], ('balance', 'long_term_debt'): [2013, 2014, 2015, 2021, 2022, 2023, 2024, 2025], ('balance', 'shares_outstanding'): [2011], ('balance', 'short_term_debt'): [2022, 2024], ('balance', 'short_term_investments'): [2020], ('balance', 'stockholders_equity'): [2008, 2009], ('cashflow', 'dividends_paid'): [2013]}
2026-08-15 12:38:57,701 INFO    findata.database.edgar_ | AIG processed: {'text_filings': 0, 'sections': 0, 'form4_rows': 0, 'income': 781, 'balance': 464, 'cashflow': 784, 'errors': 0, 'incomplete_years': 29}
2026-08-15 12:38:57,844 WARNING findata.database.edgar_ | FRPT: incomplete quarterly coverage for 13 (item, year) pair(s): {('balance', 'cash_and_equivalents'): [2013], ('balance', 'short_term_debt'): [2020, 2021, 2022], ('balance', 'short_term_investments'): [2019, 2020, 2021, 2022, 2024], ('balance', 'stockholders_equity'): [2013, 2014], ('income', 'shares_basic'): [2021], ('income', 'shares_diluted'): [2021]}
2026-08-15 12:38:57,845 INFO    findata.database.edgar_ | FRPT processed: {'text_filings': 0, 'sections': 0, 'form4_rows': 0, 'income': 818, 'balance': 505, 'cashflow': 484, 'errors': 0, 'incomplete_years': 13}
2026-08-15 12:38:57,881 INFO    findata.database.edgar_ | CCEP processed: {'text_filings': 0, 'sections': 0, 'form4_rows': 0, 'income': 33, 'balance': 66, 'cashflow': 0, 'errors': 0, 'incomplete_years': 0}
2026-08-15 12:38:58,014 WARNING findata.database.edgar_ | PAGP: incomplete quarterly coverage for 6 (item, year) pair(s): {('balance', 'assets'): [2013], ('balance', 'cash_and_equivalents'): [2012], ('balance', 'goodwill'): [2013], ('income', 'eps_basic'): [2015], ('income', 'eps_diluted'): [2015], ('income', 'gross_profit'): [2015]}
2026-08-15 12:38:58,015 INFO    findata.database.edgar_ | PAGP processed: {'text_filings': 0, 'sections': 0, 'form4_rows': 0, 'income': 678, 'balance': 510, 'cashflow': 506, 'errors': 0, 'incomplete_years': 6}
2026-08-15 12:38:58,200 WARNING findata.database.edgar_ | AES: incomplete quarterly coverage for 13 (item, year) pair(s): {('balance', 'assets'): [2009], ('balance', 'assets_current'): [2009], ('balance', 'cash_and_equivalents'): [2007, 2008], ('balance', 'goodwill'): [2009], ('balance', 'inventory'): [2009], ('balance', 'liabilities_current'): [2009], ('balance', 'liabilities_noncurrent'): [2009], ('balance', 'short_term_investments'): [2009, 2025], ('balance', 'stockholders_equity'): [2009], ('cashflow', 'stock_buybacks'): [2013], ('income', 'revenue'): [2014]}
2026-08-15 12:38:58,201 INFO    findata.database.edgar_ | AES processed: {'text_filings': 0, 'sections': 0, 'form4_rows': 0, 'income': 939, 'balance': 781, 'cashflow': 842, 'errors': 0, 'incomplete_years': 13}
2026-08-15 12:39:00,513 WARNING findata.database.edgar_ | OKTA: incomplete quarterly coverage for 1 (item, year) pair(s): {('balance', 'stockholders_equity'): [2017]}
2026-08-15 12:39:00,514 INFO    findata.database.edgar_ | OKTA processed: {'text_filings': 0, 'sections': 0, 'form4_rows': 0, 'income': 719, 'balance': 311, 'cashflow': 305, 'errors': 0, 'incomplete_years': 1}
2026-08-15 12:39:00,707 WARNING findata.database.edgar_ | HRB: incomplete quarterly coverage for 77 (item, year) pair(s): {('balance', 'shares_outstanding'): [2012, 2013, 2014, 2015, 2016, 2017, 2018, 2019, 2020, 2021, 2026], ('balance', 'short_term_debt'): [2026], ('balance', 'stockholders_equity'): [2009], ('cashflow', 'stock_buybacks'): [2011], ('income', 'cost_of_revenue'): [2022, 2023, 2024, 2025, 2026], ('income', 'costs_and_expenses'): [2022, 2023, 2024, 2025, 2026], ('income', 'eps_basic'): [2022, 2023, 2024, 2025, 2026], ('income', 'eps_diluted'): [2021, 2022, 2023, 2024, 2025, 2026], ('income', 'income_tax'): [2022, 2023, 2024, 2025, 2026], ('income', 'interest_expense'): [2016, 2022, 2023, 2024, 2025, 2026], ('income', 'net_income'): [2022, 2023, 2024, 2025, 2026], ('income', 'operating_expenses'): [2022, 2023, 2024, 2025, 2026], ('income', 'operating_income'): [2015], ('income', 'pretax_income'): [2022, 2023, 2024, 2025, 2026], ('income', 'revenue'): [2022, 2023, 2024, 2025, 2026], ('income', 'shares_basic'): [2022, 2023, 2024, 2025, 2026], ('income', 'shares_diluted'): [2022, 2023, 2024, 2025, 2026]}
2026-08-15 12:39:00,708 INFO    findata.database.edgar_ | HRB processed: {'text_filings': 0, 'sections': 0, 'form4_rows': 0, 'income': 1022, 'balance': 712, 'cashflow': 832, 'errors': 0, 'incomplete_years': 77}
2026-08-15 12:39:00,871 WARNING findata.database.edgar_ | RLJ: incomplete quarterly coverage for 4 (item, year) pair(s): {('balance', 'cash_and_equivalents'): [2010], ('balance', 'long_term_debt'): [2014], ('balance', 'stockholders_equity'): [2011], ('income', 'operating_income'): [2018]}
2026-08-15 12:39:00,872 INFO    findata.database.edgar_ | RLJ processed: {'text_filings': 0, 'sections': 0, 'form4_rows': 0, 'income': 858, 'balance': 429, 'cashflow': 821, 'errors': 0, 'incomplete_years': 4}
2026-08-15 12:39:01,092 WARNING findata.database.edgar_ | VLY: incomplete quarterly coverage for 5 (item, year) pair(s): {('balance', 'cash_and_equivalents'): [2009], ('balance', 'long_term_debt'): [2019], ('balance', 'stockholders_equity'): [2009, 2010], ('income', 'interest_expense'): [2024]}
2026-08-15 12:39:01,093 INFO    findata.database.edgar_ | VLY processed: {'text_filings': 0, 'sections': 0, 'form4_rows': 0, 'income': 763, 'balance': 507, 'cashflow': 824, 'errors': 0, 'incomplete_years': 5}
2026-08-15 12:39:01,298 WARNING findata.database.edgar_ | BEN: incomplete quarterly coverage for 17 (item, year) pair(s): {('balance', 'assets_current'): [2012], ('balance', 'assets_noncurrent'): [2012], ('balance', 'cash_and_equivalents'): [2008], ('balance', 'goodwill'): [2014, 2015, 2016, 2017, 2018, 2019, 2020], ('balance', 'liabilities_current'): [2012], ('balance', 'liabilities_noncurrent'): [2012], ('balance', 'long_term_debt'): [2010], ('balance', 'short_term_debt'): [2012], ('balance', 'stockholders_equity'): [2008, 2009], ('income', 'pretax_income'): [2010]}
2026-08-15 12:39:01,300 INFO    findata.database.edgar_ | BEN processed: {'text_filings': 0, 'sections': 0, 'form4_rows': 0, 'income': 981, 'balance': 610, 'cashflow': 894, 'errors': 0, 'incomplete_years': 17}
2026-08-15 12:39:04,388 WARNING findata.database.edgar_ | LXP: incomplete quarterly coverage for 9 (item, year) pair(s): {('balance', 'stockholders_equity'): [2009], ('cashflow', 'capex'): [2024, 2025], ('cashflow', 'stock_buybacks'): [2022, 2023, 2025], ('income', 'shares_basic'): [2012, 2025], ('income', 'shares_diluted'): [2025]}
2026-08-15 12:39:04,389 INFO    findata.database.edgar_ | LXP processed: {'text_filings': 0, 'sections': 0, 'form4_rows': 0, 'income': 739, 'balance': 388, 'cashflow': 773, 'errors': 0, 'incomplete_years': 9}
2026-08-15 12:39:04,513 WARNING findata.database.edgar_ | UUUU: incomplete quarterly coverage for 5 (item, year) pair(s): {('balance', 'long_term_debt'): [2019, 2025], ('balance', 'stockholders_equity'): [2015], ('income', 'interest_expense'): [2022, 2025]}
2026-08-15 12:39:04,514 INFO    findata.database.edgar_ | UUUU processed: {'text_filings': 0, 'sections': 0, 'form4_rows': 0, 'income': 599, 'balance': 421, 'cashflow': 404, 'errors': 0, 'incomplete_years': 5}
2026-08-15 12:39:04,584 INFO    findata.database.edgar_ | HTT processed: {'text_filings': 0, 'sections': 0, 'form4_rows': 0, 'income': 100, 'balance': 110, 'cashflow': 63, 'errors': 0, 'incomplete_years': 0}
2026-08-15 12:39:04,736 WARNING findata.database.edgar_ | UAN: incomplete quarterly coverage for 13 (item, year) pair(s): {('balance', 'cash_and_equivalents'): [2010], ('balance', 'goodwill'): [2021, 2022], ('balance', 'short_term_debt'): [2019, 2020, 2023, 2024], ('income', 'interest_expense'): [2018], ('income', 'operating_expenses'): [2016, 2017, 2018], ('income', 'shares_basic'): [2020], ('income', 'shares_diluted'): [2020]}
2026-08-15 12:39:04,737 INFO    findata.database.edgar_ | UAN processed: {'text_filings': 0, 'sections': 0, 'form4_rows': 0, 'income': 883, 'balance': 567, 'cashflow': 646, 'errors': 0, 'incomplete_years': 13}
2026-08-15 12:39:04,923 WARNING findata.database.edgar_ | FELE: incomplete quarterly coverage for 1 (item, year) pair(s): {('balance', 'cash_and_equivalents'): [2009]}
2026-08-15 12:39:04,925 INFO    findata.database.edgar_ | FELE processed: {'text_filings': 0, 'sections': 0, 'form4_rows': 0, 'income': 1027, 'balance': 715, 'cashflow': 837, 'errors': 0, 'incomplete_years': 1}
2026-08-15 12:39:07,150 WARNING findata.database.edgar_ | EEX: incomplete quarterly coverage for 7 (item, year) pair(s): {('balance', 'stockholders_equity'): [2016], ('cashflow', 'dividends_paid'): [2023], ('income', 'cost_of_revenue'): [2020], ('income', 'net_income'): [2020, 2021, 2022, 2023]}
2026-08-15 12:39:07,151 INFO    findata.database.edgar_ | EEX processed: {'text_filings': 0, 'sections': 0, 'form4_rows': 0, 'income': 530, 'balance': 356, 'cashflow': 507, 'errors': 0, 'incomplete_years': 7}
2026-08-15 12:39:07,304 WARNING findata.database.edgar_ | STBA: incomplete quarterly coverage for 15 (item, year) pair(s): {('balance', 'cash_and_equivalents'): [2010], ('balance', 'long_term_debt'): [2020], ('balance', 'short_term_debt'): [2021, 2022, 2023, 2024, 2025], ('balance', 'stockholders_equity'): [2010], ('cashflow', 'stock_buybacks'): [2013, 2022, 2023, 2024, 2025], ('income', 'interest_expense'): [2024], ('income', 'shares_diluted'): [2022]}
2026-08-15 12:39:07,305 INFO    findata.database.edgar_ | STBA processed: {'text_filings': 0, 'sections': 0, 'form4_rows': 0, 'income': 711, 'balance': 525, 'cashflow': 756, 'errors': 0, 'incomplete_years': 15}
2026-08-15 12:39:07,477 WARNING findata.database.edgar_ | PLAB: incomplete quarterly coverage for 6 (item, year) pair(s): {('balance', 'cash_and_equivalents'): [2010], ('balance', 'stockholders_equity'): [2010, 2011], ('income', 'interest_expense'): [2020, 2022, 2023]}
2026-08-15 12:39:07,478 INFO    findata.database.edgar_ | PLAB processed: {'text_filings': 0, 'sections': 0, 'form4_rows': 0, 'income': 1056, 'balance': 698, 'cashflow': 618, 'errors': 0, 'incomplete_years': 6}
2026-08-15 12:39:07,506 INFO    findata.database.edgar_ | TGB processed: {'text_filings': 0, 'sections': 0, 'form4_rows': 0, 'income': 30, 'balance': 39, 'cashflow': 0, 'errors': 0, 'incomplete_years': 0}
2026-08-15 12:39:07,682 WARNING findata.database.edgar_ | ATRO: incomplete quarterly coverage for 7 (item, year) pair(s): {('balance', 'cash_and_equivalents'): [2010], ('balance', 'short_term_debt'): [2021, 2022], ('income', 'cost_of_revenue'): [2018], ('income', 'operating_expenses'): [2013, 2015, 2016]}
2026-08-15 12:39:07,683 INFO    findata.database.edgar_ | ATRO processed: {'text_filings': 0, 'sections': 0, 'form4_rows': 0, 'income': 985, 'balance': 637, 'cashflow': 624, 'errors': 0, 'incomplete_years': 7}
2026-08-15 12:39:09,684 WARNING findata.database.edgar_ | ADSK: incomplete quarterly coverage for 4 (item, year) pair(s): {('balance', 'long_term_debt'): [2018, 2019, 2020], ('balance', 'stockholders_equity'): [2009]}
2026-08-15 12:39:09,685 INFO    findata.database.edgar_ | ADSK processed: {'text_filings': 0, 'sections': 0, 'form4_rows': 0, 'income': 1209, 'balance': 635, 'cashflow': 780, 'errors': 0, 'incomplete_years': 4}
2026-08-15 12:39:09,849 WARNING findata.database.edgar_ | DBI: incomplete quarterly coverage for 12 (item, year) pair(s): {('balance', 'cash_and_equivalents'): [2011], ('balance', 'short_term_debt'): [2020], ('balance', 'stockholders_equity'): [2011], ('cashflow', 'stock_buybacks'): [2016, 2017, 2018, 2025, 2026], ('income', 'cost_of_revenue'): [2019, 2026], ('income', 'gross_profit'): [2014, 2015]}
2026-08-15 12:39:09,850 INFO    findata.database.edgar_ | DBI processed: {'text_filings': 0, 'sections': 0, 'form4_rows': 0, 'income': 898, 'balance': 591, 'cashflow': 737, 'errors': 0, 'incomplete_years': 12}
2026-08-15 12:39:09,993 WARNING findata.database.edgar_ | TDAY: incomplete quarterly coverage for 8 (item, year) pair(s): {('balance', 'long_term_debt'): [2020, 2021], ('balance', 'shares_outstanding'): [2016], ('cashflow', 'stock_buybacks'): [2021], ('income', 'costs_and_expenses'): [2025], ('income', 'operating_expenses'): [2025], ('income', 'operating_income'): [2025], ('income', 'shares_diluted'): [2021]}
2026-08-15 12:39:09,994 INFO    findata.database.edgar_ | TDAY processed: {'text_filings': 0, 'sections': 0, 'form4_rows': 0, 'income': 722, 'balance': 626, 'cashflow': 577, 'errors': 0, 'incomplete_years': 8}
2026-08-15 12:39:10,059 WARNING findata.database.edgar_ | FUN: incomplete quarterly coverage for 1 (item, year) pair(s): {('balance', 'cash_and_equivalents'): [2023]}
2026-08-15 12:39:10,060 INFO    findata.database.edgar_ | FUN processed: {'text_filings': 0, 'sections': 0, 'form4_rows': 0, 'income': 179, 'balance': 154, 'cashflow': 128, 'errors': 0, 'incomplete_years': 1}
2026-08-15 12:39:10,208 WARNING findata.database.edgar_ | XHR: incomplete quarterly coverage for 9 (item, year) pair(s): {('balance', 'goodwill'): [2016, 2017, 2018, 2019, 2022, 2023, 2024, 2025], ('balance', 'stockholders_equity'): [2014]}
2026-08-15 12:39:10,209 INFO    findata.database.edgar_ | XHR processed: {'text_filings': 0, 'sections': 0, 'form4_rows': 0, 'income': 804, 'balance': 357, 'cashflow': 640, 'errors': 0, 'incomplete_years': 9}
2026-08-15 12:39:12,052 INFO    findata.database.edgar_ | JHX processed: {'text_filings': 0, 'sections': 0, 'form4_rows': 0, 'income': 260, 'balance': 184, 'cashflow': 136, 'errors': 0, 'incomplete_years': 0}
2026-08-15 12:39:12,161 WARNING findata.database.edgar_ | WLKP: incomplete quarterly coverage for 3 (item, year) pair(s): {('balance', 'cash_and_equivalents'): [2014], ('income', 'shares_basic'): [2019], ('income', 'shares_diluted'): [2019]}
2026-08-15 12:39:12,162 INFO    findata.database.edgar_ | WLKP processed: {'text_filings': 0, 'sections': 0, 'form4_rows': 0, 'income': 505, 'balance': 380, 'cashflow': 462, 'errors': 0, 'incomplete_years': 3}
2026-08-15 12:39:12,291 WARNING findata.database.edgar_ | LAND: incomplete quarterly coverage for 8 (item, year) pair(s): {('balance', 'stockholders_equity'): [2012], ('cashflow', 'capex'): [2014, 2021], ('income', 'cost_of_revenue'): [2018], ('income', 'income_tax'): [2018, 2025], ('income', 'operating_expenses'): [2017], ('income', 'operating_income'): [2018]}
2026-08-15 12:39:12,292 INFO    findata.database.edgar_ | LAND processed: {'text_filings': 0, 'sections': 0, 'form4_rows': 0, 'income': 668, 'balance': 401, 'cashflow': 591, 'errors': 0, 'incomplete_years': 8}
2026-08-15 12:39:12,476 WARNING findata.database.edgar_ | SMCI: incomplete quarterly coverage for 20 (item, year) pair(s): {('balance', 'assets'): [2018], ('balance', 'assets_current'): [2018], ('balance', 'inventory'): [2018], ('balance', 'liabilities'): [2018], ('balance', 'liabilities_current'): [2018], ('balance', 'long_term_debt'): [2019, 2020, 2024], ('balance', 'shares_outstanding'): [2014, 2015, 2016, 2017, 2019, 2020], ('balance', 'short_term_debt'): [2018, 2023], ('balance', 'stockholders_equity'): [2011], ('cashflow', 'stock_buybacks'): [2020, 2021, 2022]}
2026-08-15 12:39:12,478 INFO    findata.database.edgar_ | SMCI processed: {'text_filings': 0, 'sections': 0, 'form4_rows': 0, 'income': 1106, 'balance': 573, 'cashflow': 593, 'errors': 0, 'incomplete_years': 20}
2026-08-15 12:39:12,683 WARNING findata.database.edgar_ | SBUX: incomplete quarterly coverage for 9 (item, year) pair(s): {('balance', 'cash_and_equivalents'): [2008], ('balance', 'short_term_debt'): [2010, 2014, 2015], ('balance', 'stockholders_equity'): [2008, 2009], ('income', 'cost_of_revenue'): [2020], ('income', 'shares_basic'): [2013], ('income', 'shares_diluted'): [2013]}
2026-08-15 12:39:12,684 INFO    findata.database.edgar_ | SBUX processed: {'text_filings': 0, 'sections': 0, 'form4_rows': 0, 'income': 1141, 'balance': 870, 'cashflow': 921, 'errors': 0, 'incomplete_years': 9}
2026-08-15 12:39:14,884 WARNING findata.database.edgar_ | AA: incomplete quarterly coverage for 11 (item, year) pair(s): {('balance', 'cash_and_equivalents'): [2015], ('balance', 'goodwill'): [2016, 2017, 2018, 2019, 2020, 2021, 2022], ('balance', 'shares_outstanding'): [2024, 2025], ('balance', 'stockholders_equity'): [2015]}
2026-08-15 12:39:14,885 INFO    findata.database.edgar_ | AA processed: {'text_filings': 0, 'sections': 0, 'form4_rows': 0, 'income': 613, 'balance': 449, 'cashflow': 454, 'errors': 0, 'incomplete_years': 11}
2026-08-15 12:39:15,050 WARNING findata.database.edgar_ | CNK: incomplete quarterly coverage for 22 (item, year) pair(s): {('balance', 'assets'): [2022], ('balance', 'assets_current'): [2022], ('balance', 'cash_and_equivalents'): [2023, 2024, 2025], ('balance', 'inventory'): [2022], ('balance', 'liabilities_current'): [2022], ('balance', 'liabilities_noncurrent'): [2022], ('balance', 'long_term_debt'): [2022], ('balance', 'shares_outstanding'): [2022], ('balance', 'short_term_debt'): [2022], ('balance', 'stockholders_equity'): [2010, 2022], ('cashflow', 'capex'): [2023], ('cashflow', 'dividends_paid'): [2021], ('cashflow', 'financing_cash_flow'): [2022], ('cashflow', 'investing_cash_flow'): [2022], ('cashflow', 'operating_cash_flow'): [2022], ('income', 'costs_and_expenses'): [2022], ('income', 'operating_expenses'): [2022], ('income', 'operating_income'): [2022], ('income', 'pretax_income'): [2022]}
2026-08-15 12:39:15,051 INFO    findata.database.edgar_ | CNK processed: {'text_filings': 0, 'sections': 0, 'form4_rows': 0, 'income': 885, 'balance': 609, 'cashflow': 632, 'errors': 0, 'incomplete_years': 22}
2026-08-15 12:39:15,154 WARNING findata.database.edgar_ | BHF: incomplete quarterly coverage for 3 (item, year) pair(s): {('balance', 'cash_and_equivalents'): [2016], ('balance', 'short_term_investments'): [2025], ('balance', 'stockholders_equity'): [2016]}
2026-08-15 12:39:15,155 INFO    findata.database.edgar_ | BHF processed: {'text_filings': 0, 'sections': 0, 'form4_rows': 0, 'income': 493, 'balance': 307, 'cashflow': 282, 'errors': 0, 'incomplete_years': 3}
2026-08-15 12:39:15,383 WARNING findata.database.edgar_ | ONIT: incomplete quarterly coverage for 8 (item, year) pair(s): {('cashflow', 'stock_buybacks'): [2022, 2023, 2025], ('income', 'pretax_income'): [2025], ('income', 'shares_basic'): [2013, 2020], ('income', 'shares_diluted'): [2013, 2020]}
2026-08-15 12:39:15,384 INFO    findata.database.edgar_ | ONIT processed: {'text_filings': 0, 'sections': 0, 'form4_rows': 0, 'income': 908, 'balance': 383, 'cashflow': 682, 'errors': 0, 'incomplete_years': 8}
2026-08-15 12:39:15,417 INFO    findata.database.edgar_ | CCJ processed: {'text_filings': 0, 'sections': 0, 'form4_rows': 0, 'income': 49, 'balance': 19, 'cashflow': 0, 'errors': 0, 'incomplete_years': 0}
2026-08-15 12:39:17,456 INFO    findata.database.edgar_ | CAMT processed: {'text_filings': 0, 'sections': 0, 'form4_rows': 0, 'income': 323, 'balance': 283, 'cashflow': 227, 'errors': 0, 'incomplete_years': 0}
2026-08-15 12:39:17,509 WARNING findata.database.edgar_ | SLRC: incomplete quarterly coverage for 3 (item, year) pair(s): {('balance', 'cash_and_equivalents'): [2021], ('balance', 'shares_outstanding'): [2020, 2021]}
2026-08-15 12:39:17,510 INFO    findata.database.edgar_ | SLRC processed: {'text_filings': 0, 'sections': 0, 'form4_rows': 0, 'income': 144, 'balance': 118, 'cashflow': 98, 'errors': 0, 'incomplete_years': 3}
2026-08-15 12:39:17,677 WARNING findata.database.edgar_ | ADC: incomplete quarterly coverage for 3 (item, year) pair(s): {('balance', 'cash_and_equivalents'): [2010], ('balance', 'long_term_debt'): [2019, 2022]}
2026-08-15 12:39:17,678 INFO    findata.database.edgar_ | ADC processed: {'text_filings': 0, 'sections': 0, 'form4_rows': 0, 'income': 866, 'balance': 412, 'cashflow': 804, 'errors': 0, 'incomplete_years': 3}
2026-08-15 12:39:17,852 WARNING findata.database.edgar_ | XRX: incomplete quarterly coverage for 5 (item, year) pair(s): {('balance', 'cash_and_equivalents'): [2019], ('balance', 'goodwill'): [2018, 2019], ('balance', 'stockholders_equity'): [2018], ('income', 'pretax_income'): [2023]}
2026-08-15 12:39:17,853 INFO    findata.database.edgar_ | XRX processed: {'text_filings': 0, 'sections': 0, 'form4_rows': 0, 'income': 406, 'balance': 355, 'cashflow': 447, 'errors': 0, 'incomplete_years': 5}
2026-08-15 12:39:18,039 WARNING findata.database.edgar_ | WPC: incomplete quarterly coverage for 11 (item, year) pair(s): {('balance', 'cash_and_equivalents'): [2009], ('balance', 'goodwill'): [2011, 2012], ('balance', 'stockholders_equity'): [2009, 2010], ('cashflow', 'capex'): [2011, 2012], ('cashflow', 'stock_buybacks'): [2011, 2012], ('income', 'income_tax'): [2012], ('income', 'pretax_income'): [2016]}
2026-08-15 12:39:18,040 INFO    findata.database.edgar_ | WPC processed: {'text_filings': 0, 'sections': 0, 'form4_rows': 0, 'income': 891, 'balance': 514, 'cashflow': 810, 'errors': 0, 'incomplete_years': 11}
2026-08-15 12:39:20,627 WARNING findata.database.edgar_ | RIOT: incomplete quarterly coverage for 30 (item, year) pair(s): {('balance', 'cash_and_equivalents'): [2010], ('balance', 'goodwill'): [2018, 2021, 2022, 2024], ('balance', 'short_term_debt'): [2015, 2023, 2024], ('balance', 'short_term_investments'): [2017, 2018, 2021, 2022], ('balance', 'stockholders_equity'): [2010, 2011], ('cashflow', 'capex'): [2012, 2020], ('income', 'cost_of_revenue'): [2012, 2013, 2014, 2016, 2021], ('income', 'gross_profit'): [2013, 2014, 2016], ('income', 'income_tax'): [2021], ('income', 'interest_expense'): [2020], ('income', 'revenue'): [2013, 2014, 2016], ('income', 'rnd_expense'): [2018]}
2026-08-15 12:39:20,628 INFO    findata.database.edgar_ | RIOT processed: {'text_filings': 0, 'sections': 0, 'form4_rows': 0, 'income': 866, 'balance': 598, 'cashflow': 621, 'errors': 0, 'incomplete_years': 30}
2026-08-15 12:39:20,799 WARNING findata.database.edgar_ | ANF: incomplete quarterly coverage for 16 (item, year) pair(s): {('balance', 'cash_and_equivalents'): [2010], ('balance', 'long_term_debt'): [2013], ('balance', 'short_term_debt'): [2018, 2019, 2020, 2021], ('balance', 'short_term_investments'): [2012, 2024, 2025], ('balance', 'stockholders_equity'): [2010, 2011], ('cashflow', 'stock_buybacks'): [2017], ('income', 'gross_profit'): [2025], ('income', 'interest_expense'): [2015, 2024, 2025]}
2026-08-15 12:39:20,800 INFO    findata.database.edgar_ | ANF processed: {'text_filings': 0, 'sections': 0, 'form4_rows': 0, 'income': 940, 'balance': 634, 'cashflow': 801, 'errors': 0, 'incomplete_years': 16}
2026-08-15 12:39:20,964 WARNING findata.database.edgar_ | MZTI: incomplete quarterly coverage for 1 (item, year) pair(s): {('balance', 'stockholders_equity'): [2010]}
2026-08-15 12:39:20,965 INFO    findata.database.edgar_ | MZTI processed: {'text_filings': 0, 'sections': 0, 'form4_rows': 0, 'income': 923, 'balance': 585, 'cashflow': 830, 'errors': 0, 'incomplete_years': 1}
2026-08-15 12:39:21,117 WARNING findata.database.edgar_ | KHC: incomplete quarterly coverage for 16 (item, year) pair(s): {('balance', 'assets'): [2015], ('balance', 'assets_current'): [2015], ('balance', 'cash_and_equivalents'): [2013, 2014], ('balance', 'goodwill'): [2015], ('balance', 'inventory'): [2015], ('balance', 'liabilities'): [2015], ('balance', 'liabilities_current'): [2015], ('balance', 'long_term_debt'): [2015], ('balance', 'shares_outstanding'): [2014, 2015], ('balance', 'short_term_debt'): [2015, 2016], ('balance', 'stockholders_equity'): [2013, 2014, 2015]}
2026-08-15 12:39:21,118 INFO    findata.database.edgar_ | KHC processed: {'text_filings': 0, 'sections': 0, 'form4_rows': 0, 'income': 788, 'balance': 592, 'cashflow': 560, 'errors': 0, 'incomplete_years': 16}
2026-08-15 12:39:21,287 WARNING findata.database.edgar_ | TRMK: incomplete quarterly coverage for 4 (item, year) pair(s): {('balance', 'cash_and_equivalents'): [2009, 2019], ('balance', 'shares_outstanding'): [2010], ('balance', 'stockholders_equity'): [2009]}
2026-08-15 12:39:21,288 INFO    findata.database.edgar_ | TRMK processed: {'text_filings': 0, 'sections': 0, 'form4_rows': 0, 'income': 764, 'balance': 479, 'cashflow': 843, 'errors': 0, 'incomplete_years': 4}
2026-08-15 12:39:23,927 WARNING findata.database.edgar_ | APPN: incomplete quarterly coverage for 9 (item, year) pair(s): {('balance', 'cash_and_equivalents'): [2016], ('balance', 'long_term_debt'): [2021, 2022], ('balance', 'shares_outstanding'): [2025], ('balance', 'short_term_debt'): [2021, 2022], ('balance', 'short_term_investments'): [2024], ('balance', 'stockholders_equity'): [2016, 2017]}
2026-08-15 12:39:23,928 INFO    findata.database.edgar_ | APPN processed: {'text_filings': 0, 'sections': 0, 'form4_rows': 0, 'income': 697, 'balance': 335, 'cashflow': 402, 'errors': 0, 'incomplete_years': 9}
2026-08-15 12:39:24,088 WARNING findata.database.edgar_ | WRB: incomplete quarterly coverage for 15 (item, year) pair(s): {('balance', 'cash_and_equivalents'): [2009], ('balance', 'shares_outstanding'): [2010], ('cashflow', 'capex'): [2020], ('income', 'shares_basic'): [2019, 2020, 2021, 2022, 2023, 2024], ('income', 'shares_diluted'): [2019, 2020, 2021, 2022, 2023, 2024]}
2026-08-15 12:39:24,089 INFO    findata.database.edgar_ | WRB processed: {'text_filings': 0, 'sections': 0, 'form4_rows': 0, 'income': 822, 'balance': 465, 'cashflow': 807, 'errors': 0, 'incomplete_years': 15}
2026-08-15 12:39:24,214 WARNING findata.database.edgar_ | RYTM: incomplete quarterly coverage for 8 (item, year) pair(s): {('balance', 'cash_and_equivalents'): [2016], ('balance', 'long_term_debt'): [2024], ('balance', 'stockholders_equity'): [2016, 2017], ('cashflow', 'capex'): [2018, 2020], ('income', 'income_tax'): [2023], ('income', 'pretax_income'): [2022]}
2026-08-15 12:39:24,216 INFO    findata.database.edgar_ | RYTM processed: {'text_filings': 0, 'sections': 0, 'form4_rows': 0, 'income': 567, 'balance': 359, 'cashflow': 292, 'errors': 0, 'incomplete_years': 8}
2026-08-15 12:39:24,271 WARNING findata.database.edgar_ | OCSL: incomplete quarterly coverage for 2 (item, year) pair(s): {('balance', 'shares_outstanding'): [2020, 2021]}
2026-08-15 12:39:24,272 INFO    findata.database.edgar_ | OCSL processed: {'text_filings': 0, 'sections': 0, 'form4_rows': 0, 'income': 151, 'balance': 129, 'cashflow': 132, 'errors': 0, 'incomplete_years': 2}
2026-08-15 12:39:24,423 WARNING findata.database.edgar_ | AMC: incomplete quarterly coverage for 4 (item, year) pair(s): {('balance', 'short_term_debt'): [2018], ('cashflow', 'stock_buybacks'): [2017], ('income', 'shares_basic'): [2023], ('income', 'shares_diluted'): [2023]}
2026-08-15 12:39:24,424 INFO    findata.database.edgar_ | AMC processed: {'text_filings': 0, 'sections': 0, 'form4_rows': 0, 'income': 803, 'balance': 481, 'cashflow': 612, 'errors': 0, 'incomplete_years': 4}
2026-08-15 12:39:25,298 WARNING edgar.core | No company facts found on url https://data.sec.gov/api/xbrl/companyfacts/CIK0000710752.json
2026-08-15 12:39:25,733 WARNING edgar.core | No company facts found on url https://data.sec.gov/api/xbrl/companyfacts/CIK0001492165.json
2026-08-15 12:39:25,773 INFO    findata.database.edgar_ | ERIC processed: {'text_filings': 0, 'sections': 0, 'form4_rows': 0, 'income': 44, 'balance': 22, 'cashflow': 0, 'errors': 0, 'incomplete_years': 0}
2026-08-15 12:39:25,775 INFO    findata.database.edgar_ | SBR processed: {'text_filings': 0, 'sections': 0, 'form4_rows': 0, 'income': 0, 'balance': 0, 'cashflow': 0, 'errors': 0}
2026-08-15 12:39:26,005 WARNING findata.database.edgar_ | BKD: incomplete quarterly coverage for 10 (item, year) pair(s): {('balance', 'cash_and_equivalents'): [2009], ('balance', 'stockholders_equity'): [2009, 2010], ('cashflow', 'stock_buybacks'): [2012], ('income', 'gross_profit'): [2014], ('income', 'income_tax'): [2011], ('income', 'interest_expense'): [2012, 2025], ('income', 'operating_expenses'): [2022], ('income', 'shares_basic'): [2011]}
2026-08-15 12:39:26,006 INFO    findata.database.edgar_ | BKD processed: {'text_filings': 0, 'sections': 0, 'form4_rows': 0, 'income': 996, 'balance': 769, 'cashflow': 688, 'errors': 0, 'incomplete_years': 10}
2026-08-15 12:39:26,031 INFO    findata.database.edgar_ | DNN processed: {'text_filings': 0, 'sections': 0, 'form4_rows': 0, 'income': 16, 'balance': 27, 'cashflow': 0, 'errors': 0, 'incomplete_years': 0}
2026-08-15 12:39:26,032 INFO    findata.database.edgar_ | PFBC processed: {'text_filings': 0, 'sections': 0, 'form4_rows': 0, 'income': 0, 'balance': 0, 'cashflow': 0, 'errors': 0}
2026-08-15 12:39:28,470 WARNING findata.database.edgar_ | HWC: incomplete quarterly coverage for 4 (item, year) pair(s): {('balance', 'stockholders_equity'): [2009], ('cashflow', 'stock_buybacks'): [2021, 2023], ('income', 'interest_expense'): [2024]}
2026-08-15 12:39:28,471 INFO    findata.database.edgar_ | HWC processed: {'text_filings': 0, 'sections': 0, 'form4_rows': 0, 'income': 762, 'balance': 567, 'cashflow': 756, 'errors': 0, 'incomplete_years': 4}
2026-08-15 12:39:28,650 WARNING findata.database.edgar_ | BXC: incomplete quarterly coverage for 5 (item, year) pair(s): {('balance', 'cash_and_equivalents'): [2010], ('balance', 'shares_outstanding'): [2015], ('balance', 'short_term_debt'): [2018], ('balance', 'stockholders_equity'): [2010, 2011]}
2026-08-15 12:39:28,651 INFO    findata.database.edgar_ | BXC processed: {'text_filings': 0, 'sections': 0, 'form4_rows': 0, 'income': 1045, 'balance': 688, 'cashflow': 659, 'errors': 0, 'incomplete_years': 5}
2026-08-15 12:39:28,822 WARNING findata.database.edgar_ | BCC: incomplete quarterly coverage for 2 (item, year) pair(s): {('balance', 'stockholders_equity'): [2012], ('cashflow', 'stock_buybacks'): [2014]}
2026-08-15 12:39:28,823 INFO    findata.database.edgar_ | BCC processed: {'text_filings': 0, 'sections': 0, 'form4_rows': 0, 'income': 949, 'balance': 521, 'cashflow': 702, 'errors': 0, 'incomplete_years': 2}
2026-08-15 12:39:28,982 WARNING findata.database.edgar_ | PRKS: incomplete quarterly coverage for 19 (item, year) pair(s): {('balance', 'shares_outstanding'): [2014, 2015, 2016, 2017, 2018, 2019, 2020, 2021, 2022, 2023, 2024, 2025], ('balance', 'stockholders_equity'): [2012], ('cashflow', 'dividends_paid'): [2019], ('cashflow', 'stock_buybacks'): [2019, 2021, 2023], ('income', 'shares_basic'): [2015], ('income', 'shares_diluted'): [2015]}
2026-08-15 12:39:28,983 INFO    findata.database.edgar_ | PRKS processed: {'text_filings': 0, 'sections': 0, 'form4_rows': 0, 'income': 874, 'balance': 615, 'cashflow': 650, 'errors': 0, 'incomplete_years': 19}
2026-08-15 12:39:29,190 WARNING findata.database.edgar_ | MLKN: incomplete quarterly coverage for 13 (item, year) pair(s): {('balance', 'liabilities_noncurrent'): [2013], ('balance', 'short_term_debt'): [2013, 2014, 2017], ('balance', 'short_term_investments'): [2012, 2013, 2014, 2015, 2016, 2017, 2018, 2019], ('balance', 'stockholders_equity'): [2010]}
2026-08-15 12:39:29,191 INFO    findata.database.edgar_ | MLKN processed: {'text_filings': 0, 'sections': 0, 'form4_rows': 0, 'income': 1169, 'balance': 773, 'cashflow': 856, 'errors': 0, 'incomplete_years': 13}
2026-08-15 12:39:31,875 WARNING findata.database.edgar_ | DRH: incomplete quarterly coverage for 6 (item, year) pair(s): {('balance', 'cash_and_equivalents'): [2009], ('balance', 'stockholders_equity'): [2009, 2010], ('cashflow', 'capex'): [2021], ('cashflow', 'depreciation_amortization'): [2019, 2025]}
2026-08-15 12:39:31,876 INFO    findata.database.edgar_ | DRH processed: {'text_filings': 0, 'sections': 0, 'form4_rows': 0, 'income': 950, 'balance': 452, 'cashflow': 816, 'errors': 0, 'incomplete_years': 6}
2026-08-15 12:39:32,054 WARNING findata.database.edgar_ | MAN: incomplete quarterly coverage for 11 (item, year) pair(s): {('balance', 'assets_noncurrent'): [2019], ('balance', 'cash_and_equivalents'): [2009], ('balance', 'stockholders_equity'): [2009, 2010], ('cashflow', 'investing_cash_flow'): [2019], ('cashflow', 'stock_buybacks'): [2011, 2012], ('income', 'operating_expenses'): [2014, 2015, 2018, 2019]}
2026-08-15 12:39:32,055 INFO    findata.database.edgar_ | MAN processed: {'text_filings': 0, 'sections': 0, 'form4_rows': 0, 'income': 1049, 'balance': 704, 'cashflow': 798, 'errors': 0, 'incomplete_years': 11}
2026-08-15 12:39:32,106 WARNING findata.database.edgar_ | PSKY: incomplete quarterly coverage for 1 (item, year) pair(s): {('balance', 'stockholders_equity'): [2024]}
2026-08-15 12:39:32,107 INFO    findata.database.edgar_ | PSKY processed: {'text_filings': 0, 'sections': 0, 'form4_rows': 0, 'income': 84, 'balance': 63, 'cashflow': 93, 'errors': 0, 'incomplete_years': 1}
2026-08-15 12:39:32,279 WARNING findata.database.edgar_ | PCG: incomplete quarterly coverage for 7 (item, year) pair(s): {('balance', 'cash_and_equivalents'): [2008], ('balance', 'liabilities_current'): [2013], ('balance', 'long_term_debt'): [2019], ('balance', 'short_term_debt'): [2020], ('balance', 'stockholders_equity'): [2008, 2009], ('cashflow', 'dividends_paid'): [2025]}
2026-08-15 12:39:32,280 INFO    findata.database.edgar_ | PCG processed: {'text_filings': 0, 'sections': 0, 'form4_rows': 0, 'income': 1001, 'balance': 757, 'cashflow': 614, 'errors': 0, 'incomplete_years': 7}
2026-08-15 12:39:32,434 WARNING findata.database.edgar_ | CVBF: incomplete quarterly coverage for 1 (item, year) pair(s): {('cashflow', 'dividends_paid'): [2013]}
2026-08-15 12:39:32,435 INFO    findata.database.edgar_ | CVBF processed: {'text_filings': 0, 'sections': 0, 'form4_rows': 0, 'income': 747, 'balance': 465, 'cashflow': 795, 'errors': 0, 'incomplete_years': 1}
2026-08-15 12:39:34,956 WARNING findata.database.edgar_ | NRIM: incomplete quarterly coverage for 5 (item, year) pair(s): {('balance', 'cash_and_equivalents'): [2010], ('balance', 'goodwill'): [2013, 2014], ('balance', 'stockholders_equity'): [2010], ('income', 'interest_expense'): [2024]}
2026-08-15 12:39:34,957 INFO    findata.database.edgar_ | NRIM processed: {'text_filings': 0, 'sections': 0, 'form4_rows': 0, 'income': 732, 'balance': 456, 'cashflow': 701, 'errors': 0, 'incomplete_years': 5}
2026-08-15 12:39:35,119 WARNING findata.database.edgar_ | CRMD: incomplete quarterly coverage for 25 (item, year) pair(s): {('balance', 'cash_and_equivalents'): [2009, 2010], ('balance', 'inventory'): [2022, 2023], ('balance', 'stockholders_equity'): [2008, 2009, 2010, 2011], ('income', 'income_tax'): [2014, 2018, 2019, 2020, 2021, 2022, 2024], ('income', 'interest_expense'): [2021], ('income', 'pretax_income'): [2014, 2018, 2019, 2020, 2021, 2022], ('income', 'revenue'): [2024], ('income', 'shares_basic'): [2025], ('income', 'shares_diluted'): [2025]}
2026-08-15 12:39:35,120 INFO    findata.database.edgar_ | CRMD processed: {'text_filings': 0, 'sections': 0, 'form4_rows': 0, 'income': 981, 'balance': 603, 'cashflow': 565, 'errors': 0, 'incomplete_years': 25}
2026-08-15 12:39:35,292 WARNING findata.database.edgar_ | ETD: incomplete quarterly coverage for 26 (item, year) pair(s): {('balance', 'goodwill'): [2013, 2014, 2015, 2016, 2017, 2018, 2019], ('balance', 'long_term_debt'): [2020], ('balance', 'shares_outstanding'): [2014, 2015, 2016, 2017, 2018], ('balance', 'short_term_debt'): [2020], ('balance', 'short_term_investments'): [2021, 2023, 2024], ('balance', 'stockholders_equity'): [2011], ('cashflow', 'stock_buybacks'): [2015, 2016, 2017, 2020, 2021], ('income', 'interest_expense'): [2019, 2020], ('income', 'operating_expenses'): [2013]}
2026-08-15 12:39:35,293 INFO    findata.database.edgar_ | ETD processed: {'text_filings': 0, 'sections': 0, 'form4_rows': 0, 'income': 952, 'balance': 660, 'cashflow': 766, 'errors': 0, 'incomplete_years': 26}
2026-08-15 12:39:35,489 WARNING findata.database.edgar_ | PRGS: incomplete quarterly coverage for 12 (item, year) pair(s): {('balance', 'cash_and_equivalents'): [2009], ('balance', 'long_term_debt'): [2011, 2014, 2024], ('balance', 'shares_outstanding'): [2010], ('balance', 'short_term_debt'): [2014, 2025], ('balance', 'short_term_investments'): [2023], ('balance', 'stockholders_equity'): [2010], ('income', 'costs_and_expenses'): [2019, 2020, 2021]}
2026-08-15 12:39:35,490 INFO    findata.database.edgar_ | PRGS processed: {'text_filings': 0, 'sections': 0, 'form4_rows': 0, 'income': 1117, 'balance': 690, 'cashflow': 788, 'errors': 0, 'incomplete_years': 12}
2026-08-15 12:39:35,657 WARNING findata.database.edgar_ | SLG: incomplete quarterly coverage for 17 (item, year) pair(s): {('balance', 'cash_and_equivalents'): [2009], ('balance', 'long_term_debt'): [2018, 2019, 2020, 2021, 2022], ('balance', 'stockholders_equity'): [2009, 2010], ('income', 'income_tax'): [2025], ('income', 'operating_expenses'): [2017, 2018, 2019, 2020, 2021], ('income', 'pretax_income'): [2018, 2023, 2024]}
2026-08-15 12:39:35,658 INFO    findata.database.edgar_ | SLG processed: {'text_filings': 0, 'sections': 0, 'form4_rows': 0, 'income': 861, 'balance': 429, 'cashflow': 778, 'errors': 0, 'incomplete_years': 17}
2026-08-15 12:39:38,053 WARNING findata.database.edgar_ | BHC: incomplete quarterly coverage for 6 (item, year) pair(s): {('balance', 'stockholders_equity'): [2009, 2010], ('cashflow', 'dividends_paid'): [2011], ('cashflow', 'stock_buybacks'): [2015, 2016], ('income', 'cost_of_revenue'): [2018]}
2026-08-15 12:39:38,054 INFO    findata.database.edgar_ | BHC processed: {'text_filings': 0, 'sections': 0, 'form4_rows': 0, 'income': 1073, 'balance': 801, 'cashflow': 746, 'errors': 0, 'incomplete_years': 6}
2026-08-15 12:39:38,197 WARNING findata.database.edgar_ | DCOM: incomplete quarterly coverage for 16 (item, year) pair(s): {('balance', 'cash_and_equivalents'): [2010], ('balance', 'stockholders_equity'): [2010], ('cashflow', 'capex'): [2024, 2025], ('cashflow', 'dividends_paid'): [2013], ('income', 'interest_expense'): [2024], ('income', 'shares_basic'): [2014, 2015, 2016, 2017, 2018], ('income', 'shares_diluted'): [2014, 2015, 2016, 2017, 2018]}
2026-08-15 12:39:38,198 INFO    findata.database.edgar_ | DCOM processed: {'text_filings': 0, 'sections': 0, 'form4_rows': 0, 'income': 698, 'balance': 442, 'cashflow': 684, 'errors': 0, 'incomplete_years': 16}
2026-08-15 12:39:38,329 WARNING findata.database.edgar_ | TBPH: incomplete quarterly coverage for 8 (item, year) pair(s): {('balance', 'long_term_debt'): [2019, 2020, 2022, 2023], ('balance', 'stockholders_equity'): [2013], ('cashflow', 'capex'): [2025], ('cashflow', 'depreciation_amortization'): [2019], ('income', 'income_tax'): [2022]}
2026-08-15 12:39:38,330 INFO    findata.database.edgar_ | TBPH processed: {'text_filings': 0, 'sections': 0, 'form4_rows': 0, 'income': 818, 'balance': 395, 'cashflow': 444, 'errors': 0, 'incomplete_years': 8}
2026-08-15 12:39:38,514 INFO    findata.database.edgar_ | ALLT processed: {'text_filings': 0, 'sections': 0, 'form4_rows': 0, 'income': 306, 'balance': 227, 'cashflow': 195, 'errors': 0, 'incomplete_years': 0}
2026-08-15 12:39:38,682 WARNING findata.database.edgar_ | OFG: incomplete quarterly coverage for 12 (item, year) pair(s): {('balance', 'cash_and_equivalents'): [2010], ('cashflow', 'capex'): [2012], ('cashflow', 'depreciation_amortization'): [2013], ('cashflow', 'dividends_paid'): [2012], ('cashflow', 'financing_cash_flow'): [2012], ('cashflow', 'investing_cash_flow'): [2012], ('cashflow', 'operating_cash_flow'): [2012], ('cashflow', 'stock_buybacks'): [2016], ('income', 'costs_and_expenses'): [2024], ('income', 'interest_expense'): [2024], ('income', 'operating_expenses'): [2024], ('income', 'shares_diluted'): [2013]}
2026-08-15 12:39:38,683 INFO    findata.database.edgar_ | OFG processed: {'text_filings': 0, 'sections': 0, 'form4_rows': 0, 'income': 739, 'balance': 445, 'cashflow': 687, 'errors': 0, 'incomplete_years': 12}
2026-08-15 12:39:41,066 INFO    findata.database.edgar_ | SVM processed: {'text_filings': 0, 'sections': 0, 'form4_rows': 0, 'income': 31, 'balance': 27, 'cashflow': 0, 'errors': 0, 'incomplete_years': 0}
2026-08-15 12:39:41,244 WARNING findata.database.edgar_ | SMPL: incomplete quarterly coverage for 4 (item, year) pair(s): {('balance', 'cash_and_equivalents'): [2017], ('cashflow', 'stock_buybacks'): [2019, 2020, 2021]}
2026-08-15 12:39:41,246 INFO    findata.database.edgar_ | SMPL processed: {'text_filings': 0, 'sections': 0, 'form4_rows': 0, 'income': 585, 'balance': 431, 'cashflow': 396, 'errors': 0, 'incomplete_years': 4}
2026-08-15 12:39:41,420 WARNING findata.database.edgar_ | PDFS: incomplete quarterly coverage for 15 (item, year) pair(s): {('balance', 'assets_noncurrent'): [2016], ('balance', 'cash_and_equivalents'): [2010], ('balance', 'liabilities_current'): [2018], ('balance', 'liabilities_noncurrent'): [2015], ('balance', 'short_term_debt'): [2024], ('balance', 'short_term_investments'): [2019, 2020], ('balance', 'stockholders_equity'): [2011], ('cashflow', 'stock_buybacks'): [2016, 2017, 2023, 2025], ('income', 'gross_profit'): [2019], ('income', 'operating_expenses'): [2019], ('income', 'operating_income'): [2019]}
2026-08-15 12:39:41,421 INFO    findata.database.edgar_ | PDFS processed: {'text_filings': 0, 'sections': 0, 'form4_rows': 0, 'income': 981, 'balance': 614, 'cashflow': 683, 'errors': 0, 'incomplete_years': 15}
2026-08-15 12:39:41,589 WARNING findata.database.edgar_ | PEB: incomplete quarterly coverage for 4 (item, year) pair(s): {('balance', 'stockholders_equity'): [2011], ('cashflow', 'capex'): [2022, 2023, 2024]}
2026-08-15 12:39:41,590 INFO    findata.database.edgar_ | PEB processed: {'text_filings': 0, 'sections': 0, 'form4_rows': 0, 'income': 981, 'balance': 434, 'cashflow': 751, 'errors': 0, 'incomplete_years': 4}
2026-08-15 12:39:41,799 WARNING findata.database.edgar_ | OTEX: incomplete quarterly coverage for 12 (item, year) pair(s): {('balance', 'cash_and_equivalents'): [2008], ('balance', 'short_term_investments'): [2014, 2015], ('balance', 'stockholders_equity'): [2009], ('cashflow', 'depreciation_amortization'): [2020], ('cashflow', 'stock_buybacks'): [2013, 2014, 2015, 2016, 2017, 2022, 2023]}
2026-08-15 12:39:41,800 INFO    findata.database.edgar_ | OTEX processed: {'text_filings': 0, 'sections': 0, 'form4_rows': 0, 'income': 1114, 'balance': 784, 'cashflow': 832, 'errors': 0, 'incomplete_years': 12}
2026-08-15 12:39:43,968 WARNING findata.database.edgar_ | UNIT: incomplete quarterly coverage for 2 (item, year) pair(s): {('balance', 'cash_and_equivalents'): [2024], ('balance', 'stockholders_equity'): [2024]}
2026-08-15 12:39:43,969 INFO    findata.database.edgar_ | UNIT processed: {'text_filings': 0, 'sections': 0, 'form4_rows': 0, 'income': 122, 'balance': 70, 'cashflow': 81, 'errors': 0, 'incomplete_years': 2}
2026-08-15 12:39:44,155 WARNING findata.database.edgar_ | OPCH: incomplete quarterly coverage for 17 (item, year) pair(s): {('balance', 'cash_and_equivalents'): [2008], ('balance', 'stockholders_equity'): [2008, 2009], ('cashflow', 'capex'): [2016], ('cashflow', 'depreciation_amortization'): [2010], ('cashflow', 'financing_cash_flow'): [2010], ('cashflow', 'investing_cash_flow'): [2010], ('cashflow', 'operating_cash_flow'): [2010], ('cashflow', 'stock_buybacks'): [2025], ('income', 'eps_basic'): [2008], ('income', 'eps_diluted'): [2008], ('income', 'gross_profit'): [2008], ('income', 'net_income'): [2008], ('income', 'operating_income'): [2016], ('income', 'pretax_income'): [2019, 2020], ('income', 'revenue'): [2008]}
2026-08-15 12:39:44,156 INFO    findata.database.edgar_ | OPCH processed: {'text_filings': 0, 'sections': 0, 'form4_rows': 0, 'income': 1097, 'balance': 872, 'cashflow': 623, 'errors': 0, 'incomplete_years': 17}
2026-08-15 12:39:44,255 INFO    findata.database.edgar_ | NOAH processed: {'text_filings': 0, 'sections': 0, 'form4_rows': 0, 'income': 192, 'balance': 129, 'cashflow': 100, 'errors': 0, 'incomplete_years': 0}
2026-08-15 12:39:44,397 WARNING findata.database.edgar_ | HMN: incomplete quarterly coverage for 2 (item, year) pair(s): {('balance', 'short_term_debt'): [2024, 2025]}
2026-08-15 12:39:44,398 INFO    findata.database.edgar_ | HMN processed: {'text_filings': 0, 'sections': 0, 'form4_rows': 0, 'income': 809, 'balance': 432, 'cashflow': 519, 'errors': 0, 'incomplete_years': 2}
2026-08-15 12:39:44,572 WARNING findata.database.edgar_ | ECL: incomplete quarterly coverage for 3 (item, year) pair(s): {('balance', 'cash_and_equivalents'): [2008], ('balance', 'stockholders_equity'): [2008, 2009]}
2026-08-15 12:39:44,573 INFO    findata.database.edgar_ | ECL processed: {'text_filings': 0, 'sections': 0, 'form4_rows': 0, 'income': 1014, 'balance': 791, 'cashflow': 896, 'errors': 0, 'incomplete_years': 3}
2026-08-15 12:39:48,094 WARNING findata.database.edgar_ | GVA: incomplete quarterly coverage for 4 (item, year) pair(s): {('balance', 'cash_and_equivalents'): [2009], ('balance', 'stockholders_equity'): [2009], ('income', 'shares_basic'): [2019], ('income', 'shares_diluted'): [2019]}
2026-08-15 12:39:48,095 INFO    findata.database.edgar_ | GVA processed: {'text_filings': 0, 'sections': 0, 'form4_rows': 0, 'income': 1030, 'balance': 805, 'cashflow': 866, 'errors': 0, 'incomplete_years': 4}
2026-08-15 12:39:48,267 WARNING findata.database.edgar_ | R: incomplete quarterly coverage for 5 (item, year) pair(s): {('balance', 'cash_and_equivalents'): [2009], ('balance', 'inventory'): [2023], ('balance', 'stockholders_equity'): [2009, 2010], ('income', 'cost_of_revenue'): [2018]}
2026-08-15 12:39:48,268 INFO    findata.database.edgar_ | R processed: {'text_filings': 0, 'sections': 0, 'form4_rows': 0, 'income': 802, 'balance': 738, 'cashflow': 870, 'errors': 0, 'incomplete_years': 5}
2026-08-15 12:39:48,492 WARNING findata.database.edgar_ | PRK: incomplete quarterly coverage for 9 (item, year) pair(s): {('balance', 'cash_and_equivalents'): [2009], ('balance', 'goodwill'): [2010], ('balance', 'long_term_debt'): [2021], ('balance', 'stockholders_equity'): [2009, 2010], ('cashflow', 'stock_buybacks'): [2015, 2016, 2025], ('income', 'interest_expense'): [2024]}
2026-08-15 12:39:48,493 INFO    findata.database.edgar_ | PRK processed: {'text_filings': 0, 'sections': 0, 'form4_rows': 0, 'income': 762, 'balance': 518, 'cashflow': 699, 'errors': 0, 'incomplete_years': 9}
2026-08-15 12:39:48,520 INFO    findata.database.edgar_ | AGI processed: {'text_filings': 0, 'sections': 0, 'form4_rows': 0, 'income': 23, 'balance': 25, 'cashflow': 0, 'errors': 0, 'incomplete_years': 0}
2026-08-15 12:39:48,628 WARNING findata.database.edgar_ | BY: incomplete quarterly coverage for 6 (item, year) pair(s): {('balance', 'cash_and_equivalents'): [2016], ('balance', 'goodwill'): [2016], ('balance', 'short_term_debt'): [2022, 2023], ('balance', 'stockholders_equity'): [2016], ('income', 'interest_expense'): [2024]}
2026-08-15 12:39:48,629 INFO    findata.database.edgar_ | BY processed: {'text_filings': 0, 'sections': 0, 'form4_rows': 0, 'income': 463, 'balance': 293, 'cashflow': 452, 'errors': 0, 'incomplete_years': 6}
2026-08-15 12:39:52,655 INFO    findata.database.edgar_ | KEP processed: {'text_filings': 0, 'sections': 0, 'form4_rows': 0, 'income': 56, 'balance': 38, 'cashflow': 6, 'errors': 0, 'incomplete_years': 0}
2026-08-15 12:39:52,881 WARNING findata.database.edgar_ | EPR: incomplete quarterly coverage for 3 (item, year) pair(s): {('balance', 'cash_and_equivalents'): [2009], ('balance', 'stockholders_equity'): [2009, 2010]}
2026-08-15 12:39:52,882 INFO    findata.database.edgar_ | EPR processed: {'text_filings': 0, 'sections': 0, 'form4_rows': 0, 'income': 835, 'balance': 419, 'cashflow': 896, 'errors': 0, 'incomplete_years': 3}
2026-08-15 12:39:53,065 WARNING findata.database.edgar_ | SMTC: incomplete quarterly coverage for 10 (item, year) pair(s): {('balance', 'cash_and_equivalents'): [2010], ('balance', 'short_term_debt'): [2022, 2023, 2025], ('balance', 'stockholders_equity'): [2010, 2011], ('income', 'cost_of_revenue'): [2014], ('income', 'interest_expense'): [2017, 2018, 2019]}
2026-08-15 12:39:53,067 INFO    findata.database.edgar_ | SMTC processed: {'text_filings': 0, 'sections': 0, 'form4_rows': 0, 'income': 1173, 'balance': 698, 'cashflow': 684, 'errors': 0, 'incomplete_years': 10}
2026-08-15 12:39:53,172 INFO    findata.database.edgar_ | JOYY processed: {'text_filings': 0, 'sections': 0, 'form4_rows': 0, 'income': 220, 'balance': 168, 'cashflow': 99, 'errors': 0, 'incomplete_years': 0}
2026-08-15 12:39:53,338 WARNING findata.database.edgar_ | JLL: incomplete quarterly coverage for 9 (item, year) pair(s): {('balance', 'cash_and_equivalents'): [2009], ('balance', 'long_term_debt'): [2017], ('balance', 'short_term_debt'): [2020, 2021], ('balance', 'stockholders_equity'): [2009, 2010], ('cashflow', 'capex'): [2015, 2019], ('income', 'shares_diluted'): [2023]}
2026-08-15 12:39:53,340 INFO    findata.database.edgar_ | JLL processed: {'text_filings': 0, 'sections': 0, 'form4_rows': 0, 'income': 887, 'balance': 675, 'cashflow': 686, 'errors': 0, 'incomplete_years': 9}
2026-08-15 12:39:55,943 WARNING findata.database.edgar_ | LITE: incomplete quarterly coverage for 10 (item, year) pair(s): {('balance', 'cash_and_equivalents'): [2014], ('balance', 'goodwill'): [2015], ('balance', 'long_term_debt'): [2019, 2020, 2023, 2024], ('balance', 'short_term_debt'): [2024], ('balance', 'stockholders_equity'): [2014, 2015], ('income', 'pretax_income'): [2020]}
2026-08-15 12:39:55,944 INFO    findata.database.edgar_ | LITE processed: {'text_filings': 0, 'sections': 0, 'form4_rows': 0, 'income': 854, 'balance': 535, 'cashflow': 482, 'errors': 0, 'incomplete_years': 10}
2026-08-15 12:39:55,982 WARNING findata.database.edgar_ | BMO: incomplete quarterly coverage for 1 (item, year) pair(s): {('balance', 'goodwill'): [2018]}
2026-08-15 12:39:55,983 INFO    findata.database.edgar_ | BMO processed: {'text_filings': 0, 'sections': 0, 'form4_rows': 0, 'income': 86, 'balance': 93, 'cashflow': 0, 'errors': 0, 'incomplete_years': 1}
2026-08-15 12:39:56,169 WARNING findata.database.edgar_ | EXTR: incomplete quarterly coverage for 12 (item, year) pair(s): {('balance', 'cash_and_equivalents'): [2019, 2020, 2022, 2023], ('balance', 'short_term_investments'): [2018, 2020], ('cashflow', 'stock_buybacks'): [2014, 2019, 2020, 2022, 2023, 2025]}
2026-08-15 12:39:56,171 INFO    findata.database.edgar_ | EXTR processed: {'text_filings': 0, 'sections': 0, 'form4_rows': 0, 'income': 1106, 'balance': 644, 'cashflow': 611, 'errors': 0, 'incomplete_years': 12}
2026-08-15 12:39:56,328 WARNING findata.database.edgar_ | IRT: incomplete quarterly coverage for 12 (item, year) pair(s): {('balance', 'long_term_debt'): [2014, 2015, 2016], ('balance', 'stockholders_equity'): [2011], ('cashflow', 'capex'): [2012, 2013, 2023], ('income', 'cost_of_revenue'): [2020], ('income', 'eps_basic'): [2016], ('income', 'eps_diluted'): [2016], ('income', 'income_tax'): [2012], ('income', 'operating_income'): [2019]}
2026-08-15 12:39:56,329 INFO    findata.database.edgar_ | IRT processed: {'text_filings': 0, 'sections': 0, 'form4_rows': 0, 'income': 846, 'balance': 423, 'cashflow': 731, 'errors': 0, 'incomplete_years': 12}
2026-08-15 12:39:56,407 WARNING findata.database.edgar_ | ZYME: incomplete quarterly coverage for 2 (item, year) pair(s): {('balance', 'cash_and_equivalents'): [2021], ('income', 'rnd_expense'): [2024]}
2026-08-15 12:39:56,408 INFO    findata.database.edgar_ | ZYME processed: {'text_filings': 0, 'sections': 0, 'form4_rows': 0, 'income': 292, 'balance': 172, 'cashflow': 190, 'errors': 0, 'incomplete_years': 2}
2026-08-15 12:39:58,477 WARNING findata.database.edgar_ | LBRDA: incomplete quarterly coverage for 21 (item, year) pair(s): {('balance', 'cash_and_equivalents'): [2013], ('balance', 'goodwill'): [2017, 2018, 2019, 2020, 2025], ('balance', 'long_term_debt'): [2017], ('balance', 'short_term_debt'): [2020], ('balance', 'short_term_investments'): [2016], ('balance', 'stockholders_equity'): [2013, 2014], ('cashflow', 'capex'): [2017, 2025], ('cashflow', 'depreciation_amortization'): [2025], ('cashflow', 'investing_cash_flow'): [2017], ('income', 'costs_and_expenses'): [2025], ('income', 'eps_basic'): [2025], ('income', 'eps_diluted'): [2025], ('income', 'income_tax'): [2025], ('income', 'operating_expenses'): [2025], ('income', 'revenue'): [2025]}
2026-08-15 12:39:58,478 INFO    findata.database.edgar_ | LBRDA processed: {'text_filings': 0, 'sections': 0, 'form4_rows': 0, 'income': 788, 'balance': 414, 'cashflow': 492, 'errors': 0, 'incomplete_years': 21}
2026-08-15 12:39:58,658 WARNING findata.database.edgar_ | PAG: incomplete quarterly coverage for 6 (item, year) pair(s): {('balance', 'cash_and_equivalents'): [2009], ('balance', 'stockholders_equity'): [2009, 2010], ('cashflow', 'stock_buybacks'): [2014], ('income', 'interest_expense'): [2012, 2021]}
2026-08-15 12:39:58,659 INFO    findata.database.edgar_ | PAG processed: {'text_filings': 0, 'sections': 0, 'form4_rows': 0, 'income': 980, 'balance': 795, 'cashflow': 838, 'errors': 0, 'incomplete_years': 6}
2026-08-15 12:39:58,808 WARNING findata.database.edgar_ | FMS: incomplete quarterly coverage for 19 (item, year) pair(s): {('balance', 'cash_and_equivalents'): [2008], ('balance', 'goodwill'): [2017], ('balance', 'liabilities'): [2017], ('balance', 'shares_outstanding'): [2017, 2019, 2020, 2021, 2022, 2023, 2024], ('balance', 'stockholders_equity'): [2008, 2009], ('cashflow', 'dividends_paid'): [2012, 2013, 2014], ('income', 'eps_basic'): [2016], ('income', 'eps_diluted'): [2014, 2015, 2016]}
2026-08-15 12:39:58,809 INFO    findata.database.edgar_ | FMS processed: {'text_filings': 0, 'sections': 0, 'form4_rows': 0, 'income': 731, 'balance': 480, 'cashflow': 377, 'errors': 0, 'incomplete_years': 19}
2026-08-15 12:39:58,956 WARNING findata.database.edgar_ | COLB: incomplete quarterly coverage for 2 (item, year) pair(s): {('cashflow', 'capex'): [2023], ('income', 'interest_expense'): [2024]}
2026-08-15 12:39:58,957 INFO    findata.database.edgar_ | COLB processed: {'text_filings': 0, 'sections': 0, 'form4_rows': 0, 'income': 721, 'balance': 459, 'cashflow': 791, 'errors': 0, 'incomplete_years': 2}
2026-08-15 12:39:58,983 INFO    findata.database.edgar_ | STNG processed: {'text_filings': 0, 'sections': 0, 'form4_rows': 0, 'income': 11, 'balance': 60, 'cashflow': 0, 'errors': 0, 'incomplete_years': 0}
2026-08-15 12:40:01,160 WARNING findata.database.edgar_ | LSCC: incomplete quarterly coverage for 4 (item, year) pair(s): {('balance', 'cash_and_equivalents'): [2010], ('balance', 'stockholders_equity'): [2010, 2011], ('income', 'costs_and_expenses'): [2019]}
2026-08-15 12:40:01,161 INFO    findata.database.edgar_ | LSCC processed: {'text_filings': 0, 'sections': 0, 'form4_rows': 0, 'income': 1144, 'balance': 707, 'cashflow': 627, 'errors': 0, 'incomplete_years': 4}
2026-08-15 12:40:01,313 WARNING findata.database.edgar_ | WRLD: incomplete quarterly coverage for 11 (item, year) pair(s): {('balance', 'goodwill'): [2011], ('balance', 'long_term_debt'): [2014, 2015, 2016, 2017, 2018, 2019, 2020, 2021, 2022], ('balance', 'stockholders_equity'): [2011]}
2026-08-15 12:40:01,314 INFO    findata.database.edgar_ | WRLD processed: {'text_filings': 0, 'sections': 0, 'form4_rows': 0, 'income': 854, 'balance': 464, 'cashflow': 684, 'errors': 0, 'incomplete_years': 11}
2026-08-15 12:40:01,486 WARNING findata.database.edgar_ | AVNT: incomplete quarterly coverage for 3 (item, year) pair(s): {('balance', 'stockholders_equity'): [2010], ('income', 'interest_expense'): [2016], ('income', 'pretax_income'): [2012]}
2026-08-15 12:40:01,487 INFO    findata.database.edgar_ | AVNT processed: {'text_filings': 0, 'sections': 0, 'form4_rows': 0, 'income': 954, 'balance': 701, 'cashflow': 785, 'errors': 0, 'incomplete_years': 3}
2026-08-15 12:40:01,704 WARNING findata.database.edgar_ | DCO: incomplete quarterly coverage for 6 (item, year) pair(s): {('balance', 'cash_and_equivalents'): [2010], ('balance', 'shares_outstanding'): [2013, 2014, 2015], ('balance', 'stockholders_equity'): [2010, 2011]}
2026-08-15 12:40:01,705 INFO    findata.database.edgar_ | DCO processed: {'text_filings': 0, 'sections': 0, 'form4_rows': 0, 'income': 914, 'balance': 727, 'cashflow': 629, 'errors': 0, 'incomplete_years': 6}
2026-08-15 12:40:01,875 WARNING findata.database.edgar_ | TJX: incomplete quarterly coverage for 15 (item, year) pair(s): {('balance', 'cash_and_equivalents'): [2009], ('balance', 'goodwill'): [2011, 2012, 2013, 2014, 2015, 2016], ('balance', 'short_term_debt'): [2011, 2020, 2025, 2026], ('balance', 'short_term_investments'): [2020], ('balance', 'stockholders_equity'): [2009], ('income', 'shares_basic'): [2017], ('income', 'shares_diluted'): [2017]}
2026-08-15 12:40:01,876 INFO    findata.database.edgar_ | TJX processed: {'text_filings': 0, 'sections': 0, 'form4_rows': 0, 'income': 859, 'balance': 740, 'cashflow': 900, 'errors': 0, 'incomplete_years': 15}
2026-08-15 12:40:04,230 WARNING findata.database.edgar_ | IVZ: incomplete quarterly coverage for 14 (item, year) pair(s): {('balance', 'assets_current'): [2013], ('balance', 'assets_noncurrent'): [2013], ('balance', 'cash_and_equivalents'): [2008], ('balance', 'liabilities_current'): [2013], ('balance', 'liabilities_noncurrent'): [2013], ('balance', 'long_term_debt'): [2018], ('balance', 'short_term_debt'): [2010, 2011], ('balance', 'short_term_investments'): [2013, 2017, 2018], ('balance', 'stockholders_equity'): [2008], ('cashflow', 'stock_buybacks'): [2010, 2020]}
2026-08-15 12:40:04,231 INFO    findata.database.edgar_ | IVZ processed: {'text_filings': 0, 'sections': 0, 'form4_rows': 0, 'income': 951, 'balance': 623, 'cashflow': 937, 'errors': 0, 'incomplete_years': 14}
2026-08-15 12:40:04,404 WARNING findata.database.edgar_ | CSGP: incomplete quarterly coverage for 8 (item, year) pair(s): {('balance', 'cash_and_equivalents'): [2010], ('balance', 'goodwill'): [2011], ('balance', 'long_term_debt'): [2018, 2019], ('balance', 'short_term_investments'): [2015, 2016], ('balance', 'stockholders_equity'): [2010, 2011]}
2026-08-15 12:40:04,405 INFO    findata.database.edgar_ | CSGP processed: {'text_filings': 0, 'sections': 0, 'form4_rows': 0, 'income': 1046, 'balance': 618, 'cashflow': 600, 'errors': 0, 'incomplete_years': 8}
2026-08-15 12:40:04,544 WARNING findata.database.edgar_ | CIVB: incomplete quarterly coverage for 6 (item, year) pair(s): {('balance', 'cash_and_equivalents'): [2019], ('balance', 'stockholders_equity'): [2011], ('cashflow', 'capex'): [2024, 2025], ('cashflow', 'stock_buybacks'): [2019], ('income', 'interest_expense'): [2024]}
2026-08-15 12:40:04,545 INFO    findata.database.edgar_ | CIVB processed: {'text_filings': 0, 'sections': 0, 'form4_rows': 0, 'income': 680, 'balance': 341, 'cashflow': 601, 'errors': 0, 'incomplete_years': 6}
2026-08-15 12:40:04,707 WARNING findata.database.edgar_ | SSTK: incomplete quarterly coverage for 6 (item, year) pair(s): {('balance', 'cash_and_equivalents'): [2011], ('balance', 'short_term_debt'): [2021, 2022], ('cashflow', 'stock_buybacks'): [2020, 2024, 2025]}
2026-08-15 12:40:04,708 INFO    findata.database.edgar_ | SSTK processed: {'text_filings': 0, 'sections': 0, 'form4_rows': 0, 'income': 1038, 'balance': 544, 'cashflow': 670, 'errors': 0, 'incomplete_years': 6}
2026-08-15 12:40:04,871 WARNING findata.database.edgar_ | ENVA: incomplete quarterly coverage for 4 (item, year) pair(s): {('balance', 'cash_and_equivalents'): [2013], ('balance', 'stockholders_equity'): [2013], ('income', 'costs_and_expenses'): [2018], ('income', 'interest_expense'): [2015]}
2026-08-15 12:40:04,872 INFO    findata.database.edgar_ | ENVA processed: {'text_filings': 0, 'sections': 0, 'form4_rows': 0, 'income': 833, 'balance': 423, 'cashflow': 567, 'errors': 0, 'incomplete_years': 4}
2026-08-15 12:40:07,157 WARNING findata.database.edgar_ | CYRX: incomplete quarterly coverage for 23 (item, year) pair(s): {('balance', 'liabilities'): [2014], ('cashflow', 'stock_buybacks'): [2025], ('income', 'cost_of_revenue'): [2014, 2015], ('income', 'eps_diluted'): [2012], ('income', 'income_tax'): [2012, 2013], ('income', 'interest_expense'): [2012, 2013, 2014, 2015], ('income', 'operating_expenses'): [2014, 2015], ('income', 'pretax_income'): [2014, 2015], ('income', 'rnd_expense'): [2014, 2015], ('income', 'shares_basic'): [2014, 2015, 2016], ('income', 'shares_diluted'): [2014, 2015, 2016]}
2026-08-15 12:40:07,158 INFO    findata.database.edgar_ | CYRX processed: {'text_filings': 0, 'sections': 0, 'form4_rows': 0, 'income': 1075, 'balance': 625, 'cashflow': 614, 'errors': 0, 'incomplete_years': 23}
2026-08-15 12:40:07,334 WARNING findata.database.edgar_ | GEO: incomplete quarterly coverage for 12 (item, year) pair(s): {('balance', 'cash_and_equivalents'): [2009], ('balance', 'stockholders_equity'): [2009, 2010], ('cashflow', 'capex'): [2011, 2016], ('cashflow', 'stock_buybacks'): [2012, 2013, 2014, 2021], ('income', 'cost_of_revenue'): [2011], ('income', 'shares_basic'): [2020], ('income', 'shares_diluted'): [2020]}
2026-08-15 12:40:07,335 INFO    findata.database.edgar_ | GEO processed: {'text_filings': 0, 'sections': 0, 'form4_rows': 0, 'income': 949, 'balance': 670, 'cashflow': 748, 'errors': 0, 'incomplete_years': 12}
2026-08-15 12:40:07,477 WARNING findata.database.edgar_ | ALRM: incomplete quarterly coverage for 7 (item, year) pair(s): {('balance', 'cash_and_equivalents'): [2014], ('balance', 'goodwill'): [2015], ('balance', 'stockholders_equity'): [2014, 2015], ('cashflow', 'stock_buybacks'): [2016, 2017, 2018]}
2026-08-15 12:40:07,478 INFO    findata.database.edgar_ | ALRM processed: {'text_filings': 0, 'sections': 0, 'form4_rows': 0, 'income': 748, 'balance': 491, 'cashflow': 550, 'errors': 0, 'incomplete_years': 7}
2026-08-15 12:40:07,687 WARNING findata.database.edgar_ | TOL: incomplete quarterly coverage for 3 (item, year) pair(s): {('balance', 'cash_and_equivalents'): [2009], ('balance', 'stockholders_equity'): [2009, 2010]}
2026-08-15 12:40:07,688 INFO    findata.database.edgar_ | TOL processed: {'text_filings': 0, 'sections': 0, 'form4_rows': 0, 'income': 854, 'balance': 346, 'cashflow': 812, 'errors': 0, 'incomplete_years': 3}
2026-08-15 12:40:07,827 WARNING findata.database.edgar_ | IRTC: incomplete quarterly coverage for 9 (item, year) pair(s): {('balance', 'cash_and_equivalents'): [2015], ('balance', 'short_term_debt'): [2019], ('balance', 'short_term_investments'): [2018, 2021, 2022, 2023], ('balance', 'stockholders_equity'): [2015, 2016], ('income', 'rnd_expense'): [2024]}
2026-08-15 12:40:07,828 INFO    findata.database.edgar_ | IRTC processed: {'text_filings': 0, 'sections': 0, 'form4_rows': 0, 'income': 759, 'balance': 486, 'cashflow': 429, 'errors': 0, 'incomplete_years': 9}
2026-08-15 12:40:09,553 WARNING findata.database.edgar_ | ASND: incomplete quarterly coverage for 1 (item, year) pair(s): {('balance', 'goodwill'): [2020]}
2026-08-15 12:40:09,554 INFO    findata.database.edgar_ | ASND processed: {'text_filings': 0, 'sections': 0, 'form4_rows': 0, 'income': 156, 'balance': 90, 'cashflow': 0, 'errors': 0, 'incomplete_years': 1}
2026-08-15 12:40:09,687 WARNING findata.database.edgar_ | TTD: incomplete quarterly coverage for 3 (item, year) pair(s): {('balance', 'cash_and_equivalents'): [2015], ('balance', 'stockholders_equity'): [2015, 2016]}
2026-08-15 12:40:09,688 INFO    findata.database.edgar_ | TTD processed: {'text_filings': 0, 'sections': 0, 'form4_rows': 0, 'income': 741, 'balance': 283, 'cashflow': 417, 'errors': 0, 'incomplete_years': 3}
2026-08-15 12:40:09,796 INFO    findata.database.edgar_ | CHKP processed: {'text_filings': 0, 'sections': 0, 'form4_rows': 0, 'income': 222, 'balance': 190, 'cashflow': 132, 'errors': 0, 'incomplete_years': 0}
2026-08-15 12:40:09,985 WARNING findata.database.edgar_ | ITW: incomplete quarterly coverage for 10 (item, year) pair(s): {('balance', 'cash_and_equivalents'): [2008], ('balance', 'shares_outstanding'): [2011, 2012, 2013], ('balance', 'short_term_debt'): [2016, 2017, 2018, 2019], ('cashflow', 'stock_buybacks'): [2010, 2011]}
2026-08-15 12:40:09,986 INFO    findata.database.edgar_ | ITW processed: {'text_filings': 0, 'sections': 0, 'form4_rows': 0, 'income': 1001, 'balance': 774, 'cashflow': 888, 'errors': 0, 'incomplete_years': 10}
2026-08-15 12:40:10,092 WARNING findata.database.edgar_ | CI: incomplete quarterly coverage for 4 (item, year) pair(s): {('balance', 'cash_and_equivalents'): [2017], ('balance', 'goodwill'): [2018], ('balance', 'shares_outstanding'): [2018], ('balance', 'stockholders_equity'): [2017]}
2026-08-15 12:40:10,093 INFO    findata.database.edgar_ | CI processed: {'text_filings': 0, 'sections': 0, 'form4_rows': 0, 'income': 448, 'balance': 403, 'cashflow': 372, 'errors': 0, 'incomplete_years': 4}
2026-08-15 12:40:14,064 WARNING findata.database.edgar_ | ZION: incomplete quarterly coverage for 12 (item, year) pair(s): {('balance', 'cash_and_equivalents'): [2019], ('balance', 'goodwill'): [2018, 2019, 2020, 2021, 2022, 2023, 2024, 2025], ('balance', 'stockholders_equity'): [2009], ('cashflow', 'stock_buybacks'): [2015], ('income', 'interest_expense'): [2024]}
2026-08-15 12:40:14,065 INFO    findata.database.edgar_ | ZION processed: {'text_filings': 0, 'sections': 0, 'form4_rows': 0, 'income': 677, 'balance': 498, 'cashflow': 976, 'errors': 0, 'incomplete_years': 12}
2026-08-15 12:40:14,246 WARNING findata.database.edgar_ | STGW: incomplete quarterly coverage for 5 (item, year) pair(s): {('balance', 'cash_and_equivalents'): [2010], ('balance', 'short_term_debt'): [2020, 2021], ('balance', 'stockholders_equity'): [2011], ('income', 'shares_diluted'): [2023]}
2026-08-15 12:40:14,248 INFO    findata.database.edgar_ | STGW processed: {'text_filings': 0, 'sections': 0, 'form4_rows': 0, 'income': 990, 'balance': 544, 'cashflow': 798, 'errors': 0, 'incomplete_years': 5}
2026-08-15 12:40:14,395 WARNING findata.database.edgar_ | UHT: incomplete quarterly coverage for 8 (item, year) pair(s): {('balance', 'cash_and_equivalents'): [2010], ('balance', 'stockholders_equity'): [2010, 2011], ('cashflow', 'capex'): [2017, 2018, 2021, 2023], ('income', 'interest_expense'): [2016]}
2026-08-15 12:40:14,396 INFO    findata.database.edgar_ | UHT processed: {'text_filings': 0, 'sections': 0, 'form4_rows': 0, 'income': 759, 'balance': 393, 'cashflow': 682, 'errors': 0, 'incomplete_years': 8}
2026-08-15 12:40:14,542 WARNING findata.database.edgar_ | WAL: incomplete quarterly coverage for 19 (item, year) pair(s): {('balance', 'cash_and_equivalents'): [2010], ('balance', 'goodwill'): [2020, 2021, 2022, 2023, 2024, 2025], ('balance', 'long_term_debt'): [2020, 2021], ('balance', 'shares_outstanding'): [2020, 2021, 2022, 2023, 2024, 2025], ('balance', 'stockholders_equity'): [2010, 2011], ('cashflow', 'dividends_paid'): [2025], ('cashflow', 'stock_buybacks'): [2024]}
2026-08-15 12:40:14,543 INFO    findata.database.edgar_ | WAL processed: {'text_filings': 0, 'sections': 0, 'form4_rows': 0, 'income': 723, 'balance': 491, 'cashflow': 553, 'errors': 0, 'incomplete_years': 19}
2026-08-15 12:40:14,656 WARNING findata.database.edgar_ | CHCT: incomplete quarterly coverage for 1 (item, year) pair(s): {('income', 'pretax_income'): [2022]}
2026-08-15 12:40:14,657 INFO    findata.database.edgar_ | CHCT processed: {'text_filings': 0, 'sections': 0, 'form4_rows': 0, 'income': 508, 'balance': 321, 'cashflow': 530, 'errors': 0, 'incomplete_years': 1}
2026-08-15 12:40:17,713 WARNING findata.database.edgar_ | DAR: incomplete quarterly coverage for 6 (item, year) pair(s): {('balance', 'cash_and_equivalents'): [2009], ('balance', 'stockholders_equity'): [2009, 2010], ('cashflow', 'capex'): [2020], ('cashflow', 'stock_buybacks'): [2018], ('income', 'interest_expense'): [2018]}
2026-08-15 12:40:17,714 INFO    findata.database.edgar_ | DAR processed: {'text_filings': 0, 'sections': 0, 'form4_rows': 0, 'income': 1099, 'balance': 735, 'cashflow': 687, 'errors': 0, 'incomplete_years': 6}
2026-08-15 12:40:17,746 INFO    findata.database.edgar_ | LOMA processed: {'text_filings': 0, 'sections': 0, 'form4_rows': 0, 'income': 38, 'balance': 36, 'cashflow': 0, 'errors': 0, 'incomplete_years': 0}
2026-08-15 12:40:17,955 INFO    findata.database.edgar_ | CPB processed: {'text_filings': 0, 'sections': 0, 'form4_rows': 0, 'income': 1201, 'balance': 757, 'cashflow': 876, 'errors': 0, 'incomplete_years': 0}
2026-08-15 12:40:18,203 WARNING findata.database.edgar_ | ATI: incomplete quarterly coverage for 4 (item, year) pair(s): {('balance', 'cash_and_equivalents'): [2008], ('balance', 'stockholders_equity'): [2008], ('income', 'shares_basic'): [2023], ('income', 'shares_diluted'): [2023]}
2026-08-15 12:40:18,204 INFO    findata.database.edgar_ | ATI processed: {'text_filings': 0, 'sections': 0, 'form4_rows': 0, 'income': 1018, 'balance': 871, 'cashflow': 827, 'errors': 0, 'incomplete_years': 4}
2026-08-15 12:40:18,381 WARNING findata.database.edgar_ | META: incomplete quarterly coverage for 9 (item, year) pair(s): {('balance', 'cash_and_equivalents'): [2011], ('balance', 'goodwill'): [2012], ('balance', 'long_term_debt'): [2021, 2022], ('balance', 'short_term_investments'): [2018, 2021, 2022], ('income', 'interest_expense'): [2024, 2025]}
2026-08-15 12:40:18,382 INFO    findata.database.edgar_ | META processed: {'text_filings': 0, 'sections': 0, 'form4_rows': 0, 'income': 1020, 'balance': 479, 'cashflow': 658, 'errors': 0, 'incomplete_years': 9}
2026-08-15 12:40:21,006 WARNING findata.database.edgar_ | EMR: incomplete quarterly coverage for 1 (item, year) pair(s): {('balance', 'cash_and_equivalents'): [2008]}
2026-08-15 12:40:21,008 INFO    findata.database.edgar_ | EMR processed: {'text_filings': 0, 'sections': 0, 'form4_rows': 0, 'income': 909, 'balance': 756, 'cashflow': 912, 'errors': 0, 'incomplete_years': 1}
2026-08-15 12:40:21,169 WARNING findata.database.edgar_ | ATEN: incomplete quarterly coverage for 5 (item, year) pair(s): {('balance', 'goodwill'): [2016], ('balance', 'stockholders_equity'): [2013], ('cashflow', 'stock_buybacks'): [2018, 2019], ('income', 'pretax_income'): [2020]}
2026-08-15 12:40:21,171 INFO    findata.database.edgar_ | ATEN processed: {'text_filings': 0, 'sections': 0, 'form4_rows': 0, 'income': 908, 'balance': 540, 'cashflow': 609, 'errors': 0, 'incomplete_years': 5}
2026-08-15 12:40:21,349 WARNING findata.database.edgar_ | EXP: incomplete quarterly coverage for 9 (item, year) pair(s): {('balance', 'short_term_debt'): [2014, 2018, 2019, 2020, 2022, 2023], ('balance', 'stockholders_equity'): [2010], ('cashflow', 'dividends_paid'): [2022], ('income', 'operating_income'): [2025]}
2026-08-15 12:40:21,350 INFO    findata.database.edgar_ | EXP processed: {'text_filings': 0, 'sections': 0, 'form4_rows': 0, 'income': 952, 'balance': 771, 'cashflow': 835, 'errors': 0, 'incomplete_years': 9}
2026-08-15 12:40:21,475 WARNING findata.database.edgar_ | LILA: incomplete quarterly coverage for 4 (item, year) pair(s): {('balance', 'cash_and_equivalents'): [2016], ('balance', 'goodwill'): [2017], ('balance', 'stockholders_equity'): [2016, 2017]}
2026-08-15 12:40:21,476 INFO    findata.database.edgar_ | LILA processed: {'text_filings': 0, 'sections': 0, 'form4_rows': 0, 'income': 659, 'balance': 332, 'cashflow': 412, 'errors': 0, 'incomplete_years': 4}
2026-08-15 12:40:21,591 WARNING findata.database.edgar_ | KRNY: incomplete quarterly coverage for 6 (item, year) pair(s): {('balance', 'cash_and_equivalents'): [2014], ('balance', 'goodwill'): [2014, 2015], ('balance', 'short_term_debt'): [2024], ('balance', 'stockholders_equity'): [2014], ('income', 'interest_expense'): [2024]}
2026-08-15 12:40:21,593 INFO    findata.database.edgar_ | KRNY processed: {'text_filings': 0, 'sections': 0, 'form4_rows': 0, 'income': 566, 'balance': 334, 'cashflow': 414, 'errors': 0, 'incomplete_years': 6}
2026-08-15 12:40:24,301 WARNING findata.database.edgar_ | BLDR: incomplete quarterly coverage for 11 (item, year) pair(s): {('balance', 'cash_and_equivalents'): [2010], ('balance', 'long_term_debt'): [2015, 2017, 2018], ('balance', 'short_term_debt'): [2015, 2017, 2018], ('balance', 'stockholders_equity'): [2010, 2011], ('cashflow', 'depreciation_amortization'): [2016], ('income', 'interest_expense'): [2018]}
2026-08-15 12:40:24,302 INFO    findata.database.edgar_ | BLDR processed: {'text_filings': 0, 'sections': 0, 'form4_rows': 0, 'income': 896, 'balance': 731, 'cashflow': 675, 'errors': 0, 'incomplete_years': 11}
2026-08-15 12:40:24,471 WARNING findata.database.edgar_ | TITN: incomplete quarterly coverage for 8 (item, year) pair(s): {('balance', 'cash_and_equivalents'): [2011], ('balance', 'goodwill'): [2017, 2018, 2019], ('balance', 'stockholders_equity'): [2011, 2012], ('cashflow', 'capex'): [2025, 2026]}
2026-08-15 12:40:24,472 INFO    findata.database.edgar_ | TITN processed: {'text_filings': 0, 'sections': 0, 'form4_rows': 0, 'income': 1040, 'balance': 684, 'cashflow': 555, 'errors': 0, 'incomplete_years': 8}
2026-08-15 12:40:24,579 WARNING findata.database.edgar_ | STEL: incomplete quarterly coverage for 7 (item, year) pair(s): {('balance', 'cash_and_equivalents'): [2016], ('balance', 'stockholders_equity'): [2016], ('cashflow', 'capex'): [2018], ('cashflow', 'stock_buybacks'): [2019, 2022, 2023], ('income', 'interest_expense'): [2024]}
2026-08-15 12:40:24,580 INFO    findata.database.edgar_ | STEL processed: {'text_filings': 0, 'sections': 0, 'form4_rows': 0, 'income': 453, 'balance': 261, 'cashflow': 440, 'errors': 0, 'incomplete_years': 7}
2026-08-15 12:40:24,701 WARNING findata.database.edgar_ | RITM: incomplete quarterly coverage for 10 (item, year) pair(s): {('balance', 'cash_and_equivalents'): [2013], ('cashflow', 'depreciation_amortization'): [2016, 2022], ('cashflow', 'dividends_paid'): [2022, 2023], ('income', 'interest_expense'): [2024], ('income', 'revenue'): [2015, 2019], ('income', 'shares_basic'): [2021], ('income', 'shares_diluted'): [2021]}
2026-08-15 12:40:24,702 INFO    findata.database.edgar_ | RITM processed: {'text_filings': 0, 'sections': 0, 'form4_rows': 0, 'income': 678, 'balance': 416, 'cashflow': 414, 'errors': 0, 'incomplete_years': 10}
2026-08-15 12:40:24,970 WARNING findata.database.edgar_ | TMUS: incomplete quarterly coverage for 14 (item, year) pair(s): {('balance', 'cash_and_equivalents'): [2009], ('balance', 'goodwill'): [2013], ('balance', 'liabilities'): [2013], ('balance', 'long_term_debt'): [2024, 2025], ('balance', 'short_term_investments'): [2011, 2014, 2015], ('balance', 'stockholders_equity'): [2009, 2010], ('cashflow', 'stock_buybacks'): [2013, 2020, 2021], ('income', 'cost_of_revenue'): [2018]}
2026-08-15 12:40:24,971 INFO    findata.database.edgar_ | TMUS processed: {'text_filings': 0, 'sections': 0, 'form4_rows': 0, 'income': 1056, 'balance': 779, 'cashflow': 915, 'errors': 0, 'incomplete_years': 14}
2026-08-15 12:40:27,725 WARNING findata.database.edgar_ | KOPN: incomplete quarterly coverage for 15 (item, year) pair(s): {('balance', 'cash_and_equivalents'): [2010, 2011], ('balance', 'goodwill'): [2012, 2020, 2021], ('balance', 'short_term_investments'): [2025], ('balance', 'stockholders_equity'): [2010, 2011], ('cashflow', 'financing_cash_flow'): [2025], ('cashflow', 'stock_buybacks'): [2018, 2019], ('income', 'cost_of_revenue'): [2018], ('income', 'eps_diluted'): [2022], ('income', 'income_tax'): [2024], ('income', 'shares_diluted'): [2022]}
2026-08-15 12:40:27,726 INFO    findata.database.edgar_ | KOPN processed: {'text_filings': 0, 'sections': 0, 'form4_rows': 0, 'income': 1055, 'balance': 583, 'cashflow': 625, 'errors': 0, 'incomplete_years': 15}
2026-08-15 12:40:27,889 WARNING findata.database.edgar_ | BLMN: incomplete quarterly coverage for 8 (item, year) pair(s): {('balance', 'cash_and_equivalents'): [2011], ('balance', 'goodwill'): [2012], ('balance', 'short_term_debt'): [2023], ('balance', 'stockholders_equity'): [2011], ('cashflow', 'stock_buybacks'): [2020], ('income', 'eps_basic'): [2013], ('income', 'eps_diluted'): [2013], ('income', 'shares_basic'): [2013]}
2026-08-15 12:40:27,890 INFO    findata.database.edgar_ | BLMN processed: {'text_filings': 0, 'sections': 0, 'form4_rows': 0, 'income': 836, 'balance': 693, 'cashflow': 749, 'errors': 0, 'incomplete_years': 8}
2026-08-15 12:40:28,035 WARNING findata.database.edgar_ | QCRH: incomplete quarterly coverage for 6 (item, year) pair(s): {('balance', 'cash_and_equivalents'): [2010, 2019], ('balance', 'short_term_debt'): [2018, 2019], ('income', 'interest_expense'): [2024, 2025]}
2026-08-15 12:40:28,036 INFO    findata.database.edgar_ | QCRH processed: {'text_filings': 0, 'sections': 0, 'form4_rows': 0, 'income': 724, 'balance': 450, 'cashflow': 570, 'errors': 0, 'incomplete_years': 6}
2026-08-15 12:40:28,193 WARNING findata.database.edgar_ | SWX: incomplete quarterly coverage for 3 (item, year) pair(s): {('balance', 'stockholders_equity'): [2016], ('income', 'cost_of_revenue'): [2025], ('income', 'interest_expense'): [2025]}
2026-08-15 12:40:28,194 INFO    findata.database.edgar_ | SWX processed: {'text_filings': 0, 'sections': 0, 'form4_rows': 0, 'income': 690, 'balance': 402, 'cashflow': 626, 'errors': 0, 'incomplete_years': 3}
2026-08-15 12:40:28,360 WARNING findata.database.edgar_ | IIIN: incomplete quarterly coverage for 11 (item, year) pair(s): {('balance', 'cash_and_equivalents'): [2010], ('balance', 'long_term_debt'): [2014, 2015, 2019], ('balance', 'shares_outstanding'): [2020], ('balance', 'stockholders_equity'): [2010, 2011], ('cashflow', 'dividends_paid'): [2017, 2018, 2019], ('cashflow', 'financing_cash_flow'): [2018]}
2026-08-15 12:40:28,361 INFO    findata.database.edgar_ | IIIN processed: {'text_filings': 0, 'sections': 0, 'form4_rows': 0, 'income': 891, 'balance': 518, 'cashflow': 703, 'errors': 0, 'incomplete_years': 11}
2026-08-15 12:40:31,195 WARNING findata.database.edgar_ | INVA: incomplete quarterly coverage for 25 (item, year) pair(s): {('balance', 'cash_and_equivalents'): [2010], ('balance', 'inventory'): [2021, 2022], ('balance', 'long_term_debt'): [2013, 2014], ('balance', 'shares_outstanding'): [2014, 2015, 2016, 2017], ('balance', 'short_term_debt'): [2012, 2015, 2016, 2017, 2021, 2024], ('balance', 'stockholders_equity'): [2010, 2011], ('cashflow', 'capex'): [2017], ('cashflow', 'depreciation_amortization'): [2022], ('cashflow', 'stock_buybacks'): [2018, 2020, 2021], ('income', 'income_tax'): [2015], ('income', 'operating_income'): [2022], ('income', 'rnd_expense'): [2019]}
2026-08-15 12:40:31,197 INFO    findata.database.edgar_ | INVA processed: {'text_filings': 0, 'sections': 0, 'form4_rows': 0, 'income': 947, 'balance': 546, 'cashflow': 658, 'errors': 0, 'incomplete_years': 25}
2026-08-15 12:40:31,358 WARNING findata.database.edgar_ | PAYC: incomplete quarterly coverage for 8 (item, year) pair(s): {('balance', 'long_term_debt'): [2023], ('balance', 'short_term_debt'): [2022], ('balance', 'stockholders_equity'): [2013], ('cashflow', 'stock_buybacks'): [2022, 2023, 2024, 2025], ('income', 'interest_expense'): [2018]}
2026-08-15 12:40:31,360 INFO    findata.database.edgar_ | PAYC processed: {'text_filings': 0, 'sections': 0, 'form4_rows': 0, 'income': 963, 'balance': 625, 'cashflow': 565, 'errors': 0, 'incomplete_years': 8}
2026-08-15 12:40:31,626 WARNING findata.database.edgar_ | UNH: incomplete quarterly coverage for 2 (item, year) pair(s): {('balance', 'cash_and_equivalents'): [2008], ('balance', 'stockholders_equity'): [2008]}
2026-08-15 12:40:31,627 INFO    findata.database.edgar_ | UNH processed: {'text_filings': 0, 'sections': 0, 'form4_rows': 0, 'income': 1183, 'balance': 852, 'cashflow': 933, 'errors': 0, 'incomplete_years': 2}
2026-08-15 12:40:31,782 WARNING findata.database.edgar_ | PRU: incomplete quarterly coverage for 7 (item, year) pair(s): {('balance', 'cash_and_equivalents'): [2008], ('balance', 'short_term_investments'): [2020, 2021], ('balance', 'stockholders_equity'): [2008], ('cashflow', 'depreciation_amortization'): [2023, 2025], ('cashflow', 'stock_buybacks'): [2010]}
2026-08-15 12:40:31,783 INFO    findata.database.edgar_ | PRU processed: {'text_filings': 0, 'sections': 0, 'form4_rows': 0, 'income': 640, 'balance': 523, 'cashflow': 768, 'errors': 0, 'incomplete_years': 7}
2026-08-15 12:40:31,957 WARNING findata.database.edgar_ | VCEL: incomplete quarterly coverage for 21 (item, year) pair(s): {('balance', 'cash_and_equivalents'): [2010, 2016, 2017, 2018], ('balance', 'liabilities'): [2014], ('balance', 'long_term_debt'): [2013, 2014, 2018], ('balance', 'short_term_debt'): [2014], ('balance', 'stockholders_equity'): [2011], ('cashflow', 'capex'): [2014, 2015, 2017], ('income', 'cost_of_revenue'): [2018], ('income', 'costs_and_expenses'): [2014], ('income', 'income_tax'): [2023, 2024], ('income', 'pretax_income'): [2023, 2024], ('income', 'shares_basic'): [2013], ('income', 'shares_diluted'): [2013]}
2026-08-15 12:40:31,958 INFO    findata.database.edgar_ | VCEL processed: {'text_filings': 0, 'sections': 0, 'form4_rows': 0, 'income': 1016, 'balance': 611, 'cashflow': 575, 'errors': 0, 'incomplete_years': 21}
2026-08-15 12:40:34,916 WARNING findata.database.edgar_ | CVS: incomplete quarterly coverage for 9 (item, year) pair(s): {('balance', 'cash_and_equivalents'): [2008], ('balance', 'liabilities'): [2017], ('balance', 'long_term_debt'): [2014, 2015, 2016], ('balance', 'short_term_debt'): [2014, 2016], ('balance', 'stockholders_equity'): [2009], ('income', 'gross_profit'): [2018]}
2026-08-15 12:40:34,917 INFO    findata.database.edgar_ | CVS processed: {'text_filings': 0, 'sections': 0, 'form4_rows': 0, 'income': 1179, 'balance': 880, 'cashflow': 878, 'errors': 0, 'incomplete_years': 9}
2026-08-15 12:40:35,101 WARNING findata.database.edgar_ | ORA: incomplete quarterly coverage for 9 (item, year) pair(s): {('balance', 'cash_and_equivalents'): [2009], ('balance', 'short_term_debt'): [2019, 2022, 2023], ('balance', 'short_term_investments'): [2013], ('balance', 'stockholders_equity'): [2009], ('cashflow', 'capex'): [2017], ('cashflow', 'dividends_paid'): [2012, 2013]}
2026-08-15 12:40:35,102 INFO    findata.database.edgar_ | ORA processed: {'text_filings': 0, 'sections': 0, 'form4_rows': 0, 'income': 1114, 'balance': 680, 'cashflow': 713, 'errors': 0, 'incomplete_years': 9}
2026-08-15 12:40:35,263 WARNING findata.database.edgar_ | SAM: incomplete quarterly coverage for 6 (item, year) pair(s): {('balance', 'cash_and_equivalents'): [2010], ('balance', 'short_term_debt'): [2015], ('balance', 'stockholders_equity'): [2010, 2011], ('cashflow', 'stock_buybacks'): [2014], ('income', 'shares_basic'): [2012]}
2026-08-15 12:40:35,264 INFO    findata.database.edgar_ | SAM processed: {'text_filings': 0, 'sections': 0, 'form4_rows': 0, 'income': 962, 'balance': 540, 'cashflow': 671, 'errors': 0, 'incomplete_years': 6}
2026-08-15 12:40:35,450 WARNING findata.database.edgar_ | VTR: incomplete quarterly coverage for 27 (item, year) pair(s): {('balance', 'cash_and_equivalents'): [2008], ('balance', 'goodwill'): [2013, 2014, 2015], ('balance', 'long_term_debt'): [2019, 2020, 2021, 2022, 2023, 2024, 2025], ('balance', 'shares_outstanding'): [2011, 2012, 2013, 2014, 2015, 2016, 2017, 2018, 2019, 2020, 2021], ('balance', 'stockholders_equity'): [2008, 2009], ('cashflow', 'capex'): [2024], ('income', 'pretax_income'): [2019, 2020]}
2026-08-15 12:40:35,451 INFO    findata.database.edgar_ | VTR processed: {'text_filings': 0, 'sections': 0, 'form4_rows': 0, 'income': 997, 'balance': 474, 'cashflow': 815, 'errors': 0, 'incomplete_years': 27}
2026-08-15 12:40:35,698 WARNING findata.database.edgar_ | LYTS: incomplete quarterly coverage for 6 (item, year) pair(s): {('balance', 'assets'): [2010, 2011], ('balance', 'long_term_debt'): [2017], ('balance', 'short_term_debt'): [2021], ('balance', 'stockholders_equity'): [2010, 2011]}
2026-08-15 12:40:35,699 INFO    findata.database.edgar_ | LYTS processed: {'text_filings': 0, 'sections': 0, 'form4_rows': 0, 'income': 1023, 'balance': 613, 'cashflow': 797, 'errors': 0, 'incomplete_years': 6}
2026-08-15 12:40:39,792 WARNING findata.database.edgar_ | SM: incomplete quarterly coverage for 17 (item, year) pair(s): {('balance', 'assets_noncurrent'): [2020], ('balance', 'cash_and_equivalents'): [2009], ('balance', 'long_term_debt'): [2019, 2020, 2022], ('balance', 'stockholders_equity'): [2009], ('cashflow', 'dividends_paid'): [2011, 2012, 2013, 2014, 2015, 2016, 2017, 2018, 2019, 2020, 2021]}
2026-08-15 12:40:39,793 INFO    findata.database.edgar_ | SM processed: {'text_filings': 0, 'sections': 0, 'form4_rows': 0, 'income': 1077, 'balance': 590, 'cashflow': 494, 'errors': 0, 'incomplete_years': 17}
2026-08-15 12:40:39,933 WARNING findata.database.edgar_ | IMKTA: incomplete quarterly coverage for 4 (item, year) pair(s): {('balance', 'cash_and_equivalents'): [2010], ('balance', 'stockholders_equity'): [2010], ('cashflow', 'stock_buybacks'): [2013, 2021]}
2026-08-15 12:40:39,934 INFO    findata.database.edgar_ | IMKTA processed: {'text_filings': 0, 'sections': 0, 'form4_rows': 0, 'income': 729, 'balance': 578, 'cashflow': 724, 'errors': 0, 'incomplete_years': 4}
2026-08-15 12:40:40,116 WARNING findata.database.edgar_ | EXLS: incomplete quarterly coverage for 6 (item, year) pair(s): {('balance', 'cash_and_equivalents'): [2010], ('balance', 'liabilities_noncurrent'): [2015], ('balance', 'short_term_debt'): [2014], ('balance', 'stockholders_equity'): [2010, 2011], ('income', 'cost_of_revenue'): [2014]}
2026-08-15 12:40:40,117 INFO    findata.database.edgar_ | EXLS processed: {'text_filings': 0, 'sections': 0, 'form4_rows': 0, 'income': 1010, 'balance': 725, 'cashflow': 704, 'errors': 0, 'incomplete_years': 6}
2026-08-15 12:40:40,307 WARNING findata.database.edgar_ | GE: incomplete quarterly coverage for 10 (item, year) pair(s): {('balance', 'cash_and_equivalents'): [2012, 2015, 2016], ('balance', 'long_term_debt'): [2020], ('balance', 'stockholders_equity'): [2008, 2009], ('income', 'operating_income'): [2013, 2014], ('income', 'shares_basic'): [2021], ('income', 'shares_diluted'): [2021]}
2026-08-15 12:40:40,308 INFO    findata.database.edgar_ | GE processed: {'text_filings': 0, 'sections': 0, 'form4_rows': 0, 'income': 1036, 'balance': 684, 'cashflow': 713, 'errors': 0, 'incomplete_years': 10}
2026-08-15 12:40:40,454 WARNING findata.database.edgar_ | TDOC: incomplete quarterly coverage for 9 (item, year) pair(s): {('balance', 'cash_and_equivalents'): [2014], ('balance', 'goodwill'): [2015], ('balance', 'long_term_debt'): [2017], ('balance', 'short_term_debt'): [2019, 2020], ('balance', 'stockholders_equity'): [2014, 2015], ('cashflow', 'depreciation_amortization'): [2023], ('income', 'gross_profit'): [2019]}
2026-08-15 12:40:40,455 INFO    findata.database.edgar_ | TDOC processed: {'text_filings': 0, 'sections': 0, 'form4_rows': 0, 'income': 803, 'balance': 433, 'cashflow': 437, 'errors': 0, 'incomplete_years': 9}
2026-08-15 12:40:46,033 WARNING findata.database.edgar_ | COKE: incomplete quarterly coverage for 7 (item, year) pair(s): {('balance', 'cash_and_equivalents'): [2010], ('balance', 'short_term_debt'): [2021, 2022, 2023, 2024], ('balance', 'stockholders_equity'): [2010], ('income', 'interest_expense'): [2024]}
2026-08-15 12:40:46,034 INFO    findata.database.edgar_ | COKE processed: {'text_filings': 0, 'sections': 0, 'form4_rows': 0, 'income': 785, 'balance': 631, 'cashflow': 736, 'errors': 0, 'incomplete_years': 7}
2026-08-15 12:40:46,188 WARNING findata.database.edgar_ | WD: incomplete quarterly coverage for 6 (item, year) pair(s): {('balance', 'cash_and_equivalents'): [2010], ('balance', 'stockholders_equity'): [2010, 2011], ('income', 'operating_income'): [2013, 2014, 2015]}
2026-08-15 12:40:46,189 INFO    findata.database.edgar_ | WD processed: {'text_filings': 0, 'sections': 0, 'form4_rows': 0, 'income': 823, 'balance': 438, 'cashflow': 774, 'errors': 0, 'incomplete_years': 6}
2026-08-15 12:40:46,347 WARNING findata.database.edgar_ | IRWD: incomplete quarterly coverage for 16 (item, year) pair(s): {('balance', 'cash_and_equivalents'): [2010], ('balance', 'inventory'): [2015, 2016, 2017, 2018], ('balance', 'long_term_debt'): [2019, 2025], ('balance', 'stockholders_equity'): [2010, 2011], ('cashflow', 'capex'): [2021], ('cashflow', 'investing_cash_flow'): [2021], ('income', 'cost_of_revenue'): [2015, 2020], ('income', 'income_tax'): [2020], ('income', 'pretax_income'): [2012, 2019]}
2026-08-15 12:40:46,348 INFO    findata.database.edgar_ | IRWD processed: {'text_filings': 0, 'sections': 0, 'form4_rows': 0, 'income': 1012, 'balance': 448, 'cashflow': 562, 'errors': 0, 'incomplete_years': 16}
2026-08-15 12:40:46,578 WARNING findata.database.edgar_ | THC: incomplete quarterly coverage for 6 (item, year) pair(s): {('balance', 'cash_and_equivalents'): [2009], ('balance', 'stockholders_equity'): [2009, 2010], ('cashflow', 'stock_buybacks'): [2014], ('income', 'shares_basic'): [2012], ('income', 'shares_diluted'): [2012]}
2026-08-15 12:40:46,579 INFO    findata.database.edgar_ | THC processed: {'text_filings': 0, 'sections': 0, 'form4_rows': 0, 'income': 852, 'balance': 742, 'cashflow': 701, 'errors': 0, 'incomplete_years': 6}
2026-08-15 12:40:46,707 INFO    findata.database.edgar_ | BIDU processed: {'text_filings': 0, 'sections': 0, 'form4_rows': 0, 'income': 220, 'balance': 253, 'cashflow': 191, 'errors': 0, 'incomplete_years': 0}
2026-08-15 12:40:49,583 WARNING findata.database.edgar_ | MKL: incomplete quarterly coverage for 12 (item, year) pair(s): {('balance', 'cash_and_equivalents'): [2009], ('balance', 'goodwill'): [2011, 2012, 2013], ('balance', 'long_term_debt'): [2021], ('balance', 'shares_outstanding'): [2020, 2021, 2022, 2023, 2024, 2025], ('balance', 'stockholders_equity'): [2009]}
2026-08-15 12:40:49,584 INFO    findata.database.edgar_ | MKL processed: {'text_filings': 0, 'sections': 0, 'form4_rows': 0, 'income': 1022, 'balance': 435, 'cashflow': 615, 'errors': 0, 'incomplete_years': 12}
2026-08-15 12:40:49,724 WARNING findata.database.edgar_ | MTH: incomplete quarterly coverage for 14 (item, year) pair(s): {('balance', 'cash_and_equivalents'): [2010], ('balance', 'goodwill'): [2014], ('balance', 'shares_outstanding'): [2013, 2014, 2015, 2016], ('balance', 'stockholders_equity'): [2010, 2011], ('income', 'gross_profit'): [2018, 2021, 2022], ('income', 'revenue'): [2018, 2021, 2022]}
2026-08-15 12:40:49,725 INFO    findata.database.edgar_ | MTH processed: {'text_filings': 0, 'sections': 0, 'form4_rows': 0, 'income': 751, 'balance': 402, 'cashflow': 665, 'errors': 0, 'incomplete_years': 14}
2026-08-15 12:40:49,881 WARNING findata.database.edgar_ | ABEO: incomplete quarterly coverage for 24 (item, year) pair(s): {('balance', 'goodwill'): [2021], ('balance', 'inventory'): [2025], ('balance', 'short_term_debt'): [2024], ('balance', 'short_term_investments'): [2019], ('cashflow', 'financing_cash_flow'): [2012, 2013, 2020, 2022], ('income', 'cost_of_revenue'): [2025], ('income', 'costs_and_expenses'): [2019, 2024], ('income', 'eps_diluted'): [2022], ('income', 'interest_expense'): [2016, 2018], ('income', 'revenue'): [2019, 2020, 2022, 2023, 2025], ('income', 'shares_basic'): [2014, 2021, 2022], ('income', 'shares_diluted'): [2014, 2022]}
2026-08-15 12:40:49,882 INFO    findata.database.edgar_ | ABEO processed: {'text_filings': 0, 'sections': 0, 'form4_rows': 0, 'income': 855, 'balance': 568, 'cashflow': 590, 'errors': 0, 'incomplete_years': 24}
2026-08-15 12:40:50,058 WARNING findata.database.edgar_ | SUPN: incomplete quarterly coverage for 4 (item, year) pair(s): {('balance', 'stockholders_equity'): [2011], ('cashflow', 'capex'): [2021], ('income', 'interest_expense'): [2017, 2025]}
2026-08-15 12:40:50,059 INFO    findata.database.edgar_ | SUPN processed: {'text_filings': 0, 'sections': 0, 'form4_rows': 0, 'income': 1045, 'balance': 609, 'cashflow': 572, 'errors': 0, 'incomplete_years': 4}
2026-08-15 12:40:50,163 WARNING findata.database.edgar_ | RBB: incomplete quarterly coverage for 6 (item, year) pair(s): {('balance', 'cash_and_equivalents'): [2018, 2023, 2024], ('balance', 'stockholders_equity'): [2016], ('cashflow', 'depreciation_amortization'): [2019], ('income', 'interest_expense'): [2025]}
2026-08-15 12:40:50,164 INFO    findata.database.edgar_ | RBB processed: {'text_filings': 0, 'sections': 0, 'form4_rows': 0, 'income': 458, 'balance': 303, 'cashflow': 427, 'errors': 0, 'incomplete_years': 6}
2026-08-15 12:40:52,698 WARNING findata.database.edgar_ | QUIK: incomplete quarterly coverage for 17 (item, year) pair(s): {('balance', 'cash_and_equivalents'): [2010, 2020], ('balance', 'long_term_debt'): [2023], ('balance', 'stockholders_equity'): [2010, 2011], ('cashflow', 'capex'): [2025], ('cashflow', 'depreciation_amortization'): [2025], ('cashflow', 'financing_cash_flow'): [2025], ('cashflow', 'investing_cash_flow'): [2025], ('cashflow', 'operating_cash_flow'): [2025], ('income', 'eps_diluted'): [2022, 2023], ('income', 'shares_basic'): [2019, 2023], ('income', 'shares_diluted'): [2019, 2022, 2023]}
2026-08-15 12:40:52,699 INFO    findata.database.edgar_ | QUIK processed: {'text_filings': 0, 'sections': 0, 'form4_rows': 0, 'income': 1085, 'balance': 676, 'cashflow': 575, 'errors': 0, 'incomplete_years': 17}
2026-08-15 12:40:52,850 WARNING findata.database.edgar_ | MFA: incomplete quarterly coverage for 16 (item, year) pair(s): {('balance', 'cash_and_equivalents'): [2009], ('balance', 'goodwill'): [2019, 2020, 2021, 2022], ('balance', 'stockholders_equity'): [2009, 2010], ('cashflow', 'capex'): [2023], ('cashflow', 'depreciation_amortization'): [2020], ('cashflow', 'stock_buybacks'): [2014], ('income', 'income_tax'): [2015, 2016, 2017, 2018, 2019, 2020]}
2026-08-15 12:40:52,851 INFO    findata.database.edgar_ | MFA processed: {'text_filings': 0, 'sections': 0, 'form4_rows': 0, 'income': 821, 'balance': 462, 'cashflow': 719, 'errors': 0, 'incomplete_years': 16}
2026-08-15 12:40:53,032 WARNING findata.database.edgar_ | MKC: incomplete quarterly coverage for 2 (item, year) pair(s): {('balance', 'cash_and_equivalents'): [2009], ('balance', 'stockholders_equity'): [2009]}
2026-08-15 12:40:53,033 INFO    findata.database.edgar_ | MKC processed: {'text_filings': 0, 'sections': 0, 'form4_rows': 0, 'income': 1035, 'balance': 626, 'cashflow': 831, 'errors': 0, 'incomplete_years': 2}
2026-08-15 12:40:53,228 WARNING findata.database.edgar_ | IOSP: incomplete quarterly coverage for 8 (item, year) pair(s): {('balance', 'cash_and_equivalents'): [2010], ('balance', 'liabilities'): [2019, 2021], ('balance', 'long_term_debt'): [2021], ('balance', 'short_term_debt'): [2016, 2020], ('balance', 'stockholders_equity'): [2010, 2011]}
2026-08-15 12:40:53,229 INFO    findata.database.edgar_ | IOSP processed: {'text_filings': 0, 'sections': 0, 'form4_rows': 0, 'income': 1088, 'balance': 646, 'cashflow': 772, 'errors': 0, 'incomplete_years': 8}
2026-08-15 12:40:53,378 WARNING findata.database.edgar_ | UTL: incomplete quarterly coverage for 10 (item, year) pair(s): {('balance', 'assets_noncurrent'): [2019], ('balance', 'cash_and_equivalents'): [2009], ('balance', 'stockholders_equity'): [2009, 2010, 2011, 2012, 2013], ('income', 'income_tax'): [2012], ('income', 'shares_basic'): [2016], ('income', 'shares_diluted'): [2016]}
2026-08-15 12:40:53,379 INFO    findata.database.edgar_ | UTL processed: {'text_filings': 0, 'sections': 0, 'form4_rows': 0, 'income': 745, 'balance': 703, 'cashflow': 630, 'errors': 0, 'incomplete_years': 10}
2026-08-15 12:40:55,785 WARNING findata.database.edgar_ | OC: incomplete quarterly coverage for 5 (item, year) pair(s): {('balance', 'cash_and_equivalents'): [2009], ('balance', 'goodwill'): [2013, 2014], ('balance', 'stockholders_equity'): [2009, 2010]}
2026-08-15 12:40:55,786 INFO    findata.database.edgar_ | OC processed: {'text_filings': 0, 'sections': 0, 'form4_rows': 0, 'income': 1168, 'balance': 725, 'cashflow': 819, 'errors': 0, 'incomplete_years': 5}
2026-08-15 12:40:56,037 WARNING findata.database.edgar_ | MAS: incomplete quarterly coverage for 4 (item, year) pair(s): {('balance', 'cash_and_equivalents'): [2008], ('balance', 'short_term_investments'): [2013], ('balance', 'stockholders_equity'): [2008, 2009]}
2026-08-15 12:40:56,038 INFO    findata.database.edgar_ | MAS processed: {'text_filings': 0, 'sections': 0, 'form4_rows': 0, 'income': 1070, 'balance': 759, 'cashflow': 885, 'errors': 0, 'incomplete_years': 4}
2026-08-15 12:40:56,110 WARNING findata.database.edgar_ | BG: incomplete quarterly coverage for 2 (item, year) pair(s): {('balance', 'cash_and_equivalents'): [2022], ('balance', 'stockholders_equity'): [2022]}
2026-08-15 12:40:56,111 INFO    findata.database.edgar_ | BG processed: {'text_filings': 0, 'sections': 0, 'form4_rows': 0, 'income': 223, 'balance': 134, 'cashflow': 153, 'errors': 0, 'incomplete_years': 2}
2026-08-15 12:40:56,250 INFO    findata.database.edgar_ | NWSA processed: {'text_filings': 0, 'sections': 0, 'form4_rows': 0, 'income': 644, 'balance': 469, 'cashflow': 661, 'errors': 0, 'incomplete_years': 0}
2026-08-15 12:40:56,411 WARNING findata.database.edgar_ | AMPH: incomplete quarterly coverage for 5 (item, year) pair(s): {('balance', 'cash_and_equivalents'): [2013], ('balance', 'goodwill'): [2014], ('balance', 'stockholders_equity'): [2013, 2014], ('cashflow', 'stock_buybacks'): [2024]}
2026-08-15 12:40:56,412 INFO    findata.database.edgar_ | AMPH processed: {'text_filings': 0, 'sections': 0, 'form4_rows': 0, 'income': 938, 'balance': 647, 'cashflow': 565, 'errors': 0, 'incomplete_years': 5}
2026-08-15 12:40:59,168 INFO    findata.database.edgar_ | FINV processed: {'text_filings': 0, 'sections': 0, 'form4_rows': 0, 'income': 118, 'balance': 70, 'cashflow': 70, 'errors': 0, 'incomplete_years': 0}
2026-08-15 12:40:59,217 WARNING findata.database.edgar_ | SKT: incomplete quarterly coverage for 11 (item, year) pair(s): {('balance', 'shares_outstanding'): [2012, 2013, 2014, 2015, 2016, 2017, 2018, 2019, 2020], ('balance', 'short_term_investments'): [2024, 2025]}
2026-08-15 12:40:59,218 INFO    findata.database.edgar_ | SKT processed: {'text_filings': 0, 'sections': 0, 'form4_rows': 0, 'income': 172, 'balance': 201, 'cashflow': 170, 'errors': 0, 'incomplete_years': 11}
2026-08-15 12:40:59,277 WARNING findata.database.edgar_ | HRZN: incomplete quarterly coverage for 5 (item, year) pair(s): {('balance', 'shares_outstanding'): [2017, 2018, 2019, 2020, 2021]}
2026-08-15 12:40:59,278 INFO    findata.database.edgar_ | HRZN processed: {'text_filings': 0, 'sections': 0, 'form4_rows': 0, 'income': 178, 'balance': 128, 'cashflow': 107, 'errors': 0, 'incomplete_years': 5}
2026-08-15 12:40:59,468 WARNING findata.database.edgar_ | FITB: incomplete quarterly coverage for 18 (item, year) pair(s): {('balance', 'stockholders_equity'): [2008], ('cashflow', 'capex'): [2011, 2012], ('cashflow', 'depreciation_amortization'): [2011, 2012], ('cashflow', 'dividends_paid'): [2011, 2012], ('cashflow', 'financing_cash_flow'): [2011, 2012], ('cashflow', 'investing_cash_flow'): [2011, 2012], ('cashflow', 'operating_cash_flow'): [2011, 2012], ('cashflow', 'stock_buybacks'): [2014], ('income', 'interest_expense'): [2024], ('income', 'shares_basic'): [2011], ('income', 'shares_diluted'): [2011, 2013]}
2026-08-15 12:40:59,469 INFO    findata.database.edgar_ | FITB processed: {'text_filings': 0, 'sections': 0, 'form4_rows': 0, 'income': 797, 'balance': 529, 'cashflow': 880, 'errors': 0, 'incomplete_years': 18}
2026-08-15 12:40:59,650 WARNING findata.database.edgar_ | NOC: incomplete quarterly coverage for 12 (item, year) pair(s): {('balance', 'cash_and_equivalents'): [2008], ('balance', 'inventory'): [2020, 2021, 2022, 2023], ('balance', 'short_term_debt'): [2012, 2013, 2014, 2015, 2016, 2017], ('income', 'cost_of_revenue'): [2018]}
2026-08-15 12:40:59,651 INFO    findata.database.edgar_ | NOC processed: {'text_filings': 0, 'sections': 0, 'form4_rows': 0, 'income': 1012, 'balance': 807, 'cashflow': 905, 'errors': 0, 'incomplete_years': 12}
2026-08-15 12:41:01,722 WARNING findata.database.edgar_ | SHOO: incomplete quarterly coverage for 4 (item, year) pair(s): {('balance', 'cash_and_equivalents'): [2025], ('income', 'operating_expenses'): [2021, 2022, 2023]}
2026-08-15 12:41:01,723 INFO    findata.database.edgar_ | SHOO processed: {'text_filings': 0, 'sections': 0, 'form4_rows': 0, 'income': 968, 'balance': 699, 'cashflow': 790, 'errors': 0, 'incomplete_years': 4}
2026-08-15 12:41:01,749 INFO    findata.database.edgar_ | GPRK processed: {'text_filings': 0, 'sections': 0, 'form4_rows': 0, 'income': 11, 'balance': 29, 'cashflow': 0, 'errors': 0, 'incomplete_years': 0}
2026-08-15 12:41:01,786 INFO    findata.database.edgar_ | EMBJ processed: {'text_filings': 0, 'sections': 0, 'form4_rows': 0, 'income': 44, 'balance': 35, 'cashflow': 0, 'errors': 0, 'incomplete_years': 0}
2026-08-15 12:41:01,960 WARNING findata.database.edgar_ | FHI: incomplete quarterly coverage for 3 (item, year) pair(s): {('balance', 'cash_and_equivalents'): [2009], ('balance', 'stockholders_equity'): [2009], ('income', 'costs_and_expenses'): [2016]}
2026-08-15 12:41:01,961 INFO    findata.database.edgar_ | FHI processed: {'text_filings': 0, 'sections': 0, 'form4_rows': 0, 'income': 957, 'balance': 630, 'cashflow': 808, 'errors': 0, 'incomplete_years': 3}
2026-08-15 12:41:02,081 WARNING findata.database.edgar_ | CNI: incomplete quarterly coverage for 15 (item, year) pair(s): {('balance', 'cash_and_equivalents'): [2010, 2011, 2012, 2013, 2014, 2015, 2016, 2017, 2018, 2019, 2020, 2021, 2022, 2023, 2024]}
2026-08-15 12:41:02,082 INFO    findata.database.edgar_ | CNI processed: {'text_filings': 0, 'sections': 0, 'form4_rows': 0, 'income': 233, 'balance': 178, 'cashflow': 193, 'errors': 0, 'incomplete_years': 15}
2026-08-15 12:41:04,270 WARNING findata.database.edgar_ | PRA: incomplete quarterly coverage for 13 (item, year) pair(s): {('balance', 'cash_and_equivalents'): [2009], ('balance', 'long_term_debt'): [2015, 2016, 2017], ('balance', 'stockholders_equity'): [2009], ('cashflow', 'capex'): [2020], ('cashflow', 'stock_buybacks'): [2012, 2021, 2022, 2023, 2024], ('income', 'interest_expense'): [2024], ('income', 'operating_expenses'): [2020]}
2026-08-15 12:41:04,271 INFO    findata.database.edgar_ | PRA processed: {'text_filings': 0, 'sections': 0, 'form4_rows': 0, 'income': 766, 'balance': 474, 'cashflow': 704, 'errors': 0, 'incomplete_years': 13}
2026-08-15 12:41:04,360 INFO    findata.database.edgar_ | HLNE processed: {'text_filings': 0, 'sections': 0, 'form4_rows': 0, 'income': 285, 'balance': 206, 'cashflow': 464, 'errors': 0, 'incomplete_years': 0}
2026-08-15 12:41:04,544 WARNING findata.database.edgar_ | EXR: incomplete quarterly coverage for 8 (item, year) pair(s): {('balance', 'cash_and_equivalents'): [2009], ('balance', 'stockholders_equity'): [2009, 2010], ('cashflow', 'depreciation_amortization'): [2020], ('cashflow', 'stock_buybacks'): [2022, 2023, 2024], ('income', 'interest_expense'): [2024]}
2026-08-15 12:41:04,545 INFO    findata.database.edgar_ | EXR processed: {'text_filings': 0, 'sections': 0, 'form4_rows': 0, 'income': 1107, 'balance': 423, 'cashflow': 797, 'errors': 0, 'incomplete_years': 8}
2026-08-15 12:41:04,715 WARNING findata.database.edgar_ | WLFC: incomplete quarterly coverage for 12 (item, year) pair(s): {('balance', 'cash_and_equivalents'): [2010], ('balance', 'inventory'): [2015, 2016, 2017], ('balance', 'shares_outstanding'): [2020, 2021, 2022, 2023, 2024, 2025], ('balance', 'stockholders_equity'): [2010], ('cashflow', 'stock_buybacks'): [2014]}
2026-08-15 12:41:04,716 INFO    findata.database.edgar_ | WLFC processed: {'text_filings': 0, 'sections': 0, 'form4_rows': 0, 'income': 1000, 'balance': 422, 'cashflow': 722, 'errors': 0, 'incomplete_years': 12}
2026-08-15 12:41:04,817 WARNING findata.database.edgar_ | PJT: incomplete quarterly coverage for 3 (item, year) pair(s): {('balance', 'cash_and_equivalents'): [2014], ('balance', 'goodwill'): [2015], ('balance', 'stockholders_equity'): [2014]}
2026-08-15 12:41:04,818 INFO    findata.database.edgar_ | PJT processed: {'text_filings': 0, 'sections': 0, 'form4_rows': 0, 'income': 380, 'balance': 232, 'cashflow': 552, 'errors': 0, 'incomplete_years': 3}
2026-08-15 12:41:07,051 WARNING findata.database.edgar_ | CGC: incomplete quarterly coverage for 13 (item, year) pair(s): {('balance', 'assets'): [2019, 2020], ('balance', 'assets_current'): [2020], ('balance', 'goodwill'): [2018, 2019, 2020], ('balance', 'liabilities'): [2019, 2020], ('balance', 'shares_outstanding'): [2021, 2022], ('balance', 'stockholders_equity'): [2019], ('income', 'shares_basic'): [2024], ('income', 'shares_diluted'): [2024]}
2026-08-15 12:41:07,052 INFO    findata.database.edgar_ | CGC processed: {'text_filings': 0, 'sections': 0, 'form4_rows': 0, 'income': 525, 'balance': 354, 'cashflow': 260, 'errors': 0, 'incomplete_years': 13}
2026-08-15 12:41:07,225 WARNING findata.database.edgar_ | RRC: incomplete quarterly coverage for 18 (item, year) pair(s): {('balance', 'assets'): [2021], ('balance', 'assets_current'): [2021], ('balance', 'cash_and_equivalents'): [2008, 2021], ('balance', 'inventory'): [2019], ('balance', 'liabilities'): [2011, 2021], ('balance', 'liabilities_current'): [2021], ('balance', 'long_term_debt'): [2016, 2021], ('balance', 'shares_outstanding'): [2009], ('balance', 'short_term_debt'): [2021, 2023, 2024], ('balance', 'stockholders_equity'): [2008, 2009], ('cashflow', 'capex'): [2019], ('cashflow', 'dividends_paid'): [2021]}
2026-08-15 12:41:07,226 INFO    findata.database.edgar_ | RRC processed: {'text_filings': 0, 'sections': 0, 'form4_rows': 0, 'income': 962, 'balance': 686, 'cashflow': 732, 'errors': 0, 'incomplete_years': 18}
2026-08-15 12:41:07,351 WARNING findata.database.edgar_ | CCS: incomplete quarterly coverage for 3 (item, year) pair(s): {('balance', 'stockholders_equity'): [2014], ('cashflow', 'stock_buybacks'): [2023], ('income', 'interest_expense'): [2016]}
2026-08-15 12:41:07,352 INFO    findata.database.edgar_ | CCS processed: {'text_filings': 0, 'sections': 0, 'form4_rows': 0, 'income': 613, 'balance': 362, 'cashflow': 544, 'errors': 0, 'incomplete_years': 3}
2026-08-15 12:41:07,482 WARNING findata.database.edgar_ | FTAI: incomplete quarterly coverage for 9 (item, year) pair(s): {('balance', 'cash_and_equivalents'): [2014], ('balance', 'goodwill'): [2022, 2023], ('income', 'eps_basic'): [2019, 2021, 2022], ('income', 'eps_diluted'): [2019, 2021, 2022]}
2026-08-15 12:41:07,483 INFO    findata.database.edgar_ | FTAI processed: {'text_filings': 0, 'sections': 0, 'form4_rows': 0, 'income': 696, 'balance': 453, 'cashflow': 544, 'errors': 0, 'incomplete_years': 9}
2026-08-15 12:41:07,646 WARNING findata.database.edgar_ | RHI: incomplete quarterly coverage for 2 (item, year) pair(s): {('balance', 'cash_and_equivalents'): [2009], ('income', 'operating_income'): [2015]}
2026-08-15 12:41:07,647 INFO    findata.database.edgar_ | RHI processed: {'text_filings': 0, 'sections': 0, 'form4_rows': 0, 'income': 939, 'balance': 671, 'cashflow': 852, 'errors': 0, 'incomplete_years': 2}
2026-08-15 12:41:10,075 WARNING findata.database.edgar_ | APAM: incomplete quarterly coverage for 3 (item, year) pair(s): {('balance', 'shares_outstanding'): [2014], ('balance', 'stockholders_equity'): [2012], ('income', 'shares_diluted'): [2016]}
2026-08-15 12:41:10,076 INFO    findata.database.edgar_ | APAM processed: {'text_filings': 0, 'sections': 0, 'form4_rows': 0, 'income': 769, 'balance': 297, 'cashflow': 608, 'errors': 0, 'incomplete_years': 3}
2026-08-15 12:41:10,269 WARNING findata.database.edgar_ | SCHL: incomplete quarterly coverage for 13 (item, year) pair(s): {('balance', 'long_term_debt'): [2017], ('balance', 'shares_outstanding'): [2012, 2013, 2014, 2015, 2018], ('cashflow', 'stock_buybacks'): [2012, 2013, 2016], ('income', 'shares_diluted'): [2013, 2014, 2019, 2020]}
2026-08-15 12:41:10,270 INFO    findata.database.edgar_ | SCHL processed: {'text_filings': 0, 'sections': 0, 'form4_rows': 0, 'income': 977, 'balance': 707, 'cashflow': 868, 'errors': 0, 'incomplete_years': 13}
2026-08-15 12:41:10,509 WARNING findata.database.edgar_ | GNTX: incomplete quarterly coverage for 14 (item, year) pair(s): {('balance', 'cash_and_equivalents'): [2009], ('balance', 'long_term_debt'): [2018], ('balance', 'short_term_debt'): [2014, 2015, 2016, 2017, 2019, 2021, 2024, 2025], ('balance', 'short_term_investments'): [2014, 2015], ('balance', 'stockholders_equity'): [2010], ('income', 'interest_expense'): [2020]}
2026-08-15 12:41:10,510 INFO    findata.database.edgar_ | GNTX processed: {'text_filings': 0, 'sections': 0, 'form4_rows': 0, 'income': 1117, 'balance': 692, 'cashflow': 827, 'errors': 0, 'incomplete_years': 14}
2026-08-15 12:41:10,636 WARNING findata.database.edgar_ | FPI: incomplete quarterly coverage for 6 (item, year) pair(s): {('balance', 'goodwill'): [2025], ('balance', 'stockholders_equity'): [2013], ('cashflow', 'capex'): [2020], ('cashflow', 'stock_buybacks'): [2017], ('income', 'income_tax'): [2022], ('income', 'operating_income'): [2023]}
2026-08-15 12:41:10,637 INFO    findata.database.edgar_ | FPI processed: {'text_filings': 0, 'sections': 0, 'form4_rows': 0, 'income': 660, 'balance': 348, 'cashflow': 607, 'errors': 0, 'incomplete_years': 6}
2026-08-15 12:41:10,830 WARNING findata.database.edgar_ | UTHR: incomplete quarterly coverage for 11 (item, year) pair(s): {('balance', 'cash_and_equivalents'): [2009], ('balance', 'goodwill'): [2018, 2023, 2024, 2025], ('balance', 'stockholders_equity'): [2009, 2010], ('cashflow', 'stock_buybacks'): [2017], ('income', 'costs_and_expenses'): [2015], ('income', 'operating_expenses'): [2015], ('income', 'rnd_expense'): [2016]}
2026-08-15 12:41:10,831 INFO    findata.database.edgar_ | UTHR processed: {'text_filings': 0, 'sections': 0, 'form4_rows': 0, 'income': 1263, 'balance': 692, 'cashflow': 669, 'errors': 0, 'incomplete_years': 11}
2026-08-15 12:41:13,145 WARNING findata.database.edgar_ | CZNC: incomplete quarterly coverage for 12 (item, year) pair(s): {('balance', 'cash_and_equivalents'): [2010], ('balance', 'goodwill'): [2017, 2018, 2019], ('balance', 'long_term_debt'): [2019], ('balance', 'shares_outstanding'): [2013], ('balance', 'stockholders_equity'): [2010], ('cashflow', 'stock_buybacks'): [2013, 2021], ('income', 'eps_diluted'): [2025], ('income', 'interest_expense'): [2024], ('income', 'shares_diluted'): [2025]}
2026-08-15 12:41:13,146 INFO    findata.database.edgar_ | CZNC processed: {'text_filings': 0, 'sections': 0, 'form4_rows': 0, 'income': 690, 'balance': 517, 'cashflow': 702, 'errors': 0, 'incomplete_years': 12}
2026-08-15 12:41:13,171 INFO    findata.database.edgar_ | SA processed: {'text_filings': 0, 'sections': 0, 'form4_rows': 0, 'income': 17, 'balance': 32, 'cashflow': 0, 'errors': 0, 'incomplete_years': 0}
2026-08-15 12:41:13,325 WARNING findata.database.edgar_ | TGTX: incomplete quarterly coverage for 23 (item, year) pair(s): {('balance', 'cash_and_equivalents'): [2009, 2010], ('balance', 'goodwill'): [2024], ('balance', 'short_term_debt'): [2022, 2023], ('balance', 'short_term_investments'): [2020], ('balance', 'stockholders_equity'): [2002, 2003, 2004, 2005, 2006, 2007, 2008, 2009, 2010, 2011], ('cashflow', 'capex'): [2023], ('cashflow', 'stock_buybacks'): [2014], ('income', 'income_tax'): [2014, 2023], ('income', 'interest_expense'): [2016, 2018], ('income', 'pretax_income'): [2014]}
2026-08-15 12:41:13,326 INFO    findata.database.edgar_ | TGTX processed: {'text_filings': 0, 'sections': 0, 'form4_rows': 0, 'income': 849, 'balance': 671, 'cashflow': 567, 'errors': 0, 'incomplete_years': 23}
2026-08-15 12:41:13,516 WARNING findata.database.edgar_ | XYL: incomplete quarterly coverage for 5 (item, year) pair(s): {('balance', 'cash_and_equivalents'): [2010], ('balance', 'short_term_debt'): [2012, 2013], ('balance', 'stockholders_equity'): [2010, 2011]}
2026-08-15 12:41:13,517 INFO    findata.database.edgar_ | XYL processed: {'text_filings': 0, 'sections': 0, 'form4_rows': 0, 'income': 1032, 'balance': 691, 'cashflow': 826, 'errors': 0, 'incomplete_years': 5}
2026-08-15 12:41:13,629 WARNING findata.database.edgar_ | SHOP: incomplete quarterly coverage for 83 (item, year) pair(s): {('balance', 'assets'): [2016, 2017, 2018, 2019, 2020, 2021, 2022, 2023, 2024], ('balance', 'assets_current'): [2016, 2017, 2018, 2019, 2020, 2021, 2022, 2023, 2024], ('balance', 'assets_noncurrent'): [2016, 2017, 2018, 2019, 2020, 2021, 2022, 2023, 2024], ('balance', 'cash_and_equivalents'): [2014, 2015, 2016, 2017, 2018, 2019, 2020, 2021, 2022, 2023], ('balance', 'goodwill'): [2016, 2017, 2018, 2019, 2020, 2021, 2022, 2023, 2024], ('balance', 'liabilities_current'): [2016, 2017, 2018, 2019, 2020, 2021, 2022, 2023, 2024], ('balance', 'liabilities_noncurrent'): [2016, 2017, 2018, 2019, 2020, 2021, 2022, 2023, 2024], ('balance', 'short_term_investments'): [2016, 2017, 2018, 2019, 2020, 2021, 2022, 2023, 2024], ('balance', 'stockholders_equity'): [2014, 2015, 2016, 2017, 2018, 2019, 2020, 2021, 2022, 2023]}
2026-08-15 12:41:13,630 INFO    findata.database.edgar_ | SHOP processed: {'text_filings': 0, 'sections': 0, 'form4_rows': 0, 'income': 286, 'balance': 172, 'cashflow': 173, 'errors': 0, 'incomplete_years': 83}
2026-08-15 12:41:13,758 ERROR   findata.database.edgar_ | FRBA: Company() failed: Company not found: 'FRBA'
  Tip: Search by name with find_company("...") or pass a CIK directly.
2026-08-15 12:41:17,976 WARNING findata.database.edgar_ | LLY: incomplete quarterly coverage for 8 (item, year) pair(s): {('balance', 'cash_and_equivalents'): [2008, 2019], ('balance', 'goodwill'): [2011, 2012, 2013, 2014], ('balance', 'short_term_investments'): [2025], ('income', 'rnd_expense'): [2023]}
2026-08-15 12:41:17,977 INFO    findata.database.edgar_ | LLY processed: {'text_filings': 0, 'sections': 0, 'form4_rows': 0, 'income': 959, 'balance': 862, 'cashflow': 812, 'errors': 0, 'incomplete_years': 8}
2026-08-15 12:41:17,977 ERROR   findata.database.edgar_ | FRBA: nothing fetched, skipping processing
2026-08-15 12:41:18,127 WARNING findata.database.edgar_ | FMNB: incomplete quarterly coverage for 13 (item, year) pair(s): {('balance', 'cash_and_equivalents'): [2010, 2013], ('balance', 'shares_outstanding'): [2013, 2014, 2015, 2016, 2017, 2018, 2019], ('balance', 'short_term_debt'): [2022], ('balance', 'stockholders_equity'): [2011], ('cashflow', 'capex'): [2023], ('income', 'interest_expense'): [2024]}
2026-08-15 12:41:18,128 INFO    findata.database.edgar_ | FMNB processed: {'text_filings': 0, 'sections': 0, 'form4_rows': 0, 'income': 719, 'balance': 481, 'cashflow': 784, 'errors': 0, 'incomplete_years': 13}
2026-08-15 12:41:18,183 WARNING findata.database.edgar_ | ARCC: incomplete quarterly coverage for 14 (item, year) pair(s): {('balance', 'cash_and_equivalents'): [2021], ('balance', 'shares_outstanding'): [2015, 2016, 2017, 2018, 2019, 2020, 2021], ('balance', 'stockholders_equity'): [2015, 2016, 2017, 2018, 2019, 2020]}
2026-08-15 12:41:18,184 INFO    findata.database.edgar_ | ARCC processed: {'text_filings': 0, 'sections': 0, 'form4_rows': 0, 'income': 144, 'balance': 144, 'cashflow': 102, 'errors': 0, 'incomplete_years': 14}
2026-08-15 12:41:18,334 WARNING findata.database.edgar_ | TFSL: incomplete quarterly coverage for 3 (item, year) pair(s): {('balance', 'cash_and_equivalents'): [2009], ('balance', 'stockholders_equity'): [2009], ('income', 'interest_expense'): [2024]}
2026-08-15 12:41:18,335 INFO    findata.database.edgar_ | TFSL processed: {'text_filings': 0, 'sections': 0, 'form4_rows': 0, 'income': 760, 'balance': 408, 'cashflow': 829, 'errors': 0, 'incomplete_years': 3}
2026-08-15 12:41:22,241 WARNING findata.database.edgar_ | DVA: incomplete quarterly coverage for 4 (item, year) pair(s): {('balance', 'cash_and_equivalents'): [2008], ('balance', 'long_term_debt'): [2013], ('cashflow', 'stock_buybacks'): [2010, 2011]}
2026-08-15 12:41:22,242 INFO    findata.database.edgar_ | DVA processed: {'text_filings': 0, 'sections': 0, 'form4_rows': 0, 'income': 1061, 'balance': 913, 'cashflow': 801, 'errors': 0, 'incomplete_years': 4}
2026-08-15 12:41:22,354 INFO    findata.database.edgar_ | TRP processed: {'text_filings': 0, 'sections': 0, 'form4_rows': 0, 'income': 198, 'balance': 167, 'cashflow': 100, 'errors': 0, 'incomplete_years': 0}
2026-08-15 12:41:22,547 WARNING findata.database.edgar_ | TAP: incomplete quarterly coverage for 13 (item, year) pair(s): {('balance', 'cash_and_equivalents'): [2008], ('balance', 'short_term_debt'): [2010], ('balance', 'stockholders_equity'): [2008, 2009], ('income', 'interest_expense'): [2015, 2016, 2017, 2018, 2019, 2020, 2021, 2022, 2023]}
2026-08-15 12:41:22,548 INFO    findata.database.edgar_ | TAP processed: {'text_filings': 0, 'sections': 0, 'form4_rows': 0, 'income': 979, 'balance': 727, 'cashflow': 820, 'errors': 0, 'incomplete_years': 13}
2026-08-15 12:41:22,816 WARNING findata.database.edgar_ | TMO: incomplete quarterly coverage for 9 (item, year) pair(s): {('balance', 'cash_and_equivalents'): [2008], ('balance', 'inventory'): [2010, 2011], ('balance', 'short_term_investments'): [2012, 2013, 2015, 2023], ('balance', 'stockholders_equity'): [2009], ('income', 'cost_of_revenue'): [2018]}
2026-08-15 12:41:22,817 INFO    findata.database.edgar_ | TMO processed: {'text_filings': 0, 'sections': 0, 'form4_rows': 0, 'income': 1244, 'balance': 731, 'cashflow': 893, 'errors': 0, 'incomplete_years': 9}
2026-08-15 12:41:22,994 WARNING findata.database.edgar_ | ITGR: incomplete quarterly coverage for 3 (item, year) pair(s): {('balance', 'cash_and_equivalents'): [2010], ('balance', 'stockholders_equity'): [2010, 2011]}
2026-08-15 12:41:22,995 INFO    findata.database.edgar_ | ITGR processed: {'text_filings': 0, 'sections': 0, 'form4_rows': 0, 'income': 1053, 'balance': 737, 'cashflow': 580, 'errors': 0, 'incomplete_years': 3}
2026-08-15 12:41:25,197 WARNING findata.database.edgar_ | RPD: incomplete quarterly coverage for 3 (item, year) pair(s): {('balance', 'cash_and_equivalents'): [2015], ('balance', 'stockholders_equity'): [2014, 2015]}
2026-08-15 12:41:25,198 INFO    findata.database.edgar_ | RPD processed: {'text_filings': 0, 'sections': 0, 'form4_rows': 0, 'income': 838, 'balance': 464, 'cashflow': 455, 'errors': 0, 'incomplete_years': 3}
2026-08-15 12:41:25,346 WARNING findata.database.edgar_ | MGNI: incomplete quarterly coverage for 7 (item, year) pair(s): {('balance', 'goodwill'): [2013, 2018, 2019], ('balance', 'long_term_debt'): [2020], ('balance', 'short_term_debt'): [2020, 2021], ('balance', 'stockholders_equity'): [2013]}
2026-08-15 12:41:25,347 INFO    findata.database.edgar_ | MGNI processed: {'text_filings': 0, 'sections': 0, 'form4_rows': 0, 'income': 900, 'balance': 519, 'cashflow': 522, 'errors': 0, 'incomplete_years': 7}
2026-08-15 12:41:25,512 WARNING findata.database.edgar_ | UNM: incomplete quarterly coverage for 10 (item, year) pair(s): {('balance', 'cash_and_equivalents'): [2020, 2021], ('balance', 'short_term_debt'): [2017, 2019, 2021, 2022, 2024], ('income', 'operating_income'): [2014, 2023, 2024]}
2026-08-15 12:41:25,513 INFO    findata.database.edgar_ | UNM processed: {'text_filings': 0, 'sections': 0, 'form4_rows': 0, 'income': 834, 'balance': 508, 'cashflow': 856, 'errors': 0, 'incomplete_years': 10}
2026-08-15 12:41:25,716 WARNING findata.database.edgar_ | AMT: incomplete quarterly coverage for 10 (item, year) pair(s): {('balance', 'cash_and_equivalents'): [2008], ('balance', 'short_term_investments'): [2016, 2019], ('balance', 'stockholders_equity'): [2008], ('cashflow', 'dividends_paid'): [2025], ('cashflow', 'stock_buybacks'): [2025], ('income', 'cost_of_revenue'): [2020], ('income', 'interest_expense'): [2015, 2016, 2018]}
2026-08-15 12:41:25,717 INFO    findata.database.edgar_ | AMT processed: {'text_filings': 0, 'sections': 0, 'form4_rows': 0, 'income': 1134, 'balance': 805, 'cashflow': 870, 'errors': 0, 'incomplete_years': 10}
2026-08-15 12:41:25,752 INFO    findata.database.edgar_ | FSM processed: {'text_filings': 0, 'sections': 0, 'form4_rows': 0, 'income': 38, 'balance': 29, 'cashflow': 0, 'errors': 0, 'incomplete_years': 0}
2026-08-15 12:41:28,119 WARNING findata.database.edgar_ | AMN: incomplete quarterly coverage for 3 (item, year) pair(s): {('balance', 'cash_and_equivalents'): [2010], ('balance', 'stockholders_equity'): [2010, 2011]}
2026-08-15 12:41:28,120 INFO    findata.database.edgar_ | AMN processed: {'text_filings': 0, 'sections': 0, 'form4_rows': 0, 'income': 1053, 'balance': 586, 'cashflow': 668, 'errors': 0, 'incomplete_years': 3}
2026-08-15 12:41:28,306 WARNING findata.database.edgar_ | MATW: incomplete quarterly coverage for 3 (item, year) pair(s): {('balance', 'cash_and_equivalents'): [2009, 2010], ('balance', 'stockholders_equity'): [2009]}
2026-08-15 12:41:28,307 INFO    findata.database.edgar_ | MATW processed: {'text_filings': 0, 'sections': 0, 'form4_rows': 0, 'income': 1037, 'balance': 738, 'cashflow': 865, 'errors': 0, 'incomplete_years': 3}
2026-08-15 12:41:28,459 WARNING findata.database.edgar_ | GABC: incomplete quarterly coverage for 5 (item, year) pair(s): {('balance', 'goodwill'): [2011], ('balance', 'shares_outstanding'): [2012], ('balance', 'stockholders_equity'): [2010, 2011], ('income', 'interest_expense'): [2024]}
2026-08-15 12:41:28,460 INFO    findata.database.edgar_ | GABC processed: {'text_filings': 0, 'sections': 0, 'form4_rows': 0, 'income': 708, 'balance': 426, 'cashflow': 721, 'errors': 0, 'incomplete_years': 5}
2026-08-15 12:41:28,628 WARNING findata.database.edgar_ | DXPE: incomplete quarterly coverage for 6 (item, year) pair(s): {('balance', 'shares_outstanding'): [2012, 2013, 2014, 2018], ('balance', 'stockholders_equity'): [2010, 2011]}
2026-08-15 12:41:28,629 INFO    findata.database.edgar_ | DXPE processed: {'text_filings': 0, 'sections': 0, 'form4_rows': 0, 'income': 982, 'balance': 728, 'cashflow': 715, 'errors': 0, 'incomplete_years': 6}
2026-08-15 12:41:28,706 INFO    findata.database.edgar_ | BAP processed: {'text_filings': 0, 'sections': 0, 'form4_rows': 0, 'income': 20, 'balance': 37, 'cashflow': 0, 'errors': 0, 'incomplete_years': 0}
2026-08-15 12:41:30,804 WARNING findata.database.edgar_ | HTLD: incomplete quarterly coverage for 24 (item, year) pair(s): {('balance', 'cash_and_equivalents'): [2009], ('balance', 'long_term_debt'): [2017, 2018, 2019, 2021, 2022], ('balance', 'short_term_debt'): [2021, 2022], ('balance', 'short_term_investments'): [2013], ('balance', 'stockholders_equity'): [2009, 2010], ('cashflow', 'dividends_paid'): [2014, 2023], ('cashflow', 'stock_buybacks'): [2011, 2012, 2013, 2023, 2024, 2025], ('income', 'interest_expense'): [2017, 2018, 2019, 2020, 2021]}
2026-08-15 12:41:30,805 INFO    findata.database.edgar_ | HTLD processed: {'text_filings': 0, 'sections': 0, 'form4_rows': 0, 'income': 987, 'balance': 662, 'cashflow': 836, 'errors': 0, 'incomplete_years': 24}
2026-08-15 12:41:30,936 WARNING findata.database.edgar_ | LW: incomplete quarterly coverage for 6 (item, year) pair(s): {('balance', 'cash_and_equivalents'): [2016], ('balance', 'shares_outstanding'): [2024, 2025, 2026], ('balance', 'stockholders_equity'): [2016, 2017]}
2026-08-15 12:41:30,937 INFO    findata.database.edgar_ | LW processed: {'text_filings': 0, 'sections': 0, 'form4_rows': 0, 'income': 622, 'balance': 458, 'cashflow': 468, 'errors': 0, 'incomplete_years': 6}
2026-08-15 12:41:31,165 WARNING findata.database.edgar_ | POOL: incomplete quarterly coverage for 4 (item, year) pair(s): {('balance', 'cash_and_equivalents'): [2009], ('balance', 'short_term_debt'): [2016], ('balance', 'stockholders_equity'): [2009], ('income', 'interest_expense'): [2012]}
2026-08-15 12:41:31,166 INFO    findata.database.edgar_ | POOL processed: {'text_filings': 0, 'sections': 0, 'form4_rows': 0, 'income': 950, 'balance': 779, 'cashflow': 833, 'errors': 0, 'incomplete_years': 4}
2026-08-15 12:41:31,194 INFO    findata.database.edgar_ | OMAB processed: {'text_filings': 0, 'sections': 0, 'form4_rows': 0, 'income': 26, 'balance': 20, 'cashflow': 0, 'errors': 0, 'incomplete_years': 0}
2026-08-15 12:41:31,387 WARNING findata.database.edgar_ | EPD: incomplete quarterly coverage for 15 (item, year) pair(s): {('balance', 'assets'): [2009], ('balance', 'assets_current'): [2009], ('balance', 'cash_and_equivalents'): [2007, 2008], ('balance', 'goodwill'): [2009], ('balance', 'inventory'): [2009], ('balance', 'liabilities_current'): [2009], ('balance', 'long_term_debt'): [2009], ('balance', 'short_term_debt'): [2009, 2010], ('cashflow', 'capex'): [2010], ('cashflow', 'financing_cash_flow'): [2010], ('cashflow', 'investing_cash_flow'): [2010], ('cashflow', 'operating_cash_flow'): [2010], ('income', 'shares_basic'): [2012]}
2026-08-15 12:41:31,388 INFO    findata.database.edgar_ | EPD processed: {'text_filings': 0, 'sections': 0, 'form4_rows': 0, 'income': 931, 'balance': 640, 'cashflow': 781, 'errors': 0, 'incomplete_years': 15}
2026-08-15 12:41:33,547 WARNING findata.database.edgar_ | CRVS: incomplete quarterly coverage for 10 (item, year) pair(s): {('cashflow', 'capex'): [2020, 2022], ('cashflow', 'financing_cash_flow'): [2020, 2024], ('income', 'costs_and_expenses'): [2017, 2018], ('income', 'income_tax'): [2022, 2023, 2024, 2025]}
2026-08-15 12:41:33,548 INFO    findata.database.edgar_ | CRVS processed: {'text_filings': 0, 'sections': 0, 'form4_rows': 0, 'income': 549, 'balance': 348, 'cashflow': 385, 'errors': 0, 'incomplete_years': 10}
2026-08-15 12:41:33,673 WARNING findata.database.edgar_ | NAVI: incomplete quarterly coverage for 2 (item, year) pair(s): {('cashflow', 'stock_buybacks'): [2018], ('income', 'interest_expense'): [2024]}
2026-08-15 12:41:33,675 INFO    findata.database.edgar_ | NAVI processed: {'text_filings': 0, 'sections': 0, 'form4_rows': 0, 'income': 650, 'balance': 384, 'cashflow': 471, 'errors': 0, 'incomplete_years': 2}
2026-08-15 12:41:33,789 WARNING findata.database.edgar_ | HIVE: incomplete quarterly coverage for 8 (item, year) pair(s): {('balance', 'assets'): [2022, 2023, 2024, 2025], ('balance', 'liabilities'): [2022, 2023, 2024, 2025]}
2026-08-15 12:41:33,790 INFO    findata.database.edgar_ | HIVE processed: {'text_filings': 0, 'sections': 0, 'form4_rows': 0, 'income': 158, 'balance': 73, 'cashflow': 80, 'errors': 0, 'incomplete_years': 8}
2026-08-15 12:41:33,934 WARNING findata.database.edgar_ | CZR: incomplete quarterly coverage for 6 (item, year) pair(s): {('balance', 'cash_and_equivalents'): [2013], ('balance', 'short_term_debt'): [2015], ('balance', 'short_term_investments'): [2020], ('balance', 'stockholders_equity'): [2013, 2014], ('income', 'pretax_income'): [2024]}
2026-08-15 12:41:33,935 INFO    findata.database.edgar_ | CZR processed: {'text_filings': 0, 'sections': 0, 'form4_rows': 0, 'income': 798, 'balance': 585, 'cashflow': 502, 'errors': 0, 'incomplete_years': 6}
2026-08-15 12:41:34,162 WARNING findata.database.edgar_ | SCCO: incomplete quarterly coverage for 17 (item, year) pair(s): {('balance', 'short_term_debt'): [2013, 2014, 2015, 2019, 2020, 2021, 2022, 2024, 2025], ('balance', 'stockholders_equity'): [2008, 2009], ('cashflow', 'stock_buybacks'): [2010, 2011, 2012, 2013], ('income', 'income_tax'): [2025], ('income', 'revenue'): [2015]}
2026-08-15 12:41:34,163 INFO    findata.database.edgar_ | SCCO processed: {'text_filings': 0, 'sections': 0, 'form4_rows': 0, 'income': 1120, 'balance': 760, 'cashflow': 1054, 'errors': 0, 'incomplete_years': 17}
2026-08-15 12:41:36,734 WARNING findata.database.edgar_ | HD: incomplete quarterly coverage for 6 (item, year) pair(s): {('balance', 'cash_and_equivalents'): [2009], ('balance', 'inventory'): [2014], ('balance', 'stockholders_equity'): [2009, 2010], ('income', 'shares_basic'): [2013], ('income', 'shares_diluted'): [2013]}
2026-08-15 12:41:36,735 INFO    findata.database.edgar_ | HD processed: {'text_filings': 0, 'sections': 0, 'form4_rows': 0, 'income': 1168, 'balance': 818, 'cashflow': 912, 'errors': 0, 'incomplete_years': 6}
2026-08-15 12:41:36,861 WARNING findata.database.edgar_ | LOB: incomplete quarterly coverage for 9 (item, year) pair(s): {('balance', 'cash_and_equivalents'): [2021], ('balance', 'long_term_debt'): [2019], ('balance', 'short_term_debt'): [2016, 2017, 2019], ('balance', 'stockholders_equity'): [2014], ('income', 'interest_expense'): [2024], ('income', 'shares_basic'): [2022], ('income', 'shares_diluted'): [2022]}
2026-08-15 12:41:36,862 INFO    findata.database.edgar_ | LOB processed: {'text_filings': 0, 'sections': 0, 'form4_rows': 0, 'income': 535, 'balance': 219, 'cashflow': 519, 'errors': 0, 'incomplete_years': 9}
2026-08-15 12:41:37,028 WARNING findata.database.edgar_ | LULU: incomplete quarterly coverage for 17 (item, year) pair(s): {('balance', 'cash_and_equivalents'): [2010], ('balance', 'goodwill'): [2021], ('balance', 'inventory'): [2012, 2014, 2015, 2016, 2017, 2018, 2019, 2020, 2021, 2022, 2023], ('balance', 'liabilities_noncurrent'): [2015], ('balance', 'short_term_debt'): [2026], ('balance', 'stockholders_equity'): [2010, 2011]}
2026-08-15 12:41:37,029 INFO    findata.database.edgar_ | LULU processed: {'text_filings': 0, 'sections': 0, 'form4_rows': 0, 'income': 935, 'balance': 655, 'cashflow': 748, 'errors': 0, 'incomplete_years': 17}
2026-08-15 12:41:37,156 WARNING findata.database.edgar_ | EYE: incomplete quarterly coverage for 4 (item, year) pair(s): {('balance', 'cash_and_equivalents'): [2016], ('balance', 'goodwill'): [2017], ('balance', 'stockholders_equity'): [2016, 2017]}
2026-08-15 12:41:37,157 INFO    findata.database.edgar_ | EYE processed: {'text_filings': 0, 'sections': 0, 'form4_rows': 0, 'income': 599, 'balance': 473, 'cashflow': 456, 'errors': 0, 'incomplete_years': 4}
2026-08-15 12:41:37,312 WARNING findata.database.edgar_ | CTBI: incomplete quarterly coverage for 12 (item, year) pair(s): {('balance', 'cash_and_equivalents'): [2010], ('balance', 'goodwill'): [2011], ('balance', 'long_term_debt'): [2014, 2022, 2023, 2024, 2025], ('balance', 'shares_outstanding'): [2010, 2011], ('balance', 'stockholders_equity'): [2010, 2011], ('income', 'interest_expense'): [2024]}
2026-08-15 12:41:37,313 INFO    findata.database.edgar_ | CTBI processed: {'text_filings': 0, 'sections': 0, 'form4_rows': 0, 'income': 716, 'balance': 476, 'cashflow': 739, 'errors': 0, 'incomplete_years': 12}
2026-08-15 12:41:39,638 WARNING findata.database.edgar_ | NWPX: incomplete quarterly coverage for 13 (item, year) pair(s): {('balance', 'cash_and_equivalents'): [2010], ('balance', 'goodwill'): [2015, 2019], ('balance', 'long_term_debt'): [2014, 2019, 2021, 2023, 2024], ('balance', 'short_term_debt'): [2014, 2019, 2022], ('balance', 'stockholders_equity'): [2010, 2011]}
2026-08-15 12:41:39,639 INFO    findata.database.edgar_ | NWPX processed: {'text_filings': 0, 'sections': 0, 'form4_rows': 0, 'income': 970, 'balance': 674, 'cashflow': 549, 'errors': 0, 'incomplete_years': 13}
2026-08-15 12:41:39,839 WARNING findata.database.edgar_ | HP: incomplete quarterly coverage for 16 (item, year) pair(s): {('balance', 'cash_and_equivalents'): [2008], ('balance', 'goodwill'): [2017], ('balance', 'short_term_debt'): [2010, 2011, 2016, 2018, 2019, 2023, 2024, 2025], ('balance', 'short_term_investments'): [2015], ('balance', 'stockholders_equity'): [2008, 2009], ('cashflow', 'stock_buybacks'): [2019, 2020, 2021]}
2026-08-15 12:41:39,840 INFO    findata.database.edgar_ | HP processed: {'text_filings': 0, 'sections': 0, 'form4_rows': 0, 'income': 1132, 'balance': 845, 'cashflow': 825, 'errors': 0, 'incomplete_years': 16}
2026-08-15 12:41:40,009 WARNING findata.database.edgar_ | TSN: incomplete quarterly coverage for 4 (item, year) pair(s): {('balance', 'cash_and_equivalents'): [2009], ('balance', 'goodwill'): [2010], ('balance', 'stockholders_equity'): [2010], ('cashflow', 'stock_buybacks'): [2021]}
2026-08-15 12:41:40,010 INFO    findata.database.edgar_ | TSN processed: {'text_filings': 0, 'sections': 0, 'form4_rows': 0, 'income': 893, 'balance': 620, 'cashflow': 828, 'errors': 0, 'incomplete_years': 4}
2026-08-15 12:41:40,189 WARNING findata.database.edgar_ | LXFR: incomplete quarterly coverage for 8 (item, year) pair(s): {('balance', 'assets'): [2017, 2018], ('balance', 'cash_and_equivalents'): [2017], ('balance', 'goodwill'): [2017, 2018], ('balance', 'liabilities'): [2017, 2018], ('balance', 'stockholders_equity'): [2017]}
2026-08-15 12:41:40,191 INFO    findata.database.edgar_ | LXFR processed: {'text_filings': 0, 'sections': 0, 'form4_rows': 0, 'income': 588, 'balance': 357, 'cashflow': 426, 'errors': 0, 'incomplete_years': 8}
2026-08-15 12:41:40,396 WARNING findata.database.edgar_ | SYNA: incomplete quarterly coverage for 60 (item, year) pair(s): {('balance', 'long_term_debt'): [2020], ('balance', 'short_term_debt'): [2022, 2023, 2024, 2025, 2026], ('balance', 'short_term_investments'): [2025], ('balance', 'stockholders_equity'): [2010], ('cashflow', 'capex'): [2012, 2014, 2015, 2016, 2017, 2018, 2020], ('cashflow', 'depreciation_amortization'): [2012, 2014, 2015, 2016, 2017, 2018, 2020], ('cashflow', 'financing_cash_flow'): [2012, 2014, 2015, 2016, 2017, 2018, 2020], ('cashflow', 'investing_cash_flow'): [2012, 2014, 2015, 2016, 2017, 2018, 2020], ('cashflow', 'operating_cash_flow'): [2012, 2014, 2015, 2016, 2017, 2018, 2020], ('cashflow', 'stock_buybacks'): [2012, 2014, 2015, 2016, 2017, 2018, 2020, 2022], ('income', 'interest_expense'): [2014, 2015, 2022], ('income', 'shares_basic'): [2017, 2020, 2021], ('income', 'shares_diluted'): [2017, 2020, 2021]}
2026-08-15 12:41:40,397 INFO    findata.database.edgar_ | SYNA processed: {'text_filings': 0, 'sections': 0, 'form4_rows': 0, 'income': 1162, 'balance': 814, 'cashflow': 701, 'errors': 0, 'incomplete_years': 60}
2026-08-15 12:41:43,015 WARNING findata.database.edgar_ | DECK: incomplete quarterly coverage for 19 (item, year) pair(s): {('balance', 'goodwill'): [2012], ('balance', 'liabilities_noncurrent'): [2015], ('balance', 'short_term_debt'): [2016, 2017], ('balance', 'stockholders_equity'): [2010], ('cashflow', 'stock_buybacks'): [2014], ('income', 'cost_of_revenue'): [2012, 2013], ('income', 'income_tax'): [2012, 2013], ('income', 'operating_income'): [2012, 2013], ('income', 'pretax_income'): [2012, 2013, 2019], ('income', 'shares_basic'): [2012, 2013], ('income', 'shares_diluted'): [2012, 2013]}
2026-08-15 12:41:43,016 INFO    findata.database.edgar_ | DECK processed: {'text_filings': 0, 'sections': 0, 'form4_rows': 0, 'income': 924, 'balance': 693, 'cashflow': 728, 'errors': 0, 'incomplete_years': 19}
2026-08-15 12:41:43,140 WARNING findata.database.edgar_ | EVRG: incomplete quarterly coverage for 6 (item, year) pair(s): {('balance', 'cash_and_equivalents'): [2017], ('balance', 'long_term_debt'): [2020, 2021], ('balance', 'short_term_debt'): [2020, 2021], ('balance', 'stockholders_equity'): [2017]}
2026-08-15 12:41:43,141 INFO    findata.database.edgar_ | EVRG processed: {'text_filings': 0, 'sections': 0, 'form4_rows': 0, 'income': 550, 'balance': 334, 'cashflow': 422, 'errors': 0, 'incomplete_years': 6}
2026-08-15 12:41:43,312 WARNING findata.database.edgar_ | AMD: incomplete quarterly coverage for 14 (item, year) pair(s): {('balance', 'cash_and_equivalents'): [2009], ('balance', 'short_term_debt'): [2017, 2020, 2021, 2023, 2025], ('balance', 'short_term_investments'): [2016, 2017, 2018], ('balance', 'stockholders_equity'): [2009, 2010], ('cashflow', 'depreciation_amortization'): [2020, 2022, 2023]}
2026-08-15 12:41:43,313 INFO    findata.database.edgar_ | AMD processed: {'text_filings': 0, 'sections': 0, 'form4_rows': 0, 'income': 1138, 'balance': 786, 'cashflow': 618, 'errors': 0, 'incomplete_years': 14}
2026-08-15 12:41:43,457 WARNING findata.database.edgar_ | CDNA: incomplete quarterly coverage for 14 (item, year) pair(s): {('balance', 'cash_and_equivalents'): [2013], ('balance', 'long_term_debt'): [2020, 2024], ('balance', 'short_term_debt'): [2020], ('balance', 'stockholders_equity'): [2013, 2014], ('cashflow', 'capex'): [2019, 2020, 2021, 2025], ('income', 'cost_of_revenue'): [2020], ('income', 'gross_profit'): [2020], ('income', 'income_tax'): [2015], ('income', 'pretax_income'): [2015]}
2026-08-15 12:41:43,458 INFO    findata.database.edgar_ | CDNA processed: {'text_filings': 0, 'sections': 0, 'form4_rows': 0, 'income': 784, 'balance': 586, 'cashflow': 483, 'errors': 0, 'incomplete_years': 14}
2026-08-15 12:41:43,624 WARNING findata.database.edgar_ | BGS: incomplete quarterly coverage for 14 (item, year) pair(s): {('balance', 'cash_and_equivalents'): [2010], ('balance', 'goodwill'): [2011], ('balance', 'short_term_debt'): [2016, 2018, 2019, 2020, 2022, 2023], ('balance', 'stockholders_equity'): [2010, 2011], ('cashflow', 'stock_buybacks'): [2018], ('income', 'eps_basic'): [2022], ('income', 'eps_diluted'): [2022], ('income', 'interest_expense'): [2017]}
2026-08-15 12:41:43,625 INFO    findata.database.edgar_ | BGS processed: {'text_filings': 0, 'sections': 0, 'form4_rows': 0, 'income': 932, 'balance': 729, 'cashflow': 707, 'errors': 0, 'incomplete_years': 14}
2026-08-15 12:41:46,282 WARNING findata.database.edgar_ | ADP: incomplete quarterly coverage for 7 (item, year) pair(s): {('balance', 'assets'): [2010], ('balance', 'cash_and_equivalents'): [2009], ('balance', 'goodwill'): [2010], ('balance', 'long_term_debt'): [2012, 2015], ('balance', 'short_term_debt'): [2012], ('income', 'operating_expenses'): [2015]}
2026-08-15 12:41:46,283 INFO    findata.database.edgar_ | ADP processed: {'text_filings': 0, 'sections': 0, 'form4_rows': 0, 'income': 1113, 'balance': 793, 'cashflow': 879, 'errors': 0, 'incomplete_years': 7}
2026-08-15 12:41:46,451 WARNING findata.database.edgar_ | GTN: incomplete quarterly coverage for 12 (item, year) pair(s): {('balance', 'cash_and_equivalents'): [2010], ('balance', 'short_term_debt'): [2012, 2013, 2014, 2015, 2016, 2018, 2021], ('balance', 'stockholders_equity'): [2010, 2011], ('cashflow', 'stock_buybacks'): [2022, 2023]}
2026-08-15 12:41:46,452 INFO    findata.database.edgar_ | GTN processed: {'text_filings': 0, 'sections': 0, 'form4_rows': 0, 'income': 929, 'balance': 573, 'cashflow': 702, 'errors': 0, 'incomplete_years': 12}
2026-08-15 12:41:46,628 WARNING findata.database.edgar_ | NHC: incomplete quarterly coverage for 13 (item, year) pair(s): {('balance', 'cash_and_equivalents'): [2010], ('balance', 'long_term_debt'): [2020, 2023, 2024], ('balance', 'short_term_debt'): [2013, 2018, 2019, 2023, 2024], ('balance', 'short_term_investments'): [2020], ('balance', 'stockholders_equity'): [2010], ('cashflow', 'stock_buybacks'): [2014, 2016]}
2026-08-15 12:41:46,629 INFO    findata.database.edgar_ | NHC processed: {'text_filings': 0, 'sections': 0, 'form4_rows': 0, 'income': 906, 'balance': 716, 'cashflow': 793, 'errors': 0, 'incomplete_years': 13}
2026-08-15 12:41:46,865 WARNING findata.database.edgar_ | IPGP: incomplete quarterly coverage for 5 (item, year) pair(s): {('balance', 'cash_and_equivalents'): [2010], ('balance', 'long_term_debt'): [2023], ('balance', 'short_term_investments'): [2014, 2015], ('income', 'interest_expense'): [2012]}
2026-08-15 12:41:46,866 INFO    findata.database.edgar_ | IPGP processed: {'text_filings': 0, 'sections': 0, 'form4_rows': 0, 'income': 1074, 'balance': 772, 'cashflow': 644, 'errors': 0, 'incomplete_years': 5}
2026-08-15 12:41:47,033 WARNING findata.database.edgar_ | PBH: incomplete quarterly coverage for 2 (item, year) pair(s): {('balance', 'stockholders_equity'): [2011], ('income', 'interest_expense'): [2021]}
2026-08-15 12:41:47,034 INFO    findata.database.edgar_ | PBH processed: {'text_filings': 0, 'sections': 0, 'form4_rows': 0, 'income': 994, 'balance': 639, 'cashflow': 651, 'errors': 0, 'incomplete_years': 2}
2026-08-15 12:41:49,562 WARNING findata.database.edgar_ | BLBD: incomplete quarterly coverage for 4 (item, year) pair(s): {('cashflow', 'dividends_paid'): [2017, 2018, 2019], ('cashflow', 'stock_buybacks'): [2019]}
2026-08-15 12:41:49,564 INFO    findata.database.edgar_ | BLBD processed: {'text_filings': 0, 'sections': 0, 'form4_rows': 0, 'income': 771, 'balance': 613, 'cashflow': 584, 'errors': 0, 'incomplete_years': 4}
2026-08-15 12:41:49,784 WARNING findata.database.edgar_ | ICFI: incomplete quarterly coverage for 3 (item, year) pair(s): {('balance', 'cash_and_equivalents'): [2010], ('balance', 'stockholders_equity'): [2010, 2011]}
2026-08-15 12:41:49,785 INFO    findata.database.edgar_ | ICFI processed: {'text_filings': 0, 'sections': 0, 'form4_rows': 0, 'income': 968, 'balance': 651, 'cashflow': 666, 'errors': 0, 'incomplete_years': 3}
2026-08-15 12:41:49,934 WARNING findata.database.edgar_ | KOS: incomplete quarterly coverage for 8 (item, year) pair(s): {('balance', 'cash_and_equivalents'): [2010], ('balance', 'short_term_debt'): [2019, 2020, 2024, 2025], ('balance', 'stockholders_equity'): [2010, 2011], ('income', 'interest_expense'): [2016]}
2026-08-15 12:41:49,935 INFO    findata.database.edgar_ | KOS processed: {'text_filings': 0, 'sections': 0, 'form4_rows': 0, 'income': 814, 'balance': 587, 'cashflow': 636, 'errors': 0, 'incomplete_years': 8}
2026-08-15 12:41:50,094 WARNING findata.database.edgar_ | ALNY: incomplete quarterly coverage for 6 (item, year) pair(s): {('balance', 'cash_and_equivalents'): [2009], ('balance', 'long_term_debt'): [2022], ('balance', 'stockholders_equity'): [2009, 2010], ('income', 'pretax_income'): [2016], ('income', 'revenue'): [2011]}
2026-08-15 12:41:50,095 INFO    findata.database.edgar_ | ALNY processed: {'text_filings': 0, 'sections': 0, 'form4_rows': 0, 'income': 978, 'balance': 565, 'cashflow': 595, 'errors': 0, 'incomplete_years': 6}
2026-08-15 12:41:50,254 WARNING findata.database.edgar_ | HWKN: incomplete quarterly coverage for 3 (item, year) pair(s): {('balance', 'short_term_debt'): [2026], ('balance', 'stockholders_equity'): [2011], ('income', 'pretax_income'): [2022]}
2026-08-15 12:41:50,255 INFO    findata.database.edgar_ | HWKN processed: {'text_filings': 0, 'sections': 0, 'form4_rows': 0, 'income': 882, 'balance': 724, 'cashflow': 689, 'errors': 0, 'incomplete_years': 3}
2026-08-15 12:41:52,985 WARNING findata.database.edgar_ | L: incomplete quarterly coverage for 18 (item, year) pair(s): {('balance', 'cash_and_equivalents'): [2017], ('balance', 'shares_outstanding'): [2011, 2012, 2017, 2018, 2019, 2020, 2021, 2022, 2023, 2024, 2025], ('balance', 'short_term_investments'): [2020], ('balance', 'stockholders_equity'): [2008, 2009], ('cashflow', 'stock_buybacks'): [2012, 2017], ('income', 'shares_diluted'): [2013]}
2026-08-15 12:41:52,986 INFO    findata.database.edgar_ | L processed: {'text_filings': 0, 'sections': 0, 'form4_rows': 0, 'income': 793, 'balance': 605, 'cashflow': 793, 'errors': 0, 'incomplete_years': 18}
2026-08-15 12:41:53,153 WARNING findata.database.edgar_ | BOH: incomplete quarterly coverage for 12 (item, year) pair(s): {('balance', 'cash_and_equivalents'): [2009], ('balance', 'short_term_debt'): [2011, 2012, 2013, 2014, 2015, 2016, 2017, 2018, 2020], ('balance', 'stockholders_equity'): [2009], ('income', 'interest_expense'): [2024]}
2026-08-15 12:41:53,155 INFO    findata.database.edgar_ | BOH processed: {'text_filings': 0, 'sections': 0, 'form4_rows': 0, 'income': 764, 'balance': 570, 'cashflow': 704, 'errors': 0, 'incomplete_years': 12}
2026-08-15 12:41:53,414 WARNING findata.database.edgar_ | EQIX: incomplete quarterly coverage for 8 (item, year) pair(s): {('balance', 'cash_and_equivalents'): [2009], ('balance', 'long_term_debt'): [2014, 2025], ('balance', 'short_term_investments'): [2015, 2023, 2024], ('balance', 'stockholders_equity'): [2009, 2010]}
2026-08-15 12:41:53,415 INFO    findata.database.edgar_ | EQIX processed: {'text_filings': 0, 'sections': 0, 'form4_rows': 0, 'income': 1158, 'balance': 699, 'cashflow': 769, 'errors': 0, 'incomplete_years': 8}
2026-08-15 12:41:53,591 WARNING findata.database.edgar_ | SMP: incomplete quarterly coverage for 6 (item, year) pair(s): {('balance', 'cash_and_equivalents'): [2010], ('balance', 'inventory'): [2016, 2023, 2024], ('balance', 'stockholders_equity'): [2010, 2011]}
2026-08-15 12:41:53,592 INFO    findata.database.edgar_ | SMP processed: {'text_filings': 0, 'sections': 0, 'form4_rows': 0, 'income': 982, 'balance': 663, 'cashflow': 799, 'errors': 0, 'incomplete_years': 6}
2026-08-15 12:41:53,752 WARNING findata.database.edgar_ | FN: incomplete quarterly coverage for 6 (item, year) pair(s): {('balance', 'goodwill'): [2020], ('balance', 'long_term_debt'): [2014, 2019], ('balance', 'stockholders_equity'): [2011], ('cashflow', 'stock_buybacks'): [2020, 2021]}
2026-08-15 12:41:53,753 INFO    findata.database.edgar_ | FN processed: {'text_filings': 0, 'sections': 0, 'form4_rows': 0, 'income': 945, 'balance': 793, 'cashflow': 605, 'errors': 0, 'incomplete_years': 6}
2026-08-15 12:41:56,145 INFO    findata.database.edgar_ | STLA processed: {'text_filings': 0, 'sections': 0, 'form4_rows': 0, 'income': 52, 'balance': 24, 'cashflow': 0, 'errors': 0, 'incomplete_years': 0}
2026-08-15 12:41:56,296 WARNING findata.database.edgar_ | CNS: incomplete quarterly coverage for 11 (item, year) pair(s): {('balance', 'goodwill'): [2018, 2019, 2020, 2021, 2022, 2023, 2024, 2025], ('cashflow', 'dividends_paid'): [2012, 2013], ('income', 'income_tax'): [2025]}
2026-08-15 12:41:56,297 INFO    findata.database.edgar_ | CNS processed: {'text_filings': 0, 'sections': 0, 'form4_rows': 0, 'income': 825, 'balance': 390, 'cashflow': 773, 'errors': 0, 'incomplete_years': 11}
2026-08-15 12:41:56,472 WARNING findata.database.edgar_ | MEDP: incomplete quarterly coverage for 6 (item, year) pair(s): {('balance', 'cash_and_equivalents'): [2016], ('balance', 'goodwill'): [2016], ('balance', 'short_term_debt'): [2021, 2022], ('balance', 'stockholders_equity'): [2016], ('cashflow', 'stock_buybacks'): [2018]}
2026-08-15 12:41:56,473 INFO    findata.database.edgar_ | MEDP processed: {'text_filings': 0, 'sections': 0, 'form4_rows': 0, 'income': 609, 'balance': 413, 'cashflow': 476, 'errors': 0, 'incomplete_years': 6}
2026-08-15 12:41:56,499 INFO    findata.database.edgar_ | SLF processed: {'text_filings': 0, 'sections': 0, 'form4_rows': 0, 'income': 20, 'balance': 30, 'cashflow': 0, 'errors': 0, 'incomplete_years': 0}
2026-08-15 12:41:56,646 WARNING findata.database.edgar_ | AHRT: incomplete quarterly coverage for 9 (item, year) pair(s): {('balance', 'cash_and_equivalents'): [2012, 2013], ('balance', 'long_term_debt'): [2014], ('income', 'gross_profit'): [2015, 2024], ('income', 'pretax_income'): [2025], ('income', 'shares_basic'): [2015], ('income', 'shares_diluted'): [2015, 2017]}
2026-08-15 12:41:56,647 INFO    findata.database.edgar_ | AHRT processed: {'text_filings': 0, 'sections': 0, 'form4_rows': 0, 'income': 847, 'balance': 379, 'cashflow': 522, 'errors': 0, 'incomplete_years': 9}
2026-08-15 12:41:58,913 WARNING findata.database.edgar_ | HTB: incomplete quarterly coverage for 28 (item, year) pair(s): {('balance', 'cash_and_equivalents'): [2011], ('cashflow', 'stock_buybacks'): [2024], ('income', 'eps_basic'): [2024, 2025, 2026], ('income', 'eps_diluted'): [2024, 2025, 2026], ('income', 'income_tax'): [2024, 2025, 2026], ('income', 'interest_expense'): [2024, 2025], ('income', 'net_income'): [2024, 2025, 2026], ('income', 'pretax_income'): [2024, 2025, 2026], ('income', 'revenue'): [2024, 2025, 2026], ('income', 'shares_basic'): [2024, 2025, 2026], ('income', 'shares_diluted'): [2024, 2025, 2026]}
2026-08-15 12:41:58,914 INFO    findata.database.edgar_ | HTB processed: {'text_filings': 0, 'sections': 0, 'form4_rows': 0, 'income': 627, 'balance': 409, 'cashflow': 707, 'errors': 0, 'incomplete_years': 28}
2026-08-15 12:41:59,132 WARNING findata.database.edgar_ | ITT: incomplete quarterly coverage for 26 (item, year) pair(s): {('balance', 'long_term_debt'): [2012, 2015], ('balance', 'shares_outstanding'): [2025], ('balance', 'short_term_debt'): [2012, 2015], ('balance', 'short_term_investments'): [2012, 2017, 2018, 2019, 2020, 2021, 2022, 2023, 2024, 2025], ('balance', 'stockholders_equity'): [2008, 2009], ('cashflow', 'dividends_paid'): [2013, 2014], ('income', 'interest_expense'): [2023], ('income', 'shares_basic'): [2011, 2020, 2021], ('income', 'shares_diluted'): [2011, 2020, 2021]}
2026-08-15 12:41:59,133 INFO    findata.database.edgar_ | ITT processed: {'text_filings': 0, 'sections': 0, 'form4_rows': 0, 'income': 1118, 'balance': 987, 'cashflow': 945, 'errors': 0, 'incomplete_years': 26}
2026-08-15 12:41:59,318 WARNING findata.database.edgar_ | ST: incomplete quarterly coverage for 15 (item, year) pair(s): {('balance', 'cash_and_equivalents'): [2010], ('balance', 'goodwill'): [2010, 2011], ('balance', 'shares_outstanding'): [2018, 2019, 2020, 2021, 2022, 2023, 2024, 2025], ('balance', 'short_term_debt'): [2024], ('balance', 'stockholders_equity'): [2010, 2011], ('income', 'interest_expense'): [2015]}
2026-08-15 12:41:59,319 INFO    findata.database.edgar_ | ST processed: {'text_filings': 0, 'sections': 0, 'form4_rows': 0, 'income': 1137, 'balance': 688, 'cashflow': 724, 'errors': 0, 'incomplete_years': 15}
2026-08-15 12:41:59,468 WARNING findata.database.edgar_ | TRV: incomplete quarterly coverage for 3 (item, year) pair(s): {('balance', 'cash_and_equivalents'): [2018], ('balance', 'shares_outstanding'): [2008], ('income', 'operating_income'): [2015]}
2026-08-15 12:41:59,469 INFO    findata.database.edgar_ | TRV processed: {'text_filings': 0, 'sections': 0, 'form4_rows': 0, 'income': 838, 'balance': 484, 'cashflow': 616, 'errors': 0, 'incomplete_years': 3}
2026-08-15 12:41:59,615 WARNING findata.database.edgar_ | VCYT: incomplete quarterly coverage for 8 (item, year) pair(s): {('balance', 'cash_and_equivalents'): [2012], ('balance', 'short_term_debt'): [2017, 2018, 2020, 2021], ('balance', 'stockholders_equity'): [2012, 2013], ('income', 'interest_expense'): [2021]}
2026-08-15 12:41:59,616 INFO    findata.database.edgar_ | VCYT processed: {'text_filings': 0, 'sections': 0, 'form4_rows': 0, 'income': 877, 'balance': 579, 'cashflow': 490, 'errors': 0, 'incomplete_years': 8}
2026-08-15 12:42:02,441 WARNING findata.database.edgar_ | DOC: incomplete quarterly coverage for 11 (item, year) pair(s): {('balance', 'cash_and_equivalents'): [2008], ('balance', 'goodwill'): [2018, 2019, 2020, 2021, 2022, 2023], ('balance', 'long_term_debt'): [2015], ('balance', 'stockholders_equity'): [2008, 2009], ('income', 'cost_of_revenue'): [2025]}
2026-08-15 12:42:02,442 INFO    findata.database.edgar_ | DOC processed: {'text_filings': 0, 'sections': 0, 'form4_rows': 0, 'income': 1043, 'balance': 537, 'cashflow': 810, 'errors': 0, 'incomplete_years': 11}
2026-08-15 12:42:02,579 WARNING findata.database.edgar_ | OLP: incomplete quarterly coverage for 11 (item, year) pair(s): {('balance', 'cash_and_equivalents'): [2010], ('balance', 'stockholders_equity'): [2010, 2011], ('cashflow', 'capex'): [2014, 2017, 2018, 2019, 2021, 2023, 2024], ('income', 'revenue'): [2022]}
2026-08-15 12:42:02,580 INFO    findata.database.edgar_ | OLP processed: {'text_filings': 0, 'sections': 0, 'form4_rows': 0, 'income': 708, 'balance': 376, 'cashflow': 682, 'errors': 0, 'incomplete_years': 11}
2026-08-15 12:42:02,714 WARNING findata.database.edgar_ | MAA: incomplete quarterly coverage for 61 (item, year) pair(s): {('balance', 'assets'): [2014, 2018, 2019], ('balance', 'cash_and_equivalents'): [2009, 2013, 2016, 2017, 2018], ('balance', 'goodwill'): [2013], ('balance', 'liabilities'): [2013, 2018, 2019], ('balance', 'stockholders_equity'): [2009, 2010, 2013, 2016, 2017, 2018, 2019], ('cashflow', 'capex'): [2011, 2013, 2018], ('cashflow', 'depreciation_amortization'): [2011, 2013, 2014, 2018], ('cashflow', 'dividends_paid'): [2011, 2013, 2018], ('cashflow', 'financing_cash_flow'): [2011, 2013, 2018], ('cashflow', 'investing_cash_flow'): [2011, 2013, 2018], ('cashflow', 'operating_cash_flow'): [2011, 2013, 2018], ('cashflow', 'stock_buybacks'): [2011, 2013, 2025], ('income', 'costs_and_expenses'): [2013], ('income', 'eps_basic'): [2013, 2018], ('income', 'eps_diluted'): [2013, 2018], ('income', 'interest_expense'): [2013, 2018], ('income', 'net_income'): [2013, 2014, 2018], ('income', 'operating_income'): [2013], ('income', 'pretax_income'): [2013, 2018], ('income', 'revenue'): [2013, 2014, 2018], ('income', 'shares_basic'): [2013, 2018], ('income', 'shares_diluted'): [2013, 2018]}
2026-08-15 12:42:02,715 INFO    findata.database.edgar_ | MAA processed: {'text_filings': 0, 'sections': 0, 'form4_rows': 0, 'income': 591, 'balance': 336, 'cashflow': 600, 'errors': 0, 'incomplete_years': 61}
2026-08-15 12:42:02,909 WARNING findata.database.edgar_ | ACN: incomplete quarterly coverage for 3 (item, year) pair(s): {('balance', 'long_term_debt'): [2011], ('balance', 'stockholders_equity'): [2009], ('cashflow', 'dividends_paid'): [2023]}
2026-08-15 12:42:02,911 INFO    findata.database.edgar_ | ACN processed: {'text_filings': 0, 'sections': 0, 'form4_rows': 0, 'income': 1175, 'balance': 756, 'cashflow': 874, 'errors': 0, 'incomplete_years': 3}
2026-08-15 12:42:03,105 WARNING findata.database.edgar_ | ENSG: incomplete quarterly coverage for 13 (item, year) pair(s): {('balance', 'cash_and_equivalents'): [2010], ('balance', 'goodwill'): [2011], ('balance', 'long_term_debt'): [2019, 2020, 2021, 2022], ('balance', 'stockholders_equity'): [2010, 2011], ('cashflow', 'stock_buybacks'): [2013], ('income', 'shares_basic'): [2012, 2013], ('income', 'shares_diluted'): [2012, 2013]}
2026-08-15 12:42:03,106 INFO    findata.database.edgar_ | ENSG processed: {'text_filings': 0, 'sections': 0, 'form4_rows': 0, 'income': 1017, 'balance': 740, 'cashflow': 769, 'errors': 0, 'incomplete_years': 13}
2026-08-15 12:42:06,658 WARNING findata.database.edgar_ | PARR: incomplete quarterly coverage for 22 (item, year) pair(s): {('balance', 'assets'): [2012], ('balance', 'assets_current'): [2012], ('balance', 'cash_and_equivalents'): [2010], ('balance', 'inventory'): [2012], ('balance', 'liabilities_current'): [2012], ('balance', 'stockholders_equity'): [2010, 2011], ('cashflow', 'depreciation_amortization'): [2012], ('cashflow', 'investing_cash_flow'): [2012], ('cashflow', 'operating_cash_flow'): [2012], ('cashflow', 'stock_buybacks'): [2016, 2017, 2020], ('income', 'costs_and_expenses'): [2012], ('income', 'eps_basic'): [2012], ('income', 'eps_diluted'): [2012], ('income', 'interest_expense'): [2012], ('income', 'net_income'): [2012], ('income', 'operating_expenses'): [2012], ('income', 'operating_income'): [2012], ('income', 'pretax_income'): [2012], ('income', 'revenue'): [2012]}
2026-08-15 12:42:06,659 INFO    findata.database.edgar_ | PARR processed: {'text_filings': 0, 'sections': 0, 'form4_rows': 0, 'income': 975, 'balance': 663, 'cashflow': 682, 'errors': 0, 'incomplete_years': 22}
2026-08-15 12:42:06,839 WARNING findata.database.edgar_ | WELL: incomplete quarterly coverage for 4 (item, year) pair(s): {('balance', 'cash_and_equivalents'): [2009], ('balance', 'stockholders_equity'): [2009], ('income', 'interest_expense'): [2024], ('income', 'pretax_income'): [2025]}
2026-08-15 12:42:06,840 INFO    findata.database.edgar_ | WELL processed: {'text_filings': 0, 'sections': 0, 'form4_rows': 0, 'income': 926, 'balance': 522, 'cashflow': 728, 'errors': 0, 'incomplete_years': 4}
2026-08-15 12:42:07,004 WARNING findata.database.edgar_ | CORT: incomplete quarterly coverage for 15 (item, year) pair(s): {('balance', 'cash_and_equivalents'): [2010], ('balance', 'stockholders_equity'): [2001, 2002, 2003, 2004, 2005, 2006, 2007, 2008, 2009, 2010, 2011], ('cashflow', 'financing_cash_flow'): [2013], ('cashflow', 'stock_buybacks'): [2021], ('income', 'interest_expense'): [2017]}
2026-08-15 12:42:07,005 INFO    findata.database.edgar_ | CORT processed: {'text_filings': 0, 'sections': 0, 'form4_rows': 0, 'income': 1018, 'balance': 591, 'cashflow': 602, 'errors': 0, 'incomplete_years': 15}
2026-08-15 12:42:07,049 INFO    findata.database.edgar_ | NVS processed: {'text_filings': 0, 'sections': 0, 'form4_rows': 0, 'income': 100, 'balance': 65, 'cashflow': 0, 'errors': 0, 'incomplete_years': 0}
2026-08-15 12:42:07,222 WARNING findata.database.edgar_ | STAA: incomplete quarterly coverage for 11 (item, year) pair(s): {('balance', 'cash_and_equivalents'): [2010], ('balance', 'stockholders_equity'): [2010, 2011], ('income', 'shares_basic'): [2012, 2013, 2014, 2017], ('income', 'shares_diluted'): [2012, 2013, 2014, 2017]}
2026-08-15 12:42:07,223 INFO    findata.database.edgar_ | STAA processed: {'text_filings': 0, 'sections': 0, 'form4_rows': 0, 'income': 1005, 'balance': 609, 'cashflow': 620, 'errors': 0, 'incomplete_years': 11}
2026-08-15 12:42:09,782 WARNING findata.database.edgar_ | APD: incomplete quarterly coverage for 9 (item, year) pair(s): {('balance', 'assets_noncurrent'): [2010, 2011], ('balance', 'cash_and_equivalents'): [2008], ('balance', 'liabilities_noncurrent'): [2010, 2011], ('balance', 'long_term_debt'): [2023], ('balance', 'stockholders_equity'): [2008, 2009], ('cashflow', 'stock_buybacks'): [2011]}
2026-08-15 12:42:09,783 INFO    findata.database.edgar_ | APD processed: {'text_filings': 0, 'sections': 0, 'form4_rows': 0, 'income': 1142, 'balance': 955, 'cashflow': 803, 'errors': 0, 'incomplete_years': 9}
2026-08-15 12:42:10,024 WARNING findata.database.edgar_ | SNA: incomplete quarterly coverage for 8 (item, year) pair(s): {('balance', 'cash_and_equivalents'): [2009], ('balance', 'short_term_debt'): [2019, 2020, 2025], ('balance', 'stockholders_equity'): [2009], ('income', 'cost_of_revenue'): [2018], ('income', 'gross_profit'): [2018], ('income', 'operating_expenses'): [2018]}
2026-08-15 12:42:10,025 INFO    findata.database.edgar_ | SNA processed: {'text_filings': 0, 'sections': 0, 'form4_rows': 0, 'income': 1015, 'balance': 699, 'cashflow': 850, 'errors': 0, 'incomplete_years': 8}
2026-08-15 12:42:10,086 INFO    findata.database.edgar_ | VNOM processed: {'text_filings': 0, 'sections': 0, 'form4_rows': 0, 'income': 108, 'balance': 48, 'cashflow': 62, 'errors': 0, 'incomplete_years': 0}
2026-08-15 12:42:10,285 WARNING findata.database.edgar_ | DLB: incomplete quarterly coverage for 5 (item, year) pair(s): {('balance', 'cash_and_equivalents'): [2009], ('balance', 'short_term_investments'): [2025], ('balance', 'stockholders_equity'): [2009, 2010], ('income', 'interest_expense'): [2023]}
2026-08-15 12:42:10,286 INFO    findata.database.edgar_ | DLB processed: {'text_filings': 0, 'sections': 0, 'form4_rows': 0, 'income': 1189, 'balance': 599, 'cashflow': 869, 'errors': 0, 'incomplete_years': 5}
2026-08-15 12:42:10,400 WARNING findata.database.edgar_ | CARS: incomplete quarterly coverage for 2 (item, year) pair(s): {('balance', 'goodwill'): [2021], ('income', 'cost_of_revenue'): [2019]}
2026-08-15 12:42:10,401 INFO    findata.database.edgar_ | CARS processed: {'text_filings': 0, 'sections': 0, 'form4_rows': 0, 'income': 541, 'balance': 464, 'cashflow': 449, 'errors': 0, 'incomplete_years': 2}
2026-08-15 12:42:12,932 WARNING findata.database.edgar_ | GOLF: incomplete quarterly coverage for 12 (item, year) pair(s): {('balance', 'cash_and_equivalents'): [2016, 2017], ('balance', 'goodwill'): [2016], ('balance', 'shares_outstanding'): [2019, 2020, 2021, 2022, 2023, 2024, 2025], ('balance', 'stockholders_equity'): [2015, 2016]}
2026-08-15 12:42:12,934 INFO    findata.database.edgar_ | GOLF processed: {'text_filings': 0, 'sections': 0, 'form4_rows': 0, 'income': 692, 'balance': 466, 'cashflow': 510, 'errors': 0, 'incomplete_years': 12}
2026-08-15 12:42:13,105 WARNING findata.database.edgar_ | FFIV: incomplete quarterly coverage for 4 (item, year) pair(s): {('balance', 'cash_and_equivalents'): [2009], ('balance', 'stockholders_equity'): [2009, 2010], ('cashflow', 'stock_buybacks'): [2025]}
2026-08-15 12:42:13,106 INFO    findata.database.edgar_ | FFIV processed: {'text_filings': 0, 'sections': 0, 'form4_rows': 0, 'income': 1118, 'balance': 763, 'cashflow': 722, 'errors': 0, 'incomplete_years': 4}
2026-08-15 12:42:13,251 WARNING findata.database.edgar_ | GSBC: incomplete quarterly coverage for 9 (item, year) pair(s): {('balance', 'cash_and_equivalents'): [2010], ('balance', 'short_term_debt'): [2020, 2021, 2022], ('income', 'interest_expense'): [2024], ('income', 'pretax_income'): [2012], ('income', 'shares_basic'): [2020, 2021], ('income', 'shares_diluted'): [2021]}
2026-08-15 12:42:13,252 INFO    findata.database.edgar_ | GSBC processed: {'text_filings': 0, 'sections': 0, 'form4_rows': 0, 'income': 705, 'balance': 469, 'cashflow': 635, 'errors': 0, 'incomplete_years': 9}
2026-08-15 12:42:13,438 WARNING findata.database.edgar_ | UNFI: incomplete quarterly coverage for 4 (item, year) pair(s): {('balance', 'stockholders_equity'): [2010], ('cashflow', 'stock_buybacks'): [2022, 2025], ('income', 'operating_expenses'): [2018]}
2026-08-15 12:42:13,439 INFO    findata.database.edgar_ | UNFI processed: {'text_filings': 0, 'sections': 0, 'form4_rows': 0, 'income': 1130, 'balance': 778, 'cashflow': 700, 'errors': 0, 'incomplete_years': 4}
2026-08-15 12:42:13,614 WARNING findata.database.edgar_ | MHK: incomplete quarterly coverage for 15 (item, year) pair(s): {('balance', 'cash_and_equivalents'): [2009], ('balance', 'shares_outstanding'): [2012, 2013, 2014, 2015, 2016, 2017, 2018, 2019, 2024, 2025], ('balance', 'short_term_investments'): [2024, 2025], ('balance', 'stockholders_equity'): [2009, 2010]}
2026-08-15 12:42:13,615 INFO    findata.database.edgar_ | MHK processed: {'text_filings': 0, 'sections': 0, 'form4_rows': 0, 'income': 1044, 'balance': 768, 'cashflow': 669, 'errors': 0, 'incomplete_years': 15}
2026-08-15 12:42:16,321 WARNING findata.database.edgar_ | ACM: incomplete quarterly coverage for 5 (item, year) pair(s): {('balance', 'cash_and_equivalents'): [2009], ('balance', 'stockholders_equity'): [2009, 2010], ('income', 'interest_expense'): [2016, 2022]}
2026-08-15 12:42:16,322 INFO    findata.database.edgar_ | ACM processed: {'text_filings': 0, 'sections': 0, 'form4_rows': 0, 'income': 990, 'balance': 732, 'cashflow': 757, 'errors': 0, 'incomplete_years': 5}
2026-08-15 12:42:16,479 WARNING findata.database.edgar_ | IPI: incomplete quarterly coverage for 7 (item, year) pair(s): {('balance', 'long_term_debt'): [2020, 2021], ('balance', 'short_term_debt'): [2017, 2019], ('balance', 'stockholders_equity'): [2009], ('income', 'shares_basic'): [2020], ('income', 'shares_diluted'): [2020]}
2026-08-15 12:42:16,480 INFO    findata.database.edgar_ | IPI processed: {'text_filings': 0, 'sections': 0, 'form4_rows': 0, 'income': 873, 'balance': 679, 'cashflow': 647, 'errors': 0, 'incomplete_years': 7}
2026-08-15 12:42:16,693 WARNING findata.database.edgar_ | NPKI: incomplete quarterly coverage for 9 (item, year) pair(s): {('balance', 'assets'): [2011], ('balance', 'cash_and_equivalents'): [2010], ('balance', 'goodwill'): [2011], ('balance', 'shares_outstanding'): [2011], ('balance', 'stockholders_equity'): [2010, 2011], ('cashflow', 'stock_buybacks'): [2013, 2015], ('income', 'interest_expense'): [2013]}
2026-08-15 12:42:16,694 INFO    findata.database.edgar_ | NPKI processed: {'text_filings': 0, 'sections': 0, 'form4_rows': 0, 'income': 834, 'balance': 708, 'cashflow': 682, 'errors': 0, 'incomplete_years': 9}
2026-08-15 12:42:16,866 WARNING findata.database.edgar_ | CALX: incomplete quarterly coverage for 7 (item, year) pair(s): {('balance', 'cash_and_equivalents'): [2010], ('balance', 'short_term_investments'): [2013, 2014, 2025], ('balance', 'stockholders_equity'): [2010, 2011], ('income', 'interest_expense'): [2017]}
2026-08-15 12:42:16,867 INFO    findata.database.edgar_ | CALX processed: {'text_filings': 0, 'sections': 0, 'form4_rows': 0, 'income': 1078, 'balance': 649, 'cashflow': 630, 'errors': 0, 'incomplete_years': 7}
2026-08-15 12:42:17,045 WARNING findata.database.edgar_ | CHRW: incomplete quarterly coverage for 4 (item, year) pair(s): {('balance', 'cash_and_equivalents'): [2008], ('balance', 'stockholders_equity'): [2008, 2009], ('income', 'cost_of_revenue'): [2018]}
2026-08-15 12:42:17,046 INFO    findata.database.edgar_ | CHRW processed: {'text_filings': 0, 'sections': 0, 'form4_rows': 0, 'income': 1051, 'balance': 744, 'cashflow': 917, 'errors': 0, 'incomplete_years': 4}
2026-08-15 12:42:19,694 WARNING findata.database.edgar_ | AMAT: incomplete quarterly coverage for 11 (item, year) pair(s): {('balance', 'cash_and_equivalents'): [2008], ('balance', 'short_term_debt'): [2012, 2013, 2014, 2015, 2018, 2019, 2022], ('balance', 'stockholders_equity'): [2008, 2009], ('cashflow', 'stock_buybacks'): [2010]}
2026-08-15 12:42:19,695 INFO    findata.database.edgar_ | AMAT processed: {'text_filings': 0, 'sections': 0, 'form4_rows': 0, 'income': 1256, 'balance': 832, 'cashflow': 882, 'errors': 0, 'incomplete_years': 11}
2026-08-15 12:42:19,875 WARNING findata.database.edgar_ | WERN: incomplete quarterly coverage for 5 (item, year) pair(s): {('balance', 'cash_and_equivalents'): [2009], ('balance', 'stockholders_equity'): [2009, 2010], ('cashflow', 'stock_buybacks'): [2016, 2017]}
2026-08-15 12:42:19,876 INFO    findata.database.edgar_ | WERN processed: {'text_filings': 0, 'sections': 0, 'form4_rows': 0, 'income': 1032, 'balance': 617, 'cashflow': 827, 'errors': 0, 'incomplete_years': 5}
2026-08-15 12:42:19,907 INFO    findata.database.edgar_ | KGC processed: {'text_filings': 0, 'sections': 0, 'form4_rows': 0, 'income': 40, 'balance': 35, 'cashflow': 0, 'errors': 0, 'incomplete_years': 0}
2026-08-15 12:42:20,086 WARNING findata.database.edgar_ | WAT: incomplete quarterly coverage for 8 (item, year) pair(s): {('balance', 'cash_and_equivalents'): [2008], ('balance', 'short_term_investments'): [2019], ('balance', 'stockholders_equity'): [2008, 2009], ('income', 'eps_basic'): [2010], ('income', 'eps_diluted'): [2010], ('income', 'gross_profit'): [2016], ('income', 'net_income'): [2010]}
2026-08-15 12:42:20,088 INFO    findata.database.edgar_ | WAT processed: {'text_filings': 0, 'sections': 0, 'form4_rows': 0, 'income': 1198, 'balance': 965, 'cashflow': 650, 'errors': 0, 'incomplete_years': 8}
2026-08-15 12:42:20,276 WARNING findata.database.edgar_ | PNR: incomplete quarterly coverage for 10 (item, year) pair(s): {('balance', 'assets_noncurrent'): [2011, 2015, 2016], ('balance', 'cash_and_equivalents'): [2009], ('balance', 'short_term_debt'): [2018], ('balance', 'stockholders_equity'): [2009], ('cashflow', 'stock_buybacks'): [2012, 2023], ('income', 'shares_basic'): [2013], ('income', 'shares_diluted'): [2013]}
2026-08-15 12:42:20,277 INFO    findata.database.edgar_ | PNR processed: {'text_filings': 0, 'sections': 0, 'form4_rows': 0, 'income': 1026, 'balance': 746, 'cashflow': 820, 'errors': 0, 'incomplete_years': 10}
2026-08-15 12:42:22,615 WARNING findata.database.edgar_ | PCAR: incomplete quarterly coverage for 8 (item, year) pair(s): {('balance', 'cash_and_equivalents'): [2008, 2019], ('balance', 'stockholders_equity'): [2009], ('cashflow', 'stock_buybacks'): [2011, 2014, 2017], ('income', 'shares_basic'): [2018], ('income', 'shares_diluted'): [2018]}
2026-08-15 12:42:22,616 INFO    findata.database.edgar_ | PCAR processed: {'text_filings': 0, 'sections': 0, 'form4_rows': 0, 'income': 756, 'balance': 275, 'cashflow': 905, 'errors': 0, 'incomplete_years': 8}
2026-08-15 12:42:22,705 INFO    findata.database.edgar_ | KNOP processed: {'text_filings': 0, 'sections': 0, 'form4_rows': 0, 'income': 209, 'balance': 280, 'cashflow': 212, 'errors': 0, 'incomplete_years': 0}
2026-08-15 12:42:22,859 WARNING findata.database.edgar_ | SBSI: incomplete quarterly coverage for 3 (item, year) pair(s): {('balance', 'long_term_debt'): [2018], ('balance', 'short_term_debt'): [2017], ('cashflow', 'stock_buybacks'): [2025]}
2026-08-15 12:42:22,860 INFO    findata.database.edgar_ | SBSI processed: {'text_filings': 0, 'sections': 0, 'form4_rows': 0, 'income': 731, 'balance': 470, 'cashflow': 777, 'errors': 0, 'incomplete_years': 3}
2026-08-15 12:42:22,892 INFO    findata.database.edgar_ | UGP processed: {'text_filings': 0, 'sections': 0, 'form4_rows': 0, 'income': 36, 'balance': 20, 'cashflow': 0, 'errors': 0, 'incomplete_years': 0}
2026-08-15 12:42:22,900 INFO    findata.database.edgar_ | ECC processed: {'text_filings': 0, 'sections': 0, 'form4_rows': 0, 'income': 0, 'balance': 0, 'cashflow': 0, 'errors': 0, 'incomplete_years': 0}
2026-08-15 12:42:26,187 INFO    findata.database.edgar_ | IRS processed: {'text_filings': 0, 'sections': 0, 'form4_rows': 0, 'income': 40, 'balance': 29, 'cashflow': 0, 'errors': 0, 'incomplete_years': 0}
2026-08-15 12:42:26,351 WARNING findata.database.edgar_ | SLM: incomplete quarterly coverage for 19 (item, year) pair(s): {('balance', 'cash_and_equivalents'): [2008], ('balance', 'goodwill'): [2011, 2012, 2013], ('balance', 'long_term_debt'): [2014, 2015], ('balance', 'shares_outstanding'): [2020, 2021, 2022, 2023, 2024, 2025], ('balance', 'short_term_debt'): [2014, 2015], ('cashflow', 'financing_cash_flow'): [2010], ('cashflow', 'investing_cash_flow'): [2010], ('cashflow', 'operating_cash_flow'): [2010], ('cashflow', 'stock_buybacks'): [2014], ('income', 'interest_expense'): [2024]}
2026-08-15 12:42:26,352 INFO    findata.database.edgar_ | SLM processed: {'text_filings': 0, 'sections': 0, 'form4_rows': 0, 'income': 882, 'balance': 526, 'cashflow': 675, 'errors': 0, 'incomplete_years': 19}
2026-08-15 12:42:26,543 WARNING findata.database.edgar_ | SO: incomplete quarterly coverage for 37 (item, year) pair(s): {('balance', 'assets_current'): [2014, 2015], ('balance', 'cash_and_equivalents'): [2008, 2014], ('balance', 'liabilities'): [2014, 2015], ('balance', 'liabilities_current'): [2014, 2015], ('balance', 'long_term_debt'): [2014, 2015], ('balance', 'short_term_debt'): [2014, 2015], ('balance', 'stockholders_equity'): [2008, 2009], ('cashflow', 'capex'): [2013, 2014], ('cashflow', 'depreciation_amortization'): [2013, 2014], ('cashflow', 'dividends_paid'): [2013, 2014], ('cashflow', 'financing_cash_flow'): [2013, 2014], ('cashflow', 'investing_cash_flow'): [2013, 2014], ('cashflow', 'operating_cash_flow'): [2013, 2014], ('cashflow', 'stock_buybacks'): [2013, 2014], ('income', 'costs_and_expenses'): [2014], ('income', 'income_tax'): [2014], ('income', 'interest_expense'): [2014, 2017], ('income', 'operating_expenses'): [2014], ('income', 'shares_basic'): [2012, 2014], ('income', 'shares_diluted'): [2012, 2014]}
2026-08-15 12:42:26,544 INFO    findata.database.edgar_ | SO processed: {'text_filings': 0, 'sections': 0, 'form4_rows': 0, 'income': 1041, 'balance': 647, 'cashflow': 766, 'errors': 0, 'incomplete_years': 37}
2026-08-15 12:42:26,753 WARNING findata.database.edgar_ | HUBS: incomplete quarterly coverage for 3 (item, year) pair(s): {('balance', 'cash_and_equivalents'): [2013], ('balance', 'stockholders_equity'): [2013, 2014]}
2026-08-15 12:42:26,754 INFO    findata.database.edgar_ | HUBS processed: {'text_filings': 0, 'sections': 0, 'form4_rows': 0, 'income': 919, 'balance': 415, 'cashflow': 487, 'errors': 0, 'incomplete_years': 3}
2026-08-15 12:42:26,943 WARNING findata.database.edgar_ | TTC: incomplete quarterly coverage for 3 (item, year) pair(s): {('balance', 'cash_and_equivalents'): [2009], ('balance', 'short_term_debt'): [2013], ('balance', 'stockholders_equity'): [2009]}
2026-08-15 12:42:26,944 INFO    findata.database.edgar_ | TTC processed: {'text_filings': 0, 'sections': 0, 'form4_rows': 0, 'income': 1025, 'balance': 746, 'cashflow': 827, 'errors': 0, 'incomplete_years': 3}
2026-08-15 12:42:30,121 WARNING findata.database.edgar_ | DIOD: incomplete quarterly coverage for 21 (item, year) pair(s): {('balance', 'cash_and_equivalents'): [2009], ('balance', 'long_term_debt'): [2012, 2013, 2014, 2015, 2016, 2017, 2018, 2019, 2020], ('balance', 'short_term_debt'): [2011, 2012, 2013, 2014, 2015], ('balance', 'short_term_investments'): [2012, 2013, 2014], ('balance', 'stockholders_equity'): [2009, 2010], ('cashflow', 'depreciation_amortization'): [2018]}
2026-08-15 12:42:30,122 INFO    findata.database.edgar_ | DIOD processed: {'text_filings': 0, 'sections': 0, 'form4_rows': 0, 'income': 1186, 'balance': 808, 'cashflow': 575, 'errors': 0, 'incomplete_years': 21}
2026-08-15 12:42:30,309 WARNING findata.database.edgar_ | KLIC: incomplete quarterly coverage for 10 (item, year) pair(s): {('balance', 'cash_and_equivalents'): [2010], ('balance', 'short_term_debt'): [2014, 2015], ('balance', 'short_term_investments'): [2012, 2013, 2016, 2017, 2018], ('balance', 'stockholders_equity'): [2010, 2011]}
2026-08-15 12:42:30,310 INFO    findata.database.edgar_ | KLIC processed: {'text_filings': 0, 'sections': 0, 'form4_rows': 0, 'income': 1134, 'balance': 690, 'cashflow': 708, 'errors': 0, 'incomplete_years': 10}
2026-08-15 12:42:30,445 WARNING findata.database.edgar_ | AVGO: incomplete quarterly coverage for 4 (item, year) pair(s): {('balance', 'cash_and_equivalents'): [2017], ('balance', 'goodwill'): [2018], ('balance', 'shares_outstanding'): [2018], ('balance', 'stockholders_equity'): [2017]}
2026-08-15 12:42:30,446 INFO    findata.database.edgar_ | AVGO processed: {'text_filings': 0, 'sections': 0, 'form4_rows': 0, 'income': 654, 'balance': 418, 'cashflow': 484, 'errors': 0, 'incomplete_years': 4}
2026-08-15 12:42:30,644 WARNING findata.database.edgar_ | BA: incomplete quarterly coverage for 7 (item, year) pair(s): {('balance', 'cash_and_equivalents'): [2008], ('balance', 'goodwill'): [2009], ('balance', 'liabilities'): [2011, 2012, 2019], ('balance', 'stockholders_equity'): [2008], ('cashflow', 'stock_buybacks'): [2013]}
2026-08-15 12:42:30,645 INFO    findata.database.edgar_ | BA processed: {'text_filings': 0, 'sections': 0, 'form4_rows': 0, 'income': 1177, 'balance': 766, 'cashflow': 815, 'errors': 0, 'incomplete_years': 7}
2026-08-15 12:42:30,790 WARNING findata.database.edgar_ | HFWA: incomplete quarterly coverage for 4 (item, year) pair(s): {('balance', 'cash_and_equivalents'): [2010], ('balance', 'stockholders_equity'): [2010, 2011], ('income', 'interest_expense'): [2024]}
2026-08-15 12:42:30,791 INFO    findata.database.edgar_ | HFWA processed: {'text_filings': 0, 'sections': 0, 'form4_rows': 0, 'income': 703, 'balance': 437, 'cashflow': 786, 'errors': 0, 'incomplete_years': 4}
2026-08-15 12:42:33,302 WARNING findata.database.edgar_ | MLM: incomplete quarterly coverage for 10 (item, year) pair(s): {('balance', 'cash_and_equivalents'): [2009], ('balance', 'short_term_debt'): [2020, 2021], ('balance', 'stockholders_equity'): [2009], ('cashflow', 'stock_buybacks'): [2018, 2019, 2021], ('income', 'rnd_expense'): [2011], ('income', 'shares_basic'): [2014], ('income', 'shares_diluted'): [2014]}
2026-08-15 12:42:33,303 INFO    findata.database.edgar_ | MLM processed: {'text_filings': 0, 'sections': 0, 'form4_rows': 0, 'income': 1040, 'balance': 790, 'cashflow': 797, 'errors': 0, 'incomplete_years': 10}
2026-08-15 12:42:33,470 WARNING findata.database.edgar_ | LAZ: incomplete quarterly coverage for 6 (item, year) pair(s): {('balance', 'cash_and_equivalents'): [2009], ('balance', 'goodwill'): [2010], ('balance', 'stockholders_equity'): [2009], ('cashflow', 'dividends_paid'): [2013], ('income', 'shares_basic'): [2012], ('income', 'shares_diluted'): [2012]}
2026-08-15 12:42:33,471 INFO    findata.database.edgar_ | LAZ processed: {'text_filings': 0, 'sections': 0, 'form4_rows': 0, 'income': 926, 'balance': 417, 'cashflow': 812, 'errors': 0, 'incomplete_years': 6}
2026-08-15 12:42:33,626 WARNING findata.database.edgar_ | LKFN: incomplete quarterly coverage for 4 (item, year) pair(s): {('balance', 'cash_and_equivalents'): [2010], ('balance', 'long_term_debt'): [2024], ('balance', 'short_term_debt'): [2017], ('balance', 'stockholders_equity'): [2010]}
2026-08-15 12:42:33,627 INFO    findata.database.edgar_ | LKFN processed: {'text_filings': 0, 'sections': 0, 'form4_rows': 0, 'income': 717, 'balance': 478, 'cashflow': 804, 'errors': 0, 'incomplete_years': 4}
2026-08-15 12:42:33,803 WARNING findata.database.edgar_ | DHC: incomplete quarterly coverage for 4 (item, year) pair(s): {('balance', 'cash_and_equivalents'): [2009], ('balance', 'stockholders_equity'): [2009, 2010], ('income', 'operating_income'): [2018]}
2026-08-15 12:42:33,804 INFO    findata.database.edgar_ | DHC processed: {'text_filings': 0, 'sections': 0, 'form4_rows': 0, 'income': 959, 'balance': 410, 'cashflow': 854, 'errors': 0, 'incomplete_years': 4}
2026-08-15 12:42:33,950 WARNING findata.database.edgar_ | RIGL: incomplete quarterly coverage for 9 (item, year) pair(s): {('balance', 'cash_and_equivalents'): [2010], ('balance', 'stockholders_equity'): [2010, 2011], ('cashflow', 'financing_cash_flow'): [2013], ('income', 'income_tax'): [2022], ('income', 'interest_expense'): [2012, 2019], ('income', 'shares_basic'): [2024], ('income', 'shares_diluted'): [2024]}
2026-08-15 12:42:33,951 INFO    findata.database.edgar_ | RIGL processed: {'text_filings': 0, 'sections': 0, 'form4_rows': 0, 'income': 857, 'balance': 523, 'cashflow': 550, 'errors': 0, 'incomplete_years': 9}
2026-08-15 12:42:35,782 WARNING findata.database.edgar_ | CHDN: incomplete quarterly coverage for 15 (item, year) pair(s): {('balance', 'cash_and_equivalents'): [2010], ('balance', 'long_term_debt'): [2013, 2020, 2021, 2022, 2023], ('balance', 'shares_outstanding'): [2013, 2014, 2015], ('balance', 'short_term_debt'): [2014], ('balance', 'stockholders_equity'): [2010, 2011], ('income', 'eps_basic'): [2022], ('income', 'eps_diluted'): [2022], ('income', 'rnd_expense'): [2017]}
2026-08-15 12:42:35,783 INFO    findata.database.edgar_ | CHDN processed: {'text_filings': 0, 'sections': 0, 'form4_rows': 0, 'income': 849, 'balance': 626, 'cashflow': 824, 'errors': 0, 'incomplete_years': 15}
2026-08-15 12:42:35,921 WARNING findata.database.edgar_ | KE: incomplete quarterly coverage for 11 (item, year) pair(s): {('balance', 'liabilities'): [2018], ('balance', 'liabilities_noncurrent'): [2017, 2018], ('balance', 'shares_outstanding'): [2017, 2018, 2019, 2020, 2021], ('balance', 'stockholders_equity'): [2014], ('cashflow', 'stock_buybacks'): [2022, 2023]}
2026-08-15 12:42:35,922 INFO    findata.database.edgar_ | KE processed: {'text_filings': 0, 'sections': 0, 'form4_rows': 0, 'income': 768, 'balance': 471, 'cashflow': 525, 'errors': 0, 'incomplete_years': 11}
2026-08-15 12:42:36,054 INFO    findata.database.edgar_ | AQN processed: {'text_filings': 0, 'sections': 0, 'form4_rows': 0, 'income': 310, 'balance': 262, 'cashflow': 258, 'errors': 0, 'incomplete_years': 0}
2026-08-15 12:42:36,087 INFO    findata.database.edgar_ | MTLS processed: {'text_filings': 0, 'sections': 0, 'form4_rows': 0, 'income': 50, 'balance': 29, 'cashflow': 0, 'errors': 0, 'incomplete_years': 0}
2026-08-15 12:42:36,144 WARNING findata.database.edgar_ | GBDC: incomplete quarterly coverage for 7 (item, year) pair(s): {('balance', 'cash_and_equivalents'): [2021], ('balance', 'shares_outstanding'): [2020, 2021], ('balance', 'stockholders_equity'): [2020, 2021], ('cashflow', 'stock_buybacks'): [2024], ('income', 'interest_expense'): [2024]}
2026-08-15 12:42:36,145 INFO    findata.database.edgar_ | GBDC processed: {'text_filings': 0, 'sections': 0, 'form4_rows': 0, 'income': 140, 'balance': 136, 'cashflow': 138, 'errors': 0, 'incomplete_years': 7}
2026-08-15 12:42:38,089 WARNING findata.database.edgar_ | GKOS: incomplete quarterly coverage for 6 (item, year) pair(s): {('balance', 'cash_and_equivalents'): [2014], ('balance', 'stockholders_equity'): [2014, 2015], ('income', 'rnd_expense'): [2019, 2021, 2022]}
2026-08-15 12:42:38,090 INFO    findata.database.edgar_ | GKOS processed: {'text_filings': 0, 'sections': 0, 'form4_rows': 0, 'income': 804, 'balance': 461, 'cashflow': 429, 'errors': 0, 'incomplete_years': 6}
2026-08-15 12:42:38,257 WARNING findata.database.edgar_ | RDN: incomplete quarterly coverage for 15 (item, year) pair(s): {('balance', 'goodwill'): [2015, 2020, 2021, 2022, 2023, 2024], ('balance', 'long_term_debt'): [2025], ('balance', 'short_term_investments'): [2013], ('cashflow', 'capex'): [2018, 2019, 2020], ('cashflow', 'depreciation_amortization'): [2023], ('income', 'cost_of_revenue'): [2025], ('income', 'operating_income'): [2014, 2015]}
2026-08-15 12:42:38,258 INFO    findata.database.edgar_ | RDN processed: {'text_filings': 0, 'sections': 0, 'form4_rows': 0, 'income': 944, 'balance': 437, 'cashflow': 665, 'errors': 0, 'incomplete_years': 15}
2026-08-15 12:42:38,291 INFO    findata.database.edgar_ | RACE processed: {'text_filings': 0, 'sections': 0, 'form4_rows': 0, 'income': 44, 'balance': 24, 'cashflow': 0, 'errors': 0, 'incomplete_years': 0}
2026-08-15 12:42:38,480 WARNING findata.database.edgar_ | HLIT: incomplete quarterly coverage for 12 (item, year) pair(s): {('balance', 'cash_and_equivalents'): [2009], ('balance', 'long_term_debt'): [2020, 2021, 2022, 2023, 2024], ('balance', 'short_term_debt'): [2024, 2025], ('balance', 'short_term_investments'): [2022, 2023], ('balance', 'stockholders_equity'): [2009, 2010]}
2026-08-15 12:42:38,482 INFO    findata.database.edgar_ | HLIT processed: {'text_filings': 0, 'sections': 0, 'form4_rows': 0, 'income': 1161, 'balance': 720, 'cashflow': 674, 'errors': 0, 'incomplete_years': 12}
2026-08-15 12:42:38,653 WARNING findata.database.edgar_ | BBSI: incomplete quarterly coverage for 12 (item, year) pair(s): {('balance', 'cash_and_equivalents'): [2010], ('balance', 'long_term_debt'): [2016, 2017, 2021], ('balance', 'shares_outstanding'): [2015], ('balance', 'short_term_debt'): [2015], ('balance', 'short_term_investments'): [2015, 2023, 2024], ('balance', 'stockholders_equity'): [2010], ('cashflow', 'stock_buybacks'): [2014], ('income', 'interest_expense'): [2023]}
2026-08-15 12:42:38,654 INFO    findata.database.edgar_ | BBSI processed: {'text_filings': 0, 'sections': 0, 'form4_rows': 0, 'income': 962, 'balance': 623, 'cashflow': 801, 'errors': 0, 'incomplete_years': 12}
2026-08-15 12:42:40,926 WARNING findata.database.edgar_ | AORT: incomplete quarterly coverage for 17 (item, year) pair(s): {('balance', 'cash_and_equivalents'): [2010], ('balance', 'shares_outstanding'): [2013, 2014, 2015, 2016, 2017, 2018, 2019, 2020, 2021, 2023, 2024, 2025], ('balance', 'stockholders_equity'): [2010, 2011], ('cashflow', 'stock_buybacks'): [2014], ('income', 'interest_expense'): [2015]}
2026-08-15 12:42:40,927 INFO    findata.database.edgar_ | AORT processed: {'text_filings': 0, 'sections': 0, 'form4_rows': 0, 'income': 1138, 'balance': 653, 'cashflow': 626, 'errors': 0, 'incomplete_years': 17}
2026-08-15 12:42:41,051 WARNING findata.database.edgar_ | USAC: incomplete quarterly coverage for 3 (item, year) pair(s): {('balance', 'goodwill'): [2025], ('balance', 'long_term_debt'): [2016], ('income', 'income_tax'): [2014]}
2026-08-15 12:42:41,052 INFO    findata.database.edgar_ | USAC processed: {'text_filings': 0, 'sections': 0, 'form4_rows': 0, 'income': 604, 'balance': 451, 'cashflow': 539, 'errors': 0, 'incomplete_years': 3}
2026-08-15 12:42:41,225 WARNING findata.database.edgar_ | HALO: incomplete quarterly coverage for 7 (item, year) pair(s): {('balance', 'cash_and_equivalents'): [2010], ('balance', 'short_term_debt'): [2024, 2025], ('balance', 'stockholders_equity'): [2010, 2011], ('cashflow', 'stock_buybacks'): [2025], ('income', 'rnd_expense'): [2025]}
2026-08-15 12:42:41,226 INFO    findata.database.edgar_ | HALO processed: {'text_filings': 0, 'sections': 0, 'form4_rows': 0, 'income': 1106, 'balance': 642, 'cashflow': 651, 'errors': 0, 'incomplete_years': 7}
2026-08-15 12:42:41,403 WARNING findata.database.edgar_ | PLXS: incomplete quarterly coverage for 3 (item, year) pair(s): {('balance', 'cash_and_equivalents'): [2009], ('balance', 'stockholders_equity'): [2009, 2010]}
2026-08-15 12:42:41,404 INFO    findata.database.edgar_ | PLXS processed: {'text_filings': 0, 'sections': 0, 'form4_rows': 0, 'income': 1038, 'balance': 777, 'cashflow': 729, 'errors': 0, 'incomplete_years': 3}
2026-08-15 12:42:41,594 WARNING findata.database.edgar_ | NEU: incomplete quarterly coverage for 10 (item, year) pair(s): {('balance', 'cash_and_equivalents'): [2009], ('balance', 'liabilities'): [2012], ('balance', 'short_term_debt'): [2013, 2020, 2021], ('balance', 'short_term_investments'): [2012, 2020, 2021], ('balance', 'stockholders_equity'): [2009, 2010]}
2026-08-15 12:42:41,595 INFO    findata.database.edgar_ | NEU processed: {'text_filings': 0, 'sections': 0, 'form4_rows': 0, 'income': 1114, 'balance': 657, 'cashflow': 864, 'errors': 0, 'incomplete_years': 10}
2026-08-15 12:42:44,687 INFO    findata.database.edgar_ | HBM processed: {'text_filings': 0, 'sections': 0, 'form4_rows': 0, 'income': 37, 'balance': 32, 'cashflow': 0, 'errors': 0, 'incomplete_years': 0}
2026-08-15 12:42:44,864 WARNING findata.database.edgar_ | JPM: incomplete quarterly coverage for 3 (item, year) pair(s): {('balance', 'long_term_debt'): [2014], ('cashflow', 'stock_buybacks'): [2011], ('income', 'interest_expense'): [2024]}
2026-08-15 12:42:44,865 INFO    findata.database.edgar_ | JPM processed: {'text_filings': 0, 'sections': 0, 'form4_rows': 0, 'income': 808, 'balance': 469, 'cashflow': 721, 'errors': 0, 'incomplete_years': 3}
2026-08-15 12:42:45,028 WARNING findata.database.edgar_ | FFBC: incomplete quarterly coverage for 5 (item, year) pair(s): {('balance', 'short_term_debt'): [2012, 2021], ('cashflow', 'stock_buybacks'): [2016, 2018], ('income', 'interest_expense'): [2024]}
2026-08-15 12:42:45,029 INFO    findata.database.edgar_ | FFBC processed: {'text_filings': 0, 'sections': 0, 'form4_rows': 0, 'income': 737, 'balance': 464, 'cashflow': 762, 'errors': 0, 'incomplete_years': 5}
2026-08-15 12:42:45,177 WARNING findata.database.edgar_ | BUSE: incomplete quarterly coverage for 15 (item, year) pair(s): {('balance', 'cash_and_equivalents'): [2010], ('balance', 'long_term_debt'): [2013, 2014, 2019, 2024, 2025], ('balance', 'short_term_debt'): [2018, 2019, 2020], ('balance', 'stockholders_equity'): [2010, 2011], ('cashflow', 'stock_buybacks'): [2019], ('income', 'interest_expense'): [2024], ('income', 'shares_basic'): [2015], ('income', 'shares_diluted'): [2015]}
2026-08-15 12:42:45,178 INFO    findata.database.edgar_ | BUSE processed: {'text_filings': 0, 'sections': 0, 'form4_rows': 0, 'income': 707, 'balance': 507, 'cashflow': 737, 'errors': 0, 'incomplete_years': 15}
2026-08-15 12:42:45,359 WARNING findata.database.edgar_ | INVX: incomplete quarterly coverage for 17 (item, year) pair(s): {('balance', 'cash_and_equivalents'): [2009], ('balance', 'goodwill'): [2022, 2023], ('balance', 'long_term_debt'): [2011, 2023, 2024], ('balance', 'short_term_debt'): [2012, 2023, 2024], ('balance', 'short_term_investments'): [2024], ('balance', 'stockholders_equity'): [2009, 2010], ('cashflow', 'capex'): [2024], ('cashflow', 'stock_buybacks'): [2017], ('income', 'costs_and_expenses'): [2024], ('income', 'interest_expense'): [2019], ('income', 'operating_expenses'): [2024]}
2026-08-15 12:42:45,360 INFO    findata.database.edgar_ | INVX processed: {'text_filings': 0, 'sections': 0, 'form4_rows': 0, 'income': 1144, 'balance': 686, 'cashflow': 692, 'errors': 0, 'incomplete_years': 17}
2026-08-15 12:42:48,635 WARNING findata.database.edgar_ | BLK: incomplete quarterly coverage for 5 (item, year) pair(s): {('balance', 'cash_and_equivalents'): [2023], ('balance', 'goodwill'): [2024], ('balance', 'stockholders_equity'): [2023], ('cashflow', 'dividends_paid'): [2025], ('cashflow', 'stock_buybacks'): [2025]}
2026-08-15 12:42:48,637 INFO    findata.database.edgar_ | BLK processed: {'text_filings': 0, 'sections': 0, 'form4_rows': 0, 'income': 166, 'balance': 78, 'cashflow': 133, 'errors': 0, 'incomplete_years': 5}
2026-08-15 12:42:48,840 WARNING findata.database.edgar_ | CHD: incomplete quarterly coverage for 8 (item, year) pair(s): {('balance', 'cash_and_equivalents'): [2009], ('balance', 'short_term_debt'): [2025], ('balance', 'stockholders_equity'): [2009], ('cashflow', 'operating_cash_flow'): [2025], ('cashflow', 'stock_buybacks'): [2021, 2022, 2024, 2025]}
2026-08-15 12:42:48,841 INFO    findata.database.edgar_ | CHD processed: {'text_filings': 0, 'sections': 0, 'form4_rows': 0, 'income': 1115, 'balance': 733, 'cashflow': 859, 'errors': 0, 'incomplete_years': 8}
2026-08-15 12:42:49,028 WARNING findata.database.edgar_ | CME: incomplete quarterly coverage for 9 (item, year) pair(s): {('balance', 'cash_and_equivalents'): [2008], ('balance', 'short_term_debt'): [2014, 2017, 2018, 2020, 2021], ('balance', 'stockholders_equity'): [2008], ('cashflow', 'stock_buybacks'): [2011, 2012]}
2026-08-15 12:42:49,029 INFO    findata.database.edgar_ | CME processed: {'text_filings': 0, 'sections': 0, 'form4_rows': 0, 'income': 1083, 'balance': 607, 'cashflow': 836, 'errors': 0, 'incomplete_years': 9}
2026-08-15 12:42:49,274 WARNING findata.database.edgar_ | CRUS: incomplete quarterly coverage for 9 (item, year) pair(s): {('balance', 'goodwill'): [2013, 2014, 2015], ('balance', 'liabilities_noncurrent'): [2015], ('balance', 'short_term_investments'): [2014], ('balance', 'stockholders_equity'): [2011], ('cashflow', 'stock_buybacks'): [2014, 2015, 2016]}
2026-08-15 12:42:49,275 INFO    findata.database.edgar_ | CRUS processed: {'text_filings': 0, 'sections': 0, 'form4_rows': 0, 'income': 1127, 'balance': 570, 'cashflow': 674, 'errors': 0, 'incomplete_years': 9}
2026-08-15 12:42:49,467 WARNING findata.database.edgar_ | ALB: incomplete quarterly coverage for 4 (item, year) pair(s): {('balance', 'cash_and_equivalents'): [2009], ('balance', 'stockholders_equity'): [2009], ('cashflow', 'stock_buybacks'): [2012, 2019]}
2026-08-15 12:42:49,468 INFO    findata.database.edgar_ | ALB processed: {'text_filings': 0, 'sections': 0, 'form4_rows': 0, 'income': 1118, 'balance': 738, 'cashflow': 804, 'errors': 0, 'incomplete_years': 4}
2026-08-15 12:42:52,498 WARNING findata.database.edgar_ | CSL: incomplete quarterly coverage for 13 (item, year) pair(s): {('balance', 'cash_and_equivalents'): [2015, 2018], ('balance', 'short_term_debt'): [2012, 2013, 2015, 2016, 2017, 2018, 2019], ('balance', 'stockholders_equity'): [2009, 2010], ('income', 'interest_expense'): [2020, 2021]}
2026-08-15 12:42:52,499 INFO    findata.database.edgar_ | CSL processed: {'text_filings': 0, 'sections': 0, 'form4_rows': 0, 'income': 1058, 'balance': 745, 'cashflow': 813, 'errors': 0, 'incomplete_years': 13}
2026-08-15 12:42:52,579 WARNING findata.database.edgar_ | CLS: incomplete quarterly coverage for 23 (item, year) pair(s): {('balance', 'assets'): [2018, 2019, 2020, 2021, 2022, 2023, 2024], ('balance', 'cash_and_equivalents'): [2023], ('balance', 'goodwill'): [2018, 2019, 2020, 2021, 2022, 2023, 2024], ('balance', 'liabilities'): [2018, 2019, 2020, 2021, 2022, 2023, 2024], ('balance', 'stockholders_equity'): [2023]}
2026-08-15 12:42:52,580 INFO    findata.database.edgar_ | CLS processed: {'text_filings': 0, 'sections': 0, 'form4_rows': 0, 'income': 203, 'balance': 123, 'cashflow': 144, 'errors': 0, 'incomplete_years': 23}
2026-08-15 12:42:52,754 WARNING findata.database.edgar_ | WWD: incomplete quarterly coverage for 11 (item, year) pair(s): {('balance', 'cash_and_equivalents'): [2009], ('balance', 'short_term_debt'): [2014, 2015, 2016, 2017, 2018], ('balance', 'stockholders_equity'): [2009], ('cashflow', 'stock_buybacks'): [2018, 2019, 2020, 2024]}
2026-08-15 12:42:52,755 INFO    findata.database.edgar_ | WWD processed: {'text_filings': 0, 'sections': 0, 'form4_rows': 0, 'income': 946, 'balance': 733, 'cashflow': 737, 'errors': 0, 'incomplete_years': 11}
2026-08-15 12:42:52,918 WARNING findata.database.edgar_ | GIC: incomplete quarterly coverage for 24 (item, year) pair(s): {('balance', 'goodwill'): [2012, 2013, 2014, 2015, 2016, 2017, 2018, 2019, 2020, 2021, 2022, 2023], ('balance', 'long_term_debt'): [2016], ('balance', 'short_term_debt'): [2016, 2020, 2021], ('cashflow', 'stock_buybacks'): [2016, 2017, 2018, 2025], ('income', 'interest_expense'): [2015, 2023, 2024, 2025]}
2026-08-15 12:42:52,919 INFO    findata.database.edgar_ | GIC processed: {'text_filings': 0, 'sections': 0, 'form4_rows': 0, 'income': 923, 'balance': 569, 'cashflow': 703, 'errors': 0, 'incomplete_years': 24}
2026-08-15 12:42:53,114 WARNING findata.database.edgar_ | WLY: incomplete quarterly coverage for 4 (item, year) pair(s): {('balance', 'short_term_debt'): [2013, 2014, 2017, 2019]}
2026-08-15 12:42:53,116 INFO    findata.database.edgar_ | WLY processed: {'text_filings': 0, 'sections': 0, 'form4_rows': 0, 'income': 1159, 'balance': 645, 'cashflow': 854, 'errors': 0, 'incomplete_years': 4}
2026-08-15 12:42:55,495 WARNING findata.database.edgar_ | ACHC: incomplete quarterly coverage for 3 (item, year) pair(s): {('balance', 'cash_and_equivalents'): [2010], ('income', 'interest_expense'): [2013], ('income', 'operating_income'): [2020]}
2026-08-15 12:42:55,496 INFO    findata.database.edgar_ | ACHC processed: {'text_filings': 0, 'sections': 0, 'form4_rows': 0, 'income': 794, 'balance': 705, 'cashflow': 588, 'errors': 0, 'incomplete_years': 3}
2026-08-15 12:42:55,660 WARNING findata.database.edgar_ | GMED: incomplete quarterly coverage for 13 (item, year) pair(s): {('balance', 'cash_and_equivalents'): [2011], ('balance', 'shares_outstanding'): [2020, 2021, 2022, 2023, 2024, 2025], ('balance', 'short_term_investments'): [2025], ('balance', 'stockholders_equity'): [2011, 2012], ('cashflow', 'stock_buybacks'): [2022], ('income', 'gross_profit'): [2024], ('income', 'operating_expenses'): [2024]}
2026-08-15 12:42:55,661 INFO    findata.database.edgar_ | GMED processed: {'text_filings': 0, 'sections': 0, 'form4_rows': 0, 'income': 978, 'balance': 582, 'cashflow': 590, 'errors': 0, 'incomplete_years': 13}
2026-08-15 12:42:55,835 WARNING findata.database.edgar_ | NFBK: incomplete quarterly coverage for 6 (item, year) pair(s): {('balance', 'cash_and_equivalents'): [2011], ('balance', 'stockholders_equity'): [2011], ('cashflow', 'stock_buybacks'): [2017, 2018, 2019], ('income', 'interest_expense'): [2024]}
2026-08-15 12:42:55,837 INFO    findata.database.edgar_ | NFBK processed: {'text_filings': 0, 'sections': 0, 'form4_rows': 0, 'income': 667, 'balance': 409, 'cashflow': 614, 'errors': 0, 'incomplete_years': 6}
2026-08-15 12:42:56,050 WARNING findata.database.edgar_ | THFF: incomplete quarterly coverage for 11 (item, year) pair(s): {('balance', 'cash_and_equivalents'): [2010], ('balance', 'long_term_debt'): [2014, 2015, 2016, 2017, 2018, 2019, 2020, 2021, 2022, 2023]}
2026-08-15 12:42:56,051 INFO    findata.database.edgar_ | THFF processed: {'text_filings': 0, 'sections': 0, 'form4_rows': 0, 'income': 720, 'balance': 470, 'cashflow': 800, 'errors': 0, 'incomplete_years': 11}
2026-08-15 12:42:56,218 WARNING findata.database.edgar_ | LBTYK: incomplete quarterly coverage for 9 (item, year) pair(s): {('balance', 'cash_and_equivalents'): [2012, 2013], ('balance', 'goodwill'): [2013], ('balance', 'stockholders_equity'): [2012, 2013], ('income', 'eps_basic'): [2015], ('income', 'eps_diluted'): [2015], ('income', 'shares_basic'): [2015], ('income', 'shares_diluted'): [2015]}
2026-08-15 12:42:56,219 INFO    findata.database.edgar_ | LBTYK processed: {'text_filings': 0, 'sections': 0, 'form4_rows': 0, 'income': 864, 'balance': 518, 'cashflow': 629, 'errors': 0, 'incomplete_years': 9}
2026-08-15 12:42:59,089 WARNING findata.database.edgar_ | AGO: incomplete quarterly coverage for 4 (item, year) pair(s): {('balance', 'stockholders_equity'): [2009, 2010], ('cashflow', 'stock_buybacks'): [2011], ('income', 'interest_expense'): [2024]}
2026-08-15 12:42:59,090 INFO    findata.database.edgar_ | AGO processed: {'text_filings': 0, 'sections': 0, 'form4_rows': 0, 'income': 752, 'balance': 506, 'cashflow': 641, 'errors': 0, 'incomplete_years': 4}
2026-08-15 12:42:59,245 WARNING findata.database.edgar_ | ALLY: incomplete quarterly coverage for 9 (item, year) pair(s): {('balance', 'cash_and_equivalents'): [2010], ('balance', 'goodwill'): [2011, 2012, 2015, 2016], ('balance', 'shares_outstanding'): [2011], ('income', 'interest_expense'): [2025], ('income', 'shares_basic'): [2012], ('income', 'shares_diluted'): [2012]}
2026-08-15 12:42:59,246 INFO    findata.database.edgar_ | ALLY processed: {'text_filings': 0, 'sections': 0, 'form4_rows': 0, 'income': 722, 'balance': 550, 'cashflow': 647, 'errors': 0, 'incomplete_years': 9}
2026-08-15 12:42:59,382 WARNING findata.database.edgar_ | CSW: incomplete quarterly coverage for 7 (item, year) pair(s): {('balance', 'assets'): [2016], ('balance', 'cash_and_equivalents'): [2015], ('balance', 'goodwill'): [2016], ('balance', 'short_term_debt'): [2026], ('balance', 'stockholders_equity'): [2015, 2016], ('cashflow', 'dividends_paid'): [2017]}
2026-08-15 12:42:59,383 INFO    findata.database.edgar_ | CSW processed: {'text_filings': 0, 'sections': 0, 'form4_rows': 0, 'income': 680, 'balance': 502, 'cashflow': 579, 'errors': 0, 'incomplete_years': 7}
2026-08-15 12:42:59,420 INFO    findata.database.edgar_ | TX processed: {'text_filings': 0, 'sections': 0, 'form4_rows': 0, 'income': 55, 'balance': 29, 'cashflow': 0, 'errors': 0, 'incomplete_years': 0}
2026-08-15 12:42:59,564 WARNING findata.database.edgar_ | SHBI: incomplete quarterly coverage for 11 (item, year) pair(s): {('balance', 'cash_and_equivalents'): [2010], ('balance', 'long_term_debt'): [2018, 2020, 2022, 2023], ('balance', 'short_term_debt'): [2020], ('balance', 'stockholders_equity'): [2010], ('cashflow', 'dividends_paid'): [2014], ('income', 'interest_expense'): [2024], ('income', 'shares_basic'): [2014], ('income', 'shares_diluted'): [2014]}
2026-08-15 12:42:59,565 INFO    findata.database.edgar_ | SHBI processed: {'text_filings': 0, 'sections': 0, 'form4_rows': 0, 'income': 704, 'balance': 508, 'cashflow': 584, 'errors': 0, 'incomplete_years': 11}
2026-08-15 12:43:02,498 WARNING findata.database.edgar_ | SPH: incomplete quarterly coverage for 7 (item, year) pair(s): {('balance', 'cash_and_equivalents'): [2009], ('balance', 'shares_outstanding'): [2020, 2021, 2022, 2023, 2024, 2025]}
2026-08-15 12:43:02,499 INFO    findata.database.edgar_ | SPH processed: {'text_filings': 0, 'sections': 0, 'form4_rows': 0, 'income': 1099, 'balance': 602, 'cashflow': 649, 'errors': 0, 'incomplete_years': 7}
2026-08-15 12:43:02,607 WARNING findata.database.edgar_ | VKTX: incomplete quarterly coverage for 2 (item, year) pair(s): {('balance', 'liabilities_noncurrent'): [2017, 2018]}
2026-08-15 12:43:02,608 INFO    findata.database.edgar_ | VKTX processed: {'text_filings': 0, 'sections': 0, 'form4_rows': 0, 'income': 574, 'balance': 416, 'cashflow': 268, 'errors': 0, 'incomplete_years': 2}
2026-08-15 12:43:02,714 INFO    findata.database.edgar_ | DQ processed: {'text_filings': 0, 'sections': 0, 'form4_rows': 0, 'income': 233, 'balance': 174, 'cashflow': 110, 'errors': 0, 'incomplete_years': 0}
2026-08-15 12:43:02,843 WARNING findata.database.edgar_ | CELH: incomplete quarterly coverage for 12 (item, year) pair(s): {('balance', 'cash_and_equivalents'): [2019], ('balance', 'stockholders_equity'): [2016], ('cashflow', 'capex'): [2019], ('cashflow', 'investing_cash_flow'): [2019], ('income', 'interest_expense'): [2020, 2021, 2022, 2024], ('income', 'rnd_expense'): [2018, 2019, 2020, 2021]}
2026-08-15 12:43:02,844 INFO    findata.database.edgar_ | CELH processed: {'text_filings': 0, 'sections': 0, 'form4_rows': 0, 'income': 651, 'balance': 413, 'cashflow': 409, 'errors': 0, 'incomplete_years': 12}
2026-08-15 12:43:02,873 INFO    findata.database.edgar_ | VEON processed: {'text_filings': 0, 'sections': 0, 'form4_rows': 0, 'income': 22, 'balance': 50, 'cashflow': 0, 'errors': 0, 'incomplete_years': 0}
2026-08-15 12:43:05,143 WARNING findata.database.edgar_ | BBW: incomplete quarterly coverage for 113 (item, year) pair(s): {('balance', 'assets'): [2018, 2019, 2020, 2021, 2022, 2023, 2024, 2025], ('balance', 'assets_current'): [2018, 2019, 2020, 2021, 2022, 2023, 2024, 2025], ('balance', 'cash_and_equivalents'): [2010, 2018, 2019, 2020, 2021, 2022, 2023, 2024, 2025], ('balance', 'goodwill'): [2013, 2014], ('balance', 'inventory'): [2018, 2019, 2020, 2021, 2022, 2023, 2024, 2025], ('balance', 'liabilities_current'): [2018, 2019, 2020, 2021, 2022, 2023, 2024, 2025], ('balance', 'short_term_investments'): [2014, 2016], ('balance', 'stockholders_equity'): [2010, 2018, 2019, 2020, 2021, 2022, 2023, 2024, 2025], ('cashflow', 'capex'): [2018, 2019, 2020, 2021, 2022, 2023, 2024, 2025], ('cashflow', 'depreciation_amortization'): [2018, 2019, 2020, 2021, 2022, 2023, 2024, 2025], ('cashflow', 'financing_cash_flow'): [2018, 2019, 2020, 2021, 2022, 2023, 2024, 2025], ('cashflow', 'investing_cash_flow'): [2018, 2019, 2020, 2021, 2022, 2023, 2024, 2025], ('cashflow', 'operating_cash_flow'): [2018, 2019, 2020, 2021, 2022, 2023, 2024, 2025], ('cashflow', 'stock_buybacks'): [2017, 2018, 2019, 2021, 2022, 2023, 2024, 2025], ('income', 'cost_of_revenue'): [2018], ('income', 'eps_basic'): [2018], ('income', 'eps_diluted'): [2018], ('income', 'income_tax'): [2018], ('income', 'net_income'): [2018], ('income', 'pretax_income'): [2018], ('income', 'revenue'): [2018], ('income', 'shares_basic'): [2017, 2018], ('income', 'shares_diluted'): [2017, 2018]}
2026-08-15 12:43:05,145 INFO    findata.database.edgar_ | BBW processed: {'text_filings': 0, 'sections': 0, 'form4_rows': 0, 'income': 820, 'balance': 566, 'cashflow': 782, 'errors': 0, 'incomplete_years': 113}
2026-08-15 12:43:05,248 INFO    findata.database.edgar_ | SONY processed: {'text_filings': 0, 'sections': 0, 'form4_rows': 0, 'income': 190, 'balance': 181, 'cashflow': 102, 'errors': 0, 'incomplete_years': 0}
2026-08-15 12:43:05,297 INFO    findata.database.edgar_ | NOMD processed: {'text_filings': 0, 'sections': 0, 'form4_rows': 0, 'income': 175, 'balance': 111, 'cashflow': 0, 'errors': 0, 'incomplete_years': 0}
2026-08-15 12:43:05,471 WARNING findata.database.edgar_ | MXL: incomplete quarterly coverage for 7 (item, year) pair(s): {('balance', 'cash_and_equivalents'): [2010], ('balance', 'shares_outstanding'): [2016], ('balance', 'stockholders_equity'): [2010, 2011], ('cashflow', 'stock_buybacks'): [2014], ('income', 'interest_expense'): [2015, 2016]}
2026-08-15 12:43:05,472 INFO    findata.database.edgar_ | MXL processed: {'text_filings': 0, 'sections': 0, 'form4_rows': 0, 'income': 1048, 'balance': 618, 'cashflow': 665, 'errors': 0, 'incomplete_years': 7}
2026-08-15 12:43:05,663 WARNING findata.database.edgar_ | RS: incomplete quarterly coverage for 19 (item, year) pair(s): {('balance', 'cash_and_equivalents'): [2009], ('balance', 'goodwill'): [2010], ('balance', 'short_term_debt'): [2019, 2023], ('balance', 'stockholders_equity'): [2009, 2010], ('cashflow', 'dividends_paid'): [2015, 2016, 2017, 2018, 2019, 2020, 2021, 2022, 2023, 2024], ('cashflow', 'stock_buybacks'): [2019, 2021, 2024]}
2026-08-15 12:43:05,665 INFO    findata.database.edgar_ | RS processed: {'text_filings': 0, 'sections': 0, 'form4_rows': 0, 'income': 1140, 'balance': 729, 'cashflow': 801, 'errors': 0, 'incomplete_years': 19}
2026-08-15 12:43:08,430 WARNING findata.database.edgar_ | VAC: incomplete quarterly coverage for 10 (item, year) pair(s): {('balance', 'cash_and_equivalents'): [2010], ('balance', 'stockholders_equity'): [2010, 2011], ('cashflow', 'capex'): [2013], ('cashflow', 'depreciation_amortization'): [2013], ('cashflow', 'financing_cash_flow'): [2013], ('cashflow', 'investing_cash_flow'): [2013], ('cashflow', 'operating_cash_flow'): [2013], ('income', 'interest_expense'): [2015], ('income', 'pretax_income'): [2018]}
2026-08-15 12:43:08,431 INFO    findata.database.edgar_ | VAC processed: {'text_filings': 0, 'sections': 0, 'form4_rows': 0, 'income': 804, 'balance': 411, 'cashflow': 753, 'errors': 0, 'incomplete_years': 10}
2026-08-15 12:43:08,598 WARNING findata.database.edgar_ | CMG: incomplete quarterly coverage for 3 (item, year) pair(s): {('balance', 'cash_and_equivalents'): [2009], ('balance', 'stockholders_equity'): [2009, 2010]}
2026-08-15 12:43:08,599 INFO    findata.database.edgar_ | CMG processed: {'text_filings': 0, 'sections': 0, 'form4_rows': 0, 'income': 908, 'balance': 651, 'cashflow': 761, 'errors': 0, 'incomplete_years': 3}
2026-08-15 12:43:08,775 WARNING findata.database.edgar_ | JNJ: incomplete quarterly coverage for 4 (item, year) pair(s): {('balance', 'cash_and_equivalents'): [2008], ('balance', 'stockholders_equity'): [2008, 2009], ('income', 'operating_income'): [2015]}
2026-08-15 12:43:08,776 INFO    findata.database.edgar_ | JNJ processed: {'text_filings': 0, 'sections': 0, 'form4_rows': 0, 'income': 1031, 'balance': 826, 'cashflow': 768, 'errors': 0, 'incomplete_years': 4}
2026-08-15 12:43:08,933 WARNING findata.database.edgar_ | AFG: incomplete quarterly coverage for 3 (item, year) pair(s): {('balance', 'cash_and_equivalents'): [2009], ('balance', 'stockholders_equity'): [2009], ('income', 'pretax_income'): [2021]}
2026-08-15 12:43:08,934 INFO    findata.database.edgar_ | AFG processed: {'text_filings': 0, 'sections': 0, 'form4_rows': 0, 'income': 824, 'balance': 536, 'cashflow': 720, 'errors': 0, 'incomplete_years': 3}
2026-08-15 12:43:09,078 WARNING findata.database.edgar_ | PGC: incomplete quarterly coverage for 19 (item, year) pair(s): {('balance', 'cash_and_equivalents'): [2012, 2016, 2017, 2018], ('balance', 'goodwill'): [2017], ('balance', 'shares_outstanding'): [2010, 2011], ('balance', 'short_term_debt'): [2015, 2016, 2017, 2021, 2022, 2024, 2025], ('balance', 'stockholders_equity'): [2010, 2011], ('cashflow', 'stock_buybacks'): [2019, 2025], ('income', 'interest_expense'): [2024]}
2026-08-15 12:43:09,079 INFO    findata.database.edgar_ | PGC processed: {'text_filings': 0, 'sections': 0, 'form4_rows': 0, 'income': 793, 'balance': 432, 'cashflow': 740, 'errors': 0, 'incomplete_years': 19}
2026-08-15 12:43:13,186 WARNING findata.database.edgar_ | FISI: incomplete quarterly coverage for 21 (item, year) pair(s): {('balance', 'cash_and_equivalents'): [2010, 2015, 2023, 2024], ('balance', 'long_term_debt'): [2010, 2011, 2013, 2014, 2015], ('balance', 'shares_outstanding'): [2013, 2015, 2016, 2017, 2018, 2022, 2023, 2024, 2025], ('balance', 'short_term_debt'): [2021], ('balance', 'stockholders_equity'): [2010], ('income', 'interest_expense'): [2024]}
2026-08-15 12:43:13,187 INFO    findata.database.edgar_ | FISI processed: {'text_filings': 0, 'sections': 0, 'form4_rows': 0, 'income': 715, 'balance': 462, 'cashflow': 788, 'errors': 0, 'incomplete_years': 21}
2026-08-15 12:43:13,352 WARNING findata.database.edgar_ | TXT: incomplete quarterly coverage for 22 (item, year) pair(s): {('balance', 'cash_and_equivalents'): [2009], ('balance', 'stockholders_equity'): [2009, 2010], ('income', 'cost_of_revenue'): [2021], ('income', 'costs_and_expenses'): [2016], ('income', 'eps_basic'): [2019, 2020, 2021, 2022, 2023, 2024, 2025], ('income', 'eps_diluted'): [2019, 2020, 2021, 2022, 2023, 2024, 2025], ('income', 'interest_expense'): [2022], ('income', 'operating_expenses'): [2016], ('income', 'pretax_income'): [2020]}
2026-08-15 12:43:13,353 INFO    findata.database.edgar_ | TXT processed: {'text_filings': 0, 'sections': 0, 'form4_rows': 0, 'income': 864, 'balance': 464, 'cashflow': 810, 'errors': 0, 'incomplete_years': 22}
2026-08-15 12:43:13,390 INFO    findata.database.edgar_ | BUD processed: {'text_filings': 0, 'sections': 0, 'form4_rows': 0, 'income': 50, 'balance': 45, 'cashflow': 0, 'errors': 0, 'incomplete_years': 0}
2026-08-15 12:43:13,589 WARNING findata.database.edgar_ | HTO: incomplete quarterly coverage for 5 (item, year) pair(s): {('balance', 'cash_and_equivalents'): [2010], ('balance', 'short_term_debt'): [2018, 2019], ('balance', 'stockholders_equity'): [2010, 2011]}
2026-08-15 12:43:13,590 INFO    findata.database.edgar_ | HTO processed: {'text_filings': 0, 'sections': 0, 'form4_rows': 0, 'income': 765, 'balance': 612, 'cashflow': 647, 'errors': 0, 'incomplete_years': 5}
2026-08-15 12:43:13,758 WARNING findata.database.edgar_ | USB: incomplete quarterly coverage for 14 (item, year) pair(s): {('balance', 'cash_and_equivalents'): [2008, 2019, 2020], ('balance', 'long_term_debt'): [2023], ('balance', 'stockholders_equity'): [2008], ('cashflow', 'dividends_paid'): [2012], ('cashflow', 'financing_cash_flow'): [2012], ('cashflow', 'investing_cash_flow'): [2012], ('cashflow', 'operating_cash_flow'): [2012], ('income', 'interest_expense'): [2024], ('income', 'shares_basic'): [2011, 2013], ('income', 'shares_diluted'): [2011, 2013]}
2026-08-15 12:43:13,759 INFO    findata.database.edgar_ | USB processed: {'text_filings': 0, 'sections': 0, 'form4_rows': 0, 'income': 784, 'balance': 544, 'cashflow': 646, 'errors': 0, 'incomplete_years': 14}
2026-08-15 12:43:16,361 WARNING findata.database.edgar_ | GNRC: incomplete quarterly coverage for 27 (item, year) pair(s): {('balance', 'cash_and_equivalents'): [2010], ('balance', 'shares_outstanding'): [2013, 2014, 2015, 2016, 2017, 2018, 2019, 2020, 2021, 2022, 2023, 2024, 2025], ('balance', 'stockholders_equity'): [2010, 2011], ('cashflow', 'dividends_paid'): [2019, 2020, 2021, 2022, 2024, 2025], ('cashflow', 'stock_buybacks'): [2017, 2019, 2021, 2022, 2023]}
2026-08-15 12:43:16,362 INFO    findata.database.edgar_ | GNRC processed: {'text_filings': 0, 'sections': 0, 'form4_rows': 0, 'income': 1122, 'balance': 690, 'cashflow': 736, 'errors': 0, 'incomplete_years': 27}
2026-08-15 12:43:16,516 WARNING findata.database.edgar_ | CNXN: incomplete quarterly coverage for 9 (item, year) pair(s): {('balance', 'cash_and_equivalents'): [2010], ('balance', 'stockholders_equity'): [2010, 2011], ('cashflow', 'capex'): [2018, 2019, 2020, 2022], ('cashflow', 'dividends_paid'): [2013], ('income', 'interest_expense'): [2012]}
2026-08-15 12:43:16,517 INFO    findata.database.edgar_ | CNXN processed: {'text_filings': 0, 'sections': 0, 'form4_rows': 0, 'income': 917, 'balance': 594, 'cashflow': 719, 'errors': 0, 'incomplete_years': 9}
2026-08-15 12:43:16,698 WARNING findata.database.edgar_ | JBTM: incomplete quarterly coverage for 13 (item, year) pair(s): {('balance', 'cash_and_equivalents'): [2010], ('balance', 'goodwill'): [2012, 2013, 2014], ('balance', 'short_term_debt'): [2022, 2024], ('balance', 'stockholders_equity'): [2010, 2011], ('cashflow', 'stock_buybacks'): [2018, 2019, 2021, 2022, 2023]}
2026-08-15 12:43:16,699 INFO    findata.database.edgar_ | JBTM processed: {'text_filings': 0, 'sections': 0, 'form4_rows': 0, 'income': 965, 'balance': 676, 'cashflow': 739, 'errors': 0, 'incomplete_years': 13}
2026-08-15 12:43:16,813 INFO    findata.database.edgar_ | NICE processed: {'text_filings': 0, 'sections': 0, 'form4_rows': 0, 'income': 246, 'balance': 203, 'cashflow': 112, 'errors': 0, 'incomplete_years': 0}
2026-08-15 12:43:16,974 WARNING findata.database.edgar_ | HBAN: incomplete quarterly coverage for 4 (item, year) pair(s): {('balance', 'cash_and_equivalents'): [2009], ('balance', 'stockholders_equity'): [2009], ('cashflow', 'stock_buybacks'): [2025], ('income', 'interest_expense'): [2024]}
2026-08-15 12:43:16,975 INFO    findata.database.edgar_ | HBAN processed: {'text_filings': 0, 'sections': 0, 'form4_rows': 0, 'income': 755, 'balance': 537, 'cashflow': 787, 'errors': 0, 'incomplete_years': 4}
2026-08-15 12:43:24,451 WARNING findata.database.edgar_ | GATX: incomplete quarterly coverage for 4 (item, year) pair(s): {('balance', 'cash_and_equivalents'): [2009], ('balance', 'stockholders_equity'): [2010], ('cashflow', 'capex'): [2021], ('income', 'interest_expense'): [2025]}
2026-08-15 12:43:24,452 INFO    findata.database.edgar_ | GATX processed: {'text_filings': 0, 'sections': 0, 'form4_rows': 0, 'income': 916, 'balance': 440, 'cashflow': 810, 'errors': 0, 'incomplete_years': 4}
2026-08-15 12:43:24,598 WARNING findata.database.edgar_ | LNC: incomplete quarterly coverage for 21 (item, year) pair(s): {('balance', 'long_term_debt'): [2012, 2013, 2014, 2015, 2016, 2017, 2018, 2019, 2020, 2021, 2023], ('balance', 'short_term_debt'): [2014, 2015, 2016, 2018, 2022, 2023], ('cashflow', 'stock_buybacks'): [2018], ('income', 'interest_expense'): [2025], ('income', 'shares_basic'): [2011], ('income', 'shares_diluted'): [2011]}
2026-08-15 12:43:24,599 INFO    findata.database.edgar_ | LNC processed: {'text_filings': 0, 'sections': 0, 'form4_rows': 0, 'income': 781, 'balance': 567, 'cashflow': 614, 'errors': 0, 'incomplete_years': 21}
2026-08-15 12:43:24,776 WARNING findata.database.edgar_ | CEVA: incomplete quarterly coverage for 16 (item, year) pair(s): {('balance', 'cash_and_equivalents'): [2010], ('balance', 'liabilities_noncurrent'): [2012, 2013, 2014, 2015, 2018, 2019], ('balance', 'short_term_investments'): [2013, 2021, 2024], ('balance', 'stockholders_equity'): [2010], ('cashflow', 'stock_buybacks'): [2022], ('income', 'eps_diluted'): [2023], ('income', 'shares_basic'): [2014], ('income', 'shares_diluted'): [2014, 2023]}
2026-08-15 12:43:24,777 INFO    findata.database.edgar_ | CEVA processed: {'text_filings': 0, 'sections': 0, 'form4_rows': 0, 'income': 1024, 'balance': 629, 'cashflow': 667, 'errors': 0, 'incomplete_years': 16}
2026-08-15 12:43:24,970 WARNING findata.database.edgar_ | GAP: incomplete quarterly coverage for 25 (item, year) pair(s): {('balance', 'cash_and_equivalents'): [2009], ('balance', 'goodwill'): [2016, 2017, 2018, 2019, 2020, 2021, 2022, 2023, 2024, 2025, 2026], ('balance', 'short_term_debt'): [2011, 2019, 2020, 2021], ('balance', 'short_term_investments'): [2018, 2019, 2020, 2021, 2023], ('balance', 'stockholders_equity'): [2009], ('income', 'cost_of_revenue'): [2019], ('income', 'interest_expense'): [2011, 2012]}
2026-08-15 12:43:24,971 INFO    findata.database.edgar_ | GAP processed: {'text_filings': 0, 'sections': 0, 'form4_rows': 0, 'income': 1132, 'balance': 751, 'cashflow': 882, 'errors': 0, 'incomplete_years': 25}
2026-08-15 12:43:25,142 WARNING findata.database.edgar_ | ASB: incomplete quarterly coverage for 13 (item, year) pair(s): {('balance', 'cash_and_equivalents'): [2009], ('balance', 'long_term_debt'): [2021], ('balance', 'shares_outstanding'): [2012, 2013, 2014, 2015, 2016, 2017], ('balance', 'stockholders_equity'): [2009], ('income', 'shares_basic'): [2012, 2013], ('income', 'shares_diluted'): [2012, 2013]}
2026-08-15 12:43:25,143 INFO    findata.database.edgar_ | ASB processed: {'text_filings': 0, 'sections': 0, 'form4_rows': 0, 'income': 770, 'balance': 563, 'cashflow': 705, 'errors': 0, 'incomplete_years': 13}
2026-08-15 12:43:27,222 WARNING findata.database.edgar_ | SSYS: incomplete quarterly coverage for 17 (item, year) pair(s): {('balance', 'cash_and_equivalents'): [2011], ('balance', 'goodwill'): [2012, 2020], ('balance', 'shares_outstanding'): [2024], ('balance', 'short_term_debt'): [2016], ('balance', 'stockholders_equity'): [2011, 2012], ('income', 'eps_diluted'): [2023], ('income', 'shares_basic'): [2014, 2020, 2021], ('income', 'shares_diluted'): [2014, 2019, 2020, 2021, 2023, 2024]}
2026-08-15 12:43:27,223 INFO    findata.database.edgar_ | SSYS processed: {'text_filings': 0, 'sections': 0, 'form4_rows': 0, 'income': 909, 'balance': 611, 'cashflow': 500, 'errors': 0, 'incomplete_years': 17}
2026-08-15 12:43:27,261 WARNING findata.database.edgar_ | TD: incomplete quarterly coverage for 1 (item, year) pair(s): {('balance', 'goodwill'): [2018]}
2026-08-15 12:43:27,262 INFO    findata.database.edgar_ | TD processed: {'text_filings': 0, 'sections': 0, 'form4_rows': 0, 'income': 86, 'balance': 108, 'cashflow': 0, 'errors': 0, 'incomplete_years': 1}
2026-08-15 12:43:27,370 WARNING findata.database.edgar_ | DMLP: incomplete quarterly coverage for 8 (item, year) pair(s): {('balance', 'assets_noncurrent'): [2013], ('balance', 'cash_and_equivalents'): [2010], ('balance', 'liabilities'): [2017], ('balance', 'liabilities_current'): [2015], ('cashflow', 'investing_cash_flow'): [2017, 2020], ('income', 'shares_basic'): [2019], ('income', 'shares_diluted'): [2019]}
2026-08-15 12:43:27,371 INFO    findata.database.edgar_ | DMLP processed: {'text_filings': 0, 'sections': 0, 'form4_rows': 0, 'income': 562, 'balance': 385, 'cashflow': 294, 'errors': 0, 'incomplete_years': 8}
2026-08-15 12:43:27,404 INFO    findata.database.edgar_ | BN processed: {'text_filings': 0, 'sections': 0, 'form4_rows': 0, 'income': 42, 'balance': 55, 'cashflow': 0, 'errors': 0, 'incomplete_years': 0}
2026-08-15 12:43:27,561 WARNING findata.database.edgar_ | IBP: incomplete quarterly coverage for 3 (item, year) pair(s): {('balance', 'short_term_investments'): [2021, 2022], ('balance', 'stockholders_equity'): [2013]}
2026-08-15 12:43:27,562 INFO    findata.database.edgar_ | IBP processed: {'text_filings': 0, 'sections': 0, 'form4_rows': 0, 'income': 836, 'balance': 642, 'cashflow': 597, 'errors': 0, 'incomplete_years': 3}
2026-08-15 12:43:30,062 WARNING findata.database.edgar_ | PAYS: incomplete quarterly coverage for 13 (item, year) pair(s): {('balance', 'liabilities_noncurrent'): [2014, 2015], ('balance', 'long_term_debt'): [2017, 2024], ('balance', 'stockholders_equity'): [2011], ('income', 'costs_and_expenses'): [2019], ('income', 'eps_diluted'): [2014], ('income', 'income_tax'): [2012], ('income', 'interest_expense'): [2018], ('income', 'pretax_income'): [2021], ('income', 'shares_diluted'): [2013, 2014, 2015]}
2026-08-15 12:43:30,064 INFO    findata.database.edgar_ | PAYS processed: {'text_filings': 0, 'sections': 0, 'form4_rows': 0, 'income': 977, 'balance': 510, 'cashflow': 617, 'errors': 0, 'incomplete_years': 13}
2026-08-15 12:43:30,262 WARNING findata.database.edgar_ | OTTR: incomplete quarterly coverage for 22 (item, year) pair(s): {('balance', 'cash_and_equivalents'): [2010, 2012, 2014, 2015, 2016, 2017], ('balance', 'stockholders_equity'): [2010, 2011, 2012, 2013], ('cashflow', 'stock_buybacks'): [2011, 2012, 2019, 2021], ('income', 'cost_of_revenue'): [2020], ('income', 'pretax_income'): [2022, 2023], ('income', 'shares_basic'): [2011, 2012], ('income', 'shares_diluted'): [2011, 2012, 2015]}
2026-08-15 12:43:30,263 INFO    findata.database.edgar_ | OTTR processed: {'text_filings': 0, 'sections': 0, 'form4_rows': 0, 'income': 1081, 'balance': 762, 'cashflow': 798, 'errors': 0, 'incomplete_years': 22}
2026-08-15 12:43:30,416 WARNING findata.database.edgar_ | BANF: incomplete quarterly coverage for 10 (item, year) pair(s): {('balance', 'cash_and_equivalents'): [2010, 2019], ('balance', 'long_term_debt'): [2014], ('balance', 'short_term_debt'): [2025], ('cashflow', 'dividends_paid'): [2013], ('cashflow', 'stock_buybacks'): [2012, 2021, 2023], ('income', 'interest_expense'): [2024, 2025]}
2026-08-15 12:43:30,417 INFO    findata.database.edgar_ | BANF processed: {'text_filings': 0, 'sections': 0, 'form4_rows': 0, 'income': 712, 'balance': 506, 'cashflow': 755, 'errors': 0, 'incomplete_years': 10}
2026-08-15 12:43:30,605 WARNING findata.database.edgar_ | WYNN: incomplete quarterly coverage for 5 (item, year) pair(s): {('balance', 'cash_and_equivalents'): [2009], ('balance', 'goodwill'): [2020], ('balance', 'short_term_investments'): [2013], ('balance', 'stockholders_equity'): [2009, 2010]}
2026-08-15 12:43:30,606 INFO    findata.database.edgar_ | WYNN processed: {'text_filings': 0, 'sections': 0, 'form4_rows': 0, 'income': 1035, 'balance': 781, 'cashflow': 860, 'errors': 0, 'incomplete_years': 5}
2026-08-15 12:43:30,824 WARNING findata.database.edgar_ | BFS: incomplete quarterly coverage for 8 (item, year) pair(s): {('balance', 'cash_and_equivalents'): [2010], ('balance', 'stockholders_equity'): [2010], ('cashflow', 'capex'): [2023, 2024], ('income', 'cost_of_revenue'): [2024], ('income', 'costs_and_expenses'): [2018, 2019], ('income', 'gross_profit'): [2024]}
2026-08-15 12:43:30,825 INFO    findata.database.edgar_ | BFS processed: {'text_filings': 0, 'sections': 0, 'form4_rows': 0, 'income': 868, 'balance': 436, 'cashflow': 723, 'errors': 0, 'incomplete_years': 8}
2026-08-15 12:43:33,389 WARNING findata.database.edgar_ | HRTG: incomplete quarterly coverage for 1 (item, year) pair(s): {('income', 'interest_expense'): [2016]}
2026-08-15 12:43:33,390 INFO    findata.database.edgar_ | HRTG processed: {'text_filings': 0, 'sections': 0, 'form4_rows': 0, 'income': 636, 'balance': 374, 'cashflow': 603, 'errors': 0, 'incomplete_years': 1}
2026-08-15 12:43:33,568 WARNING findata.database.edgar_ | FDP: incomplete quarterly coverage for 3 (item, year) pair(s): {('balance', 'cash_and_equivalents'): [2009], ('balance', 'stockholders_equity'): [2009, 2010]}
2026-08-15 12:43:33,569 INFO    findata.database.edgar_ | FDP processed: {'text_filings': 0, 'sections': 0, 'form4_rows': 0, 'income': 1032, 'balance': 798, 'cashflow': 820, 'errors': 0, 'incomplete_years': 3}
2026-08-15 12:43:33,698 WARNING findata.database.edgar_ | LGIH: incomplete quarterly coverage for 14 (item, year) pair(s): {('balance', 'cash_and_equivalents'): [2012], ('balance', 'long_term_debt'): [2015, 2016, 2017, 2018, 2019, 2020, 2021, 2022, 2023, 2024, 2025], ('balance', 'stockholders_equity'): [2012, 2013]}
2026-08-15 12:43:33,699 INFO    findata.database.edgar_ | LGIH processed: {'text_filings': 0, 'sections': 0, 'form4_rows': 0, 'income': 792, 'balance': 377, 'cashflow': 468, 'errors': 0, 'incomplete_years': 14}
2026-08-15 12:43:33,908 WARNING findata.database.edgar_ | MMM: incomplete quarterly coverage for 10 (item, year) pair(s): {('balance', 'cash_and_equivalents'): [2008, 2019, 2020, 2021], ('balance', 'short_term_debt'): [2019, 2020, 2021], ('balance', 'short_term_investments'): [2017, 2021], ('balance', 'stockholders_equity'): [2008]}
2026-08-15 12:43:33,910 INFO    findata.database.edgar_ | MMM processed: {'text_filings': 0, 'sections': 0, 'form4_rows': 0, 'income': 1200, 'balance': 810, 'cashflow': 908, 'errors': 0, 'incomplete_years': 10}
2026-08-15 12:43:34,105 WARNING findata.database.edgar_ | WST: incomplete quarterly coverage for 4 (item, year) pair(s): {('balance', 'cash_and_equivalents'): [2009], ('balance', 'short_term_investments'): [2014], ('balance', 'stockholders_equity'): [2009, 2010]}
2026-08-15 12:43:34,107 INFO    findata.database.edgar_ | WST processed: {'text_filings': 0, 'sections': 0, 'form4_rows': 0, 'income': 1118, 'balance': 787, 'cashflow': 839, 'errors': 0, 'incomplete_years': 4}
2026-08-15 12:43:36,269 INFO    findata.database.edgar_ | HIMX processed: {'text_filings': 0, 'sections': 0, 'form4_rows': 0, 'income': 148, 'balance': 127, 'cashflow': 54, 'errors': 0, 'incomplete_years': 0}
2026-08-15 12:43:36,416 WARNING findata.database.edgar_ | XYZ: incomplete quarterly coverage for 5 (item, year) pair(s): {('balance', 'long_term_debt'): [2022, 2023], ('balance', 'short_term_debt'): [2020, 2022], ('balance', 'stockholders_equity'): [2015]}
2026-08-15 12:43:36,417 INFO    findata.database.edgar_ | XYZ processed: {'text_filings': 0, 'sections': 0, 'form4_rows': 0, 'income': 801, 'balance': 395, 'cashflow': 447, 'errors': 0, 'incomplete_years': 5}
2026-08-15 12:43:36,456 INFO    findata.database.edgar_ | SAN processed: {'text_filings': 0, 'sections': 0, 'form4_rows': 0, 'income': 30, 'balance': 71, 'cashflow': 0, 'errors': 0, 'incomplete_years': 0}
2026-08-15 12:43:36,623 WARNING findata.database.edgar_ | SUI: incomplete quarterly coverage for 16 (item, year) pair(s): {('balance', 'cash_and_equivalents'): [2010], ('balance', 'long_term_debt'): [2013, 2014, 2016, 2017, 2018, 2019, 2020, 2022, 2023, 2024], ('balance', 'shares_outstanding'): [2013], ('cashflow', 'capex'): [2020], ('income', 'cost_of_revenue'): [2020], ('income', 'operating_income'): [2018], ('income', 'pretax_income'): [2022]}
2026-08-15 12:43:36,624 INFO    findata.database.edgar_ | SUI processed: {'text_filings': 0, 'sections': 0, 'form4_rows': 0, 'income': 907, 'balance': 395, 'cashflow': 586, 'errors': 0, 'incomplete_years': 16}
2026-08-15 12:43:36,769 WARNING findata.database.edgar_ | FIVE: incomplete quarterly coverage for 3 (item, year) pair(s): {('balance', 'cash_and_equivalents'): [2012], ('balance', 'stockholders_equity'): [2012], ('income', 'gross_profit'): [2024]}
2026-08-15 12:43:36,770 INFO    findata.database.edgar_ | FIVE processed: {'text_filings': 0, 'sections': 0, 'form4_rows': 0, 'income': 822, 'balance': 601, 'cashflow': 616, 'errors': 0, 'incomplete_years': 3}
2026-08-15 12:43:38,908 WARNING findata.database.edgar_ | CMP: incomplete quarterly coverage for 47 (item, year) pair(s): {('balance', 'cash_and_equivalents'): [2009], ('balance', 'goodwill'): [2013], ('balance', 'short_term_debt'): [2025], ('balance', 'stockholders_equity'): [2009, 2010], ('cashflow', 'dividends_paid'): [2025], ('income', 'eps_basic'): [2022, 2024, 2025], ('income', 'eps_diluted'): [2022, 2024, 2025], ('income', 'gross_profit'): [2022, 2024, 2025], ('income', 'income_tax'): [2021, 2022, 2023, 2024, 2025], ('income', 'interest_expense'): [2021, 2022, 2023, 2024, 2025], ('income', 'net_income'): [2022, 2024, 2025], ('income', 'operating_income'): [2021, 2022, 2023, 2024, 2025], ('income', 'pretax_income'): [2021, 2022, 2023, 2024, 2025], ('income', 'revenue'): [2022, 2024, 2025], ('income', 'shares_basic'): [2022, 2024, 2025], ('income', 'shares_diluted'): [2022, 2024, 2025]}
2026-08-15 12:43:38,909 INFO    findata.database.edgar_ | CMP processed: {'text_filings': 0, 'sections': 0, 'form4_rows': 0, 'income': 892, 'balance': 642, 'cashflow': 761, 'errors': 0, 'incomplete_years': 47}
2026-08-15 12:43:38,998 INFO    findata.database.edgar_ | GASS processed: {'text_filings': 0, 'sections': 0, 'form4_rows': 0, 'income': 160, 'balance': 224, 'cashflow': 116, 'errors': 0, 'incomplete_years': 0}
2026-08-15 12:43:39,168 WARNING findata.database.edgar_ | AMBA: incomplete quarterly coverage for 3 (item, year) pair(s): {('balance', 'cash_and_equivalents'): [2012], ('balance', 'stockholders_equity'): [2012, 2013]}
2026-08-15 12:43:39,169 INFO    findata.database.edgar_ | AMBA processed: {'text_filings': 0, 'sections': 0, 'form4_rows': 0, 'income': 962, 'balance': 544, 'cashflow': 611, 'errors': 0, 'incomplete_years': 3}
2026-08-15 12:43:39,369 WARNING findata.database.edgar_ | BANC: incomplete quarterly coverage for 16 (item, year) pair(s): {('balance', 'cash_and_equivalents'): [2010], ('balance', 'long_term_debt'): [2014, 2015, 2022, 2023], ('balance', 'shares_outstanding'): [2014, 2015, 2022, 2023], ('balance', 'stockholders_equity'): [2010, 2011], ('cashflow', 'dividends_paid'): [2025], ('cashflow', 'stock_buybacks'): [2019, 2023, 2024], ('income', 'interest_expense'): [2025]}
2026-08-15 12:43:39,370 INFO    findata.database.edgar_ | BANC processed: {'text_filings': 0, 'sections': 0, 'form4_rows': 0, 'income': 662, 'balance': 391, 'cashflow': 757, 'errors': 0, 'incomplete_years': 16}
2026-08-15 12:43:39,547 WARNING findata.database.edgar_ | JBHT: incomplete quarterly coverage for 17 (item, year) pair(s): {('balance', 'cash_and_equivalents'): [2009], ('balance', 'goodwill'): [2020, 2021, 2022, 2024, 2025], ('balance', 'short_term_debt'): [2014, 2015, 2019, 2020, 2021], ('balance', 'stockholders_equity'): [2009, 2010], ('cashflow', 'dividends_paid'): [2013], ('cashflow', 'stock_buybacks'): [2013, 2014, 2018]}
2026-08-15 12:43:39,548 INFO    findata.database.edgar_ | JBHT processed: {'text_filings': 0, 'sections': 0, 'form4_rows': 0, 'income': 1008, 'balance': 581, 'cashflow': 862, 'errors': 0, 'incomplete_years': 17}
2026-08-15 12:43:42,241 WARNING findata.database.edgar_ | PIPR: incomplete quarterly coverage for 8 (item, year) pair(s): {('balance', 'cash_and_equivalents'): [2009], ('balance', 'long_term_debt'): [2019, 2020], ('balance', 'short_term_debt'): [2022, 2023], ('balance', 'stockholders_equity'): [2009, 2010], ('cashflow', 'capex'): [2014]}
2026-08-15 12:43:42,242 INFO    findata.database.edgar_ | PIPR processed: {'text_filings': 0, 'sections': 0, 'form4_rows': 0, 'income': 688, 'balance': 550, 'cashflow': 712, 'errors': 0, 'incomplete_years': 8}
2026-08-15 12:43:42,410 WARNING findata.database.edgar_ | AWK: incomplete quarterly coverage for 16 (item, year) pair(s): {('balance', 'cash_and_equivalents'): [2009], ('balance', 'shares_outstanding'): [2016, 2017, 2018, 2019, 2020, 2021, 2022, 2023, 2024, 2025], ('balance', 'stockholders_equity'): [2009], ('cashflow', 'capex'): [2014, 2015], ('income', 'interest_expense'): [2015, 2023]}
2026-08-15 12:43:42,411 INFO    findata.database.edgar_ | AWK processed: {'text_filings': 0, 'sections': 0, 'form4_rows': 0, 'income': 908, 'balance': 633, 'cashflow': 799, 'errors': 0, 'incomplete_years': 16}
2026-08-15 12:43:42,569 WARNING findata.database.edgar_ | MCRI: incomplete quarterly coverage for 9 (item, year) pair(s): {('balance', 'cash_and_equivalents'): [2010], ('balance', 'long_term_debt'): [2015, 2016, 2021], ('balance', 'stockholders_equity'): [2010, 2011], ('cashflow', 'depreciation_amortization'): [2016], ('cashflow', 'financing_cash_flow'): [2018, 2020]}
2026-08-15 12:43:42,570 INFO    findata.database.edgar_ | MCRI processed: {'text_filings': 0, 'sections': 0, 'form4_rows': 0, 'income': 897, 'balance': 638, 'cashflow': 616, 'errors': 0, 'incomplete_years': 9}
2026-08-15 12:43:42,760 WARNING findata.database.edgar_ | ZD: incomplete quarterly coverage for 11 (item, year) pair(s): {('balance', 'cash_and_equivalents'): [2009], ('balance', 'short_term_debt'): [2024, 2025], ('balance', 'short_term_investments'): [2017, 2019, 2020], ('balance', 'stockholders_equity'): [2009, 2010], ('income', 'gross_profit'): [2022], ('income', 'operating_expenses'): [2022, 2023]}
2026-08-15 12:43:42,762 INFO    findata.database.edgar_ | ZD processed: {'text_filings': 0, 'sections': 0, 'form4_rows': 0, 'income': 1083, 'balance': 752, 'cashflow': 825, 'errors': 0, 'incomplete_years': 11}
2026-08-15 12:43:42,871 WARNING findata.database.edgar_ | SFIX: incomplete quarterly coverage for 4 (item, year) pair(s): {('balance', 'stockholders_equity'): [2017], ('cashflow', 'stock_buybacks'): [2021, 2022, 2023]}
2026-08-15 12:43:42,872 INFO    findata.database.edgar_ | SFIX processed: {'text_filings': 0, 'sections': 0, 'form4_rows': 0, 'income': 531, 'balance': 278, 'cashflow': 378, 'errors': 0, 'incomplete_years': 4}
2026-08-15 12:43:45,301 WARNING findata.database.edgar_ | PBYI: incomplete quarterly coverage for 19 (item, year) pair(s): {('balance', 'cash_and_equivalents'): [2009, 2010], ('balance', 'short_term_debt'): [2022, 2023], ('balance', 'short_term_investments'): [2017, 2018], ('balance', 'stockholders_equity'): [2009, 2010, 2011], ('cashflow', 'capex'): [2013, 2020, 2021, 2022, 2023], ('cashflow', 'financing_cash_flow'): [2013, 2020], ('income', 'cost_of_revenue'): [2019, 2020], ('income', 'rnd_expense'): [2022]}
2026-08-15 12:43:45,302 INFO    findata.database.edgar_ | PBYI processed: {'text_filings': 0, 'sections': 0, 'form4_rows': 0, 'income': 828, 'balance': 643, 'cashflow': 544, 'errors': 0, 'incomplete_years': 19}
2026-08-15 12:43:45,459 WARNING findata.database.edgar_ | ASYS: incomplete quarterly coverage for 4 (item, year) pair(s): {('balance', 'cash_and_equivalents'): [2010], ('balance', 'stockholders_equity'): [2010, 2011], ('cashflow', 'stock_buybacks'): [2020]}
2026-08-15 12:43:45,460 INFO    findata.database.edgar_ | ASYS processed: {'text_filings': 0, 'sections': 0, 'form4_rows': 0, 'income': 971, 'balance': 719, 'cashflow': 613, 'errors': 0, 'incomplete_years': 4}
2026-08-15 12:43:45,717 WARNING findata.database.edgar_ | PTC: incomplete quarterly coverage for 13 (item, year) pair(s): {('balance', 'cash_and_equivalents'): [2009], ('balance', 'short_term_debt'): [2022, 2023], ('balance', 'stockholders_equity'): [2009, 2010], ('cashflow', 'stock_buybacks'): [2011, 2015, 2016, 2017, 2018, 2019, 2020], ('income', 'costs_and_expenses'): [2013]}
2026-08-15 12:43:45,718 INFO    findata.database.edgar_ | PTC processed: {'text_filings': 0, 'sections': 0, 'form4_rows': 0, 'income': 1194, 'balance': 645, 'cashflow': 710, 'errors': 0, 'incomplete_years': 13}
2026-08-15 12:43:45,912 WARNING findata.database.edgar_ | VFC: incomplete quarterly coverage for 90 (item, year) pair(s): {('balance', 'cash_and_equivalents'): [2008], ('balance', 'short_term_investments'): [2022], ('cashflow', 'stock_buybacks'): [2019, 2020, 2021, 2022, 2023], ('income', 'cost_of_revenue'): [2019, 2020, 2021, 2022, 2023, 2024, 2025], ('income', 'costs_and_expenses'): [2019, 2020, 2021, 2022, 2023, 2024, 2025], ('income', 'eps_basic'): [2021, 2022, 2023, 2024, 2025], ('income', 'eps_diluted'): [2021, 2022, 2023, 2024, 2025], ('income', 'income_tax'): [2019, 2020, 2021, 2022, 2023, 2024, 2025], ('income', 'interest_expense'): [2019, 2020, 2021, 2022, 2023, 2024, 2025], ('income', 'net_income'): [2021, 2022, 2023, 2024, 2025], ('income', 'operating_expenses'): [2019, 2020, 2021, 2022, 2023, 2024, 2025], ('income', 'operating_income'): [2021, 2022, 2023, 2024, 2025], ('income', 'pretax_income'): [2019, 2020, 2021, 2022, 2023, 2024, 2025], ('income', 'revenue'): [2021, 2022, 2023, 2024, 2025], ('income', 'shares_basic'): [2011, 2019, 2020, 2021, 2022, 2023, 2024, 2025], ('income', 'shares_diluted'): [2011, 2019, 2020, 2021, 2022, 2023, 2024, 2025]}
2026-08-15 12:43:45,913 INFO    findata.database.edgar_ | VFC processed: {'text_filings': 0, 'sections': 0, 'form4_rows': 0, 'income': 1078, 'balance': 861, 'cashflow': 878, 'errors': 0, 'incomplete_years': 90}
2026-08-15 12:43:46,112 WARNING findata.database.edgar_ | CLF: incomplete quarterly coverage for 18 (item, year) pair(s): {('balance', 'assets'): [2010], ('balance', 'assets_current'): [2010], ('balance', 'cash_and_equivalents'): [2008, 2009], ('balance', 'goodwill'): [2010, 2019], ('balance', 'inventory'): [2010, 2019], ('balance', 'liabilities'): [2010], ('balance', 'liabilities_current'): [2010], ('balance', 'long_term_debt'): [2010], ('balance', 'short_term_debt'): [2015, 2020, 2021], ('balance', 'stockholders_equity'): [2008, 2009, 2010], ('income', 'interest_expense'): [2012]}
2026-08-15 12:43:46,113 INFO    findata.database.edgar_ | CLF processed: {'text_filings': 0, 'sections': 0, 'form4_rows': 0, 'income': 1104, 'balance': 779, 'cashflow': 813, 'errors': 0, 'incomplete_years': 18}
2026-08-15 12:43:48,228 INFO    findata.database.edgar_ | FTS processed: {'text_filings': 0, 'sections': 0, 'form4_rows': 0, 'income': 269, 'balance': 224, 'cashflow': 246, 'errors': 0, 'incomplete_years': 0}
2026-08-15 12:43:48,402 WARNING findata.database.edgar_ | CCOI: incomplete quarterly coverage for 9 (item, year) pair(s): {('balance', 'cash_and_equivalents'): [2010], ('balance', 'stockholders_equity'): [2010, 2011], ('cashflow', 'stock_buybacks'): [2016, 2017, 2020, 2024, 2025], ('income', 'interest_expense'): [2024]}
2026-08-15 12:43:48,403 INFO    findata.database.edgar_ | CCOI processed: {'text_filings': 0, 'sections': 0, 'form4_rows': 0, 'income': 1059, 'balance': 514, 'cashflow': 752, 'errors': 0, 'incomplete_years': 9}
2026-08-15 12:43:48,578 WARNING findata.database.edgar_ | GPI: incomplete quarterly coverage for 8 (item, year) pair(s): {('balance', 'cash_and_equivalents'): [2010], ('balance', 'goodwill'): [2011], ('balance', 'short_term_debt'): [2012], ('balance', 'stockholders_equity'): [2010, 2011], ('cashflow', 'depreciation_amortization'): [2022, 2024, 2025]}
2026-08-15 12:43:48,579 INFO    findata.database.edgar_ | GPI processed: {'text_filings': 0, 'sections': 0, 'form4_rows': 0, 'income': 978, 'balance': 627, 'cashflow': 800, 'errors': 0, 'incomplete_years': 8}
2026-08-15 12:43:48,645 WARNING findata.database.edgar_ | SAR: incomplete quarterly coverage for 6 (item, year) pair(s): {('balance', 'cash_and_equivalents'): [2022], ('balance', 'shares_outstanding'): [2020, 2021, 2022, 2023], ('balance', 'stockholders_equity'): [2022]}
2026-08-15 12:43:48,646 INFO    findata.database.edgar_ | SAR processed: {'text_filings': 0, 'sections': 0, 'form4_rows': 0, 'income': 183, 'balance': 129, 'cashflow': 116, 'errors': 0, 'incomplete_years': 6}
2026-08-15 12:43:48,842 WARNING findata.database.edgar_ | IBOC: incomplete quarterly coverage for 17 (item, year) pair(s): {('balance', 'cash_and_equivalents'): [2009], ('balance', 'stockholders_equity'): [2009, 2010], ('cashflow', 'dividends_paid'): [2011, 2012, 2013, 2014, 2015, 2016, 2017, 2018, 2019, 2020], ('cashflow', 'stock_buybacks'): [2011, 2018, 2025], ('income', 'interest_expense'): [2024]}
2026-08-15 12:43:48,844 INFO    findata.database.edgar_ | IBOC processed: {'text_filings': 0, 'sections': 0, 'form4_rows': 0, 'income': 763, 'balance': 423, 'cashflow': 689, 'errors': 0, 'incomplete_years': 17}
2026-08-15 12:43:51,740 WARNING findata.database.edgar_ | BNY: incomplete quarterly coverage for 37 (item, year) pair(s): {('balance', 'cash_and_equivalents'): [2008], ('balance', 'long_term_debt'): [2010, 2011, 2012, 2013, 2014, 2015, 2016, 2017, 2018, 2019, 2020], ('balance', 'stockholders_equity'): [2008, 2009], ('cashflow', 'capex'): [2010, 2011, 2012], ('cashflow', 'depreciation_amortization'): [2010, 2011, 2012], ('cashflow', 'dividends_paid'): [2010, 2011, 2012], ('cashflow', 'financing_cash_flow'): [2010, 2011, 2012], ('cashflow', 'investing_cash_flow'): [2010, 2011, 2012], ('cashflow', 'operating_cash_flow'): [2010, 2011, 2012], ('cashflow', 'stock_buybacks'): [2010, 2011, 2012], ('income', 'interest_expense'): [2024], ('income', 'pretax_income'): [2016]}
2026-08-15 12:43:51,742 INFO    findata.database.edgar_ | BNY processed: {'text_filings': 0, 'sections': 0, 'form4_rows': 0, 'income': 748, 'balance': 479, 'cashflow': 917, 'errors': 0, 'incomplete_years': 37}
2026-08-15 12:43:51,910 WARNING findata.database.edgar_ | ABBV: incomplete quarterly coverage for 7 (item, year) pair(s): {('balance', 'short_term_investments'): [2020], ('income', 'gross_profit'): [2020, 2021, 2022, 2023, 2024, 2025]}
2026-08-15 12:43:51,911 INFO    findata.database.edgar_ | ABBV processed: {'text_filings': 0, 'sections': 0, 'form4_rows': 0, 'income': 983, 'balance': 608, 'cashflow': 727, 'errors': 0, 'incomplete_years': 7}
2026-08-15 12:43:52,162 WARNING findata.database.edgar_ | CAG: incomplete quarterly coverage for 7 (item, year) pair(s): {('cashflow', 'stock_buybacks'): [2012, 2020, 2024], ('income', 'interest_expense'): [2016], ('income', 'operating_income'): [2016], ('income', 'shares_basic'): [2012], ('income', 'shares_diluted'): [2012]}
2026-08-15 12:43:52,163 INFO    findata.database.edgar_ | CAG processed: {'text_filings': 0, 'sections': 0, 'form4_rows': 0, 'income': 999, 'balance': 787, 'cashflow': 913, 'errors': 0, 'incomplete_years': 7}
2026-08-15 12:43:52,317 WARNING findata.database.edgar_ | QSR: incomplete quarterly coverage for 8 (item, year) pair(s): {('balance', 'cash_and_equivalents'): [2013], ('balance', 'goodwill'): [2014], ('balance', 'stockholders_equity'): [2013, 2014], ('cashflow', 'stock_buybacks'): [2024, 2025], ('income', 'cost_of_revenue'): [2024], ('income', 'interest_expense'): [2016]}
2026-08-15 12:43:52,318 INFO    findata.database.edgar_ | QSR processed: {'text_filings': 0, 'sections': 0, 'form4_rows': 0, 'income': 795, 'balance': 593, 'cashflow': 578, 'errors': 0, 'incomplete_years': 8}
2026-08-15 12:43:52,448 WARNING findata.database.edgar_ | RBBN: incomplete quarterly coverage for 3 (item, year) pair(s): {('balance', 'cash_and_equivalents'): [2016], ('balance', 'stockholders_equity'): [2016, 2017]}
2026-08-15 12:43:52,449 INFO    findata.database.edgar_ | RBBN processed: {'text_filings': 0, 'sections': 0, 'form4_rows': 0, 'income': 673, 'balance': 453, 'cashflow': 363, 'errors': 0, 'incomplete_years': 3}
2026-08-15 12:43:55,216 WARNING findata.database.edgar_ | ATNI: incomplete quarterly coverage for 11 (item, year) pair(s): {('balance', 'cash_and_equivalents'): [2010], ('balance', 'long_term_debt'): [2013, 2014], ('balance', 'short_term_debt'): [2013, 2014], ('balance', 'short_term_investments'): [2020, 2021], ('balance', 'stockholders_equity'): [2010, 2011], ('cashflow', 'dividends_paid'): [2013], ('cashflow', 'stock_buybacks'): [2019]}
2026-08-15 12:43:55,217 INFO    findata.database.edgar_ | ATNI processed: {'text_filings': 0, 'sections': 0, 'form4_rows': 0, 'income': 883, 'balance': 716, 'cashflow': 813, 'errors': 0, 'incomplete_years': 11}
2026-08-15 12:43:55,333 INFO    findata.database.edgar_ | ESLT processed: {'text_filings': 0, 'sections': 0, 'form4_rows': 0, 'income': 244, 'balance': 195, 'cashflow': 113, 'errors': 0, 'incomplete_years': 0}
2026-08-15 12:43:55,483 INFO    findata.database.edgar_ | WMS processed: {'text_filings': 0, 'sections': 0, 'form4_rows': 0, 'income': 701, 'balance': 608, 'cashflow': 659, 'errors': 0, 'incomplete_years': 0}
2026-08-15 12:43:55,629 WARNING findata.database.edgar_ | AXS: incomplete quarterly coverage for 10 (item, year) pair(s): {('balance', 'cash_and_equivalents'): [2009], ('balance', 'goodwill'): [2011, 2012, 2013, 2014, 2015, 2016, 2017], ('cashflow', 'stock_buybacks'): [2021, 2022]}
2026-08-15 12:43:55,630 INFO    findata.database.edgar_ | AXS processed: {'text_filings': 0, 'sections': 0, 'form4_rows': 0, 'income': 765, 'balance': 442, 'cashflow': 579, 'errors': 0, 'incomplete_years': 10}
2026-08-15 12:43:55,801 WARNING findata.database.edgar_ | BRO: incomplete quarterly coverage for 8 (item, year) pair(s): {('balance', 'cash_and_equivalents'): [2009], ('balance', 'short_term_debt'): [2014], ('balance', 'stockholders_equity'): [2009, 2010], ('cashflow', 'stock_buybacks'): [2025], ('income', 'operating_expenses'): [2024], ('income', 'shares_basic'): [2021], ('income', 'shares_diluted'): [2021]}
2026-08-15 12:43:55,802 INFO    findata.database.edgar_ | BRO processed: {'text_filings': 0, 'sections': 0, 'form4_rows': 0, 'income': 849, 'balance': 725, 'cashflow': 887, 'errors': 0, 'incomplete_years': 8}
2026-08-15 12:43:58,123 WARNING findata.database.edgar_ | CNOB: incomplete quarterly coverage for 6 (item, year) pair(s): {('balance', 'cash_and_equivalents'): [2011], ('balance', 'stockholders_equity'): [2010], ('income', 'shares_basic'): [2016, 2019], ('income', 'shares_diluted'): [2016, 2019]}
2026-08-15 12:43:58,124 INFO    findata.database.edgar_ | CNOB processed: {'text_filings': 0, 'sections': 0, 'form4_rows': 0, 'income': 695, 'balance': 476, 'cashflow': 734, 'errors': 0, 'incomplete_years': 6}
2026-08-15 12:43:58,277 WARNING findata.database.edgar_ | HR: incomplete quarterly coverage for 13 (item, year) pair(s): {('balance', 'cash_and_equivalents'): [2010], ('balance', 'long_term_debt'): [2013], ('balance', 'shares_outstanding'): [2012, 2014, 2015, 2016], ('balance', 'stockholders_equity'): [2010], ('cashflow', 'capex'): [2025], ('income', 'costs_and_expenses'): [2022], ('income', 'operating_expenses'): [2022], ('income', 'operating_income'): [2018], ('income', 'shares_basic'): [2014], ('income', 'shares_diluted'): [2014]}
2026-08-15 12:43:58,278 INFO    findata.database.edgar_ | HR processed: {'text_filings': 0, 'sections': 0, 'form4_rows': 0, 'income': 719, 'balance': 417, 'cashflow': 830, 'errors': 0, 'incomplete_years': 13}
2026-08-15 12:43:58,432 WARNING findata.database.edgar_ | GYRE: incomplete quarterly coverage for 27 (item, year) pair(s): {('balance', 'cash_and_equivalents'): [2010], ('balance', 'inventory'): [2025], ('balance', 'long_term_debt'): [2014], ('balance', 'short_term_debt'): [2014], ('balance', 'short_term_investments'): [2017], ('balance', 'stockholders_equity'): [2010, 2011], ('cashflow', 'capex'): [2014, 2015, 2020, 2021], ('cashflow', 'financing_cash_flow'): [2016], ('income', 'gross_profit'): [2025], ('income', 'income_tax'): [2012, 2015], ('income', 'interest_expense'): [2015], ('income', 'pretax_income'): [2015], ('income', 'revenue'): [2013, 2015, 2017, 2018, 2022], ('income', 'rnd_expense'): [2022], ('income', 'shares_basic'): [2015, 2016], ('income', 'shares_diluted'): [2015, 2016]}
2026-08-15 12:43:58,433 INFO    findata.database.edgar_ | GYRE processed: {'text_filings': 0, 'sections': 0, 'form4_rows': 0, 'income': 858, 'balance': 599, 'cashflow': 563, 'errors': 0, 'incomplete_years': 27}
2026-08-15 12:43:58,631 WARNING findata.database.edgar_ | CIEN: incomplete quarterly coverage for 20 (item, year) pair(s): {('balance', 'cash_and_equivalents'): [2009], ('balance', 'goodwill'): [2011, 2014, 2015], ('balance', 'long_term_debt'): [2015, 2016, 2017, 2018, 2019, 2020, 2021, 2022], ('balance', 'short_term_debt'): [2021, 2022], ('balance', 'short_term_investments'): [2011], ('balance', 'stockholders_equity'): [2009, 2010], ('cashflow', 'depreciation_amortization'): [2013], ('income', 'shares_basic'): [2019], ('income', 'shares_diluted'): [2019]}
2026-08-15 12:43:58,632 INFO    findata.database.edgar_ | CIEN processed: {'text_filings': 0, 'sections': 0, 'form4_rows': 0, 'income': 1188, 'balance': 768, 'cashflow': 671, 'errors': 0, 'incomplete_years': 20}
2026-08-15 12:43:58,829 WARNING findata.database.edgar_ | NI: incomplete quarterly coverage for 3 (item, year) pair(s): {('balance', 'cash_and_equivalents'): [2009], ('balance', 'stockholders_equity'): [2009, 2010]}
2026-08-15 12:43:58,830 INFO    findata.database.edgar_ | NI processed: {'text_filings': 0, 'sections': 0, 'form4_rows': 0, 'income': 1005, 'balance': 730, 'cashflow': 858, 'errors': 0, 'incomplete_years': 3}
2026-08-15 12:44:01,027 INFO    findata.database.edgar_ | GIL processed: {'text_filings': 0, 'sections': 0, 'form4_rows': 0, 'income': 22, 'balance': 39, 'cashflow': 0, 'errors': 0, 'incomplete_years': 0}
2026-08-15 12:44:01,220 WARNING findata.database.edgar_ | AON: incomplete quarterly coverage for 15 (item, year) pair(s): {('balance', 'cash_and_equivalents'): [2008], ('balance', 'shares_outstanding'): [2016, 2017, 2018, 2019, 2020, 2021, 2022, 2023, 2024, 2025], ('balance', 'stockholders_equity'): [2008, 2009], ('cashflow', 'stock_buybacks'): [2018, 2019]}
2026-08-15 12:44:01,221 INFO    findata.database.edgar_ | AON processed: {'text_filings': 0, 'sections': 0, 'form4_rows': 0, 'income': 1042, 'balance': 799, 'cashflow': 862, 'errors': 0, 'incomplete_years': 15}
2026-08-15 12:44:01,396 WARNING findata.database.edgar_ | AN: incomplete quarterly coverage for 5 (item, year) pair(s): {('balance', 'cash_and_equivalents'): [2009], ('balance', 'long_term_debt'): [2025], ('balance', 'short_term_debt'): [2025], ('cashflow', 'capex'): [2012], ('cashflow', 'depreciation_amortization'): [2012]}
2026-08-15 12:44:01,397 INFO    findata.database.edgar_ | AN processed: {'text_filings': 0, 'sections': 0, 'form4_rows': 0, 'income': 1021, 'balance': 726, 'cashflow': 633, 'errors': 0, 'incomplete_years': 5}
2026-08-15 12:44:01,428 INFO    findata.database.edgar_ | BTG processed: {'text_filings': 0, 'sections': 0, 'form4_rows': 0, 'income': 39, 'balance': 29, 'cashflow': 0, 'errors': 0, 'incomplete_years': 0}
2026-08-15 12:44:01,646 WARNING findata.database.edgar_ | VRSK: incomplete quarterly coverage for 4 (item, year) pair(s): {('balance', 'shares_outstanding'): [2013], ('balance', 'stockholders_equity'): [2010], ('income', 'eps_basic'): [2019], ('income', 'eps_diluted'): [2019]}
2026-08-15 12:44:01,647 INFO    findata.database.edgar_ | VRSK processed: {'text_filings': 0, 'sections': 0, 'form4_rows': 0, 'income': 1071, 'balance': 668, 'cashflow': 855, 'errors': 0, 'incomplete_years': 4}
2026-08-15 12:44:03,591 INFO    findata.database.edgar_ | HSBC processed: {'text_filings': 0, 'sections': 0, 'form4_rows': 0, 'income': 22, 'balance': 47, 'cashflow': 0, 'errors': 0, 'incomplete_years': 0}
2026-08-15 12:44:03,740 WARNING findata.database.edgar_ | TRST: incomplete quarterly coverage for 11 (item, year) pair(s): {('balance', 'cash_and_equivalents'): [2010], ('balance', 'shares_outstanding'): [2014, 2015, 2016, 2017, 2018, 2019], ('cashflow', 'stock_buybacks'): [2024], ('income', 'interest_expense'): [2024], ('income', 'shares_basic'): [2021], ('income', 'shares_diluted'): [2021]}
2026-08-15 12:44:03,741 INFO    findata.database.edgar_ | TRST processed: {'text_filings': 0, 'sections': 0, 'form4_rows': 0, 'income': 704, 'balance': 404, 'cashflow': 770, 'errors': 0, 'incomplete_years': 11}
2026-08-15 12:44:03,918 WARNING findata.database.edgar_ | AVA: incomplete quarterly coverage for 3 (item, year) pair(s): {('balance', 'cash_and_equivalents'): [2009], ('balance', 'long_term_debt'): [2023], ('income', 'interest_expense'): [2020]}
2026-08-15 12:44:03,919 INFO    findata.database.edgar_ | AVA processed: {'text_filings': 0, 'sections': 0, 'form4_rows': 0, 'income': 1001, 'balance': 788, 'cashflow': 787, 'errors': 0, 'incomplete_years': 3}
2026-08-15 12:44:04,111 WARNING findata.database.edgar_ | SLAB: incomplete quarterly coverage for 10 (item, year) pair(s): {('balance', 'cash_and_equivalents'): [2009], ('balance', 'liabilities_noncurrent'): [2012], ('balance', 'short_term_debt'): [2016], ('balance', 'stockholders_equity'): [2009, 2010], ('cashflow', 'stock_buybacks'): [2012, 2013, 2014, 2018, 2021]}
2026-08-15 12:44:04,112 INFO    findata.database.edgar_ | SLAB processed: {'text_filings': 0, 'sections': 0, 'form4_rows': 0, 'income': 1178, 'balance': 776, 'cashflow': 698, 'errors': 0, 'incomplete_years': 10}
2026-08-15 12:44:04,209 INFO    findata.database.edgar_ | NOA processed: {'text_filings': 0, 'sections': 0, 'form4_rows': 0, 'income': 176, 'balance': 192, 'cashflow': 114, 'errors': 0, 'incomplete_years': 0}
2026-08-15 12:44:06,205 WARNING findata.database.edgar_ | VLGEA: incomplete quarterly coverage for 3 (item, year) pair(s): {('balance', 'long_term_debt'): [2013, 2014], ('balance', 'stockholders_equity'): [2011]}
2026-08-15 12:44:06,207 INFO    findata.database.edgar_ | VLGEA processed: {'text_filings': 0, 'sections': 0, 'form4_rows': 0, 'income': 632, 'balance': 516, 'cashflow': 791, 'errors': 0, 'incomplete_years': 3}
2026-08-15 12:44:06,385 WARNING findata.database.edgar_ | FHN: incomplete quarterly coverage for 24 (item, year) pair(s): {('balance', 'cash_and_equivalents'): [2012, 2016, 2017, 2018], ('balance', 'shares_outstanding'): [2017, 2018, 2019, 2020, 2021, 2022, 2023, 2024, 2025], ('cashflow', 'capex'): [2013, 2023], ('income', 'interest_expense'): [2024], ('income', 'revenue'): [2020, 2023], ('income', 'shares_basic'): [2011, 2012, 2013], ('income', 'shares_diluted'): [2011, 2012, 2013]}
2026-08-15 12:44:06,387 INFO    findata.database.edgar_ | FHN processed: {'text_filings': 0, 'sections': 0, 'form4_rows': 0, 'income': 761, 'balance': 439, 'cashflow': 765, 'errors': 0, 'incomplete_years': 24}
2026-08-15 12:44:06,538 INFO    findata.database.edgar_ | HDB processed: {'text_filings': 0, 'sections': 0, 'form4_rows': 0, 'income': 159, 'balance': 140, 'cashflow': 126, 'errors': 0, 'incomplete_years': 0}
2026-08-15 12:44:06,711 WARNING findata.database.edgar_ | CLFD: incomplete quarterly coverage for 11 (item, year) pair(s): {('balance', 'assets_noncurrent'): [2015], ('balance', 'goodwill'): [2023], ('balance', 'liabilities_noncurrent'): [2021], ('balance', 'long_term_debt'): [2024, 2025], ('balance', 'short_term_debt'): [2025], ('balance', 'stockholders_equity'): [2011], ('cashflow', 'stock_buybacks'): [2017, 2020, 2021], ('income', 'interest_expense'): [2025]}
2026-08-15 12:44:06,712 INFO    findata.database.edgar_ | CLFD processed: {'text_filings': 0, 'sections': 0, 'form4_rows': 0, 'income': 912, 'balance': 751, 'cashflow': 639, 'errors': 0, 'incomplete_years': 11}
2026-08-15 12:44:06,820 INFO    findata.database.edgar_ | VNET processed: {'text_filings': 0, 'sections': 0, 'form4_rows': 0, 'income': 209, 'balance': 201, 'cashflow': 115, 'errors': 0, 'incomplete_years': 0}
2026-08-15 12:44:08,821 WARNING findata.database.edgar_ | CRAI: incomplete quarterly coverage for 6 (item, year) pair(s): {('balance', 'assets'): [2011], ('balance', 'cash_and_equivalents'): [2010], ('balance', 'liabilities_noncurrent'): [2016], ('balance', 'stockholders_equity'): [2010], ('cashflow', 'stock_buybacks'): [2017], ('income', 'gross_profit'): [2017]}
2026-08-15 12:44:08,822 INFO    findata.database.edgar_ | CRAI processed: {'text_filings': 0, 'sections': 0, 'form4_rows': 0, 'income': 777, 'balance': 568, 'cashflow': 793, 'errors': 0, 'incomplete_years': 6}
2026-08-15 12:44:09,013 WARNING findata.database.edgar_ | PZZA: incomplete quarterly coverage for 6 (item, year) pair(s): {('balance', 'shares_outstanding'): [2011], ('balance', 'short_term_debt'): [2021, 2022, 2025], ('balance', 'stockholders_equity'): [2008], ('income', 'pretax_income'): [2020]}
2026-08-15 12:44:09,014 INFO    findata.database.edgar_ | PZZA processed: {'text_filings': 0, 'sections': 0, 'form4_rows': 0, 'income': 1056, 'balance': 774, 'cashflow': 882, 'errors': 0, 'incomplete_years': 6}
2026-08-15 12:44:09,201 WARNING findata.database.edgar_ | HAE: incomplete quarterly coverage for 10 (item, year) pair(s): {('balance', 'stockholders_equity'): [2010], ('cashflow', 'stock_buybacks'): [2012, 2013, 2020, 2022, 2023, 2024, 2025, 2026], ('income', 'interest_expense'): [2012]}
2026-08-15 12:44:09,202 INFO    findata.database.edgar_ | HAE processed: {'text_filings': 0, 'sections': 0, 'form4_rows': 0, 'income': 1152, 'balance': 716, 'cashflow': 717, 'errors': 0, 'incomplete_years': 10}
2026-08-15 12:44:09,427 WARNING findata.database.edgar_ | EXPD: incomplete quarterly coverage for 5 (item, year) pair(s): {('balance', 'short_term_investments'): [2012, 2013], ('balance', 'stockholders_equity'): [2008, 2009], ('income', 'gross_profit'): [2013]}
2026-08-15 12:44:09,428 INFO    findata.database.edgar_ | EXPD processed: {'text_filings': 0, 'sections': 0, 'form4_rows': 0, 'income': 1059, 'balance': 592, 'cashflow': 1116, 'errors': 0, 'incomplete_years': 5}
2026-08-15 12:44:09,613 WARNING findata.database.edgar_ | NOV: incomplete quarterly coverage for 9 (item, year) pair(s): {('balance', 'cash_and_equivalents'): [2008], ('balance', 'short_term_debt'): [2013, 2014, 2021], ('balance', 'stockholders_equity'): [2008, 2009], ('cashflow', 'stock_buybacks'): [2024], ('income', 'shares_basic'): [2014], ('income', 'shares_diluted'): [2014]}
2026-08-15 12:44:09,614 INFO    findata.database.edgar_ | NOV processed: {'text_filings': 0, 'sections': 0, 'form4_rows': 0, 'income': 1056, 'balance': 820, 'cashflow': 771, 'errors': 0, 'incomplete_years': 9}
2026-08-15 12:44:11,439 WARNING findata.database.edgar_ | BOX: incomplete quarterly coverage for 8 (item, year) pair(s): {('balance', 'stockholders_equity'): [2015], ('cashflow', 'capex'): [2021], ('income', 'shares_basic'): [2021, 2022, 2023], ('income', 'shares_diluted'): [2021, 2022, 2023]}
2026-08-15 12:44:11,440 INFO    findata.database.edgar_ | BOX processed: {'text_filings': 0, 'sections': 0, 'form4_rows': 0, 'income': 813, 'balance': 456, 'cashflow': 541, 'errors': 0, 'incomplete_years': 8}
2026-08-15 12:44:11,537 WARNING findata.database.edgar_ | AUPH: incomplete quarterly coverage for 10 (item, year) pair(s): {('balance', 'assets'): [2018, 2019, 2020], ('balance', 'cash_and_equivalents'): [2019], ('balance', 'liabilities'): [2018, 2019, 2020], ('balance', 'shares_outstanding'): [2019, 2020], ('balance', 'stockholders_equity'): [2019]}
2026-08-15 12:44:11,538 INFO    findata.database.edgar_ | AUPH processed: {'text_filings': 0, 'sections': 0, 'form4_rows': 0, 'income': 491, 'balance': 235, 'cashflow': 217, 'errors': 0, 'incomplete_years': 10}
2026-08-15 12:44:11,749 WARNING findata.database.edgar_ | NRG: incomplete quarterly coverage for 6 (item, year) pair(s): {('balance', 'assets_noncurrent'): [2019], ('balance', 'cash_and_equivalents'): [2008], ('balance', 'stockholders_equity'): [2008, 2009], ('cashflow', 'dividends_paid'): [2023], ('cashflow', 'stock_buybacks'): [2010]}
2026-08-15 12:44:11,750 INFO    findata.database.edgar_ | NRG processed: {'text_filings': 0, 'sections': 0, 'form4_rows': 0, 'income': 1214, 'balance': 928, 'cashflow': 829, 'errors': 0, 'incomplete_years': 6}
2026-08-15 12:44:11,907 WARNING findata.database.edgar_ | ACAD: incomplete quarterly coverage for 15 (item, year) pair(s): {('balance', 'cash_and_equivalents'): [2010], ('balance', 'liabilities'): [2013], ('balance', 'stockholders_equity'): [2010, 2011], ('cashflow', 'capex'): [2023, 2024], ('income', 'income_tax'): [2020], ('income', 'shares_basic'): [2020, 2021, 2022, 2023], ('income', 'shares_diluted'): [2020, 2021, 2022, 2023]}
2026-08-15 12:44:11,908 INFO    findata.database.edgar_ | ACAD processed: {'text_filings': 0, 'sections': 0, 'form4_rows': 0, 'income': 961, 'balance': 568, 'cashflow': 543, 'errors': 0, 'incomplete_years': 15}
2026-08-15 12:44:11,939 INFO    findata.database.edgar_ | DRD processed: {'text_filings': 0, 'sections': 0, 'form4_rows': 0, 'income': 40, 'balance': 25, 'cashflow': 0, 'errors': 0, 'incomplete_years': 0}
2026-08-15 12:44:14,854 WARNING findata.database.edgar_ | YEXT: incomplete quarterly coverage for 10 (item, year) pair(s): {('balance', 'long_term_debt'): [2019, 2025, 2026], ('balance', 'stockholders_equity'): [2017], ('income', 'interest_expense'): [2019, 2020, 2021, 2022, 2024], ('income', 'pretax_income'): [2021]}
2026-08-15 12:44:14,856 INFO    findata.database.edgar_ | YEXT processed: {'text_filings': 0, 'sections': 0, 'form4_rows': 0, 'income': 708, 'balance': 362, 'cashflow': 417, 'errors': 0, 'incomplete_years': 10}
2026-08-15 12:44:15,030 WARNING findata.database.edgar_ | TRIP: incomplete quarterly coverage for 19 (item, year) pair(s): {('balance', 'cash_and_equivalents'): [2010], ('balance', 'shares_outstanding'): [2012, 2013], ('balance', 'short_term_debt'): [2018, 2023, 2024], ('balance', 'short_term_investments'): [2012, 2014, 2015, 2018, 2021], ('balance', 'stockholders_equity'): [2010, 2011], ('cashflow', 'stock_buybacks'): [2022, 2023, 2024, 2025], ('income', 'cost_of_revenue'): [2013, 2018]}
2026-08-15 12:44:15,031 INFO    findata.database.edgar_ | TRIP processed: {'text_filings': 0, 'sections': 0, 'form4_rows': 0, 'income': 994, 'balance': 632, 'cashflow': 636, 'errors': 0, 'incomplete_years': 19}
2026-08-15 12:44:15,058 INFO    findata.database.edgar_ | GGAL processed: {'text_filings': 0, 'sections': 0, 'form4_rows': 0, 'income': 24, 'balance': 22, 'cashflow': 0, 'errors': 0, 'incomplete_years': 0}
2026-08-15 12:44:15,254 WARNING findata.database.edgar_ | F: incomplete quarterly coverage for 9 (item, year) pair(s): {('balance', 'cash_and_equivalents'): [2008], ('balance', 'goodwill'): [2017, 2024, 2025], ('balance', 'stockholders_equity'): [2008], ('income', 'interest_expense'): [2015, 2018, 2020, 2025]}
2026-08-15 12:44:15,255 INFO    findata.database.edgar_ | F processed: {'text_filings': 0, 'sections': 0, 'form4_rows': 0, 'income': 1099, 'balance': 515, 'cashflow': 793, 'errors': 0, 'incomplete_years': 9}
2026-08-15 12:44:15,368 INFO    findata.database.edgar_ | QGEN processed: {'text_filings': 0, 'sections': 0, 'form4_rows': 0, 'income': 233, 'balance': 225, 'cashflow': 109, 'errors': 0, 'incomplete_years': 0}
2026-08-15 12:44:17,875 WARNING findata.database.edgar_ | COTY: incomplete quarterly coverage for 5 (item, year) pair(s): {('cashflow', 'dividends_paid'): [2021, 2022, 2023, 2024, 2025]}
2026-08-15 12:44:17,876 INFO    findata.database.edgar_ | COTY processed: {'text_filings': 0, 'sections': 0, 'form4_rows': 0, 'income': 839, 'balance': 603, 'cashflow': 605, 'errors': 0, 'incomplete_years': 5}
2026-08-15 12:44:18,057 WARNING findata.database.edgar_ | AOS: incomplete quarterly coverage for 5 (item, year) pair(s): {('balance', 'cash_and_equivalents'): [2009], ('balance', 'short_term_debt'): [2018], ('balance', 'stockholders_equity'): [2010], ('income', 'shares_basic'): [2015], ('income', 'shares_diluted'): [2015]}
2026-08-15 12:44:18,058 INFO    findata.database.edgar_ | AOS processed: {'text_filings': 0, 'sections': 0, 'form4_rows': 0, 'income': 1029, 'balance': 727, 'cashflow': 855, 'errors': 0, 'incomplete_years': 5}
2026-08-15 12:44:18,268 WARNING findata.database.edgar_ | ANET: incomplete quarterly coverage for 4 (item, year) pair(s): {('balance', 'cash_and_equivalents'): [2013], ('balance', 'goodwill'): [2024], ('balance', 'stockholders_equity'): [2013, 2014]}
2026-08-15 12:44:18,269 INFO    findata.database.edgar_ | ANET processed: {'text_filings': 0, 'sections': 0, 'form4_rows': 0, 'income': 873, 'balance': 492, 'cashflow': 549, 'errors': 0, 'incomplete_years': 4}
2026-08-15 12:44:18,454 WARNING findata.database.edgar_ | LECO: incomplete quarterly coverage for 22 (item, year) pair(s): {('balance', 'cash_and_equivalents'): [2009], ('balance', 'goodwill'): [2011, 2012, 2013, 2014, 2015], ('balance', 'liabilities'): [2017, 2018, 2019], ('balance', 'liabilities_noncurrent'): [2019], ('balance', 'short_term_debt'): [2015, 2016, 2017, 2018, 2019, 2020, 2021, 2022, 2023, 2024], ('balance', 'stockholders_equity'): [2009, 2010]}
2026-08-15 12:44:18,455 INFO    findata.database.edgar_ | LECO processed: {'text_filings': 0, 'sections': 0, 'form4_rows': 0, 'income': 1046, 'balance': 699, 'cashflow': 854, 'errors': 0, 'incomplete_years': 22}
2026-08-15 12:44:18,532 WARNING findata.database.edgar_ | APO: incomplete quarterly coverage for 3 (item, year) pair(s): {('balance', 'goodwill'): [2023, 2024, 2025]}
2026-08-15 12:44:18,533 INFO    findata.database.edgar_ | APO processed: {'text_filings': 0, 'sections': 0, 'form4_rows': 0, 'income': 280, 'balance': 149, 'cashflow': 234, 'errors': 0, 'incomplete_years': 3}
2026-08-15 12:44:21,185 INFO    findata.database.edgar_ | BBD processed: {'text_filings': 0, 'sections': 0, 'form4_rows': 0, 'income': 42, 'balance': 53, 'cashflow': 30, 'errors': 0, 'incomplete_years': 0}
2026-08-15 12:44:21,312 WARNING findata.database.edgar_ | CTRE: incomplete quarterly coverage for 5 (item, year) pair(s): {('balance', 'cash_and_equivalents'): [2013], ('balance', 'stockholders_equity'): [2013, 2014], ('income', 'income_tax'): [2024], ('income', 'pretax_income'): [2024]}
2026-08-15 12:44:21,313 INFO    findata.database.edgar_ | CTRE processed: {'text_filings': 0, 'sections': 0, 'form4_rows': 0, 'income': 660, 'balance': 355, 'cashflow': 533, 'errors': 0, 'incomplete_years': 5}
2026-08-15 12:44:21,489 WARNING findata.database.edgar_ | VSAT: incomplete quarterly coverage for 7 (item, year) pair(s): {('balance', 'shares_outstanding'): [2013, 2014], ('balance', 'stockholders_equity'): [2010], ('cashflow', 'capex'): [2024], ('cashflow', 'stock_buybacks'): [2013], ('income', 'interest_expense'): [2012, 2018]}
2026-08-15 12:44:21,490 INFO    findata.database.edgar_ | VSAT processed: {'text_filings': 0, 'sections': 0, 'form4_rows': 0, 'income': 1012, 'balance': 743, 'cashflow': 613, 'errors': 0, 'incomplete_years': 7}
2026-08-15 12:44:21,636 WARNING findata.database.edgar_ | CQP: incomplete quarterly coverage for 13 (item, year) pair(s): {('balance', 'cash_and_equivalents'): [2010], ('balance', 'short_term_debt'): [2020, 2022], ('income', 'eps_basic'): [2022], ('income', 'eps_diluted'): [2022], ('income', 'rnd_expense'): [2017, 2018, 2019, 2020, 2021, 2022], ('income', 'shares_basic'): [2022], ('income', 'shares_diluted'): [2022]}
2026-08-15 12:44:21,637 INFO    findata.database.edgar_ | CQP processed: {'text_filings': 0, 'sections': 0, 'form4_rows': 0, 'income': 816, 'balance': 465, 'cashflow': 603, 'errors': 0, 'incomplete_years': 13}
2026-08-15 12:44:21,821 WARNING findata.database.edgar_ | WBS: incomplete quarterly coverage for 20 (item, year) pair(s): {('balance', 'cash_and_equivalents'): [2016], ('balance', 'shares_outstanding'): [2012, 2013], ('balance', 'stockholders_equity'): [2009], ('cashflow', 'capex'): [2011, 2012], ('cashflow', 'depreciation_amortization'): [2011, 2012], ('cashflow', 'dividends_paid'): [2011, 2012], ('cashflow', 'financing_cash_flow'): [2011, 2012], ('cashflow', 'investing_cash_flow'): [2011, 2012], ('cashflow', 'operating_cash_flow'): [2011, 2012], ('cashflow', 'stock_buybacks'): [2011, 2012], ('income', 'interest_expense'): [2024, 2025]}
2026-08-15 12:44:21,822 INFO    findata.database.edgar_ | WBS processed: {'text_filings': 0, 'sections': 0, 'form4_rows': 0, 'income': 798, 'balance': 463, 'cashflow': 850, 'errors': 0, 'incomplete_years': 20}
2026-08-15 12:44:23,998 INFO    findata.database.edgar_ | SNN processed: {'text_filings': 0, 'sections': 0, 'form4_rows': 0, 'income': 55, 'balance': 41, 'cashflow': 0, 'errors': 0, 'incomplete_years': 0}
2026-08-15 12:44:24,149 WARNING findata.database.edgar_ | WCN: incomplete quarterly coverage for 50 (item, year) pair(s): {('balance', 'assets'): [2012, 2013, 2014, 2015, 2016], ('balance', 'assets_current'): [2012, 2013, 2014, 2015, 2016], ('balance', 'cash_and_equivalents'): [2011, 2012, 2013, 2014, 2015], ('balance', 'goodwill'): [2012, 2013, 2014, 2015], ('balance', 'liabilities'): [2012, 2013, 2014, 2015, 2016], ('balance', 'liabilities_current'): [2012, 2013, 2014, 2015, 2016], ('balance', 'long_term_debt'): [2012, 2013, 2014, 2015, 2016], ('balance', 'shares_outstanding'): [2012, 2013, 2014, 2015, 2016], ('balance', 'short_term_debt'): [2012, 2013, 2014, 2015, 2016], ('balance', 'stockholders_equity'): [2011, 2012, 2013, 2014, 2015], ('cashflow', 'stock_buybacks'): [2024]}
2026-08-15 12:44:24,150 INFO    findata.database.edgar_ | WCN processed: {'text_filings': 0, 'sections': 0, 'form4_rows': 0, 'income': 672, 'balance': 525, 'cashflow': 574, 'errors': 0, 'incomplete_years': 50}
2026-08-15 12:44:24,309 WARNING findata.database.edgar_ | RGLD: incomplete quarterly coverage for 69 (item, year) pair(s): {('balance', 'long_term_debt'): [2021, 2022, 2025], ('income', 'cost_of_revenue'): [2022, 2023, 2024, 2025, 2026], ('income', 'costs_and_expenses'): [2022, 2023, 2024, 2025, 2026], ('income', 'eps_basic'): [2022, 2023, 2024, 2025, 2026], ('income', 'eps_diluted'): [2022, 2023, 2024, 2025, 2026], ('income', 'gross_profit'): [2022, 2023, 2024, 2025, 2026], ('income', 'income_tax'): [2022, 2023, 2024, 2025, 2026], ('income', 'interest_expense'): [2019], ('income', 'net_income'): [2022, 2023, 2024, 2025, 2026], ('income', 'operating_expenses'): [2022, 2023, 2024, 2025, 2026], ('income', 'operating_income'): [2022, 2023, 2024, 2025, 2026], ('income', 'pretax_income'): [2022, 2023, 2024, 2025, 2026], ('income', 'revenue'): [2022, 2023, 2024, 2025, 2026], ('income', 'shares_basic'): [2022, 2023, 2024, 2025, 2026], ('income', 'shares_diluted'): [2022, 2023, 2024, 2025, 2026]}
2026-08-15 12:44:24,310 INFO    findata.database.edgar_ | RGLD processed: {'text_filings': 0, 'sections': 0, 'form4_rows': 0, 'income': 936, 'balance': 581, 'cashflow': 656, 'errors': 0, 'incomplete_years': 69}
2026-08-15 12:44:24,493 WARNING findata.database.edgar_ | MGM: incomplete quarterly coverage for 14 (item, year) pair(s): {('balance', 'assets_noncurrent'): [2014], ('balance', 'cash_and_equivalents'): [2009], ('balance', 'liabilities'): [2023, 2024], ('balance', 'short_term_debt'): [2011, 2012, 2014, 2015, 2016, 2020, 2021, 2024], ('balance', 'stockholders_equity'): [2009, 2010]}
2026-08-15 12:44:24,494 INFO    findata.database.edgar_ | MGM processed: {'text_filings': 0, 'sections': 0, 'form4_rows': 0, 'income': 1010, 'balance': 767, 'cashflow': 774, 'errors': 0, 'incomplete_years': 14}
2026-08-15 12:44:24,658 WARNING findata.database.edgar_ | POWL: incomplete quarterly coverage for 20 (item, year) pair(s): {('balance', 'cash_and_equivalents'): [2010], ('balance', 'goodwill'): [2016, 2017, 2018, 2019, 2020, 2021, 2022, 2023, 2024, 2025], ('balance', 'shares_outstanding'): [2016, 2017, 2018, 2019, 2020, 2021], ('balance', 'stockholders_equity'): [2010, 2011], ('income', 'interest_expense'): [2022]}
2026-08-15 12:44:24,659 INFO    findata.database.edgar_ | POWL processed: {'text_filings': 0, 'sections': 0, 'form4_rows': 0, 'income': 972, 'balance': 706, 'cashflow': 684, 'errors': 0, 'incomplete_years': 20}
2026-08-15 12:44:27,125 WARNING findata.database.edgar_ | MUR: incomplete quarterly coverage for 20 (item, year) pair(s): {('balance', 'cash_and_equivalents'): [2008], ('balance', 'inventory'): [2015, 2016], ('balance', 'long_term_debt'): [2010], ('balance', 'shares_outstanding'): [2009], ('balance', 'short_term_debt'): [2020, 2021], ('cashflow', 'capex'): [2010], ('cashflow', 'depreciation_amortization'): [2010], ('cashflow', 'dividends_paid'): [2010], ('cashflow', 'financing_cash_flow'): [2010], ('cashflow', 'investing_cash_flow'): [2010], ('cashflow', 'operating_cash_flow'): [2010], ('cashflow', 'stock_buybacks'): [2015, 2018, 2019, 2020, 2022], ('income', 'interest_expense'): [2014, 2016]}
2026-08-15 12:44:27,127 INFO    findata.database.edgar_ | MUR processed: {'text_filings': 0, 'sections': 0, 'form4_rows': 0, 'income': 1066, 'balance': 687, 'cashflow': 834, 'errors': 0, 'incomplete_years': 20}
2026-08-15 12:44:27,315 WARNING findata.database.edgar_ | LAMR: incomplete quarterly coverage for 3 (item, year) pair(s): {('balance', 'cash_and_equivalents'): [2009], ('balance', 'stockholders_equity'): [2009, 2010]}
2026-08-15 12:44:27,316 INFO    findata.database.edgar_ | LAMR processed: {'text_filings': 0, 'sections': 0, 'form4_rows': 0, 'income': 1040, 'balance': 602, 'cashflow': 821, 'errors': 0, 'incomplete_years': 3}
2026-08-15 12:44:27,352 INFO    findata.database.edgar_ | CYD processed: {'text_filings': 0, 'sections': 0, 'form4_rows': 0, 'income': 50, 'balance': 33, 'cashflow': 0, 'errors': 0, 'incomplete_years': 0}
2026-08-15 12:44:27,572 WARNING findata.database.edgar_ | TRGP: incomplete quarterly coverage for 13 (item, year) pair(s): {('balance', 'cash_and_equivalents'): [2010], ('balance', 'goodwill'): [2020, 2021, 2022, 2023], ('balance', 'short_term_debt'): [2018, 2020], ('balance', 'stockholders_equity'): [2010], ('cashflow', 'dividends_paid'): [2016], ('income', 'interest_expense'): [2015], ('income', 'operating_expenses'): [2012, 2015, 2016]}
2026-08-15 12:44:27,573 INFO    findata.database.edgar_ | TRGP processed: {'text_filings': 0, 'sections': 0, 'form4_rows': 0, 'income': 913, 'balance': 618, 'cashflow': 688, 'errors': 0, 'incomplete_years': 13}
2026-08-15 12:44:27,696 WARNING findata.database.edgar_ | LIN: incomplete quarterly coverage for 11 (item, year) pair(s): {('balance', 'cash_and_equivalents'): [2017], ('balance', 'goodwill'): [2018], ('balance', 'shares_outstanding'): [2022, 2023, 2024, 2025], ('balance', 'stockholders_equity'): [2017], ('income', 'interest_expense'): [2020, 2021, 2022, 2023]}
2026-08-15 12:44:27,697 INFO    findata.database.edgar_ | LIN processed: {'text_filings': 0, 'sections': 0, 'form4_rows': 0, 'income': 551, 'balance': 374, 'cashflow': 454, 'errors': 0, 'incomplete_years': 11}
2026-08-15 12:44:29,623 WARNING findata.database.edgar_ | FMC: incomplete quarterly coverage for 3 (item, year) pair(s): {('balance', 'cash_and_equivalents'): [2008], ('balance', 'stockholders_equity'): [2008, 2009]}
2026-08-15 12:44:29,624 INFO    findata.database.edgar_ | FMC processed: {'text_filings': 0, 'sections': 0, 'form4_rows': 0, 'income': 1046, 'balance': 703, 'cashflow': 873, 'errors': 0, 'incomplete_years': 3}
2026-08-15 12:44:29,747 WARNING findata.database.edgar_ | FND: incomplete quarterly coverage for 6 (item, year) pair(s): {('balance', 'shares_outstanding'): [2019, 2020, 2021, 2022], ('balance', 'stockholders_equity'): [2016], ('income', 'operating_expenses'): [2025]}
2026-08-15 12:44:29,748 INFO    findata.database.edgar_ | FND processed: {'text_filings': 0, 'sections': 0, 'form4_rows': 0, 'income': 684, 'balance': 520, 'cashflow': 373, 'errors': 0, 'incomplete_years': 6}
2026-08-15 12:44:29,852 INFO    findata.database.edgar_ | MRVL processed: {'text_filings': 0, 'sections': 0, 'form4_rows': 0, 'income': 455, 'balance': 257, 'cashflow': 271, 'errors': 0, 'incomplete_years': 0}
2026-08-15 12:44:30,040 WARNING findata.database.edgar_ | BKNG: incomplete quarterly coverage for 6 (item, year) pair(s): {('balance', 'cash_and_equivalents'): [2009], ('balance', 'goodwill'): [2010], ('balance', 'short_term_debt'): [2020], ('balance', 'short_term_investments'): [2022], ('balance', 'stockholders_equity'): [2009, 2010]}
2026-08-15 12:44:30,041 INFO    findata.database.edgar_ | BKNG processed: {'text_filings': 0, 'sections': 0, 'form4_rows': 0, 'income': 1036, 'balance': 635, 'cashflow': 787, 'errors': 0, 'incomplete_years': 6}
2026-08-15 12:44:30,173 WARNING findata.database.edgar_ | GOOD: incomplete quarterly coverage for 7 (item, year) pair(s): {('balance', 'cash_and_equivalents'): [2010], ('balance', 'long_term_debt'): [2015, 2016], ('balance', 'stockholders_equity'): [2010, 2011], ('cashflow', 'capex'): [2012], ('cashflow', 'stock_buybacks'): [2024]}
2026-08-15 12:44:30,174 INFO    findata.database.edgar_ | GOOD processed: {'text_filings': 0, 'sections': 0, 'form4_rows': 0, 'income': 648, 'balance': 432, 'cashflow': 679, 'errors': 0, 'incomplete_years': 7}
2026-08-15 12:44:33,076 WARNING findata.database.edgar_ | AIR: incomplete quarterly coverage for 12 (item, year) pair(s): {('balance', 'assets_noncurrent'): [2015], ('balance', 'goodwill'): [2021, 2022, 2023], ('balance', 'short_term_debt'): [2018], ('balance', 'stockholders_equity'): [2010], ('cashflow', 'dividends_paid'): [2022], ('cashflow', 'stock_buybacks'): [2014, 2015, 2019, 2020, 2024]}
2026-08-15 12:44:33,078 INFO    findata.database.edgar_ | AIR processed: {'text_filings': 0, 'sections': 0, 'form4_rows': 0, 'income': 993, 'balance': 693, 'cashflow': 752, 'errors': 0, 'incomplete_years': 12}
2026-08-15 12:44:33,131 WARNING findata.database.edgar_ | MFIC: incomplete quarterly coverage for 1 (item, year) pair(s): {('income', 'interest_expense'): [2024]}
2026-08-15 12:44:33,132 INFO    findata.database.edgar_ | MFIC processed: {'text_filings': 0, 'sections': 0, 'form4_rows': 0, 'income': 118, 'balance': 118, 'cashflow': 135, 'errors': 0, 'incomplete_years': 1}
2026-08-15 12:44:33,292 WARNING findata.database.edgar_ | DORM: incomplete quarterly coverage for 8 (item, year) pair(s): {('balance', 'cash_and_equivalents'): [2010], ('balance', 'goodwill'): [2013, 2015, 2016, 2017], ('balance', 'stockholders_equity'): [2010, 2011], ('income', 'interest_expense'): [2020]}
2026-08-15 12:44:33,293 INFO    findata.database.edgar_ | DORM processed: {'text_filings': 0, 'sections': 0, 'form4_rows': 0, 'income': 961, 'balance': 579, 'cashflow': 586, 'errors': 0, 'incomplete_years': 8}
2026-08-15 12:44:33,434 WARNING findata.database.edgar_ | FCBC: incomplete quarterly coverage for 15 (item, year) pair(s): {('balance', 'cash_and_equivalents'): [2010, 2020], ('balance', 'goodwill'): [2011], ('balance', 'long_term_debt'): [2018, 2019, 2020, 2021, 2022, 2025], ('balance', 'shares_outstanding'): [2012, 2014, 2015, 2016], ('balance', 'stockholders_equity'): [2010], ('cashflow', 'capex'): [2016]}
2026-08-15 12:44:33,436 INFO    findata.database.edgar_ | FCBC processed: {'text_filings': 0, 'sections': 0, 'form4_rows': 0, 'income': 732, 'balance': 439, 'cashflow': 685, 'errors': 0, 'incomplete_years': 15}
2026-08-15 12:44:33,618 WARNING findata.database.edgar_ | EIX: incomplete quarterly coverage for 3 (item, year) pair(s): {('balance', 'cash_and_equivalents'): [2008], ('balance', 'stockholders_equity'): [2008, 2009]}
2026-08-15 12:44:33,619 INFO    findata.database.edgar_ | EIX processed: {'text_filings': 0, 'sections': 0, 'form4_rows': 0, 'income': 1032, 'balance': 772, 'cashflow': 738, 'errors': 0, 'incomplete_years': 3}
2026-08-15 12:44:36,131 WARNING findata.database.edgar_ | NWN: incomplete quarterly coverage for 3 (item, year) pair(s): {('balance', 'cash_and_equivalents'): [2017], ('balance', 'stockholders_equity'): [2017], ('income', 'pretax_income'): [2022]}
2026-08-15 12:44:36,132 INFO    findata.database.edgar_ | NWN processed: {'text_filings': 0, 'sections': 0, 'form4_rows': 0, 'income': 488, 'balance': 385, 'cashflow': 381, 'errors': 0, 'incomplete_years': 3}
2026-08-15 12:44:36,307 WARNING findata.database.edgar_ | YELP: incomplete quarterly coverage for 6 (item, year) pair(s): {('balance', 'liabilities_noncurrent'): [2019], ('balance', 'long_term_debt'): [2016], ('balance', 'short_term_investments'): [2021, 2022], ('balance', 'stockholders_equity'): [2011], ('cashflow', 'stock_buybacks'): [2016]}
2026-08-15 12:44:36,308 INFO    findata.database.edgar_ | YELP processed: {'text_filings': 0, 'sections': 0, 'form4_rows': 0, 'income': 998, 'balance': 594, 'cashflow': 669, 'errors': 0, 'incomplete_years': 6}
2026-08-15 12:44:36,525 WARNING findata.database.edgar_ | FCF: incomplete quarterly coverage for 10 (item, year) pair(s): {('balance', 'assets'): [2011], ('balance', 'cash_and_equivalents'): [2010], ('balance', 'goodwill'): [2011], ('balance', 'liabilities'): [2011], ('balance', 'long_term_debt'): [2011], ('balance', 'shares_outstanding'): [2011], ('balance', 'short_term_debt'): [2011], ('balance', 'stockholders_equity'): [2010], ('cashflow', 'capex'): [2018], ('cashflow', 'stock_buybacks'): [2011]}
2026-08-15 12:44:36,526 INFO    findata.database.edgar_ | FCF processed: {'text_filings': 0, 'sections': 0, 'form4_rows': 0, 'income': 747, 'balance': 592, 'cashflow': 775, 'errors': 0, 'incomplete_years': 10}
2026-08-15 12:44:36,667 WARNING findata.database.edgar_ | IX: incomplete quarterly coverage for 13 (item, year) pair(s): {('balance', 'stockholders_equity'): [2009, 2010, 2011, 2012, 2013, 2014, 2015, 2016, 2017, 2018, 2019, 2020, 2025]}
2026-08-15 12:44:36,668 INFO    findata.database.edgar_ | IX processed: {'text_filings': 0, 'sections': 0, 'form4_rows': 0, 'income': 403, 'balance': 291, 'cashflow': 384, 'errors': 0, 'incomplete_years': 13}
2026-08-15 12:44:36,834 WARNING findata.database.edgar_ | PLOW: incomplete quarterly coverage for 13 (item, year) pair(s): {('balance', 'cash_and_equivalents'): [2010, 2018], ('balance', 'long_term_debt'): [2021, 2022, 2023, 2024, 2025], ('balance', 'stockholders_equity'): [2010, 2011], ('cashflow', 'stock_buybacks'): [2021, 2024], ('income', 'shares_basic'): [2013], ('income', 'shares_diluted'): [2013]}
2026-08-15 12:44:36,835 INFO    findata.database.edgar_ | PLOW processed: {'text_filings': 0, 'sections': 0, 'form4_rows': 0, 'income': 914, 'balance': 670, 'cashflow': 755, 'errors': 0, 'incomplete_years': 13}
2026-08-15 12:44:38,827 WARNING findata.database.edgar_ | AAON: incomplete quarterly coverage for 15 (item, year) pair(s): {('balance', 'cash_and_equivalents'): [2010], ('balance', 'goodwill'): [2024], ('balance', 'stockholders_equity'): [2010, 2011], ('cashflow', 'dividends_paid'): [2012, 2013, 2014, 2015, 2016, 2017, 2018, 2019, 2020, 2021], ('income', 'interest_expense'): [2013]}
2026-08-15 12:44:38,828 INFO    findata.database.edgar_ | AAON processed: {'text_filings': 0, 'sections': 0, 'form4_rows': 0, 'income': 923, 'balance': 535, 'cashflow': 652, 'errors': 0, 'incomplete_years': 15}
2026-08-15 12:44:38,854 WARNING findata.database.edgar_ | TEO: incomplete quarterly coverage for 1 (item, year) pair(s): {('income', 'net_income'): [2024]}
2026-08-15 12:44:38,855 INFO    findata.database.edgar_ | TEO processed: {'text_filings': 0, 'sections': 0, 'form4_rows': 0, 'income': 25, 'balance': 38, 'cashflow': 0, 'errors': 0, 'incomplete_years': 1}
2026-08-15 12:44:38,988 INFO    findata.database.edgar_ | DSGX processed: {'text_filings': 0, 'sections': 0, 'form4_rows': 0, 'income': 307, 'balance': 188, 'cashflow': 161, 'errors': 0, 'incomplete_years': 0}
2026-08-15 12:44:39,105 INFO    findata.database.edgar_ | ASML processed: {'text_filings': 0, 'sections': 0, 'form4_rows': 0, 'income': 244, 'balance': 237, 'cashflow': 125, 'errors': 0, 'incomplete_years': 0}
2026-08-15 12:44:39,246 WARNING findata.database.edgar_ | FRST: incomplete quarterly coverage for 11 (item, year) pair(s): {('balance', 'cash_and_equivalents'): [2010], ('balance', 'stockholders_equity'): [2010, 2011], ('income', 'eps_basic'): [2021, 2022], ('income', 'eps_diluted'): [2021, 2022], ('income', 'shares_basic'): [2015, 2016], ('income', 'shares_diluted'): [2015, 2016]}
2026-08-15 12:44:39,247 INFO    findata.database.edgar_ | FRST processed: {'text_filings': 0, 'sections': 0, 'form4_rows': 0, 'income': 703, 'balance': 441, 'cashflow': 573, 'errors': 0, 'incomplete_years': 11}
2026-08-15 12:44:41,447 WARNING findata.database.edgar_ | OSUR: incomplete quarterly coverage for 5 (item, year) pair(s): {('balance', 'cash_and_equivalents'): [2010], ('balance', 'short_term_investments'): [2014, 2024], ('balance', 'stockholders_equity'): [2010, 2011]}
2026-08-15 12:44:41,448 INFO    findata.database.edgar_ | OSUR processed: {'text_filings': 0, 'sections': 0, 'form4_rows': 0, 'income': 1094, 'balance': 705, 'cashflow': 732, 'errors': 0, 'incomplete_years': 5}
2026-08-15 12:44:41,615 WARNING findata.database.edgar_ | CDW: incomplete quarterly coverage for 5 (item, year) pair(s): {('balance', 'cash_and_equivalents'): [2010], ('balance', 'shares_outstanding'): [2013], ('balance', 'stockholders_equity'): [2010, 2011], ('income', 'interest_expense'): [2014]}
2026-08-15 12:44:41,616 INFO    findata.database.edgar_ | CDW processed: {'text_filings': 0, 'sections': 0, 'form4_rows': 0, 'income': 879, 'balance': 742, 'cashflow': 809, 'errors': 0, 'incomplete_years': 5}
2026-08-15 12:44:41,734 WARNING findata.database.edgar_ | WVE: incomplete quarterly coverage for 6 (item, year) pair(s): {('balance', 'cash_and_equivalents'): [2014], ('balance', 'stockholders_equity'): [2014, 2015], ('income', 'revenue'): [2021, 2024, 2025]}
2026-08-15 12:44:41,735 INFO    findata.database.edgar_ | WVE processed: {'text_filings': 0, 'sections': 0, 'form4_rows': 0, 'income': 660, 'balance': 456, 'cashflow': 422, 'errors': 0, 'incomplete_years': 6}
2026-08-15 12:44:41,862 WARNING findata.database.edgar_ | EQBK: incomplete quarterly coverage for 6 (item, year) pair(s): {('balance', 'cash_and_equivalents'): [2014, 2018], ('balance', 'goodwill'): [2015], ('balance', 'long_term_debt'): [2020], ('balance', 'stockholders_equity'): [2014], ('cashflow', 'stock_buybacks'): [2019]}
2026-08-15 12:44:41,863 INFO    findata.database.edgar_ | EQBK processed: {'text_filings': 0, 'sections': 0, 'form4_rows': 0, 'income': 540, 'balance': 254, 'cashflow': 531, 'errors': 0, 'incomplete_years': 6}
2026-08-15 12:44:42,024 WARNING findata.database.edgar_ | HII: incomplete quarterly coverage for 7 (item, year) pair(s): {('balance', 'cash_and_equivalents'): [2010], ('balance', 'short_term_debt'): [2015, 2020, 2022, 2024], ('balance', 'stockholders_equity'): [2010], ('income', 'cost_of_revenue'): [2018]}
2026-08-15 12:44:42,025 INFO    findata.database.edgar_ | HII processed: {'text_filings': 0, 'sections': 0, 'form4_rows': 0, 'income': 867, 'balance': 656, 'cashflow': 768, 'errors': 0, 'incomplete_years': 7}
2026-08-15 12:44:44,018 WARNING findata.database.edgar_ | USPH: incomplete quarterly coverage for 22 (item, year) pair(s): {('balance', 'shares_outstanding'): [2013, 2014, 2015, 2016, 2017, 2019, 2020, 2021, 2022, 2023, 2024, 2025], ('balance', 'stockholders_equity'): [2010, 2011], ('cashflow', 'dividends_paid'): [2014, 2018, 2019, 2020, 2023, 2024, 2025], ('income', 'interest_expense'): [2019]}
2026-08-15 12:44:44,020 INFO    findata.database.edgar_ | USPH processed: {'text_filings': 0, 'sections': 0, 'form4_rows': 0, 'income': 1014, 'balance': 617, 'cashflow': 680, 'errors': 0, 'incomplete_years': 22}
2026-08-15 12:44:44,052 INFO    findata.database.edgar_ | TAK processed: {'text_filings': 0, 'sections': 0, 'form4_rows': 0, 'income': 36, 'balance': 26, 'cashflow': 0, 'errors': 0, 'incomplete_years': 0}
2026-08-15 12:44:44,198 WARNING findata.database.edgar_ | MDT: incomplete quarterly coverage for 4 (item, year) pair(s): {('balance', 'cash_and_equivalents'): [2014], ('balance', 'goodwill'): [2015], ('balance', 'stockholders_equity'): [2014, 2015]}
2026-08-15 12:44:44,199 INFO    findata.database.edgar_ | MDT processed: {'text_filings': 0, 'sections': 0, 'form4_rows': 0, 'income': 732, 'balance': 605, 'cashflow': 608, 'errors': 0, 'incomplete_years': 4}
2026-08-15 12:44:44,347 WARNING findata.database.edgar_ | PFG: incomplete quarterly coverage for 20 (item, year) pair(s): {('balance', 'stockholders_equity'): [2008], ('cashflow', 'depreciation_amortization'): [2010, 2011, 2012], ('cashflow', 'financing_cash_flow'): [2010, 2011, 2012], ('cashflow', 'investing_cash_flow'): [2010, 2011, 2012], ('cashflow', 'operating_cash_flow'): [2010, 2011, 2012], ('cashflow', 'stock_buybacks'): [2010, 2011, 2012], ('income', 'shares_basic'): [2011, 2013], ('income', 'shares_diluted'): [2011, 2013]}
2026-08-15 12:44:44,348 INFO    findata.database.edgar_ | PFG processed: {'text_filings': 0, 'sections': 0, 'form4_rows': 0, 'income': 616, 'balance': 629, 'cashflow': 714, 'errors': 0, 'incomplete_years': 20}
2026-08-15 12:44:44,597 WARNING findata.database.edgar_ | KOP: incomplete quarterly coverage for 13 (item, year) pair(s): {('balance', 'cash_and_equivalents'): [2009], ('balance', 'shares_outstanding'): [2010, 2014, 2015, 2016, 2017, 2018, 2019, 2020], ('balance', 'short_term_debt'): [2023], ('balance', 'stockholders_equity'): [2010], ('income', 'shares_basic'): [2012], ('income', 'shares_diluted'): [2012]}
2026-08-15 12:44:44,598 INFO    findata.database.edgar_ | KOP processed: {'text_filings': 0, 'sections': 0, 'form4_rows': 0, 'income': 939, 'balance': 758, 'cashflow': 874, 'errors': 0, 'incomplete_years': 13}
2026-08-15 12:44:46,319 INFO    findata.database.edgar_ | CHT processed: {'text_filings': 0, 'sections': 0, 'form4_rows': 0, 'income': 50, 'balance': 26, 'cashflow': 0, 'errors': 0, 'incomplete_years': 0}
2026-08-15 12:44:46,495 WARNING findata.database.edgar_ | GEVO: incomplete quarterly coverage for 17 (item, year) pair(s): {('balance', 'cash_and_equivalents'): [2010], ('balance', 'long_term_debt'): [2014, 2015, 2016, 2019, 2020], ('balance', 'short_term_debt'): [2020], ('balance', 'stockholders_equity'): [2007, 2008, 2009, 2010, 2011], ('income', 'gross_profit'): [2022, 2025], ('income', 'shares_basic'): [2016, 2018], ('income', 'shares_diluted'): [2016]}
2026-08-15 12:44:46,496 INFO    findata.database.edgar_ | GEVO processed: {'text_filings': 0, 'sections': 0, 'form4_rows': 0, 'income': 969, 'balance': 640, 'cashflow': 636, 'errors': 0, 'incomplete_years': 17}
2026-08-15 12:44:46,629 INFO    findata.database.edgar_ | TSEM processed: {'text_filings': 0, 'sections': 0, 'form4_rows': 0, 'income': 408, 'balance': 300, 'cashflow': 226, 'errors': 0, 'incomplete_years': 0}
2026-08-15 12:44:46,795 WARNING findata.database.edgar_ | NSSC: incomplete quarterly coverage for 6 (item, year) pair(s): {('balance', 'long_term_debt'): [2019, 2020], ('balance', 'short_term_debt'): [2019, 2020], ('income', 'interest_expense'): [2020], ('income', 'operating_expenses'): [2019]}
2026-08-15 12:44:46,796 INFO    findata.database.edgar_ | NSSC processed: {'text_filings': 0, 'sections': 0, 'form4_rows': 0, 'income': 988, 'balance': 633, 'cashflow': 648, 'errors': 0, 'incomplete_years': 6}
2026-08-15 12:44:47,059 WARNING findata.database.edgar_ | ARE: incomplete quarterly coverage for 5 (item, year) pair(s): {('balance', 'cash_and_equivalents'): [2009], ('balance', 'stockholders_equity'): [2009, 2010], ('income', 'shares_basic'): [2012], ('income', 'shares_diluted'): [2012]}
2026-08-15 12:44:47,060 INFO    findata.database.edgar_ | ARE processed: {'text_filings': 0, 'sections': 0, 'form4_rows': 0, 'income': 760, 'balance': 412, 'cashflow': 768, 'errors': 0, 'incomplete_years': 5}
2026-08-15 12:44:49,138 INFO    findata.database.edgar_ | CGAU processed: {'text_filings': 0, 'sections': 0, 'form4_rows': 0, 'income': 10, 'balance': 11, 'cashflow': 0, 'errors': 0, 'incomplete_years': 0}
2026-08-15 12:44:49,293 WARNING findata.database.edgar_ | CLDX: incomplete quarterly coverage for 18 (item, year) pair(s): {('balance', 'cash_and_equivalents'): [2010], ('balance', 'short_term_investments'): [2012, 2018, 2019], ('balance', 'stockholders_equity'): [2010, 2011], ('income', 'pretax_income'): [2020], ('income', 'revenue'): [2025], ('income', 'shares_basic'): [2018, 2019, 2020, 2021, 2022], ('income', 'shares_diluted'): [2018, 2019, 2020, 2021, 2022]}
2026-08-15 12:44:49,294 INFO    findata.database.edgar_ | CLDX processed: {'text_filings': 0, 'sections': 0, 'form4_rows': 0, 'income': 879, 'balance': 565, 'cashflow': 570, 'errors': 0, 'incomplete_years': 18}
2026-08-15 12:44:49,462 WARNING findata.database.edgar_ | OXM: incomplete quarterly coverage for 8 (item, year) pair(s): {('balance', 'cash_and_equivalents'): [2011], ('balance', 'long_term_debt'): [2020, 2021, 2023], ('balance', 'stockholders_equity'): [2011], ('cashflow', 'stock_buybacks'): [2024], ('income', 'interest_expense'): [2017], ('income', 'pretax_income'): [2019]}
2026-08-15 12:44:49,463 INFO    findata.database.edgar_ | OXM processed: {'text_filings': 0, 'sections': 0, 'form4_rows': 0, 'income': 920, 'balance': 603, 'cashflow': 744, 'errors': 0, 'incomplete_years': 8}
2026-08-15 12:44:49,653 WARNING findata.database.edgar_ | FHB: incomplete quarterly coverage for 9 (item, year) pair(s): {('balance', 'assets'): [2016], ('balance', 'cash_and_equivalents'): [2015], ('balance', 'short_term_debt'): [2018, 2019, 2020, 2022, 2023], ('balance', 'stockholders_equity'): [2015], ('cashflow', 'stock_buybacks'): [2022]}
2026-08-15 12:44:49,654 INFO    findata.database.edgar_ | FHB processed: {'text_filings': 0, 'sections': 0, 'form4_rows': 0, 'income': 504, 'balance': 330, 'cashflow': 506, 'errors': 0, 'incomplete_years': 9}
2026-08-15 12:44:49,844 WARNING findata.database.edgar_ | GTLS: incomplete quarterly coverage for 5 (item, year) pair(s): {('balance', 'cash_and_equivalents'): [2009], ('balance', 'shares_outstanding'): [2024, 2025], ('balance', 'stockholders_equity'): [2009, 2010]}
2026-08-15 12:44:49,845 INFO    findata.database.edgar_ | GTLS processed: {'text_filings': 0, 'sections': 0, 'form4_rows': 0, 'income': 1060, 'balance': 770, 'cashflow': 698, 'errors': 0, 'incomplete_years': 5}
2026-08-15 12:44:51,811 WARNING findata.database.edgar_ | IDT: incomplete quarterly coverage for 7 (item, year) pair(s): {('balance', 'stockholders_equity'): [2011], ('cashflow', 'dividends_paid'): [2024], ('cashflow', 'stock_buybacks'): [2020], ('income', 'cost_of_revenue'): [2019], ('income', 'gross_profit'): [2013], ('income', 'rnd_expense'): [2015, 2023]}
2026-08-15 12:44:51,812 INFO    findata.database.edgar_ | IDT processed: {'text_filings': 0, 'sections': 0, 'form4_rows': 0, 'income': 955, 'balance': 466, 'cashflow': 761, 'errors': 0, 'incomplete_years': 7}
2026-08-15 12:44:51,944 WARNING findata.database.edgar_ | DK: incomplete quarterly coverage for 5 (item, year) pair(s): {('balance', 'goodwill'): [2016, 2017], ('balance', 'stockholders_equity'): [2016, 2017], ('income', 'interest_expense'): [2024]}
2026-08-15 12:44:51,945 INFO    findata.database.edgar_ | DK processed: {'text_filings': 0, 'sections': 0, 'form4_rows': 0, 'income': 663, 'balance': 430, 'cashflow': 509, 'errors': 0, 'incomplete_years': 5}
2026-08-15 12:44:52,120 WARNING findata.database.edgar_ | NEOG: incomplete quarterly coverage for 5 (item, year) pair(s): {('balance', 'liabilities_noncurrent'): [2016], ('balance', 'short_term_debt'): [2025], ('balance', 'stockholders_equity'): [2011], ('income', 'shares_basic'): [2019], ('income', 'shares_diluted'): [2019]}
2026-08-15 12:44:52,121 INFO    findata.database.edgar_ | NEOG processed: {'text_filings': 0, 'sections': 0, 'form4_rows': 0, 'income': 1075, 'balance': 690, 'cashflow': 584, 'errors': 0, 'incomplete_years': 5}
2026-08-15 12:44:52,304 WARNING findata.database.edgar_ | LH: incomplete quarterly coverage for 9 (item, year) pair(s): {('balance', 'cash_and_equivalents'): [2008], ('balance', 'short_term_debt'): [2021, 2022, 2023, 2024, 2025], ('balance', 'stockholders_equity'): [2008], ('cashflow', 'stock_buybacks'): [2023, 2024]}
2026-08-15 12:44:52,305 INFO    findata.database.edgar_ | LH processed: {'text_filings': 0, 'sections': 0, 'form4_rows': 0, 'income': 994, 'balance': 834, 'cashflow': 802, 'errors': 0, 'incomplete_years': 9}
2026-08-15 12:44:52,425 WARNING findata.database.edgar_ | LAUR: incomplete quarterly coverage for 4 (item, year) pair(s): {('balance', 'shares_outstanding'): [2018, 2020, 2021], ('balance', 'stockholders_equity'): [2016]}
2026-08-15 12:44:52,426 INFO    findata.database.edgar_ | LAUR processed: {'text_filings': 0, 'sections': 0, 'form4_rows': 0, 'income': 600, 'balance': 403, 'cashflow': 385, 'errors': 0, 'incomplete_years': 4}
2026-08-15 12:44:54,574 WARNING findata.database.edgar_ | CAKE: incomplete quarterly coverage for 15 (item, year) pair(s): {('balance', 'assets_noncurrent'): [2015], ('balance', 'cash_and_equivalents'): [2009], ('balance', 'long_term_debt'): [2017], ('balance', 'shares_outstanding'): [2015, 2016, 2017, 2018, 2019, 2020, 2021], ('balance', 'stockholders_equity'): [2009, 2010], ('cashflow', 'dividends_paid'): [2022], ('income', 'cost_of_revenue'): [2022], ('income', 'interest_expense'): [2012]}
2026-08-15 12:44:54,575 INFO    findata.database.edgar_ | CAKE processed: {'text_filings': 0, 'sections': 0, 'form4_rows': 0, 'income': 1030, 'balance': 578, 'cashflow': 885, 'errors': 0, 'incomplete_years': 15}
2026-08-15 12:44:54,766 WARNING findata.database.edgar_ | FWRD: incomplete quarterly coverage for 7 (item, year) pair(s): {('balance', 'cash_and_equivalents'): [2009], ('balance', 'goodwill'): [2010], ('balance', 'short_term_debt'): [2025], ('balance', 'stockholders_equity'): [2009, 2010], ('cashflow', 'stock_buybacks'): [2013, 2014]}
2026-08-15 12:44:54,767 INFO    findata.database.edgar_ | FWRD processed: {'text_filings': 0, 'sections': 0, 'form4_rows': 0, 'income': 1045, 'balance': 681, 'cashflow': 877, 'errors': 0, 'incomplete_years': 7}
2026-08-15 12:44:54,933 WARNING findata.database.edgar_ | AFL: incomplete quarterly coverage for 2 (item, year) pair(s): {('balance', 'cash_and_equivalents'): [2008], ('income', 'operating_income'): [2023]}
2026-08-15 12:44:54,934 INFO    findata.database.edgar_ | AFL processed: {'text_filings': 0, 'sections': 0, 'form4_rows': 0, 'income': 915, 'balance': 435, 'cashflow': 675, 'errors': 0, 'incomplete_years': 2}
2026-08-15 12:44:55,100 WARNING findata.database.edgar_ | CWH: incomplete quarterly coverage for 17 (item, year) pair(s): {('balance', 'assets'): [2016], ('balance', 'cash_and_equivalents'): [2015], ('balance', 'goodwill'): [2016], ('balance', 'long_term_debt'): [2018, 2019, 2020], ('balance', 'stockholders_equity'): [2015, 2016], ('income', 'eps_basic'): [2021, 2022], ('income', 'eps_diluted'): [2021, 2022], ('income', 'shares_basic'): [2021, 2022], ('income', 'shares_diluted'): [2020, 2021, 2022]}
2026-08-15 12:44:55,101 INFO    findata.database.edgar_ | CWH processed: {'text_filings': 0, 'sections': 0, 'form4_rows': 0, 'income': 480, 'balance': 393, 'cashflow': 421, 'errors': 0, 'incomplete_years': 17}
2026-08-15 12:44:55,260 WARNING findata.database.edgar_ | PANW: incomplete quarterly coverage for 5 (item, year) pair(s): {('balance', 'long_term_debt'): [2020], ('balance', 'shares_outstanding'): [2012], ('balance', 'stockholders_equity'): [2012], ('income', 'shares_basic'): [2022], ('income', 'shares_diluted'): [2022]}
2026-08-15 12:44:55,261 INFO    findata.database.edgar_ | PANW processed: {'text_filings': 0, 'sections': 0, 'form4_rows': 0, 'income': 1029, 'balance': 533, 'cashflow': 621, 'errors': 0, 'incomplete_years': 5}
2026-08-15 12:44:57,354 WARNING findata.database.edgar_ | AGX: incomplete quarterly coverage for 5 (item, year) pair(s): {('balance', 'short_term_investments'): [2023, 2024], ('balance', 'stockholders_equity'): [2012], ('income', 'shares_basic'): [2016], ('income', 'shares_diluted'): [2016]}
2026-08-15 12:44:57,355 INFO    findata.database.edgar_ | AGX processed: {'text_filings': 0, 'sections': 0, 'form4_rows': 0, 'income': 858, 'balance': 579, 'cashflow': 653, 'errors': 0, 'incomplete_years': 5}
2026-08-15 12:44:57,544 WARNING findata.database.edgar_ | MRSH: incomplete quarterly coverage for 4 (item, year) pair(s): {('balance', 'cash_and_equivalents'): [2008], ('cashflow', 'stock_buybacks'): [2010, 2011, 2012]}
2026-08-15 12:44:57,545 INFO    findata.database.edgar_ | MRSH processed: {'text_filings': 0, 'sections': 0, 'form4_rows': 0, 'income': 990, 'balance': 716, 'cashflow': 897, 'errors': 0, 'incomplete_years': 4}
2026-08-15 12:44:57,728 WARNING findata.database.edgar_ | NOW: incomplete quarterly coverage for 7 (item, year) pair(s): {('balance', 'cash_and_equivalents'): [2011], ('balance', 'short_term_debt'): [2025], ('balance', 'stockholders_equity'): [2011, 2012], ('cashflow', 'stock_buybacks'): [2018, 2022], ('income', 'interest_expense'): [2025]}
2026-08-15 12:44:57,729 INFO    findata.database.edgar_ | NOW processed: {'text_filings': 0, 'sections': 0, 'form4_rows': 0, 'income': 1030, 'balance': 503, 'cashflow': 624, 'errors': 0, 'incomplete_years': 7}
2026-08-15 12:44:57,904 WARNING findata.database.edgar_ | CACI: incomplete quarterly coverage for 4 (item, year) pair(s): {('balance', 'inventory'): [2020], ('balance', 'stockholders_equity'): [2010], ('income', 'cost_of_revenue'): [2020, 2021]}
2026-08-15 12:44:57,905 INFO    findata.database.edgar_ | CACI processed: {'text_filings': 0, 'sections': 0, 'form4_rows': 0, 'income': 999, 'balance': 755, 'cashflow': 770, 'errors': 0, 'incomplete_years': 4}
2026-08-15 12:44:58,088 WARNING findata.database.edgar_ | WWW: incomplete quarterly coverage for 14 (item, year) pair(s): {('balance', 'cash_and_equivalents'): [2009], ('balance', 'short_term_debt'): [2012], ('cashflow', 'capex'): [2014], ('cashflow', 'depreciation_amortization'): [2014], ('cashflow', 'dividends_paid'): [2014], ('cashflow', 'financing_cash_flow'): [2014], ('cashflow', 'investing_cash_flow'): [2014], ('cashflow', 'operating_cash_flow'): [2014], ('cashflow', 'stock_buybacks'): [2013, 2014], ('income', 'interest_expense'): [2013], ('income', 'shares_basic'): [2024, 2025], ('income', 'shares_diluted'): [2025]}
2026-08-15 12:44:58,089 INFO    findata.database.edgar_ | WWW processed: {'text_filings': 0, 'sections': 0, 'form4_rows': 0, 'income': 958, 'balance': 687, 'cashflow': 826, 'errors': 0, 'incomplete_years': 14}
2026-08-15 12:44:59,861 WARNING findata.database.edgar_ | FLO: incomplete quarterly coverage for 8 (item, year) pair(s): {('balance', 'cash_and_equivalents'): [2009], ('balance', 'liabilities_noncurrent'): [2015], ('balance', 'short_term_debt'): [2020, 2025], ('balance', 'stockholders_equity'): [2009, 2010], ('income', 'shares_basic'): [2012], ('income', 'shares_diluted'): [2012]}
2026-08-15 12:44:59,862 INFO    findata.database.edgar_ | FLO processed: {'text_filings': 0, 'sections': 0, 'form4_rows': 0, 'income': 946, 'balance': 662, 'cashflow': 875, 'errors': 0, 'incomplete_years': 8}
2026-08-15 12:44:59,999 WARNING findata.database.edgar_ | TWLO: incomplete quarterly coverage for 11 (item, year) pair(s): {('balance', 'cash_and_equivalents'): [2015], ('balance', 'shares_outstanding'): [2017, 2018, 2019, 2020, 2021, 2022, 2023], ('balance', 'stockholders_equity'): [2015, 2016], ('cashflow', 'capex'): [2022]}
2026-08-15 12:45:00,001 INFO    findata.database.edgar_ | TWLO processed: {'text_filings': 0, 'sections': 0, 'form4_rows': 0, 'income': 732, 'balance': 352, 'cashflow': 428, 'errors': 0, 'incomplete_years': 11}
2026-08-15 12:45:00,042 INFO    findata.database.edgar_ | AZN processed: {'text_filings': 0, 'sections': 0, 'form4_rows': 0, 'income': 80, 'balance': 60, 'cashflow': 0, 'errors': 0, 'incomplete_years': 0}
2026-08-15 12:45:00,066 INFO    findata.database.edgar_ | BMA processed: {'text_filings': 0, 'sections': 0, 'form4_rows': 0, 'income': 16, 'balance': 22, 'cashflow': 0, 'errors': 0, 'incomplete_years': 0}
2026-08-15 12:45:00,271 WARNING findata.database.edgar_ | ORCL: incomplete quarterly coverage for 20 (item, year) pair(s): {('balance', 'inventory'): [2019, 2020, 2021, 2022, 2023, 2024, 2025], ('balance', 'short_term_debt'): [2013, 2015, 2016, 2020, 2021, 2022, 2023, 2024, 2025, 2026], ('balance', 'stockholders_equity'): [2009], ('income', 'gross_profit'): [2019], ('income', 'pretax_income'): [2019]}
2026-08-15 12:45:00,272 INFO    findata.database.edgar_ | ORCL processed: {'text_filings': 0, 'sections': 0, 'form4_rows': 0, 'income': 1179, 'balance': 774, 'cashflow': 875, 'errors': 0, 'incomplete_years': 20}
2026-08-15 12:45:02,237 WARNING findata.database.edgar_ | QURE: incomplete quarterly coverage for 8 (item, year) pair(s): {('balance', 'cash_and_equivalents'): [2015], ('balance', 'inventory'): [2022, 2024], ('balance', 'short_term_debt'): [2018], ('balance', 'stockholders_equity'): [2015, 2016], ('cashflow', 'financing_cash_flow'): [2024], ('income', 'income_tax'): [2020]}
2026-08-15 12:45:02,238 INFO    findata.database.edgar_ | QURE processed: {'text_filings': 0, 'sections': 0, 'form4_rows': 0, 'income': 689, 'balance': 490, 'cashflow': 369, 'errors': 0, 'incomplete_years': 8}
2026-08-15 12:45:02,415 WARNING findata.database.edgar_ | AZO: incomplete quarterly coverage for 38 (item, year) pair(s): {('balance', 'shares_outstanding'): [2019, 2020, 2021, 2022, 2023, 2024, 2025], ('balance', 'short_term_debt'): [2013, 2015, 2016, 2020, 2021, 2022, 2024], ('balance', 'stockholders_equity'): [2009], ('cashflow', 'capex'): [2013, 2019, 2024], ('cashflow', 'depreciation_amortization'): [2013, 2019, 2024], ('cashflow', 'financing_cash_flow'): [2013, 2019, 2024], ('cashflow', 'investing_cash_flow'): [2013, 2019, 2024], ('cashflow', 'operating_cash_flow'): [2013, 2019, 2024], ('cashflow', 'stock_buybacks'): [2013, 2019, 2024], ('income', 'operating_expenses'): [2013], ('income', 'shares_basic'): [2011, 2013], ('income', 'shares_diluted'): [2011, 2013]}
2026-08-15 12:45:02,416 INFO    findata.database.edgar_ | AZO processed: {'text_filings': 0, 'sections': 0, 'form4_rows': 0, 'income': 1033, 'balance': 617, 'cashflow': 750, 'errors': 0, 'incomplete_years': 38}
2026-08-15 12:45:02,548 WARNING findata.database.edgar_ | YUMC: incomplete quarterly coverage for 4 (item, year) pair(s): {('balance', 'cash_and_equivalents'): [2015, 2019], ('cashflow', 'stock_buybacks'): [2021], ('income', 'cost_of_revenue'): [2018]}
2026-08-15 12:45:02,549 INFO    findata.database.edgar_ | YUMC processed: {'text_filings': 0, 'sections': 0, 'form4_rows': 0, 'income': 608, 'balance': 465, 'cashflow': 542, 'errors': 0, 'incomplete_years': 4}
2026-08-15 12:45:02,785 WARNING findata.database.edgar_ | BFH: incomplete quarterly coverage for 35 (item, year) pair(s): {('balance', 'assets_current'): [2021], ('balance', 'cash_and_equivalents'): [2009], ('balance', 'goodwill'): [2022, 2023, 2024, 2025], ('balance', 'inventory'): [2021], ('balance', 'liabilities_current'): [2021], ('balance', 'long_term_debt'): [2019, 2020, 2021, 2022, 2023, 2024], ('balance', 'shares_outstanding'): [2012, 2013, 2014, 2015, 2016, 2017, 2018, 2019, 2020, 2021, 2022, 2023], ('balance', 'short_term_debt'): [2019], ('balance', 'stockholders_equity'): [2009, 2010], ('cashflow', 'stock_buybacks'): [2018], ('income', 'cost_of_revenue'): [2021], ('income', 'costs_and_expenses'): [2021], ('income', 'interest_expense'): [2024], ('income', 'operating_expenses'): [2021], ('income', 'operating_income'): [2021]}
2026-08-15 12:45:02,786 INFO    findata.database.edgar_ | BFH processed: {'text_filings': 0, 'sections': 0, 'form4_rows': 0, 'income': 1011, 'balance': 624, 'cashflow': 804, 'errors': 0, 'incomplete_years': 35}
2026-08-15 12:45:02,983 WARNING findata.database.edgar_ | SIRI: incomplete quarterly coverage for 11 (item, year) pair(s): {('balance', 'cash_and_equivalents'): [2009], ('balance', 'inventory'): [2021], ('balance', 'long_term_debt'): [2014], ('balance', 'short_term_debt'): [2013, 2014, 2022], ('balance', 'stockholders_equity'): [2009, 2010], ('cashflow', 'dividends_paid'): [2022], ('income', 'shares_basic'): [2024], ('income', 'shares_diluted'): [2024]}
2026-08-15 12:45:02,984 INFO    findata.database.edgar_ | SIRI processed: {'text_filings': 0, 'sections': 0, 'form4_rows': 0, 'income': 1154, 'balance': 771, 'cashflow': 791, 'errors': 0, 'incomplete_years': 11}
2026-08-15 12:45:05,177 WARNING findata.database.edgar_ | FIS: incomplete quarterly coverage for 12 (item, year) pair(s): {('balance', 'cash_and_equivalents'): [2008], ('balance', 'stockholders_equity'): [2008, 2009], ('income', 'costs_and_expenses'): [2017, 2019, 2020, 2021], ('income', 'interest_expense'): [2011], ('income', 'operating_expenses'): [2017, 2019, 2020, 2021]}
2026-08-15 12:45:05,178 INFO    findata.database.edgar_ | FIS processed: {'text_filings': 0, 'sections': 0, 'form4_rows': 0, 'income': 1143, 'balance': 706, 'cashflow': 944, 'errors': 0, 'incomplete_years': 12}
2026-08-15 12:45:05,292 WARNING findata.database.edgar_ | ANAB: incomplete quarterly coverage for 7 (item, year) pair(s): {('balance', 'cash_and_equivalents'): [2016], ('balance', 'stockholders_equity'): [2016], ('income', 'income_tax'): [2023], ('income', 'pretax_income'): [2023], ('income', 'rnd_expense'): [2023, 2024, 2025]}
2026-08-15 12:45:05,294 INFO    findata.database.edgar_ | ANAB processed: {'text_filings': 0, 'sections': 0, 'form4_rows': 0, 'income': 555, 'balance': 272, 'cashflow': 406, 'errors': 0, 'incomplete_years': 7}
2026-08-15 12:45:05,460 WARNING findata.database.edgar_ | CVEO: incomplete quarterly coverage for 8 (item, year) pair(s): {('balance', 'goodwill'): [2015, 2017, 2018], ('balance', 'stockholders_equity'): [2013], ('cashflow', 'dividends_paid'): [2022, 2023], ('income', 'shares_basic'): [2020], ('income', 'shares_diluted'): [2020]}
2026-08-15 12:45:05,461 INFO    findata.database.edgar_ | CVEO processed: {'text_filings': 0, 'sections': 0, 'form4_rows': 0, 'income': 877, 'balance': 607, 'cashflow': 596, 'errors': 0, 'incomplete_years': 8}
2026-08-15 12:45:05,642 WARNING findata.database.edgar_ | PKG: incomplete quarterly coverage for 14 (item, year) pair(s): {('balance', 'cash_and_equivalents'): [2009], ('balance', 'short_term_debt'): [2019, 2020, 2021, 2022, 2023], ('balance', 'stockholders_equity'): [2009, 2010], ('cashflow', 'stock_buybacks'): [2017, 2022, 2023, 2024, 2025], ('income', 'costs_and_expenses'): [2025]}
2026-08-15 12:45:05,643 INFO    findata.database.edgar_ | PKG processed: {'text_filings': 0, 'sections': 0, 'form4_rows': 0, 'income': 1001, 'balance': 707, 'cashflow': 825, 'errors': 0, 'incomplete_years': 14}
2026-08-15 12:45:05,757 WARNING findata.database.edgar_ | SEI: incomplete quarterly coverage for 7 (item, year) pair(s): {('balance', 'long_term_debt'): [2023, 2024], ('balance', 'stockholders_equity'): [2017], ('income', 'cost_of_revenue'): [2024], ('income', 'interest_expense'): [2025], ('income', 'rnd_expense'): [2019, 2020]}
2026-08-15 12:45:05,758 INFO    findata.database.edgar_ | SEI processed: {'text_filings': 0, 'sections': 0, 'form4_rows': 0, 'income': 464, 'balance': 337, 'cashflow': 458, 'errors': 0, 'incomplete_years': 7}
2026-08-15 12:45:08,105 WARNING findata.database.edgar_ | CUBI: incomplete quarterly coverage for 18 (item, year) pair(s): {('balance', 'goodwill'): [2016], ('balance', 'long_term_debt'): [2013, 2014, 2015, 2016, 2018, 2019, 2020], ('balance', 'short_term_debt'): [2013, 2014, 2015, 2016, 2017, 2018, 2019, 2020], ('balance', 'stockholders_equity'): [2010], ('income', 'interest_expense'): [2024]}
2026-08-15 12:45:08,106 INFO    findata.database.edgar_ | CUBI processed: {'text_filings': 0, 'sections': 0, 'form4_rows': 0, 'income': 708, 'balance': 436, 'cashflow': 631, 'errors': 0, 'incomplete_years': 18}
2026-08-15 12:45:08,280 WARNING findata.database.edgar_ | GM: incomplete quarterly coverage for 14 (item, year) pair(s): {('balance', 'goodwill'): [2016, 2017, 2018, 2019, 2021, 2022, 2023, 2024], ('balance', 'short_term_investments'): [2019], ('cashflow', 'stock_buybacks'): [2021], ('income', 'cost_of_revenue'): [2018], ('income', 'costs_and_expenses'): [2018], ('income', 'shares_basic'): [2012], ('income', 'shares_diluted'): [2012]}
2026-08-15 12:45:08,281 INFO    findata.database.edgar_ | GM processed: {'text_filings': 0, 'sections': 0, 'form4_rows': 0, 'income': 929, 'balance': 732, 'cashflow': 731, 'errors': 0, 'incomplete_years': 14}
2026-08-15 12:45:08,439 WARNING findata.database.edgar_ | AVNS: incomplete quarterly coverage for 11 (item, year) pair(s): {('balance', 'cash_and_equivalents'): [2013], ('balance', 'goodwill'): [2014], ('balance', 'liabilities_noncurrent'): [2016], ('balance', 'short_term_debt'): [2016, 2017, 2021, 2022], ('balance', 'stockholders_equity'): [2013, 2014], ('cashflow', 'stock_buybacks'): [2016], ('income', 'pretax_income'): [2020]}
2026-08-15 12:45:08,440 INFO    findata.database.edgar_ | AVNS processed: {'text_filings': 0, 'sections': 0, 'form4_rows': 0, 'income': 823, 'balance': 571, 'cashflow': 553, 'errors': 0, 'incomplete_years': 11}
2026-08-15 12:45:08,689 WARNING findata.database.edgar_ | MOS: incomplete quarterly coverage for 38 (item, year) pair(s): {('balance', 'shares_outstanding'): [2012, 2016], ('balance', 'stockholders_equity'): [2010], ('cashflow', 'capex'): [2013], ('cashflow', 'depreciation_amortization'): [2013], ('cashflow', 'dividends_paid'): [2013], ('cashflow', 'stock_buybacks'): [2013, 2018, 2019, 2020], ('income', 'cost_of_revenue'): [2011, 2012, 2018, 2019], ('income', 'costs_and_expenses'): [2011, 2012], ('income', 'eps_basic'): [2011, 2012], ('income', 'eps_diluted'): [2011, 2012], ('income', 'gross_profit'): [2011, 2012], ('income', 'income_tax'): [2011, 2012], ('income', 'net_income'): [2011, 2012], ('income', 'operating_income'): [2011, 2012], ('income', 'pretax_income'): [2011, 2012], ('income', 'revenue'): [2011, 2012], ('income', 'shares_basic'): [2011, 2012, 2013], ('income', 'shares_diluted'): [2011, 2012, 2013]}
2026-08-15 12:45:08,690 INFO    findata.database.edgar_ | MOS processed: {'text_filings': 0, 'sections': 0, 'form4_rows': 0, 'income': 944, 'balance': 692, 'cashflow': 909, 'errors': 0, 'incomplete_years': 38}
2026-08-15 12:45:08,836 WARNING findata.database.edgar_ | CWEN: incomplete quarterly coverage for 8 (item, year) pair(s): {('balance', 'cash_and_equivalents'): [2012], ('balance', 'stockholders_equity'): [2012, 2013], ('cashflow', 'dividends_paid'): [2019], ('income', 'eps_basic'): [2019, 2020, 2021], ('income', 'shares_basic'): [2015]}
2026-08-15 12:45:08,837 INFO    findata.database.edgar_ | CWEN processed: {'text_filings': 0, 'sections': 0, 'form4_rows': 0, 'income': 717, 'balance': 578, 'cashflow': 571, 'errors': 0, 'incomplete_years': 8}
2026-08-15 12:45:11,066 WARNING findata.database.edgar_ | KBH: incomplete quarterly coverage for 22 (item, year) pair(s): {('balance', 'cash_and_equivalents'): [2009], ('balance', 'shares_outstanding'): [2012, 2013, 2014, 2015, 2016, 2017, 2018, 2020, 2021, 2022, 2023, 2024, 2025], ('balance', 'stockholders_equity'): [2009, 2010], ('cashflow', 'stock_buybacks'): [2011, 2012, 2013, 2018, 2020, 2021]}
2026-08-15 12:45:11,067 INFO    findata.database.edgar_ | KBH processed: {'text_filings': 0, 'sections': 0, 'form4_rows': 0, 'income': 710, 'balance': 266, 'cashflow': 743, 'errors': 0, 'incomplete_years': 22}
2026-08-15 12:45:11,258 WARNING findata.database.edgar_ | LII: incomplete quarterly coverage for 5 (item, year) pair(s): {('balance', 'cash_and_equivalents'): [2009], ('balance', 'stockholders_equity'): [2009, 2010], ('income', 'shares_basic'): [2011], ('income', 'shares_diluted'): [2011]}
2026-08-15 12:45:11,259 INFO    findata.database.edgar_ | LII processed: {'text_filings': 0, 'sections': 0, 'form4_rows': 0, 'income': 1019, 'balance': 750, 'cashflow': 859, 'errors': 0, 'incomplete_years': 5}
2026-08-15 12:45:11,451 WARNING findata.database.edgar_ | WKC: incomplete quarterly coverage for 3 (item, year) pair(s): {('balance', 'cash_and_equivalents'): [2009], ('balance', 'stockholders_equity'): [2009], ('cashflow', 'stock_buybacks'): [2015]}
2026-08-15 12:45:11,452 INFO    findata.database.edgar_ | WKC processed: {'text_filings': 0, 'sections': 0, 'form4_rows': 0, 'income': 1106, 'balance': 808, 'cashflow': 821, 'errors': 0, 'incomplete_years': 3}
2026-08-15 12:45:11,584 INFO    findata.database.edgar_ | NMR processed: {'text_filings': 0, 'sections': 0, 'form4_rows': 0, 'income': 299, 'balance': 262, 'cashflow': 397, 'errors': 0, 'incomplete_years': 0}
2026-08-15 12:45:11,764 WARNING findata.database.edgar_ | SYY: incomplete quarterly coverage for 2 (item, year) pair(s): {('balance', 'assets_noncurrent'): [2018], ('income', 'interest_expense'): [2014]}
2026-08-15 12:45:11,765 INFO    findata.database.edgar_ | SYY processed: {'text_filings': 0, 'sections': 0, 'form4_rows': 0, 'income': 1095, 'balance': 734, 'cashflow': 829, 'errors': 0, 'incomplete_years': 2}
2026-08-15 12:45:13,638 WARNING findata.database.edgar_ | BFAM: incomplete quarterly coverage for 8 (item, year) pair(s): {('balance', 'cash_and_equivalents'): [2011], ('balance', 'goodwill'): [2012], ('balance', 'stockholders_equity'): [2011, 2012], ('income', 'interest_expense'): [2019, 2023], ('income', 'shares_basic'): [2015], ('income', 'shares_diluted'): [2020]}
2026-08-15 12:45:13,639 INFO    findata.database.edgar_ | BFAM processed: {'text_filings': 0, 'sections': 0, 'form4_rows': 0, 'income': 846, 'balance': 621, 'cashflow': 625, 'errors': 0, 'incomplete_years': 8}
2026-08-15 12:45:13,814 WARNING findata.database.edgar_ | ESE: incomplete quarterly coverage for 19 (item, year) pair(s): {('balance', 'cash_and_equivalents'): [2009], ('balance', 'shares_outstanding'): [2013, 2014, 2015, 2016, 2017, 2018, 2019, 2020, 2021, 2022, 2023, 2024, 2025], ('balance', 'stockholders_equity'): [2009, 2010], ('cashflow', 'stock_buybacks'): [2017], ('income', 'shares_basic'): [2017], ('income', 'shares_diluted'): [2017]}
2026-08-15 12:45:13,815 INFO    findata.database.edgar_ | ESE processed: {'text_filings': 0, 'sections': 0, 'form4_rows': 0, 'income': 952, 'balance': 738, 'cashflow': 781, 'errors': 0, 'incomplete_years': 19}
2026-08-15 12:45:13,925 INFO    findata.database.edgar_ | SBLK processed: {'text_filings': 0, 'sections': 0, 'form4_rows': 0, 'income': 192, 'balance': 254, 'cashflow': 312, 'errors': 0, 'incomplete_years': 0}
2026-08-15 12:45:14,069 WARNING findata.database.edgar_ | MTUS: incomplete quarterly coverage for 22 (item, year) pair(s): {('balance', 'cash_and_equivalents'): [2013], ('balance', 'long_term_debt'): [2016, 2018, 2019, 2020, 2025], ('balance', 'shares_outstanding'): [2016, 2017, 2018, 2019, 2020, 2022, 2023, 2024, 2025], ('balance', 'short_term_debt'): [2025], ('balance', 'stockholders_equity'): [2013, 2014], ('cashflow', 'stock_buybacks'): [2021], ('income', 'interest_expense'): [2024, 2025], ('income', 'operating_income'): [2019]}
2026-08-15 12:45:14,070 INFO    findata.database.edgar_ | MTUS processed: {'text_filings': 0, 'sections': 0, 'form4_rows': 0, 'income': 758, 'balance': 485, 'cashflow': 558, 'errors': 0, 'incomplete_years': 22}
2026-08-15 12:45:14,100 INFO    findata.database.edgar_ | NGG processed: {'text_filings': 0, 'sections': 0, 'form4_rows': 0, 'income': 20, 'balance': 54, 'cashflow': 0, 'errors': 0, 'incomplete_years': 0}
2026-08-15 12:45:16,086 WARNING findata.database.edgar_ | EFOR: incomplete quarterly coverage for 5 (item, year) pair(s): {('balance', 'cash_and_equivalents'): [2010], ('balance', 'stockholders_equity'): [2010, 2011], ('cashflow', 'stock_buybacks'): [2012, 2013]}
2026-08-15 12:45:16,087 INFO    findata.database.edgar_ | EFOR processed: {'text_filings': 0, 'sections': 0, 'form4_rows': 0, 'income': 972, 'balance': 629, 'cashflow': 680, 'errors': 0, 'incomplete_years': 5}
2026-08-15 12:45:16,241 WARNING findata.database.edgar_ | TNET: incomplete quarterly coverage for 12 (item, year) pair(s): {('balance', 'goodwill'): [2018], ('balance', 'long_term_debt'): [2017, 2018], ('balance', 'short_term_debt'): [2018], ('balance', 'stockholders_equity'): [2013], ('income', 'cost_of_revenue'): [2019], ('income', 'costs_and_expenses'): [2024, 2025], ('income', 'interest_expense'): [2023], ('income', 'operating_expenses'): [2024, 2025], ('income', 'operating_income'): [2024]}
2026-08-15 12:45:16,242 INFO    findata.database.edgar_ | TNET processed: {'text_filings': 0, 'sections': 0, 'form4_rows': 0, 'income': 863, 'balance': 565, 'cashflow': 562, 'errors': 0, 'incomplete_years': 12}
2026-08-15 12:45:16,376 WARNING findata.database.edgar_ | RGNX: incomplete quarterly coverage for 7 (item, year) pair(s): {('balance', 'cash_and_equivalents'): [2014], ('balance', 'stockholders_equity'): [2014, 2015], ('income', 'cost_of_revenue'): [2017], ('income', 'income_tax'): [2020, 2021, 2022]}
2026-08-15 12:45:16,377 INFO    findata.database.edgar_ | RGNX processed: {'text_filings': 0, 'sections': 0, 'form4_rows': 0, 'income': 762, 'balance': 409, 'cashflow': 410, 'errors': 0, 'incomplete_years': 7}
2026-08-15 12:45:16,613 WARNING findata.database.edgar_ | ROP: incomplete quarterly coverage for 5 (item, year) pair(s): {('balance', 'cash_and_equivalents'): [2009], ('balance', 'shares_outstanding'): [2012, 2015, 2016], ('cashflow', 'capex'): [2019]}
2026-08-15 12:45:16,614 INFO    findata.database.edgar_ | ROP processed: {'text_filings': 0, 'sections': 0, 'form4_rows': 0, 'income': 1110, 'balance': 784, 'cashflow': 731, 'errors': 0, 'incomplete_years': 5}
2026-08-15 12:45:16,806 WARNING findata.database.edgar_ | AVT: incomplete quarterly coverage for 5 (item, year) pair(s): {('balance', 'short_term_debt'): [2022], ('balance', 'stockholders_equity'): [2009], ('cashflow', 'depreciation_amortization'): [2015, 2023], ('cashflow', 'stock_buybacks'): [2017]}
2026-08-15 12:45:16,807 INFO    findata.database.edgar_ | AVT processed: {'text_filings': 0, 'sections': 0, 'form4_rows': 0, 'income': 1092, 'balance': 765, 'cashflow': 808, 'errors': 0, 'incomplete_years': 5}
2026-08-15 12:45:18,986 WARNING findata.database.edgar_ | BBWI: incomplete quarterly coverage for 5 (item, year) pair(s): {('balance', 'cash_and_equivalents'): [2009], ('balance', 'short_term_debt'): [2022, 2024, 2025], ('balance', 'stockholders_equity'): [2009]}
2026-08-15 12:45:18,987 INFO    findata.database.edgar_ | BBWI processed: {'text_filings': 0, 'sections': 0, 'form4_rows': 0, 'income': 1065, 'balance': 785, 'cashflow': 966, 'errors': 0, 'incomplete_years': 5}
2026-08-15 12:45:19,176 WARNING findata.database.edgar_ | MOH: incomplete quarterly coverage for 14 (item, year) pair(s): {('balance', 'cash_and_equivalents'): [2010], ('balance', 'goodwill'): [2018, 2019, 2020, 2021, 2022, 2023, 2024, 2025], ('balance', 'stockholders_equity'): [2010, 2011], ('cashflow', 'stock_buybacks'): [2023], ('income', 'shares_basic'): [2012], ('income', 'shares_diluted'): [2012]}
2026-08-15 12:45:19,177 INFO    findata.database.edgar_ | MOH processed: {'text_filings': 0, 'sections': 0, 'form4_rows': 0, 'income': 1045, 'balance': 700, 'cashflow': 684, 'errors': 0, 'incomplete_years': 14}
2026-08-15 12:45:19,369 WARNING findata.database.edgar_ | PLPC: incomplete quarterly coverage for 7 (item, year) pair(s): {('balance', 'cash_and_equivalents'): [2010], ('balance', 'stockholders_equity'): [2010, 2011], ('income', 'shares_basic'): [2012, 2016], ('income', 'shares_diluted'): [2012, 2016]}
2026-08-15 12:45:19,370 INFO    findata.database.edgar_ | PLPC processed: {'text_filings': 0, 'sections': 0, 'form4_rows': 0, 'income': 1163, 'balance': 688, 'cashflow': 796, 'errors': 0, 'incomplete_years': 7}
2026-08-15 12:45:19,575 WARNING findata.database.edgar_ | HEI-A: incomplete quarterly coverage for 10 (item, year) pair(s): {('balance', 'cash_and_equivalents'): [2009], ('balance', 'shares_outstanding'): [2011, 2012, 2014, 2021, 2022, 2023, 2024, 2025], ('balance', 'stockholders_equity'): [2009]}
2026-08-15 12:45:19,576 INFO    findata.database.edgar_ | HEI-A processed: {'text_filings': 0, 'sections': 0, 'form4_rows': 0, 'income': 1229, 'balance': 709, 'cashflow': 779, 'errors': 0, 'incomplete_years': 10}
2026-08-15 12:45:19,738 WARNING findata.database.edgar_ | TGLS: incomplete quarterly coverage for 6 (item, year) pair(s): {('balance', 'assets_noncurrent'): [2014], ('balance', 'short_term_investments'): [2014, 2015], ('cashflow', 'dividends_paid'): [2020], ('income', 'interest_expense'): [2018, 2024]}
2026-08-15 12:45:19,739 INFO    findata.database.edgar_ | TGLS processed: {'text_filings': 0, 'sections': 0, 'form4_rows': 0, 'income': 881, 'balance': 818, 'cashflow': 607, 'errors': 0, 'incomplete_years': 6}
2026-08-15 12:45:21,846 WARNING findata.database.edgar_ | TREE: incomplete quarterly coverage for 7 (item, year) pair(s): {('balance', 'short_term_debt'): [2021], ('balance', 'stockholders_equity'): [2011], ('cashflow', 'stock_buybacks'): [2012, 2013], ('income', 'interest_expense'): [2017, 2018, 2021]}
2026-08-15 12:45:21,847 INFO    findata.database.edgar_ | TREE processed: {'text_filings': 0, 'sections': 0, 'form4_rows': 0, 'income': 1123, 'balance': 633, 'cashflow': 716, 'errors': 0, 'incomplete_years': 7}
2026-08-15 12:45:21,881 INFO    findata.database.edgar_ | WPP processed: {'text_filings': 0, 'sections': 0, 'form4_rows': 0, 'income': 33, 'balance': 29, 'cashflow': 0, 'errors': 0, 'incomplete_years': 0}
2026-08-15 12:45:22,054 WARNING findata.database.edgar_ | CCRN: incomplete quarterly coverage for 9 (item, year) pair(s): {('balance', 'cash_and_equivalents'): [2010], ('balance', 'long_term_debt'): [2020, 2021], ('balance', 'short_term_debt'): [2020, 2021], ('balance', 'stockholders_equity'): [2010, 2011], ('cashflow', 'stock_buybacks'): [2021], ('income', 'cost_of_revenue'): [2017]}
2026-08-15 12:45:22,055 INFO    findata.database.edgar_ | CCRN processed: {'text_filings': 0, 'sections': 0, 'form4_rows': 0, 'income': 1057, 'balance': 629, 'cashflow': 661, 'errors': 0, 'incomplete_years': 9}
2026-08-15 12:45:22,088 INFO    findata.database.edgar_ | TAC processed: {'text_filings': 0, 'sections': 0, 'form4_rows': 0, 'income': 37, 'balance': 35, 'cashflow': 0, 'errors': 0, 'incomplete_years': 0}
2026-08-15 12:45:22,271 WARNING findata.database.edgar_ | PODD: incomplete quarterly coverage for 9 (item, year) pair(s): {('balance', 'cash_and_equivalents'): [2010], ('balance', 'short_term_debt'): [2014, 2017, 2018, 2019, 2020], ('balance', 'stockholders_equity'): [2010, 2011], ('cashflow', 'stock_buybacks'): [2024]}
2026-08-15 12:45:22,272 INFO    findata.database.edgar_ | PODD processed: {'text_filings': 0, 'sections': 0, 'form4_rows': 0, 'income': 1093, 'balance': 723, 'cashflow': 592, 'errors': 0, 'incomplete_years': 9}
2026-08-15 12:45:24,992 WARNING findata.database.edgar_ | A: incomplete quarterly coverage for 11 (item, year) pair(s): {('balance', 'cash_and_equivalents'): [2008], ('balance', 'short_term_debt'): [2014, 2015, 2019, 2022, 2024], ('balance', 'short_term_investments'): [2011, 2012, 2013], ('balance', 'stockholders_equity'): [2008, 2009]}
2026-08-15 12:45:24,993 INFO    findata.database.edgar_ | A processed: {'text_filings': 0, 'sections': 0, 'form4_rows': 0, 'income': 1250, 'balance': 818, 'cashflow': 890, 'errors': 0, 'incomplete_years': 11}
2026-08-15 12:45:25,159 WARNING findata.database.edgar_ | GNW: incomplete quarterly coverage for 8 (item, year) pair(s): {('balance', 'cash_and_equivalents'): [2008], ('balance', 'goodwill'): [2016], ('balance', 'stockholders_equity'): [2008], ('cashflow', 'financing_cash_flow'): [2011], ('cashflow', 'investing_cash_flow'): [2011], ('cashflow', 'operating_cash_flow'): [2011], ('income', 'operating_income'): [2024, 2025]}
2026-08-15 12:45:25,160 INFO    findata.database.edgar_ | GNW processed: {'text_filings': 0, 'sections': 0, 'form4_rows': 0, 'income': 895, 'balance': 541, 'cashflow': 515, 'errors': 0, 'incomplete_years': 8}
2026-08-15 12:45:25,187 INFO    findata.database.edgar_ | CMBT processed: {'text_filings': 0, 'sections': 0, 'form4_rows': 0, 'income': 11, 'balance': 25, 'cashflow': 0, 'errors': 0, 'incomplete_years': 0}
2026-08-15 12:45:25,372 WARNING findata.database.edgar_ | CRS: incomplete quarterly coverage for 11 (item, year) pair(s): {('balance', 'shares_outstanding'): [2010], ('balance', 'short_term_debt'): [2013, 2014, 2015, 2016, 2017, 2019, 2024], ('balance', 'stockholders_equity'): [2010], ('income', 'cost_of_revenue'): [2020, 2021]}
2026-08-15 12:45:25,373 INFO    findata.database.edgar_ | CRS processed: {'text_filings': 0, 'sections': 0, 'form4_rows': 0, 'income': 1020, 'balance': 767, 'cashflow': 834, 'errors': 0, 'incomplete_years': 11}
2026-08-15 12:45:25,534 WARNING findata.database.edgar_ | AAT: incomplete quarterly coverage for 20 (item, year) pair(s): {('balance', 'cash_and_equivalents'): [2010], ('balance', 'long_term_debt'): [2015, 2016, 2017, 2018, 2019, 2020, 2021, 2022, 2023, 2024, 2025], ('balance', 'shares_outstanding'): [2017, 2018], ('balance', 'stockholders_equity'): [2010, 2011], ('income', 'interest_expense'): [2013, 2014, 2022, 2023]}
2026-08-15 12:45:25,535 INFO    findata.database.edgar_ | AAT processed: {'text_filings': 0, 'sections': 0, 'form4_rows': 0, 'income': 855, 'balance': 369, 'cashflow': 698, 'errors': 0, 'incomplete_years': 20}
2026-08-15 12:45:27,595 WARNING findata.database.edgar_ | GOOGL: incomplete quarterly coverage for 14 (item, year) pair(s): {('balance', 'assets_noncurrent'): [2020], ('balance', 'cash_and_equivalents'): [2014], ('balance', 'goodwill'): [2015], ('balance', 'inventory'): [2023, 2025], ('balance', 'short_term_debt'): [2017, 2018, 2019, 2020, 2022], ('balance', 'stockholders_equity'): [2014, 2015], ('cashflow', 'dividends_paid'): [2016, 2023]}
2026-08-15 12:45:27,596 INFO    findata.database.edgar_ | GOOGL processed: {'text_filings': 0, 'sections': 0, 'form4_rows': 0, 'income': 744, 'balance': 530, 'cashflow': 492, 'errors': 0, 'incomplete_years': 14}
2026-08-15 12:45:27,782 WARNING findata.database.edgar_ | BKH: incomplete quarterly coverage for 12 (item, year) pair(s): {('balance', 'assets_noncurrent'): [2017], ('balance', 'cash_and_equivalents'): [2009], ('balance', 'liabilities_noncurrent'): [2019], ('balance', 'shares_outstanding'): [2016, 2017, 2018, 2019, 2020, 2021, 2022], ('balance', 'stockholders_equity'): [2009], ('income', 'interest_expense'): [2011]}
2026-08-15 12:45:27,783 INFO    findata.database.edgar_ | BKH processed: {'text_filings': 0, 'sections': 0, 'form4_rows': 0, 'income': 922, 'balance': 791, 'cashflow': 779, 'errors': 0, 'incomplete_years': 12}
2026-08-15 12:45:27,964 WARNING findata.database.edgar_ | UDR: incomplete quarterly coverage for 9 (item, year) pair(s): {('balance', 'cash_and_equivalents'): [2009], ('balance', 'stockholders_equity'): [2009, 2010], ('cashflow', 'stock_buybacks'): [2020, 2022, 2023, 2025], ('income', 'income_tax'): [2012], ('income', 'shares_diluted'): [2011]}
2026-08-15 12:45:27,965 INFO    findata.database.edgar_ | UDR processed: {'text_filings': 0, 'sections': 0, 'form4_rows': 0, 'income': 999, 'balance': 451, 'cashflow': 776, 'errors': 0, 'incomplete_years': 9}
2026-08-15 12:45:28,099 WARNING findata.database.edgar_ | ZVRA: incomplete quarterly coverage for 19 (item, year) pair(s): {('balance', 'inventory'): [2024], ('balance', 'long_term_debt'): [2019, 2023, 2024], ('balance', 'short_term_investments'): [2021, 2022], ('balance', 'stockholders_equity'): [2014], ('cashflow', 'capex'): [2018], ('income', 'cost_of_revenue'): [2021], ('income', 'eps_diluted'): [2024], ('income', 'income_tax'): [2020], ('income', 'revenue'): [2016, 2018, 2019], ('income', 'rnd_expense'): [2022], ('income', 'shares_basic'): [2020], ('income', 'shares_diluted'): [2020, 2021, 2024]}
2026-08-15 12:45:28,100 INFO    findata.database.edgar_ | ZVRA processed: {'text_filings': 0, 'sections': 0, 'form4_rows': 0, 'income': 757, 'balance': 438, 'cashflow': 465, 'errors': 0, 'incomplete_years': 19}
2026-08-15 12:45:28,308 WARNING findata.database.edgar_ | KRC: incomplete quarterly coverage for 3 (item, year) pair(s): {('balance', 'cash_and_equivalents'): [2009], ('balance', 'stockholders_equity'): [2009], ('cashflow', 'capex'): [2012]}
2026-08-15 12:45:28,309 INFO    findata.database.edgar_ | KRC processed: {'text_filings': 0, 'sections': 0, 'form4_rows': 0, 'income': 704, 'balance': 393, 'cashflow': 760, 'errors': 0, 'incomplete_years': 3}
2026-08-15 12:45:30,320 WARNING findata.database.edgar_ | DAKT: incomplete quarterly coverage for 9 (item, year) pair(s): {('balance', 'liabilities'): [2019], ('balance', 'short_term_debt'): [2023], ('balance', 'stockholders_equity'): [2011], ('cashflow', 'stock_buybacks'): [2021, 2022, 2023, 2024], ('income', 'interest_expense'): [2021, 2022]}
2026-08-15 12:45:30,321 INFO    findata.database.edgar_ | DAKT processed: {'text_filings': 0, 'sections': 0, 'form4_rows': 0, 'income': 1113, 'balance': 616, 'cashflow': 731, 'errors': 0, 'incomplete_years': 9}
2026-08-15 12:45:30,480 WARNING findata.database.edgar_ | GRBK: incomplete quarterly coverage for 10 (item, year) pair(s): {('balance', 'assets_current'): [2014], ('balance', 'inventory'): [2013], ('balance', 'liabilities'): [2014], ('balance', 'liabilities_current'): [2014], ('balance', 'shares_outstanding'): [2010, 2011], ('cashflow', 'stock_buybacks'): [2021], ('income', 'cost_of_revenue'): [2013, 2017], ('income', 'operating_income'): [2019]}
2026-08-15 12:45:30,481 INFO    findata.database.edgar_ | GRBK processed: {'text_filings': 0, 'sections': 0, 'form4_rows': 0, 'income': 874, 'balance': 482, 'cashflow': 673, 'errors': 0, 'incomplete_years': 10}
2026-08-15 12:45:30,658 WARNING findata.database.edgar_ | UAL: incomplete quarterly coverage for 12 (item, year) pair(s): {('balance', 'assets_noncurrent'): [2012, 2023, 2024], ('balance', 'cash_and_equivalents'): [2009], ('balance', 'liabilities_noncurrent'): [2014, 2023, 2024], ('balance', 'stockholders_equity'): [2009, 2010], ('cashflow', 'stock_buybacks'): [2023], ('income', 'interest_expense'): [2019, 2023]}
2026-08-15 12:45:30,659 INFO    findata.database.edgar_ | UAL processed: {'text_filings': 0, 'sections': 0, 'form4_rows': 0, 'income': 996, 'balance': 758, 'cashflow': 730, 'errors': 0, 'incomplete_years': 12}
2026-08-15 12:45:30,694 INFO    findata.database.edgar_ | SQM processed: {'text_filings': 0, 'sections': 0, 'form4_rows': 0, 'income': 42, 'balance': 35, 'cashflow': 0, 'errors': 0, 'incomplete_years': 0}
2026-08-15 12:45:30,878 WARNING findata.database.edgar_ | ED: incomplete quarterly coverage for 10 (item, year) pair(s): {('balance', 'long_term_debt'): [2025], ('balance', 'shares_outstanding'): [2016, 2017], ('balance', 'short_term_debt'): [2020, 2021, 2022, 2023, 2024, 2025], ('cashflow', 'stock_buybacks'): [2016]}
2026-08-15 12:45:30,879 INFO    findata.database.edgar_ | ED processed: {'text_filings': 0, 'sections': 0, 'form4_rows': 0, 'income': 935, 'balance': 615, 'cashflow': 742, 'errors': 0, 'incomplete_years': 10}
2026-08-15 12:45:37,749 WARNING findata.database.edgar_ | RBCAA: incomplete quarterly coverage for 13 (item, year) pair(s): {('balance', 'cash_and_equivalents'): [2010], ('balance', 'stockholders_equity'): [2010, 2011], ('cashflow', 'stock_buybacks'): [2012, 2015, 2016, 2022, 2023, 2025], ('income', 'interest_expense'): [2024], ('income', 'shares_basic'): [2014, 2017], ('income', 'shares_diluted'): [2014]}
2026-08-15 12:45:37,750 INFO    findata.database.edgar_ | RBCAA processed: {'text_filings': 0, 'sections': 0, 'form4_rows': 0, 'income': 504, 'balance': 317, 'cashflow': 782, 'errors': 0, 'incomplete_years': 13}
2026-08-15 12:45:37,836 WARNING findata.database.edgar_ | AEM: incomplete quarterly coverage for 49 (item, year) pair(s): {('balance', 'assets'): [2014, 2016, 2017, 2018, 2019, 2020, 2021, 2022, 2023, 2024], ('balance', 'assets_current'): [2014], ('balance', 'cash_and_equivalents'): [2008, 2014], ('balance', 'goodwill'): [2014, 2016, 2017, 2018, 2019, 2020, 2021, 2022, 2023, 2024], ('balance', 'liabilities_current'): [2014], ('balance', 'long_term_debt'): [2014], ('balance', 'shares_outstanding'): [2012, 2013, 2017, 2018, 2019, 2020, 2021, 2022, 2023, 2024], ('balance', 'stockholders_equity'): [2014], ('cashflow', 'depreciation_amortization'): [2014], ('cashflow', 'dividends_paid'): [2014], ('cashflow', 'financing_cash_flow'): [2014], ('cashflow', 'investing_cash_flow'): [2014], ('cashflow', 'operating_cash_flow'): [2014], ('cashflow', 'stock_buybacks'): [2014], ('income', 'eps_basic'): [2014], ('income', 'eps_diluted'): [2014], ('income', 'interest_expense'): [2014], ('income', 'net_income'): [2014], ('income', 'operating_income'): [2014], ('income', 'shares_basic'): [2014], ('income', 'shares_diluted'): [2014]}
2026-08-15 12:45:37,837 INFO    findata.database.edgar_ | AEM processed: {'text_filings': 0, 'sections': 0, 'form4_rows': 0, 'income': 217, 'balance': 188, 'cashflow': 276, 'errors': 0, 'incomplete_years': 49}
2026-08-15 12:45:37,873 INFO    findata.database.edgar_ | SAP processed: {'text_filings': 0, 'sections': 0, 'form4_rows': 0, 'income': 47, 'balance': 38, 'cashflow': 0, 'errors': 0, 'incomplete_years': 0}
2026-08-15 12:45:38,084 WARNING findata.database.edgar_ | LRCX: incomplete quarterly coverage for 3 (item, year) pair(s): {('balance', 'goodwill'): [2025, 2026], ('balance', 'stockholders_equity'): [2010]}
2026-08-15 12:45:38,085 INFO    findata.database.edgar_ | LRCX processed: {'text_filings': 0, 'sections': 0, 'form4_rows': 0, 'income': 1196, 'balance': 809, 'cashflow': 812, 'errors': 0, 'incomplete_years': 3}
2026-08-15 12:45:38,287 WARNING findata.database.edgar_ | GD: incomplete quarterly coverage for 10 (item, year) pair(s): {('balance', 'cash_and_equivalents'): [2008], ('balance', 'stockholders_equity'): [2008, 2009], ('income', 'eps_basic'): [2017, 2018, 2019], ('income', 'eps_diluted'): [2017, 2018, 2019], ('income', 'interest_expense'): [2013]}
2026-08-15 12:45:38,288 INFO    findata.database.edgar_ | GD processed: {'text_filings': 0, 'sections': 0, 'form4_rows': 0, 'income': 1009, 'balance': 850, 'cashflow': 916, 'errors': 0, 'incomplete_years': 10}
2026-08-15 12:45:40,609 WARNING findata.database.edgar_ | D: incomplete quarterly coverage for 4 (item, year) pair(s): {('balance', 'stockholders_equity'): [2008, 2009], ('cashflow', 'capex'): [2020], ('cashflow', 'stock_buybacks'): [2020]}
2026-08-15 12:45:40,610 INFO    findata.database.edgar_ | D processed: {'text_filings': 0, 'sections': 0, 'form4_rows': 0, 'income': 1066, 'balance': 808, 'cashflow': 800, 'errors': 0, 'incomplete_years': 4}
2026-08-15 12:45:40,777 WARNING findata.database.edgar_ | LQDT: incomplete quarterly coverage for 8 (item, year) pair(s): {('balance', 'short_term_investments'): [2017, 2018, 2021, 2022], ('balance', 'stockholders_equity'): [2010, 2011], ('cashflow', 'stock_buybacks'): [2012, 2014]}
2026-08-15 12:45:40,778 INFO    findata.database.edgar_ | LQDT processed: {'text_filings': 0, 'sections': 0, 'form4_rows': 0, 'income': 1001, 'balance': 659, 'cashflow': 671, 'errors': 0, 'incomplete_years': 8}
2026-08-15 12:45:40,941 WARNING findata.database.edgar_ | AMRN: incomplete quarterly coverage for 17 (item, year) pair(s): {('balance', 'cash_and_equivalents'): [2010], ('balance', 'long_term_debt'): [2020], ('balance', 'short_term_debt'): [2021], ('balance', 'stockholders_equity'): [2010], ('cashflow', 'capex'): [2015, 2018, 2019], ('cashflow', 'depreciation_amortization'): [2019], ('cashflow', 'investing_cash_flow'): [2014, 2018, 2019], ('income', 'cost_of_revenue'): [2022], ('income', 'income_tax'): [2020], ('income', 'shares_basic'): [2012, 2013], ('income', 'shares_diluted'): [2012, 2013]}
2026-08-15 12:45:40,943 INFO    findata.database.edgar_ | AMRN processed: {'text_filings': 0, 'sections': 0, 'form4_rows': 0, 'income': 988, 'balance': 597, 'cashflow': 467, 'errors': 0, 'incomplete_years': 17}
2026-08-15 12:45:40,988 WARNING findata.database.edgar_ | PFLT: incomplete quarterly coverage for 2 (item, year) pair(s): {('balance', 'shares_outstanding'): [2020, 2021]}
2026-08-15 12:45:40,989 INFO    findata.database.edgar_ | PFLT processed: {'text_filings': 0, 'sections': 0, 'form4_rows': 0, 'income': 98, 'balance': 110, 'cashflow': 105, 'errors': 0, 'incomplete_years': 2}
2026-08-15 12:45:41,242 WARNING findata.database.edgar_ | YUM: incomplete quarterly coverage for 27 (item, year) pair(s): {('balance', 'cash_and_equivalents'): [2008], ('balance', 'inventory'): [2017], ('balance', 'short_term_investments'): [2023, 2024], ('balance', 'stockholders_equity'): [2008, 2009], ('cashflow', 'capex'): [2011, 2016], ('cashflow', 'depreciation_amortization'): [2011], ('cashflow', 'dividends_paid'): [2011, 2016], ('cashflow', 'financing_cash_flow'): [2011, 2016], ('cashflow', 'investing_cash_flow'): [2011, 2016], ('cashflow', 'operating_cash_flow'): [2011, 2016], ('cashflow', 'stock_buybacks'): [2011, 2016], ('income', 'cost_of_revenue'): [2016], ('income', 'costs_and_expenses'): [2015, 2016, 2017], ('income', 'income_tax'): [2016], ('income', 'operating_expenses'): [2016], ('income', 'shares_basic'): [2016], ('income', 'shares_diluted'): [2016]}
2026-08-15 12:45:41,243 INFO    findata.database.edgar_ | YUM processed: {'text_filings': 0, 'sections': 0, 'form4_rows': 0, 'income': 1071, 'balance': 741, 'cashflow': 893, 'errors': 0, 'incomplete_years': 27}
2026-08-15 12:45:42,369 WARNING edgar.core | No company facts found on url https://data.sec.gov/api/xbrl/companyfacts/CIK0000018748.json
2026-08-15 12:45:43,565 WARNING findata.database.edgar_ | WDC: incomplete quarterly coverage for 6 (item, year) pair(s): {('balance', 'short_term_debt'): [2023], ('balance', 'stockholders_equity'): [2009], ('income', 'shares_basic'): [2013, 2014], ('income', 'shares_diluted'): [2013, 2014]}
2026-08-15 12:45:43,566 INFO    findata.database.edgar_ | WDC processed: {'text_filings': 0, 'sections': 0, 'form4_rows': 0, 'income': 1145, 'balance': 851, 'cashflow': 859, 'errors': 0, 'incomplete_years': 6}
2026-08-15 12:45:43,729 WARNING findata.database.edgar_ | ORC: incomplete quarterly coverage for 6 (item, year) pair(s): {('balance', 'stockholders_equity'): [2012], ('cashflow', 'stock_buybacks'): [2017], ('income', 'eps_diluted'): [2022], ('income', 'shares_basic'): [2021, 2022], ('income', 'shares_diluted'): [2022]}
2026-08-15 12:45:43,730 INFO    findata.database.edgar_ | ORC processed: {'text_filings': 0, 'sections': 0, 'form4_rows': 0, 'income': 510, 'balance': 337, 'cashflow': 477, 'errors': 0, 'incomplete_years': 6}
2026-08-15 12:45:43,731 INFO    findata.database.edgar_ | CET processed: {'text_filings': 0, 'sections': 0, 'form4_rows': 0, 'income': 0, 'balance': 0, 'cashflow': 0, 'errors': 0}
2026-08-15 12:45:43,876 WARNING findata.database.edgar_ | EGBN: incomplete quarterly coverage for 15 (item, year) pair(s): {('balance', 'cash_and_equivalents'): [2010, 2013], ('balance', 'long_term_debt'): [2024], ('balance', 'short_term_debt'): [2017, 2018, 2019, 2020, 2021, 2022, 2023, 2024], ('balance', 'stockholders_equity'): [2010], ('cashflow', 'capex'): [2019, 2020], ('income', 'interest_expense'): [2024]}
2026-08-15 12:45:43,877 INFO    findata.database.edgar_ | EGBN processed: {'text_filings': 0, 'sections': 0, 'form4_rows': 0, 'income': 707, 'balance': 472, 'cashflow': 641, 'errors': 0, 'incomplete_years': 15}
2026-08-15 12:45:44,027 WARNING findata.database.edgar_ | EGP: incomplete quarterly coverage for 4 (item, year) pair(s): {('balance', 'cash_and_equivalents'): [2009], ('balance', 'long_term_debt'): [2025], ('balance', 'stockholders_equity'): [2009, 2010]}
2026-08-15 12:45:44,028 INFO    findata.database.edgar_ | EGP processed: {'text_filings': 0, 'sections': 0, 'form4_rows': 0, 'income': 823, 'balance': 473, 'cashflow': 640, 'errors': 0, 'incomplete_years': 4}
2026-08-15 12:45:46,143 WARNING findata.database.edgar_ | MDXG: incomplete quarterly coverage for 14 (item, year) pair(s): {('balance', 'assets'): [2018], ('balance', 'assets_current'): [2018], ('balance', 'goodwill'): [2018], ('balance', 'inventory'): [2018], ('balance', 'liabilities'): [2018], ('balance', 'liabilities_current'): [2018], ('balance', 'long_term_debt'): [2018, 2019], ('balance', 'shares_outstanding'): [2018], ('balance', 'short_term_debt'): [2018, 2019, 2023], ('balance', 'stockholders_equity'): [2011], ('income', 'interest_expense'): [2015]}
2026-08-15 12:45:46,144 INFO    findata.database.edgar_ | MDXG processed: {'text_filings': 0, 'sections': 0, 'form4_rows': 0, 'income': 986, 'balance': 662, 'cashflow': 623, 'errors': 0, 'incomplete_years': 14}
2026-08-15 12:45:46,303 WARNING findata.database.edgar_ | LCII: incomplete quarterly coverage for 8 (item, year) pair(s): {('balance', 'cash_and_equivalents'): [2010], ('balance', 'shares_outstanding'): [2013, 2014, 2015, 2016, 2017, 2018], ('balance', 'stockholders_equity'): [2010]}
2026-08-15 12:45:46,304 INFO    findata.database.edgar_ | LCII processed: {'text_filings': 0, 'sections': 0, 'form4_rows': 0, 'income': 896, 'balance': 703, 'cashflow': 679, 'errors': 0, 'incomplete_years': 8}
2026-08-15 12:45:46,437 WARNING findata.database.edgar_ | NIC: incomplete quarterly coverage for 13 (item, year) pair(s): {('balance', 'goodwill'): [2014, 2015, 2016, 2017], ('balance', 'short_term_debt'): [2014, 2015, 2016, 2017, 2019], ('cashflow', 'capex'): [2019], ('income', 'interest_expense'): [2024], ('income', 'shares_basic'): [2014], ('income', 'shares_diluted'): [2014]}
2026-08-15 12:45:46,438 INFO    findata.database.edgar_ | NIC processed: {'text_filings': 0, 'sections': 0, 'form4_rows': 0, 'income': 635, 'balance': 457, 'cashflow': 588, 'errors': 0, 'incomplete_years': 13}
2026-08-15 12:45:46,616 WARNING findata.database.edgar_ | EW: incomplete quarterly coverage for 13 (item, year) pair(s): {('balance', 'cash_and_equivalents'): [2009], ('balance', 'goodwill'): [2010], ('balance', 'liabilities_current'): [2012, 2013, 2014, 2015, 2016, 2017], ('balance', 'long_term_debt'): [2012, 2013], ('balance', 'stockholders_equity'): [2009, 2010], ('income', 'interest_expense'): [2018]}
2026-08-15 12:45:46,617 INFO    findata.database.edgar_ | EW processed: {'text_filings': 0, 'sections': 0, 'form4_rows': 0, 'income': 1031, 'balance': 715, 'cashflow': 726, 'errors': 0, 'incomplete_years': 13}
2026-08-15 12:45:46,789 WARNING findata.database.edgar_ | AEHR: incomplete quarterly coverage for 12 (item, year) pair(s): {('balance', 'long_term_debt'): [2019, 2020], ('balance', 'short_term_debt'): [2020], ('balance', 'short_term_investments'): [2023], ('balance', 'stockholders_equity'): [2011], ('income', 'interest_expense'): [2020, 2021, 2022], ('income', 'shares_basic'): [2013, 2025], ('income', 'shares_diluted'): [2013, 2025]}
2026-08-15 12:45:46,790 INFO    findata.database.edgar_ | AEHR processed: {'text_filings': 0, 'sections': 0, 'form4_rows': 0, 'income': 1095, 'balance': 608, 'cashflow': 573, 'errors': 0, 'incomplete_years': 12}
2026-08-15 12:45:48,686 INFO    findata.database.edgar_ | NMM processed: {'text_filings': 0, 'sections': 0, 'form4_rows': 0, 'income': 153, 'balance': 313, 'cashflow': 301, 'errors': 0, 'incomplete_years': 0}
2026-08-15 12:45:48,820 WARNING findata.database.edgar_ | BRK-B: incomplete quarterly coverage for 8 (item, year) pair(s): {('balance', 'cash_and_equivalents'): [2008], ('balance', 'goodwill'): [2010], ('balance', 'liabilities'): [2021, 2022, 2023], ('income', 'operating_income'): [2013], ('income', 'shares_basic'): [2012, 2015]}
2026-08-15 12:45:48,821 INFO    findata.database.edgar_ | BRK-B processed: {'text_filings': 0, 'sections': 0, 'form4_rows': 0, 'income': 636, 'balance': 415, 'cashflow': 685, 'errors': 0, 'incomplete_years': 8}
2026-08-15 12:45:48,974 WARNING findata.database.edgar_ | PFGC: incomplete quarterly coverage for 6 (item, year) pair(s): {('balance', 'cash_and_equivalents'): [2019], ('balance', 'short_term_debt'): [2020, 2021, 2022], ('income', 'shares_basic'): [2024], ('income', 'shares_diluted'): [2024]}
2026-08-15 12:45:48,975 INFO    findata.database.edgar_ | PFGC processed: {'text_filings': 0, 'sections': 0, 'form4_rows': 0, 'income': 791, 'balance': 507, 'cashflow': 519, 'errors': 0, 'incomplete_years': 6}
2026-08-15 12:45:49,153 WARNING findata.database.edgar_ | UHS: incomplete quarterly coverage for 3 (item, year) pair(s): {('balance', 'cash_and_equivalents'): [2009], ('balance', 'stockholders_equity'): [2009, 2010]}
2026-08-15 12:45:49,154 INFO    findata.database.edgar_ | UHS processed: {'text_filings': 0, 'sections': 0, 'form4_rows': 0, 'income': 946, 'balance': 538, 'cashflow': 883, 'errors': 0, 'incomplete_years': 3}
2026-08-15 12:45:49,258 WARNING findata.database.edgar_ | CIA: incomplete quarterly coverage for 3 (item, year) pair(s): {('balance', 'cash_and_equivalents'): [2010], ('balance', 'stockholders_equity'): [2010, 2011]}
2026-08-15 12:45:49,259 INFO    findata.database.edgar_ | CIA processed: {'text_filings': 0, 'sections': 0, 'form4_rows': 0, 'income': 346, 'balance': 308, 'cashflow': 571, 'errors': 0, 'incomplete_years': 3}
2026-08-15 12:45:51,491 WARNING findata.database.edgar_ | GT: incomplete quarterly coverage for 6 (item, year) pair(s): {('balance', 'cash_and_equivalents'): [2009], ('balance', 'stockholders_equity'): [2009, 2010], ('income', 'operating_income'): [2016], ('income', 'shares_basic'): [2021], ('income', 'shares_diluted'): [2021]}
2026-08-15 12:45:51,492 INFO    findata.database.edgar_ | GT processed: {'text_filings': 0, 'sections': 0, 'form4_rows': 0, 'income': 905, 'balance': 765, 'cashflow': 745, 'errors': 0, 'incomplete_years': 6}
2026-08-15 12:45:51,635 WARNING findata.database.edgar_ | SFBS: incomplete quarterly coverage for 10 (item, year) pair(s): {('balance', 'cash_and_equivalents'): [2010, 2020], ('balance', 'goodwill'): [2022, 2023], ('balance', 'stockholders_equity'): [2010, 2011], ('cashflow', 'capex'): [2019], ('income', 'interest_expense'): [2024], ('income', 'shares_diluted'): [2013, 2016]}
2026-08-15 12:45:51,636 INFO    findata.database.edgar_ | SFBS processed: {'text_filings': 0, 'sections': 0, 'form4_rows': 0, 'income': 704, 'balance': 367, 'cashflow': 623, 'errors': 0, 'incomplete_years': 10}
2026-08-15 12:45:51,789 WARNING findata.database.edgar_ | IQV: incomplete quarterly coverage for 7 (item, year) pair(s): {('balance', 'shares_outstanding'): [2012, 2017], ('balance', 'stockholders_equity'): [2012], ('cashflow', 'stock_buybacks'): [2014, 2015, 2016], ('income', 'cost_of_revenue'): [2018]}
2026-08-15 12:45:51,791 INFO    findata.database.edgar_ | IQV processed: {'text_filings': 0, 'sections': 0, 'form4_rows': 0, 'income': 811, 'balance': 637, 'cashflow': 624, 'errors': 0, 'incomplete_years': 7}
2026-08-15 12:45:51,978 WARNING findata.database.edgar_ | ALV: incomplete quarterly coverage for 5 (item, year) pair(s): {('balance', 'cash_and_equivalents'): [2009], ('balance', 'goodwill'): [2024, 2025], ('balance', 'stockholders_equity'): [2009], ('cashflow', 'stock_buybacks'): [2017]}
2026-08-15 12:45:51,979 INFO    findata.database.edgar_ | ALV processed: {'text_filings': 0, 'sections': 0, 'form4_rows': 0, 'income': 1056, 'balance': 770, 'cashflow': 765, 'errors': 0, 'incomplete_years': 5}
2026-08-15 12:45:52,176 WARNING findata.database.edgar_ | GRMN: incomplete quarterly coverage for 31 (item, year) pair(s): {('balance', 'cash_and_equivalents'): [2008], ('balance', 'goodwill'): [2011, 2012, 2013, 2014, 2015, 2016, 2017, 2018, 2019, 2020, 2021], ('balance', 'short_term_investments'): [2015], ('balance', 'stockholders_equity'): [2008, 2009], ('cashflow', 'stock_buybacks'): [2013, 2014], ('income', 'shares_basic'): [2013, 2014, 2015, 2016, 2018, 2022, 2023], ('income', 'shares_diluted'): [2013, 2014, 2015, 2016, 2018, 2022, 2023]}
2026-08-15 12:45:52,177 INFO    findata.database.edgar_ | GRMN processed: {'text_filings': 0, 'sections': 0, 'form4_rows': 0, 'income': 1156, 'balance': 617, 'cashflow': 808, 'errors': 0, 'incomplete_years': 31}
2026-08-15 12:45:54,284 WARNING findata.database.edgar_ | APPF: incomplete quarterly coverage for 7 (item, year) pair(s): {('balance', 'cash_and_equivalents'): [2014], ('balance', 'long_term_debt'): [2017, 2018], ('balance', 'short_term_debt'): [2017, 2018], ('balance', 'stockholders_equity'): [2014, 2015]}
2026-08-15 12:45:54,285 INFO    findata.database.edgar_ | APPF processed: {'text_filings': 0, 'sections': 0, 'form4_rows': 0, 'income': 794, 'balance': 349, 'cashflow': 490, 'errors': 0, 'incomplete_years': 7}
2026-08-15 12:45:54,462 WARNING findata.database.edgar_ | SWBI: incomplete quarterly coverage for 5 (item, year) pair(s): {('balance', 'stockholders_equity'): [2011], ('income', 'shares_basic'): [2025, 2026], ('income', 'shares_diluted'): [2025, 2026]}
2026-08-15 12:45:54,463 INFO    findata.database.edgar_ | SWBI processed: {'text_filings': 0, 'sections': 0, 'form4_rows': 0, 'income': 1072, 'balance': 558, 'cashflow': 669, 'errors': 0, 'incomplete_years': 5}
2026-08-15 12:45:54,672 WARNING findata.database.edgar_ | CAT: incomplete quarterly coverage for 12 (item, year) pair(s): {('balance', 'assets'): [2009], ('balance', 'assets_current'): [2009], ('balance', 'cash_and_equivalents'): [2008, 2010, 2015, 2016], ('balance', 'goodwill'): [2009], ('balance', 'inventory'): [2009], ('balance', 'liabilities'): [2009], ('balance', 'liabilities_current'): [2009], ('balance', 'stockholders_equity'): [2008], ('cashflow', 'stock_buybacks'): [2012]}
2026-08-15 12:45:54,673 INFO    findata.database.edgar_ | CAT processed: {'text_filings': 0, 'sections': 0, 'form4_rows': 0, 'income': 1180, 'balance': 664, 'cashflow': 938, 'errors': 0, 'incomplete_years': 12}
2026-08-15 12:45:54,894 WARNING findata.database.edgar_ | WSO: incomplete quarterly coverage for 17 (item, year) pair(s): {('balance', 'cash_and_equivalents'): [2009], ('balance', 'long_term_debt'): [2011, 2012], ('balance', 'short_term_debt'): [2011, 2013, 2014, 2020], ('balance', 'stockholders_equity'): [2009, 2010], ('income', 'interest_expense'): [2016, 2018, 2019], ('income', 'shares_basic'): [2021, 2024], ('income', 'shares_diluted'): [2018, 2021, 2024]}
2026-08-15 12:45:54,895 INFO    findata.database.edgar_ | WSO processed: {'text_filings': 0, 'sections': 0, 'form4_rows': 0, 'income': 939, 'balance': 593, 'cashflow': 727, 'errors': 0, 'incomplete_years': 17}
2026-08-15 12:45:55,089 WARNING findata.database.edgar_ | RYN: incomplete quarterly coverage for 10 (item, year) pair(s): {('balance', 'cash_and_equivalents'): [2009], ('balance', 'short_term_debt'): [2019, 2020, 2021, 2023, 2024, 2025], ('balance', 'stockholders_equity'): [2010], ('cashflow', 'capex'): [2025], ('cashflow', 'depreciation_amortization'): [2025]}
2026-08-15 12:45:55,090 INFO    findata.database.edgar_ | RYN processed: {'text_filings': 0, 'sections': 0, 'form4_rows': 0, 'income': 1090, 'balance': 660, 'cashflow': 856, 'errors': 0, 'incomplete_years': 10}
2026-08-15 12:45:57,005 INFO    findata.database.edgar_ | RCI processed: {'text_filings': 0, 'sections': 0, 'form4_rows': 0, 'income': 20, 'balance': 36, 'cashflow': 0, 'errors': 0, 'incomplete_years': 0}
2026-08-15 12:45:57,229 WARNING findata.database.edgar_ | CODI: incomplete quarterly coverage for 6 (item, year) pair(s): {('balance', 'cash_and_equivalents'): [2010], ('balance', 'short_term_debt'): [2020, 2021], ('balance', 'stockholders_equity'): [2010, 2011], ('income', 'interest_expense'): [2014]}
2026-08-15 12:45:57,230 INFO    findata.database.edgar_ | CODI processed: {'text_filings': 0, 'sections': 0, 'form4_rows': 0, 'income': 838, 'balance': 749, 'cashflow': 645, 'errors': 0, 'incomplete_years': 6}
2026-08-15 12:45:57,371 WARNING findata.database.edgar_ | STM: incomplete quarterly coverage for 5 (item, year) pair(s): {('cashflow', 'dividends_paid'): [2016, 2017, 2018, 2022, 2023]}
2026-08-15 12:45:57,373 INFO    findata.database.edgar_ | STM processed: {'text_filings': 0, 'sections': 0, 'form4_rows': 0, 'income': 242, 'balance': 250, 'cashflow': 150, 'errors': 0, 'incomplete_years': 5}
2026-08-15 12:45:57,581 WARNING findata.database.edgar_ | TPR: incomplete quarterly coverage for 5 (item, year) pair(s): {('balance', 'long_term_debt'): [2014, 2015], ('balance', 'short_term_investments'): [2012, 2013], ('balance', 'stockholders_equity'): [2009]}
2026-08-15 12:45:57,582 INFO    findata.database.edgar_ | TPR processed: {'text_filings': 0, 'sections': 0, 'form4_rows': 0, 'income': 1064, 'balance': 898, 'cashflow': 915, 'errors': 0, 'incomplete_years': 5}
2026-08-15 12:45:57,756 WARNING findata.database.edgar_ | LYV: incomplete quarterly coverage for 2 (item, year) pair(s): {('balance', 'stockholders_equity'): [2010], ('income', 'eps_diluted'): [2020]}
2026-08-15 12:45:57,757 INFO    findata.database.edgar_ | LYV processed: {'text_filings': 0, 'sections': 0, 'form4_rows': 0, 'income': 824, 'balance': 606, 'cashflow': 635, 'errors': 0, 'incomplete_years': 2}
2026-08-15 12:45:59,894 WARNING findata.database.edgar_ | CFFN: incomplete quarterly coverage for 5 (item, year) pair(s): {('balance', 'cash_and_equivalents'): [2010], ('balance', 'stockholders_equity'): [2010, 2011], ('cashflow', 'stock_buybacks'): [2012], ('income', 'interest_expense'): [2024]}
2026-08-15 12:45:59,896 INFO    findata.database.edgar_ | CFFN processed: {'text_filings': 0, 'sections': 0, 'form4_rows': 0, 'income': 734, 'balance': 384, 'cashflow': 663, 'errors': 0, 'incomplete_years': 5}
2026-08-15 12:46:00,001 INFO    findata.database.edgar_ | RDWR processed: {'text_filings': 0, 'sections': 0, 'form4_rows': 0, 'income': 224, 'balance': 148, 'cashflow': 99, 'errors': 0, 'incomplete_years': 0}
2026-08-15 12:46:00,162 WARNING findata.database.edgar_ | LRN: incomplete quarterly coverage for 2 (item, year) pair(s): {('balance', 'stockholders_equity'): [2011], ('cashflow', 'stock_buybacks'): [2026]}
2026-08-15 12:46:00,163 INFO    findata.database.edgar_ | LRN processed: {'text_filings': 0, 'sections': 0, 'form4_rows': 0, 'income': 1002, 'balance': 660, 'cashflow': 600, 'errors': 0, 'incomplete_years': 2}
2026-08-15 12:46:00,360 WARNING findata.database.edgar_ | HAS: incomplete quarterly coverage for 9 (item, year) pair(s): {('balance', 'cash_and_equivalents'): [2009], ('balance', 'long_term_debt'): [2013, 2014], ('balance', 'stockholders_equity'): [2009], ('cashflow', 'stock_buybacks'): [2021, 2022, 2023, 2025], ('income', 'shares_basic'): [2012]}
2026-08-15 12:46:00,362 INFO    findata.database.edgar_ | HAS processed: {'text_filings': 0, 'sections': 0, 'form4_rows': 0, 'income': 1176, 'balance': 796, 'cashflow': 836, 'errors': 0, 'incomplete_years': 9}
2026-08-15 12:46:00,542 WARNING findata.database.edgar_ | SEM: incomplete quarterly coverage for 6 (item, year) pair(s): {('balance', 'cash_and_equivalents'): [2010], ('balance', 'long_term_debt'): [2020], ('balance', 'short_term_debt'): [2020], ('balance', 'stockholders_equity'): [2010, 2011], ('cashflow', 'dividends_paid'): [2020]}
2026-08-15 12:46:00,543 INFO    findata.database.edgar_ | SEM processed: {'text_filings': 0, 'sections': 0, 'form4_rows': 0, 'income': 1027, 'balance': 662, 'cashflow': 692, 'errors': 0, 'incomplete_years': 6}
2026-08-15 12:46:02,801 WARNING findata.database.edgar_ | FLG: incomplete quarterly coverage for 16 (item, year) pair(s): {('balance', 'assets'): [2025], ('balance', 'cash_and_equivalents'): [2008], ('balance', 'goodwill'): [2024], ('balance', 'liabilities'): [2025], ('balance', 'long_term_debt'): [2020, 2022, 2025], ('balance', 'short_term_investments'): [2025], ('balance', 'stockholders_equity'): [2009], ('cashflow', 'capex'): [2022, 2023], ('cashflow', 'stock_buybacks'): [2024], ('income', 'interest_expense'): [2024], ('income', 'operating_expenses'): [2020], ('income', 'shares_basic'): [2024], ('income', 'shares_diluted'): [2024]}
2026-08-15 12:46:02,803 INFO    findata.database.edgar_ | FLG processed: {'text_filings': 0, 'sections': 0, 'form4_rows': 0, 'income': 883, 'balance': 518, 'cashflow': 831, 'errors': 0, 'incomplete_years': 16}
2026-08-15 12:46:02,974 WARNING findata.database.edgar_ | ARR: incomplete quarterly coverage for 11 (item, year) pair(s): {('balance', 'cash_and_equivalents'): [2010], ('balance', 'stockholders_equity'): [2010, 2011], ('cashflow', 'stock_buybacks'): [2018], ('income', 'income_tax'): [2018, 2019], ('income', 'interest_expense'): [2014, 2015], ('income', 'pretax_income'): [2014], ('income', 'shares_basic'): [2023], ('income', 'shares_diluted'): [2023]}
2026-08-15 12:46:02,975 INFO    findata.database.edgar_ | ARR processed: {'text_filings': 0, 'sections': 0, 'form4_rows': 0, 'income': 555, 'balance': 382, 'cashflow': 569, 'errors': 0, 'incomplete_years': 11}
2026-08-15 12:46:03,124 WARNING findata.database.edgar_ | CNH: incomplete quarterly coverage for 8 (item, year) pair(s): {('balance', 'cash_and_equivalents'): [2012], ('balance', 'goodwill'): [2013], ('balance', 'shares_outstanding'): [2014, 2015], ('balance', 'stockholders_equity'): [2012], ('cashflow', 'capex'): [2017], ('cashflow', 'depreciation_amortization'): [2020], ('income', 'interest_expense'): [2024]}
2026-08-15 12:46:03,126 INFO    findata.database.edgar_ | CNH processed: {'text_filings': 0, 'sections': 0, 'form4_rows': 0, 'income': 772, 'balance': 378, 'cashflow': 481, 'errors': 0, 'incomplete_years': 8}
2026-08-15 12:46:03,274 WARNING findata.database.edgar_ | REX: incomplete quarterly coverage for 14 (item, year) pair(s): {('balance', 'cash_and_equivalents'): [2011], ('balance', 'long_term_debt'): [2013, 2015], ('balance', 'short_term_debt'): [2015], ('balance', 'stockholders_equity'): [2011], ('cashflow', 'financing_cash_flow'): [2016, 2018], ('cashflow', 'stock_buybacks'): [2013, 2015, 2016, 2022, 2023, 2024], ('income', 'pretax_income'): [2026]}
2026-08-15 12:46:03,275 INFO    findata.database.edgar_ | REX processed: {'text_filings': 0, 'sections': 0, 'form4_rows': 0, 'income': 803, 'balance': 565, 'cashflow': 624, 'errors': 0, 'incomplete_years': 14}
2026-08-15 12:46:03,460 WARNING findata.database.edgar_ | TECH: incomplete quarterly coverage for 9 (item, year) pair(s): {('balance', 'short_term_investments'): [2024, 2025], ('balance', 'stockholders_equity'): [2010], ('cashflow', 'stock_buybacks'): [2019, 2020, 2021, 2022, 2024, 2025]}
2026-08-15 12:46:03,461 INFO    findata.database.edgar_ | TECH processed: {'text_filings': 0, 'sections': 0, 'form4_rows': 0, 'income': 1065, 'balance': 657, 'cashflow': 804, 'errors': 0, 'incomplete_years': 9}
2026-08-15 12:46:05,662 WARNING findata.database.edgar_ | VSH: incomplete quarterly coverage for 11 (item, year) pair(s): {('balance', 'cash_and_equivalents'): [2009], ('balance', 'short_term_debt'): [2011], ('balance', 'stockholders_equity'): [2009, 2010], ('cashflow', 'stock_buybacks'): [2012, 2013, 2015, 2016, 2017, 2018], ('income', 'cost_of_revenue'): [2018]}
2026-08-15 12:46:05,663 INFO    findata.database.edgar_ | VSH processed: {'text_filings': 0, 'sections': 0, 'form4_rows': 0, 'income': 1036, 'balance': 670, 'cashflow': 691, 'errors': 0, 'incomplete_years': 11}
2026-08-15 12:46:05,804 WARNING findata.database.edgar_ | ONC: incomplete quarterly coverage for 9 (item, year) pair(s): {('balance', 'goodwill'): [2023], ('balance', 'long_term_debt'): [2025], ('balance', 'short_term_investments'): [2020, 2021, 2022, 2023], ('balance', 'stockholders_equity'): [2015], ('income', 'cost_of_revenue'): [2023], ('income', 'interest_expense'): [2018]}
2026-08-15 12:46:05,805 INFO    findata.database.edgar_ | ONC processed: {'text_filings': 0, 'sections': 0, 'form4_rows': 0, 'income': 784, 'balance': 583, 'cashflow': 426, 'errors': 0, 'incomplete_years': 9}
2026-08-15 12:46:05,966 WARNING findata.database.edgar_ | PAA: incomplete quarterly coverage for 6 (item, year) pair(s): {('balance', 'cash_and_equivalents'): [2008], ('cashflow', 'depreciation_amortization'): [2012, 2013], ('cashflow', 'stock_buybacks'): [2024, 2025], ('income', 'gross_profit'): [2015]}
2026-08-15 12:46:05,967 INFO    findata.database.edgar_ | PAA processed: {'text_filings': 0, 'sections': 0, 'form4_rows': 0, 'income': 801, 'balance': 684, 'cashflow': 702, 'errors': 0, 'incomplete_years': 6}
2026-08-15 12:46:06,135 WARNING findata.database.edgar_ | OHI: incomplete quarterly coverage for 12 (item, year) pair(s): {('balance', 'cash_and_equivalents'): [2009], ('balance', 'long_term_debt'): [2016], ('balance', 'shares_outstanding'): [2009, 2010], ('balance', 'stockholders_equity'): [2009, 2010], ('income', 'operating_income'): [2020, 2025], ('income', 'shares_basic'): [2014, 2015], ('income', 'shares_diluted'): [2014, 2015]}
2026-08-15 12:46:06,136 INFO    findata.database.edgar_ | OHI processed: {'text_filings': 0, 'sections': 0, 'form4_rows': 0, 'income': 868, 'balance': 508, 'cashflow': 776, 'errors': 0, 'incomplete_years': 12}
2026-08-15 12:46:06,376 WARNING findata.database.edgar_ | PNC: incomplete quarterly coverage for 32 (item, year) pair(s): {('balance', 'shares_outstanding'): [2011, 2012, 2013, 2015, 2016, 2017, 2018, 2019, 2020, 2021, 2022, 2023, 2024, 2025], ('balance', 'stockholders_equity'): [2008, 2009], ('cashflow', 'depreciation_amortization'): [2010], ('cashflow', 'dividends_paid'): [2010, 2011], ('cashflow', 'financing_cash_flow'): [2010, 2011], ('cashflow', 'investing_cash_flow'): [2010, 2011], ('cashflow', 'operating_cash_flow'): [2010, 2011], ('cashflow', 'stock_buybacks'): [2010, 2011], ('income', 'interest_expense'): [2024], ('income', 'shares_basic'): [2011, 2012], ('income', 'shares_diluted'): [2011, 2012]}
2026-08-15 12:46:06,377 INFO    findata.database.edgar_ | PNC processed: {'text_filings': 0, 'sections': 0, 'form4_rows': 0, 'income': 791, 'balance': 403, 'cashflow': 827, 'errors': 0, 'incomplete_years': 32}
2026-08-15 12:46:08,596 WARNING findata.database.edgar_ | SITE: incomplete quarterly coverage for 2 (item, year) pair(s): {('balance', 'stockholders_equity'): [2015], ('cashflow', 'depreciation_amortization'): [2019]}
2026-08-15 12:46:08,597 INFO    findata.database.edgar_ | SITE processed: {'text_filings': 0, 'sections': 0, 'form4_rows': 0, 'income': 684, 'balance': 511, 'cashflow': 410, 'errors': 0, 'incomplete_years': 2}
2026-08-15 12:46:08,768 WARNING findata.database.edgar_ | RES: incomplete quarterly coverage for 16 (item, year) pair(s): {('balance', 'cash_and_equivalents'): [2010], ('balance', 'stockholders_equity'): [2010, 2011], ('cashflow', 'dividends_paid'): [2017, 2022], ('income', 'eps_basic'): [2021], ('income', 'eps_diluted'): [2021], ('income', 'shares_basic'): [2012, 2013], ('income', 'shares_diluted'): [2012, 2013, 2017, 2018, 2019, 2020, 2021]}
2026-08-15 12:46:08,769 INFO    findata.database.edgar_ | RES processed: {'text_filings': 0, 'sections': 0, 'form4_rows': 0, 'income': 869, 'balance': 597, 'cashflow': 828, 'errors': 0, 'incomplete_years': 16}
2026-08-15 12:46:08,940 WARNING findata.database.edgar_ | AJG: incomplete quarterly coverage for 8 (item, year) pair(s): {('balance', 'cash_and_equivalents'): [2009], ('balance', 'short_term_debt'): [2013, 2021], ('balance', 'stockholders_equity'): [2009, 2010], ('cashflow', 'stock_buybacks'): [2025], ('income', 'cost_of_revenue'): [2015, 2022]}
2026-08-15 12:46:08,941 INFO    findata.database.edgar_ | AJG processed: {'text_filings': 0, 'sections': 0, 'form4_rows': 0, 'income': 875, 'balance': 676, 'cashflow': 804, 'errors': 0, 'incomplete_years': 8}
2026-08-15 12:46:09,129 WARNING findata.database.edgar_ | BWXT: incomplete quarterly coverage for 12 (item, year) pair(s): {('balance', 'assets'): [2011], ('balance', 'cash_and_equivalents'): [2010], ('balance', 'goodwill'): [2011], ('balance', 'short_term_debt'): [2016, 2017, 2018, 2019, 2020, 2021, 2022], ('income', 'shares_basic'): [2012], ('income', 'shares_diluted'): [2012]}
2026-08-15 12:46:09,130 INFO    findata.database.edgar_ | BWXT processed: {'text_filings': 0, 'sections': 0, 'form4_rows': 0, 'income': 1142, 'balance': 667, 'cashflow': 763, 'errors': 0, 'incomplete_years': 12}
2026-08-15 12:46:09,312 WARNING findata.database.edgar_ | MYGN: incomplete quarterly coverage for 74 (item, year) pair(s): {('balance', 'inventory'): [2014], ('balance', 'short_term_investments'): [2025], ('balance', 'stockholders_equity'): [2010], ('cashflow', 'stock_buybacks'): [2019], ('income', 'cost_of_revenue'): [2018, 2022, 2023, 2024, 2025, 2026], ('income', 'costs_and_expenses'): [2022, 2023, 2024, 2025], ('income', 'eps_basic'): [2022, 2023, 2024, 2025, 2026], ('income', 'eps_diluted'): [2022, 2023, 2024, 2025, 2026], ('income', 'income_tax'): [2022, 2023, 2024, 2025, 2026], ('income', 'interest_expense'): [2022, 2023, 2024, 2025, 2026], ('income', 'net_income'): [2022, 2023, 2024, 2025, 2026], ('income', 'operating_expenses'): [2022, 2023, 2024, 2025, 2026], ('income', 'operating_income'): [2022, 2023, 2024, 2025, 2026], ('income', 'pretax_income'): [2022, 2023, 2024, 2025, 2026], ('income', 'revenue'): [2022, 2023, 2024, 2025, 2026], ('income', 'rnd_expense'): [2022, 2023, 2024, 2025, 2026], ('income', 'shares_basic'): [2022, 2023, 2024, 2025, 2026], ('income', 'shares_diluted'): [2022, 2023, 2024, 2025, 2026]}
2026-08-15 12:46:09,313 INFO    findata.database.edgar_ | MYGN processed: {'text_filings': 0, 'sections': 0, 'form4_rows': 0, 'income': 1087, 'balance': 749, 'cashflow': 680, 'errors': 0, 'incomplete_years': 74}
2026-08-15 12:46:11,491 WARNING findata.database.edgar_ | VYX: incomplete quarterly coverage for 4 (item, year) pair(s): {('balance', 'cash_and_equivalents'): [2009], ('balance', 'stockholders_equity'): [2009, 2010], ('income', 'cost_of_revenue'): [2018]}
2026-08-15 12:46:11,492 INFO    findata.database.edgar_ | VYX processed: {'text_filings': 0, 'sections': 0, 'form4_rows': 0, 'income': 1219, 'balance': 796, 'cashflow': 716, 'errors': 0, 'incomplete_years': 4}
2026-08-15 12:46:11,647 WARNING findata.database.edgar_ | RNR: incomplete quarterly coverage for 6 (item, year) pair(s): {('balance', 'cash_and_equivalents'): [2009], ('balance', 'long_term_debt'): [2011, 2014], ('balance', 'short_term_investments'): [2019], ('balance', 'stockholders_equity'): [2009], ('income', 'operating_expenses'): [2019]}
2026-08-15 12:46:11,648 INFO    findata.database.edgar_ | RNR processed: {'text_filings': 0, 'sections': 0, 'form4_rows': 0, 'income': 840, 'balance': 468, 'cashflow': 740, 'errors': 0, 'incomplete_years': 6}
2026-08-15 12:46:11,773 WARNING findata.database.edgar_ | AMH: incomplete quarterly coverage for 1 (item, year) pair(s): {('balance', 'stockholders_equity'): [2013]}
2026-08-15 12:46:11,774 INFO    findata.database.edgar_ | AMH processed: {'text_filings': 0, 'sections': 0, 'form4_rows': 0, 'income': 549, 'balance': 319, 'cashflow': 644, 'errors': 0, 'incomplete_years': 1}
2026-08-15 12:46:12,020 WARNING findata.database.edgar_ | GME: incomplete quarterly coverage for 8 (item, year) pair(s): {('balance', 'cash_and_equivalents'): [2009], ('balance', 'goodwill'): [2021], ('balance', 'long_term_debt'): [2025, 2026], ('balance', 'stockholders_equity'): [2009], ('cashflow', 'stock_buybacks'): [2020, 2021], ('income', 'interest_expense'): [2023]}
2026-08-15 12:46:12,021 INFO    findata.database.edgar_ | GME processed: {'text_filings': 0, 'sections': 0, 'form4_rows': 0, 'income': 1060, 'balance': 881, 'cashflow': 762, 'errors': 0, 'incomplete_years': 8}
2026-08-15 12:46:12,174 WARNING findata.database.edgar_ | HZO: incomplete quarterly coverage for 13 (item, year) pair(s): {('balance', 'cash_and_equivalents'): [2010], ('balance', 'goodwill'): [2014, 2015, 2016, 2017, 2018, 2019, 2020, 2021], ('balance', 'liabilities_noncurrent'): [2019], ('balance', 'stockholders_equity'): [2010, 2011], ('income', 'income_tax'): [2015]}
2026-08-15 12:46:12,175 INFO    findata.database.edgar_ | HZO processed: {'text_filings': 0, 'sections': 0, 'form4_rows': 0, 'income': 962, 'balance': 745, 'cashflow': 570, 'errors': 0, 'incomplete_years': 13}
2026-08-15 12:46:14,712 WARNING findata.database.edgar_ | MMSI: incomplete quarterly coverage for 8 (item, year) pair(s): {('balance', 'assets'): [2011], ('balance', 'cash_and_equivalents'): [2010], ('balance', 'goodwill'): [2011], ('balance', 'shares_outstanding'): [2013], ('balance', 'short_term_debt'): [2023], ('balance', 'stockholders_equity'): [2010, 2011], ('income', 'rnd_expense'): [2019]}
2026-08-15 12:46:14,713 INFO    findata.database.edgar_ | MMSI processed: {'text_filings': 0, 'sections': 0, 'form4_rows': 0, 'income': 1113, 'balance': 723, 'cashflow': 578, 'errors': 0, 'incomplete_years': 8}
2026-08-15 12:46:14,922 WARNING findata.database.edgar_ | RRX: incomplete quarterly coverage for 8 (item, year) pair(s): {('balance', 'cash_and_equivalents'): [2009], ('balance', 'shares_outstanding'): [2013], ('balance', 'stockholders_equity'): [2009], ('cashflow', 'stock_buybacks'): [2015, 2016, 2024, 2025], ('income', 'costs_and_expenses'): [2024]}
2026-08-15 12:46:14,923 INFO    findata.database.edgar_ | RRX processed: {'text_filings': 0, 'sections': 0, 'form4_rows': 0, 'income': 1172, 'balance': 721, 'cashflow': 881, 'errors': 0, 'incomplete_years': 8}
2026-08-15 12:46:15,085 WARNING findata.database.edgar_ | VNDA: incomplete quarterly coverage for 7 (item, year) pair(s): {('balance', 'cash_and_equivalents'): [2010], ('balance', 'stockholders_equity'): [2010, 2011], ('cashflow', 'capex'): [2016], ('cashflow', 'financing_cash_flow'): [2023], ('income', 'cost_of_revenue'): [2014], ('income', 'pretax_income'): [2014]}
2026-08-15 12:46:15,086 INFO    findata.database.edgar_ | VNDA processed: {'text_filings': 0, 'sections': 0, 'form4_rows': 0, 'income': 1044, 'balance': 557, 'cashflow': 548, 'errors': 0, 'incomplete_years': 7}
2026-08-15 12:46:15,269 WARNING findata.database.edgar_ | OXY: incomplete quarterly coverage for 15 (item, year) pair(s): {('balance', 'cash_and_equivalents'): [2008], ('balance', 'shares_outstanding'): [2009], ('balance', 'short_term_debt'): [2010, 2011, 2012, 2013, 2016, 2018], ('balance', 'stockholders_equity'): [2009], ('cashflow', 'dividends_paid'): [2013], ('cashflow', 'stock_buybacks'): [2010, 2017], ('income', 'cost_of_revenue'): [2010, 2025], ('income', 'operating_expenses'): [2016]}
2026-08-15 12:46:15,270 INFO    findata.database.edgar_ | OXY processed: {'text_filings': 0, 'sections': 0, 'form4_rows': 0, 'income': 931, 'balance': 651, 'cashflow': 891, 'errors': 0, 'incomplete_years': 15}
2026-08-15 12:46:15,406 WARNING findata.database.edgar_ | TCBI: incomplete quarterly coverage for 3 (item, year) pair(s): {('balance', 'assets'): [2011], ('balance', 'cash_and_equivalents'): [2010], ('balance', 'stockholders_equity'): [2010]}
2026-08-15 12:46:15,407 INFO    findata.database.edgar_ | TCBI processed: {'text_filings': 0, 'sections': 0, 'form4_rows': 0, 'income': 740, 'balance': 362, 'cashflow': 597, 'errors': 0, 'incomplete_years': 3}
2026-08-15 12:46:17,511 WARNING findata.database.edgar_ | SFM: incomplete quarterly coverage for 8 (item, year) pair(s): {('balance', 'cash_and_equivalents'): [2012], ('balance', 'goodwill'): [2013], ('balance', 'long_term_debt'): [2021, 2022, 2023], ('balance', 'short_term_debt'): [2015], ('balance', 'stockholders_equity'): [2012, 2013]}
2026-08-15 12:46:17,512 INFO    findata.database.edgar_ | SFM processed: {'text_filings': 0, 'sections': 0, 'form4_rows': 0, 'income': 788, 'balance': 584, 'cashflow': 587, 'errors': 0, 'incomplete_years': 8}
2026-08-15 12:46:17,650 WARNING findata.database.edgar_ | PFIS: incomplete quarterly coverage for 37 (item, year) pair(s): {('balance', 'assets'): [2012, 2013, 2026], ('balance', 'cash_and_equivalents'): [2010, 2026], ('balance', 'goodwill'): [2026], ('balance', 'liabilities'): [2012, 2013, 2026], ('balance', 'long_term_debt'): [2012, 2013, 2020], ('balance', 'shares_outstanding'): [2013, 2026], ('balance', 'short_term_debt'): [2012, 2013, 2015, 2019, 2022, 2026], ('balance', 'stockholders_equity'): [2010, 2026], ('cashflow', 'capex'): [2013, 2026], ('cashflow', 'depreciation_amortization'): [2026], ('cashflow', 'dividends_paid'): [2026], ('cashflow', 'financing_cash_flow'): [2026], ('cashflow', 'investing_cash_flow'): [2026], ('cashflow', 'operating_cash_flow'): [2026], ('income', 'eps_basic'): [2026], ('income', 'eps_diluted'): [2026], ('income', 'income_tax'): [2026], ('income', 'interest_expense'): [2024], ('income', 'net_income'): [2026], ('income', 'pretax_income'): [2026], ('income', 'revenue'): [2026], ('income', 'shares_diluted'): [2026]}
2026-08-15 12:46:17,651 INFO    findata.database.edgar_ | PFIS processed: {'text_filings': 0, 'sections': 0, 'form4_rows': 0, 'income': 626, 'balance': 497, 'cashflow': 700, 'errors': 0, 'incomplete_years': 37}
2026-08-15 12:46:17,836 WARNING findata.database.edgar_ | RM: incomplete quarterly coverage for 16 (item, year) pair(s): {('balance', 'cash_and_equivalents'): [2013, 2015, 2016], ('balance', 'goodwill'): [2012, 2017, 2018, 2019, 2020, 2021, 2022], ('balance', 'long_term_debt'): [2014, 2015], ('balance', 'stockholders_equity'): [2011], ('cashflow', 'stock_buybacks'): [2019], ('income', 'shares_basic'): [2015], ('income', 'shares_diluted'): [2015]}
2026-08-15 12:46:17,837 INFO    findata.database.edgar_ | RM processed: {'text_filings': 0, 'sections': 0, 'form4_rows': 0, 'income': 716, 'balance': 418, 'cashflow': 581, 'errors': 0, 'incomplete_years': 16}
2026-08-15 12:46:17,982 WARNING findata.database.edgar_ | GTY: incomplete quarterly coverage for 9 (item, year) pair(s): {('balance', 'cash_and_equivalents'): [2010], ('balance', 'shares_outstanding'): [2013], ('balance', 'stockholders_equity'): [2011], ('cashflow', 'capex'): [2015, 2019, 2020], ('cashflow', 'dividends_paid'): [2012], ('income', 'operating_expenses'): [2018], ('income', 'pretax_income'): [2014]}
2026-08-15 12:46:17,983 INFO    findata.database.edgar_ | GTY processed: {'text_filings': 0, 'sections': 0, 'form4_rows': 0, 'income': 712, 'balance': 400, 'cashflow': 722, 'errors': 0, 'incomplete_years': 9}
2026-08-15 12:46:18,153 WARNING findata.database.edgar_ | VTOL: incomplete quarterly coverage for 18 (item, year) pair(s): {('balance', 'goodwill'): [2018, 2019, 2020, 2021], ('balance', 'liabilities'): [2020], ('balance', 'stockholders_equity'): [2012], ('income', 'costs_and_expenses'): [2021], ('income', 'eps_basic'): [2021], ('income', 'eps_diluted'): [2021], ('income', 'income_tax'): [2021], ('income', 'interest_expense'): [2021], ('income', 'net_income'): [2021], ('income', 'operating_expenses'): [2021], ('income', 'operating_income'): [2020], ('income', 'pretax_income'): [2021], ('income', 'revenue'): [2021], ('income', 'shares_basic'): [2021], ('income', 'shares_diluted'): [2021]}
2026-08-15 12:46:18,154 INFO    findata.database.edgar_ | VTOL processed: {'text_filings': 0, 'sections': 0, 'form4_rows': 0, 'income': 840, 'balance': 630, 'cashflow': 707, 'errors': 0, 'incomplete_years': 18}
2026-08-15 12:46:20,137 INFO    findata.database.edgar_ | NTES processed: {'text_filings': 0, 'sections': 0, 'form4_rows': 0, 'income': 234, 'balance': 188, 'cashflow': 109, 'errors': 0, 'incomplete_years': 0}
2026-08-15 12:46:20,333 WARNING findata.database.edgar_ | ZBH: incomplete quarterly coverage for 8 (item, year) pair(s): {('balance', 'cash_and_equivalents'): [2008], ('balance', 'short_term_debt'): [2013, 2015, 2016], ('balance', 'stockholders_equity'): [2008, 2009], ('income', 'interest_expense'): [2018], ('income', 'shares_basic'): [2015]}
2026-08-15 12:46:20,334 INFO    findata.database.edgar_ | ZBH processed: {'text_filings': 0, 'sections': 0, 'form4_rows': 0, 'income': 1160, 'balance': 758, 'cashflow': 827, 'errors': 0, 'incomplete_years': 8}
2026-08-15 12:46:20,529 WARNING findata.database.edgar_ | ATR: incomplete quarterly coverage for 7 (item, year) pair(s): {('balance', 'cash_and_equivalents'): [2009], ('balance', 'short_term_investments'): [2019, 2020, 2023], ('balance', 'stockholders_equity'): [2009], ('cashflow', 'stock_buybacks'): [2017, 2020]}
2026-08-15 12:46:20,530 INFO    findata.database.edgar_ | ATR processed: {'text_filings': 0, 'sections': 0, 'form4_rows': 0, 'income': 1108, 'balance': 697, 'cashflow': 861, 'errors': 0, 'incomplete_years': 7}
2026-08-15 12:46:20,692 WARNING findata.database.edgar_ | ALSN: incomplete quarterly coverage for 1 (item, year) pair(s): {('balance', 'stockholders_equity'): [2011]}
2026-08-15 12:46:20,693 INFO    findata.database.edgar_ | ALSN processed: {'text_filings': 0, 'sections': 0, 'form4_rows': 0, 'income': 932, 'balance': 650, 'cashflow': 737, 'errors': 0, 'incomplete_years': 1}
2026-08-15 12:46:20,813 WARNING findata.database.edgar_ | OMF: incomplete quarterly coverage for 4 (item, year) pair(s): {('balance', 'cash_and_equivalents'): [2012], ('balance', 'shares_outstanding'): [2012, 2013], ('balance', 'stockholders_equity'): [2012]}
2026-08-15 12:46:20,814 INFO    findata.database.edgar_ | OMF processed: {'text_filings': 0, 'sections': 0, 'form4_rows': 0, 'income': 576, 'balance': 420, 'cashflow': 493, 'errors': 0, 'incomplete_years': 4}
2026-08-15 12:46:22,822 INFO    findata.database.edgar_ | BTI processed: {'text_filings': 0, 'sections': 0, 'form4_rows': 0, 'income': 33, 'balance': 41, 'cashflow': 0, 'errors': 0, 'incomplete_years': 0}
2026-08-15 12:46:23,003 WARNING findata.database.edgar_ | NFG: incomplete quarterly coverage for 5 (item, year) pair(s): {('balance', 'assets_noncurrent'): [2020], ('balance', 'cash_and_equivalents'): [2009], ('balance', 'long_term_debt'): [2016, 2017], ('income', 'revenue'): [2013]}
2026-08-15 12:46:23,004 INFO    findata.database.edgar_ | NFG processed: {'text_filings': 0, 'sections': 0, 'form4_rows': 0, 'income': 976, 'balance': 763, 'cashflow': 788, 'errors': 0, 'incomplete_years': 5}
2026-08-15 12:46:23,175 WARNING findata.database.edgar_ | OII: incomplete quarterly coverage for 25 (item, year) pair(s): {('balance', 'assets_noncurrent'): [2021], ('balance', 'cash_and_equivalents'): [2009], ('balance', 'long_term_debt'): [2011], ('balance', 'shares_outstanding'): [2012, 2013, 2014, 2015, 2016, 2017, 2018, 2019, 2020, 2021, 2025], ('balance', 'short_term_investments'): [2022, 2023, 2024], ('balance', 'stockholders_equity'): [2009, 2010], ('cashflow', 'dividends_paid'): [2013, 2014, 2015, 2016], ('cashflow', 'stock_buybacks'): [2012, 2024]}
2026-08-15 12:46:23,176 INFO    findata.database.edgar_ | OII processed: {'text_filings': 0, 'sections': 0, 'form4_rows': 0, 'income': 971, 'balance': 637, 'cashflow': 736, 'errors': 0, 'incomplete_years': 25}
2026-08-15 12:46:23,232 INFO    findata.database.edgar_ | BLX processed: {'text_filings': 0, 'sections': 0, 'form4_rows': 0, 'income': 72, 'balance': 54, 'cashflow': 40, 'errors': 0, 'incomplete_years': 0}
2026-08-15 12:46:23,362 WARNING findata.database.edgar_ | RMAX: incomplete quarterly coverage for 6 (item, year) pair(s): {('balance', 'cash_and_equivalents'): [2012], ('balance', 'goodwill'): [2013], ('balance', 'stockholders_equity'): [2012, 2013], ('income', 'interest_expense'): [2024, 2025]}
2026-08-15 12:46:23,363 INFO    findata.database.edgar_ | RMAX processed: {'text_filings': 0, 'sections': 0, 'form4_rows': 0, 'income': 626, 'balance': 480, 'cashflow': 606, 'errors': 0, 'incomplete_years': 6}
2026-08-15 12:46:25,625 WARNING findata.database.edgar_ | XENE: incomplete quarterly coverage for 9 (item, year) pair(s): {('balance', 'cash_and_equivalents'): [2013], ('balance', 'liabilities_current'): [2017], ('balance', 'short_term_investments'): [2015, 2016], ('balance', 'stockholders_equity'): [2013, 2014], ('cashflow', 'financing_cash_flow'): [2023], ('income', 'interest_expense'): [2020], ('income', 'revenue'): [2019]}
2026-08-15 12:46:25,627 INFO    findata.database.edgar_ | XENE processed: {'text_filings': 0, 'sections': 0, 'form4_rows': 0, 'income': 681, 'balance': 457, 'cashflow': 450, 'errors': 0, 'incomplete_years': 9}
2026-08-15 12:46:25,802 WARNING findata.database.edgar_ | EBS: incomplete quarterly coverage for 11 (item, year) pair(s): {('balance', 'cash_and_equivalents'): [2010], ('balance', 'goodwill'): [2025], ('balance', 'short_term_debt'): [2012, 2017, 2018], ('balance', 'stockholders_equity'): [2010, 2011], ('cashflow', 'stock_buybacks'): [2013, 2024], ('income', 'cost_of_revenue'): [2021], ('income', 'gross_profit'): [2024]}
2026-08-15 12:46:25,803 INFO    findata.database.edgar_ | EBS processed: {'text_filings': 0, 'sections': 0, 'form4_rows': 0, 'income': 1059, 'balance': 714, 'cashflow': 658, 'errors': 0, 'incomplete_years': 11}
2026-08-15 12:46:26,029 WARNING findata.database.edgar_ | ONB: incomplete quarterly coverage for 5 (item, year) pair(s): {('balance', 'cash_and_equivalents'): [2009], ('balance', 'long_term_debt'): [2019], ('balance', 'short_term_debt'): [2016], ('balance', 'stockholders_equity'): [2009], ('income', 'interest_expense'): [2024]}
2026-08-15 12:46:26,031 INFO    findata.database.edgar_ | ONB processed: {'text_filings': 0, 'sections': 0, 'form4_rows': 0, 'income': 755, 'balance': 512, 'cashflow': 874, 'errors': 0, 'incomplete_years': 5}
2026-08-15 12:46:26,206 WARNING findata.database.edgar_ | JBSS: incomplete quarterly coverage for 3 (item, year) pair(s): {('balance', 'goodwill'): [2018], ('cashflow', 'dividends_paid'): [2015, 2016]}
2026-08-15 12:46:26,207 INFO    findata.database.edgar_ | JBSS processed: {'text_filings': 0, 'sections': 0, 'form4_rows': 0, 'income': 1035, 'balance': 682, 'cashflow': 651, 'errors': 0, 'incomplete_years': 3}
2026-08-15 12:46:26,363 WARNING findata.database.edgar_ | QRVO: incomplete quarterly coverage for 6 (item, year) pair(s): {('balance', 'cash_and_equivalents'): [2014], ('balance', 'goodwill'): [2015], ('balance', 'short_term_debt'): [2019], ('balance', 'short_term_investments'): [2018, 2019], ('balance', 'stockholders_equity'): [2014]}
2026-08-15 12:46:26,364 INFO    findata.database.edgar_ | QRVO processed: {'text_filings': 0, 'sections': 0, 'form4_rows': 0, 'income': 879, 'balance': 577, 'cashflow': 528, 'errors': 0, 'incomplete_years': 6}
2026-08-15 12:46:28,057 WARNING findata.database.edgar_ | ROKU: incomplete quarterly coverage for 6 (item, year) pair(s): {('balance', 'short_term_debt'): [2019], ('balance', 'short_term_investments'): [2024, 2025], ('balance', 'stockholders_equity'): [2016, 2017], ('income', 'interest_expense'): [2018]}
2026-08-15 12:46:28,058 INFO    findata.database.edgar_ | ROKU processed: {'text_filings': 0, 'sections': 0, 'form4_rows': 0, 'income': 687, 'balance': 358, 'cashflow': 378, 'errors': 0, 'incomplete_years': 6}
2026-08-15 12:46:28,146 INFO    findata.database.edgar_ | TRVG processed: {'text_filings': 0, 'sections': 0, 'form4_rows': 0, 'income': 146, 'balance': 95, 'cashflow': 95, 'errors': 0, 'incomplete_years': 0}
2026-08-15 12:46:28,348 WARNING findata.database.edgar_ | PII: incomplete quarterly coverage for 6 (item, year) pair(s): {('balance', 'cash_and_equivalents'): [2009], ('balance', 'long_term_debt'): [2012, 2013], ('balance', 'short_term_debt'): [2015], ('balance', 'stockholders_equity'): [2009, 2010]}
2026-08-15 12:46:28,349 INFO    findata.database.edgar_ | PII processed: {'text_filings': 0, 'sections': 0, 'form4_rows': 0, 'income': 1190, 'balance': 753, 'cashflow': 843, 'errors': 0, 'incomplete_years': 6}
2026-08-15 12:46:28,510 WARNING findata.database.edgar_ | PLSE: incomplete quarterly coverage for 10 (item, year) pair(s): {('balance', 'inventory'): [2024], ('balance', 'short_term_investments'): [2019, 2020], ('cashflow', 'capex'): [2017], ('income', 'cost_of_revenue'): [2024], ('income', 'eps_diluted'): [2022], ('income', 'income_tax'): [2025], ('income', 'operating_income'): [2020], ('income', 'pretax_income'): [2025], ('income', 'shares_diluted'): [2022]}
2026-08-15 12:46:28,511 INFO    findata.database.edgar_ | PLSE processed: {'text_filings': 0, 'sections': 0, 'form4_rows': 0, 'income': 545, 'balance': 418, 'cashflow': 412, 'errors': 0, 'incomplete_years': 10}
2026-08-15 12:46:28,545 INFO    findata.database.edgar_ | KOF processed: {'text_filings': 0, 'sections': 0, 'form4_rows': 0, 'income': 43, 'balance': 33, 'cashflow': 0, 'errors': 0, 'incomplete_years': 0}
2026-08-15 12:46:30,741 WARNING findata.database.edgar_ | KMPR: incomplete quarterly coverage for 11 (item, year) pair(s): {('balance', 'cash_and_equivalents'): [2011, 2017, 2018], ('balance', 'goodwill'): [2024, 2025], ('balance', 'short_term_investments'): [2022, 2023], ('balance', 'stockholders_equity'): [2009], ('cashflow', 'stock_buybacks'): [2019, 2023], ('income', 'operating_income'): [2024]}
2026-08-15 12:46:30,742 INFO    findata.database.edgar_ | KMPR processed: {'text_filings': 0, 'sections': 0, 'form4_rows': 0, 'income': 869, 'balance': 491, 'cashflow': 773, 'errors': 0, 'incomplete_years': 11}
2026-08-15 12:46:30,891 WARNING findata.database.edgar_ | NHI: incomplete quarterly coverage for 10 (item, year) pair(s): {('balance', 'cash_and_equivalents'): [2009], ('balance', 'shares_outstanding'): [2009, 2010], ('balance', 'stockholders_equity'): [2009, 2010], ('income', 'operating_income'): [2016, 2017, 2018, 2019], ('income', 'pretax_income'): [2025]}
2026-08-15 12:46:30,892 INFO    findata.database.edgar_ | NHI processed: {'text_filings': 0, 'sections': 0, 'form4_rows': 0, 'income': 766, 'balance': 406, 'cashflow': 727, 'errors': 0, 'incomplete_years': 10}
2026-08-15 12:46:31,073 WARNING findata.database.edgar_ | LEA: incomplete quarterly coverage for 4 (item, year) pair(s): {('balance', 'long_term_debt'): [2013, 2014], ('balance', 'short_term_debt'): [2013, 2014]}
2026-08-15 12:46:31,074 INFO    findata.database.edgar_ | LEA processed: {'text_filings': 0, 'sections': 0, 'form4_rows': 0, 'income': 931, 'balance': 749, 'cashflow': 858, 'errors': 0, 'incomplete_years': 4}
2026-08-15 12:46:31,247 WARNING findata.database.edgar_ | AVB: incomplete quarterly coverage for 6 (item, year) pair(s): {('balance', 'cash_and_equivalents'): [2008], ('balance', 'stockholders_equity'): [2008, 2009], ('cashflow', 'stock_buybacks'): [2019, 2020, 2021]}
2026-08-15 12:46:31,248 INFO    findata.database.edgar_ | AVB processed: {'text_filings': 0, 'sections': 0, 'form4_rows': 0, 'income': 925, 'balance': 483, 'cashflow': 784, 'errors': 0, 'incomplete_years': 6}
2026-08-15 12:46:31,408 WARNING findata.database.edgar_ | AAOI: incomplete quarterly coverage for 4 (item, year) pair(s): {('balance', 'cash_and_equivalents'): [2012], ('balance', 'short_term_investments'): [2018], ('balance', 'stockholders_equity'): [2012, 2013]}
2026-08-15 12:46:31,409 INFO    findata.database.edgar_ | AAOI processed: {'text_filings': 0, 'sections': 0, 'form4_rows': 0, 'income': 1002, 'balance': 598, 'cashflow': 504, 'errors': 0, 'incomplete_years': 4}
2026-08-15 12:46:34,115 WARNING findata.database.edgar_ | STZ: incomplete quarterly coverage for 4 (item, year) pair(s): {('balance', 'cash_and_equivalents'): [2010], ('balance', 'stockholders_equity'): [2010, 2011], ('income', 'interest_expense'): [2020]}
2026-08-15 12:46:34,116 INFO    findata.database.edgar_ | STZ processed: {'text_filings': 0, 'sections': 0, 'form4_rows': 0, 'income': 655, 'balance': 641, 'cashflow': 847, 'errors': 0, 'incomplete_years': 4}
2026-08-15 12:46:34,216 INFO    findata.database.edgar_ | MGA processed: {'text_filings': 0, 'sections': 0, 'form4_rows': 0, 'income': 180, 'balance': 183, 'cashflow': 118, 'errors': 0, 'incomplete_years': 0}
2026-08-15 12:46:34,383 WARNING findata.database.edgar_ | BPOP: incomplete quarterly coverage for 14 (item, year) pair(s): {('balance', 'cash_and_equivalents'): [2009, 2011, 2015, 2016], ('balance', 'stockholders_equity'): [2009], ('cashflow', 'stock_buybacks'): [2013, 2024, 2025], ('income', 'income_tax'): [2014], ('income', 'interest_expense'): [2014], ('income', 'pretax_income'): [2014], ('income', 'revenue'): [2014], ('income', 'shares_basic'): [2012], ('income', 'shares_diluted'): [2012]}
2026-08-15 12:46:34,385 INFO    findata.database.edgar_ | BPOP processed: {'text_filings': 0, 'sections': 0, 'form4_rows': 0, 'income': 734, 'balance': 463, 'cashflow': 654, 'errors': 0, 'incomplete_years': 14}
2026-08-15 12:46:34,578 WARNING findata.database.edgar_ | KBR: incomplete quarterly coverage for 6 (item, year) pair(s): {('balance', 'cash_and_equivalents'): [2008], ('balance', 'stockholders_equity'): [2008, 2009], ('income', 'costs_and_expenses'): [2013], ('income', 'interest_expense'): [2016], ('income', 'operating_expenses'): [2013]}
2026-08-15 12:46:34,579 INFO    findata.database.edgar_ | KBR processed: {'text_filings': 0, 'sections': 0, 'form4_rows': 0, 'income': 1076, 'balance': 710, 'cashflow': 890, 'errors': 0, 'incomplete_years': 6}
2026-08-15 12:46:34,761 WARNING findata.database.edgar_ | MDU: incomplete quarterly coverage for 5 (item, year) pair(s): {('balance', 'cash_and_equivalents'): [2008], ('balance', 'short_term_investments'): [2010, 2022, 2023, 2024]}
2026-08-15 12:46:34,762 INFO    findata.database.edgar_ | MDU processed: {'text_filings': 0, 'sections': 0, 'form4_rows': 0, 'income': 961, 'balance': 863, 'cashflow': 851, 'errors': 0, 'incomplete_years': 5}
2026-08-15 12:46:36,605 WARNING findata.database.edgar_ | NKTR: incomplete quarterly coverage for 4 (item, year) pair(s): {('balance', 'inventory'): [2025], ('balance', 'stockholders_equity'): [2010], ('income', 'shares_basic'): [2025], ('income', 'shares_diluted'): [2025]}
2026-08-15 12:46:36,607 INFO    findata.database.edgar_ | NKTR processed: {'text_filings': 0, 'sections': 0, 'form4_rows': 0, 'income': 1121, 'balance': 623, 'cashflow': 601, 'errors': 0, 'incomplete_years': 4}
2026-08-15 12:46:36,729 WARNING findata.database.edgar_ | METC: incomplete quarterly coverage for 6 (item, year) pair(s): {('balance', 'long_term_debt'): [2025], ('balance', 'shares_outstanding'): [2023], ('income', 'interest_expense'): [2022, 2024], ('income', 'shares_basic'): [2023], ('income', 'shares_diluted'): [2023]}
2026-08-15 12:46:36,730 INFO    findata.database.edgar_ | METC processed: {'text_filings': 0, 'sections': 0, 'form4_rows': 0, 'income': 612, 'balance': 397, 'cashflow': 425, 'errors': 0, 'incomplete_years': 6}
2026-08-15 12:46:36,881 WARNING findata.database.edgar_ | PLAY: incomplete quarterly coverage for 10 (item, year) pair(s): {('balance', 'cash_and_equivalents'): [2014], ('balance', 'goodwill'): [2015], ('balance', 'short_term_debt'): [2016, 2021, 2022, 2023], ('balance', 'stockholders_equity'): [2014, 2015], ('cashflow', 'stock_buybacks'): [2021, 2022]}
2026-08-15 12:46:36,882 INFO    findata.database.edgar_ | PLAY processed: {'text_filings': 0, 'sections': 0, 'form4_rows': 0, 'income': 851, 'balance': 515, 'cashflow': 556, 'errors': 0, 'incomplete_years': 10}
2026-08-15 12:46:37,067 WARNING findata.database.edgar_ | HON: incomplete quarterly coverage for 9 (item, year) pair(s): {('balance', 'assets'): [2010, 2011, 2012], ('balance', 'cash_and_equivalents'): [2008], ('balance', 'stockholders_equity'): [2009], ('cashflow', 'capex'): [2012], ('cashflow', 'depreciation_amortization'): [2012], ('cashflow', 'stock_buybacks'): [2010, 2011]}
2026-08-15 12:46:37,068 INFO    findata.database.edgar_ | HON processed: {'text_filings': 0, 'sections': 0, 'form4_rows': 0, 'income': 1008, 'balance': 753, 'cashflow': 887, 'errors': 0, 'incomplete_years': 9}
2026-08-15 12:46:37,099 INFO    findata.database.edgar_ | NEXA processed: {'text_filings': 0, 'sections': 0, 'form4_rows': 0, 'income': 33, 'balance': 33, 'cashflow': 0, 'errors': 0, 'incomplete_years': 0}
2026-08-15 12:46:37,099 INFO    findata.database.edgar_ | EDGAR run done: {'text_filings': 0, 'sections': 0, 'form4_rows': 0, 'income': 612007, 'balance': 403835, 'cashflow': 466432, 'errors': 2, 'incomplete_years': 7257}
2026-08-15 13:21:05,172 INFO    findata.configs | Logging configured -> /Users/connorott/PycharmProjects/findata/logs/init_edgar.log
