2026-07-22 20:33:24,181 INFO    findata.configs | Logging configured -> /Users/connorott/PycharmProjects/findata/logs/update_daily.log
2026-07-22 20:33:24,257 INFO    scripts.update_daily | Updating 3 ticker(s); stalest last_price_date=2026-06-26, fetching from 2026-06-19
2026-07-22 20:33:24,999 INFO    findata.database.yf | Requesting Yahoo Finance data for 3 ticker(s) from 2026-06-19
2026-07-22 20:33:25,492 INFO    scripts.update_daily | AA: 17 new daily bar(s) after 2026-06-26
2026-07-22 20:33:25,492 INFO    scripts.update_daily | AAON: 5 new daily bar(s) after 2026-07-15
2026-07-22 20:33:25,492 INFO    scripts.update_daily | A: 5 new daily bar(s) after 2026-07-15
2026-07-22 20:33:25,492 INFO    scripts.update_daily | Dry run -- nothing written.
2026-07-22 20:33:25,496 INFO    scripts.update_daily | No edgar-seeded tickers to update.
2026-07-22 21:20:22,575 INFO    findata.configs | Logging configured -> /Users/connorott/PycharmProjects/findata/logs/update_daily.log
2026-07-22 21:20:22,584 WARNING scripts.update_daily | Not yf-seeded, skipping: ['WING'] (run init_yf first)
2026-07-22 21:20:22,586 INFO    scripts.update_daily | Updating 3 ticker(s); stalest last_price_date=2026-06-26, fetching from 2026-06-19
2026-07-22 21:20:23,230 INFO    findata.database.yf | Requesting Yahoo Finance data for 3 ticker(s) from 2026-06-19
2026-07-22 21:20:23,750 INFO    scripts.update_daily | AA: 17 new daily bar(s) after 2026-06-26
2026-07-22 21:20:23,751 INFO    scripts.update_daily | AAON: 5 new daily bar(s) after 2026-07-15
2026-07-22 21:20:23,751 INFO    scripts.update_daily | A: 5 new daily bar(s) after 2026-07-15
2026-07-22 21:20:23,751 INFO    scripts.update_daily | Dry run -- nothing written.
2026-07-22 21:20:23,756 INFO    scripts.update_daily | No edgar-seeded tickers to update.
2026-07-22 21:22:40,385 INFO    findata.configs | Logging configured -> /Users/connorott/PycharmProjects/findata/logs/update_daily.log
2026-07-22 21:22:40,396 INFO    scripts.update_daily | Updating 856 ticker(s); stalest last_price_date=2026-06-26, fetching from 2026-06-19
2026-07-22 21:22:41,003 INFO    findata.database.yf | Requesting Yahoo Finance data for 856 ticker(s) from 2026-06-19
2026-07-22 21:23:26,949 INFO    findata.database.yf | Liquidity filter EEX: dropping 1 rows (before None), 1 zero-volume
2026-07-22 21:23:27,104 INFO    findata.database.yf | Liquidity filter total: 1 daily rows dropped (1 zero-volume)
2026-07-22 21:23:27,416 WARNING findata.database.yf | Found 65 violations: MultiIndex([('daily',  'AAT', 2026-07-22),
            ('daily', 'ABBV', 2026-07-22),
            ('daily',  'AJG', 2026-07-22),
            ('daily',   'AN', 2026-07-22),
            ('daily',  'AON', 2026-07-22),
            ('daily',  'APO', 2026-07-22),
            ('daily',  'AQN', 2026-07-22),
            ('daily',  'ASA', 2026-07-22),
            ('daily',  'ASB', 2026-07-22),
            ('daily', 'AVNT', 2026-07-22),
            ('daily', 'BANC', 2026-07-22),
            ('daily',  'BCC', 2026-07-22),
            ('daily',  'BKD', 2026-07-22),
            ('daily',  'BMA', 2026-07-22),
            ('daily',  'BMO', 2026-07-22),
            ('daily',  'BNY', 2026-07-22),
            ('daily',  'BTG', 2026-07-22),
            ('daily',  'BTI', 2026-07-22),
            ('daily', 'BWXT', 2026-07-22),
            ('daily',  'BXC', 2026-07-22),
            ('daily', 'CARS', 2026-07-22),
            ('daily', 'CGAU', 2026-07-22),
            ('daily', 'CHCT', 2026-07-22),
            ('daily',  'CHT', 2026-07-22),
            ('daily', 'CMBT', 2026-07-22),
            ('daily',  'CNA', 2026-07-22),
            ('daily',  'CNH', 2026-07-22),
            ('daily',  'CSW', 2026-07-22),
            ('daily', 'CVEO', 2026-07-22),
            ('daily',  'CYD', 2026-07-22),
            ('daily', 'DCOM', 2026-07-22),
            ('daily',  'DEA', 2026-07-22),
            ('daily',  'DLB', 2026-07-22),
            ('daily',  'DRD', 2026-07-22),
            ('daily',  'DVA', 2026-07-22),
            ('daily',  'EGP', 2026-07-22),
            ('daily',  'FMS', 2026-07-22),
            ('daily',   'FN', 2026-07-22),
            ('daily',  'FPI', 2026-07-22),
            ('daily', 'GDDY', 2026-07-22),
            ('daily', 'GNRC', 2026-07-22),
            ('daily',  'GPI', 2026-07-22),
            ('daily', 'GRMN', 2026-07-22),
            ('daily',  'GTN', 2026-07-22),
            ('daily', 'HRTG', 2026-07-22),
            ('daily', 'HUBS', 2026-07-22),
            ('daily', 'INVX', 2026-07-22),
            ('daily',   'IX', 2026-07-22),
            ('daily',    'L', 2026-07-22),
            ('daily',  'NMM', 2026-07-22),
            ('daily',  'NOA', 2026-07-22),
            ('daily', 'NPKI', 2026-07-22),
            ('daily',  'PHG', 2026-07-22),
            ('daily',  'PNR', 2026-07-22),
            ('daily',    'R', 2026-07-22),
            ('daily',   'SA', 2026-07-22),
            ('daily',  'SLG', 2026-07-22),
            ('daily',  'SMP', 2026-07-22),
            ('daily',  'TRP', 2026-07-22),
            ('daily',  'TTC', 2026-07-22),
            ('daily', 'TWLO', 2026-07-22),
            ('daily',  'UHT', 2026-07-22),
            ('daily',  'WAL', 2026-07-22),
            ('daily', 'WLKP', 2026-07-22),
            ('daily',  'XYZ', 2026-07-22)],
           names=['interval', 'ticker', 'date'])
2026-07-22 21:23:27,454 INFO    findata.database.yf | Skipping 1 tickers due to invalid yahoo response: ['error']
2026-07-22 21:26:21,961 ERROR   scripts.update_daily | Price download failed, aborting YF update.
2026-07-22 21:26:21,971 INFO    scripts.update_daily | No edgar-seeded tickers to update.
2026-08-15 13:12:40,695 INFO    findata.configs | Logging configured -> /Users/connorott/PycharmProjects/findata/logs/update_daily.log
2026-08-15 13:12:40,703 WARNING scripts.update_daily | Not yf-seeded, skipping: ['AMZN', 'PRA'] (run init_yf first)
2026-08-15 13:12:40,705 INFO    scripts.update_daily | Updating 857 ticker(s); stalest last_price_date=2026-06-26, fetching from 2026-06-19
2026-08-15 13:12:41,350 INFO    findata.database.yf | Requesting Yahoo Finance data for 857 ticker(s) from 2026-06-19
2026-08-15 13:16:01,557 ERROR   scripts.update_daily | Price download failed, aborting YF update.
2026-08-15 13:16:01,571 INFO    findata.database.edgar_ | EDGAR run: 800 ticker(s), forms=(), extra_sections=False
2026-08-15 13:16:02,654 WARNING edgar.entity.parser | No facts found for CIK 1230869
2026-08-15 13:16:03,464 WARNING findata.database.edgar_ | AAP: incomplete quarterly coverage for 5 (item, year) pair(s): {('balance', 'short_term_debt'): [2021, 2022], ('balance', 'stockholders_equity'): [2009], ('cashflow', 'stock_buybacks'): [2025], ('income', 'interest_expense'): [2016]}
2026-08-15 13:16:03,466 INFO    findata.database.edgar_ | AAP processed: {'text_filings': 0, 'sections': 0, 'form4_rows': 0, 'income': 994, 'balance': 697, 'cashflow': 844, 'errors': 0, 'incomplete_years': 5}
2026-08-15 13:16:03,613 WARNING findata.database.edgar_ | ACMR: incomplete quarterly coverage for 2 (item, year) pair(s): {('balance', 'inventory'): [2024], ('balance', 'stockholders_equity'): [2017]}
2026-08-15 13:16:03,615 INFO    findata.database.edgar_ | ACMR processed: {'text_filings': 0, 'sections': 0, 'form4_rows': 0, 'income': 686, 'balance': 351, 'cashflow': 387, 'errors': 0, 'incomplete_years': 2}
2026-08-15 13:16:03,615 INFO    findata.database.edgar_ | ASA processed: {'text_filings': 0, 'sections': 0, 'form4_rows': 0, 'income': 0, 'balance': 0, 'cashflow': 0, 'errors': 0}
2026-08-15 13:16:03,807 WARNING findata.database.edgar_ | ATRC: incomplete quarterly coverage for 10 (item, year) pair(s): {('balance', 'cash_and_equivalents'): [2010], ('balance', 'long_term_debt'): [2016], ('balance', 'short_term_debt'): [2015, 2016, 2020, 2022, 2023, 2024], ('balance', 'stockholders_equity'): [2010, 2011]}
2026-08-15 13:16:03,808 INFO    findata.database.edgar_ | ATRC processed: {'text_filings': 0, 'sections': 0, 'form4_rows': 0, 'income': 1124, 'balance': 760, 'cashflow': 570, 'errors': 0, 'incomplete_years': 10}
2026-08-15 13:16:03,956 INFO    findata.database.edgar_ | BABA processed: {'text_filings': 0, 'sections': 0, 'form4_rows': 0, 'income': 168, 'balance': 133, 'cashflow': 92, 'errors': 0, 'incomplete_years': 0}
2026-08-15 13:16:06,852 WARNING findata.database.edgar_ | BAH: incomplete quarterly coverage for 3 (item, year) pair(s): {('balance', 'stockholders_equity'): [2011], ('income', 'shares_basic'): [2022], ('income', 'shares_diluted'): [2022]}
2026-08-15 13:16:06,853 INFO    findata.database.edgar_ | BAH processed: {'text_filings': 0, 'sections': 0, 'form4_rows': 0, 'income': 983, 'balance': 628, 'cashflow': 819, 'errors': 0, 'incomplete_years': 3}
2026-08-15 13:16:06,891 INFO    findata.database.edgar_ | BNS processed: {'text_filings': 0, 'sections': 0, 'form4_rows': 0, 'income': 86, 'balance': 80, 'cashflow': 0, 'errors': 0, 'incomplete_years': 0}
2026-08-15 13:16:07,044 WARNING findata.database.edgar_ | CBU: incomplete quarterly coverage for 4 (item, year) pair(s): {('balance', 'cash_and_equivalents'): [2010], ('balance', 'stockholders_equity'): [2010, 2011], ('income', 'operating_expenses'): [2022]}
2026-08-15 13:16:07,045 INFO    findata.database.edgar_ | CBU processed: {'text_filings': 0, 'sections': 0, 'form4_rows': 0, 'income': 755, 'balance': 393, 'cashflow': 778, 'errors': 0, 'incomplete_years': 4}
2026-08-15 13:16:07,203 WARNING findata.database.edgar_ | CBZ: incomplete quarterly coverage for 13 (item, year) pair(s): {('balance', 'cash_and_equivalents'): [2010], ('balance', 'goodwill'): [2012, 2013, 2020, 2021, 2022, 2023, 2024, 2025], ('balance', 'stockholders_equity'): [2010, 2011], ('cashflow', 'stock_buybacks'): [2013, 2025]}
2026-08-15 13:16:07,204 INFO    findata.database.edgar_ | CBZ processed: {'text_filings': 0, 'sections': 0, 'form4_rows': 0, 'income': 965, 'balance': 629, 'cashflow': 702, 'errors': 0, 'incomplete_years': 13}
2026-08-15 13:16:07,378 WARNING findata.database.edgar_ | CECO: incomplete quarterly coverage for 11 (item, year) pair(s): {('balance', 'shares_outstanding'): [2013, 2014], ('balance', 'short_term_debt'): [2019], ('balance', 'stockholders_equity'): [2011], ('cashflow', 'dividends_paid'): [2018], ('cashflow', 'stock_buybacks'): [2012, 2013, 2016, 2020, 2021, 2022]}
2026-08-15 13:16:07,379 INFO    findata.database.edgar_ | CECO processed: {'text_filings': 0, 'sections': 0, 'form4_rows': 0, 'income': 960, 'balance': 701, 'cashflow': 706, 'errors': 0, 'incomplete_years': 11}
2026-08-15 13:16:09,460 WARNING findata.database.edgar_ | CL: incomplete quarterly coverage for 7 (item, year) pair(s): {('balance', 'cash_and_equivalents'): [2008], ('balance', 'liabilities'): [2010, 2011, 2012, 2013], ('balance', 'shares_outstanding'): [2009], ('balance', 'short_term_debt'): [2025]}
2026-08-15 13:16:09,462 INFO    findata.database.edgar_ | CL processed: {'text_filings': 0, 'sections': 0, 'form4_rows': 0, 'income': 1029, 'balance': 777, 'cashflow': 773, 'errors': 0, 'incomplete_years': 7}
2026-08-15 13:16:09,655 WARNING findata.database.edgar_ | CNC: incomplete quarterly coverage for 3 (item, year) pair(s): {('balance', 'cash_and_equivalents'): [2009], ('balance', 'stockholders_equity'): [2009, 2010]}
2026-08-15 13:16:09,656 INFO    findata.database.edgar_ | CNC processed: {'text_filings': 0, 'sections': 0, 'form4_rows': 0, 'income': 1141, 'balance': 798, 'cashflow': 737, 'errors': 0, 'incomplete_years': 3}
2026-08-15 13:16:09,831 WARNING findata.database.edgar_ | CUZ: incomplete quarterly coverage for 12 (item, year) pair(s): {('balance', 'assets'): [2011], ('balance', 'cash_and_equivalents'): [2010], ('balance', 'goodwill'): [2011], ('balance', 'shares_outstanding'): [2013, 2014, 2015, 2016, 2017, 2018], ('balance', 'stockholders_equity'): [2010], ('income', 'shares_basic'): [2019], ('income', 'shares_diluted'): [2019]}
2026-08-15 13:16:09,833 INFO    findata.database.edgar_ | CUZ processed: {'text_filings': 0, 'sections': 0, 'form4_rows': 0, 'income': 907, 'balance': 466, 'cashflow': 631, 'errors': 0, 'incomplete_years': 12}
2026-08-15 13:16:09,922 WARNING findata.database.edgar_ | DBVT: incomplete quarterly coverage for 8 (item, year) pair(s): {('balance', 'assets'): [2017, 2018, 2019, 2020], ('balance', 'shares_outstanding'): [2019, 2020, 2021, 2025]}
2026-08-15 13:16:09,923 INFO    findata.database.edgar_ | DBVT processed: {'text_filings': 0, 'sections': 0, 'form4_rows': 0, 'income': 374, 'balance': 230, 'cashflow': 189, 'errors': 0, 'incomplete_years': 8}
2026-08-15 13:16:10,092 WARNING findata.database.edgar_ | DKS: incomplete quarterly coverage for 6 (item, year) pair(s): {('balance', 'cash_and_equivalents'): [2010], ('balance', 'long_term_debt'): [2020], ('balance', 'short_term_debt'): [2020], ('balance', 'stockholders_equity'): [2010, 2011], ('income', 'income_tax'): [2013]}
2026-08-15 13:16:10,093 INFO    findata.database.edgar_ | DKS processed: {'text_filings': 0, 'sections': 0, 'form4_rows': 0, 'income': 1018, 'balance': 603, 'cashflow': 808, 'errors': 0, 'incomplete_years': 6}
2026-08-15 13:16:12,443 WARNING findata.database.edgar_ | ENPH: incomplete quarterly coverage for 11 (item, year) pair(s): {('balance', 'liabilities_noncurrent'): [2013, 2014], ('balance', 'long_term_debt'): [2015, 2016], ('balance', 'short_term_debt'): [2015, 2016], ('balance', 'stockholders_equity'): [2011], ('cashflow', 'stock_buybacks'): [2022], ('income', 'eps_basic'): [2015], ('income', 'eps_diluted'): [2015, 2016]}
2026-08-15 13:16:12,444 INFO    findata.database.edgar_ | ENPH processed: {'text_filings': 0, 'sections': 0, 'form4_rows': 0, 'income': 947, 'balance': 706, 'cashflow': 573, 'errors': 0, 'incomplete_years': 11}
2026-08-15 13:16:12,646 WARNING findata.database.edgar_ | EQT: incomplete quarterly coverage for 11 (item, year) pair(s): {('balance', 'cash_and_equivalents'): [2008], ('balance', 'goodwill'): [2023, 2024], ('balance', 'long_term_debt'): [2019, 2020, 2021, 2022], ('balance', 'short_term_debt'): [2010, 2016], ('balance', 'stockholders_equity'): [2008, 2009]}
2026-08-15 13:16:12,648 INFO    findata.database.edgar_ | EQT processed: {'text_filings': 0, 'sections': 0, 'form4_rows': 0, 'income': 1080, 'balance': 637, 'cashflow': 892, 'errors': 0, 'incomplete_years': 11}
2026-08-15 13:16:12,865 WARNING findata.database.edgar_ | INSM: incomplete quarterly coverage for 13 (item, year) pair(s): {('balance', 'goodwill'): [2020, 2021], ('balance', 'short_term_debt'): [2014, 2016, 2017, 2023, 2024], ('balance', 'short_term_investments'): [2021], ('balance', 'stockholders_equity'): [2010, 2011], ('income', 'gross_profit'): [2020], ('income', 'income_tax'): [2014], ('income', 'revenue'): [2013]}
2026-08-15 13:16:12,866 INFO    findata.database.edgar_ | INSM processed: {'text_filings': 0, 'sections': 0, 'form4_rows': 0, 'income': 1055, 'balance': 661, 'cashflow': 570, 'errors': 0, 'incomplete_years': 13}
2026-08-15 13:16:13,042 WARNING findata.database.edgar_ | KODK: incomplete quarterly coverage for 39 (item, year) pair(s): {('balance', 'assets'): [2010, 2013], ('balance', 'assets_current'): [2013], ('balance', 'cash_and_equivalents'): [2009, 2013], ('balance', 'goodwill'): [2013], ('balance', 'inventory'): [2013], ('balance', 'liabilities'): [2013], ('balance', 'liabilities_current'): [2013], ('balance', 'long_term_debt'): [2010], ('balance', 'short_term_debt'): [2010], ('balance', 'stockholders_equity'): [2009, 2010, 2013], ('cashflow', 'capex'): [2013], ('cashflow', 'depreciation_amortization'): [2013], ('cashflow', 'dividends_paid'): [2022], ('cashflow', 'financing_cash_flow'): [2013], ('cashflow', 'investing_cash_flow'): [2013], ('cashflow', 'operating_cash_flow'): [2013], ('cashflow', 'stock_buybacks'): [2016, 2017, 2021, 2022, 2023, 2024], ('income', 'cost_of_revenue'): [2013], ('income', 'eps_basic'): [2013], ('income', 'eps_diluted'): [2013], ('income', 'gross_profit'): [2013], ('income', 'income_tax'): [2013], ('income', 'interest_expense'): [2013], ('income', 'net_income'): [2013], ('income', 'operating_income'): [2013], ('income', 'revenue'): [2013], ('income', 'rnd_expense'): [2013], ('income', 'shares_basic'): [2011, 2013], ('income', 'shares_diluted'): [2013]}
2026-08-15 13:16:13,043 INFO    findata.database.edgar_ | KODK processed: {'text_filings': 0, 'sections': 0, 'form4_rows': 0, 'income': 1073, 'balance': 784, 'cashflow': 694, 'errors': 0, 'incomplete_years': 39}
2026-08-15 13:16:13,217 WARNING findata.database.edgar_ | KR: incomplete quarterly coverage for 13 (item, year) pair(s): {('balance', 'cash_and_equivalents'): [2009], ('balance', 'shares_outstanding'): [2012, 2013, 2017, 2018, 2021, 2022, 2023, 2024, 2025, 2026], ('balance', 'stockholders_equity'): [2009], ('income', 'interest_expense'): [2025]}
2026-08-15 13:16:13,218 INFO    findata.database.edgar_ | KR processed: {'text_filings': 0, 'sections': 0, 'form4_rows': 0, 'income': 981, 'balance': 702, 'cashflow': 934, 'errors': 0, 'incomplete_years': 13}
2026-08-15 13:16:15,458 WARNING findata.database.edgar_ | MSM: incomplete quarterly coverage for 8 (item, year) pair(s): {('balance', 'stockholders_equity'): [2010], ('cashflow', 'dividends_paid'): [2015, 2018, 2019, 2020, 2021, 2022, 2023]}
2026-08-15 13:16:15,459 INFO    findata.database.edgar_ | MSM processed: {'text_filings': 0, 'sections': 0, 'form4_rows': 0, 'income': 1092, 'balance': 647, 'cashflow': 773, 'errors': 0, 'incomplete_years': 8}
2026-08-15 13:16:15,609 WARNING findata.database.edgar_ | NLY: incomplete quarterly coverage for 9 (item, year) pair(s): {('balance', 'long_term_debt'): [2018], ('balance', 'stockholders_equity'): [2008, 2009], ('cashflow', 'stock_buybacks'): [2018, 2019, 2020, 2021], ('income', 'shares_basic'): [2022], ('income', 'shares_diluted'): [2022]}
2026-08-15 13:16:15,610 INFO    findata.database.edgar_ | NLY processed: {'text_filings': 0, 'sections': 0, 'form4_rows': 0, 'income': 726, 'balance': 503, 'cashflow': 663, 'errors': 0, 'incomplete_years': 9}
2026-08-15 13:16:15,780 WARNING findata.database.edgar_ | NNN: incomplete quarterly coverage for 7 (item, year) pair(s): {('balance', 'cash_and_equivalents'): [2009], ('balance', 'stockholders_equity'): [2009, 2010], ('income', 'shares_basic'): [2021, 2022], ('income', 'shares_diluted'): [2021, 2022]}
2026-08-15 13:16:15,782 INFO    findata.database.edgar_ | NNN processed: {'text_filings': 0, 'sections': 0, 'form4_rows': 0, 'income': 844, 'balance': 398, 'cashflow': 657, 'errors': 0, 'incomplete_years': 7}
2026-08-15 13:16:15,952 WARNING findata.database.edgar_ | NRC: incomplete quarterly coverage for 14 (item, year) pair(s): {('balance', 'cash_and_equivalents'): [2010], ('balance', 'long_term_debt'): [2018], ('balance', 'shares_outstanding'): [2013, 2017], ('balance', 'stockholders_equity'): [2010, 2011], ('cashflow', 'depreciation_amortization'): [2020, 2022], ('cashflow', 'dividends_paid'): [2021], ('cashflow', 'stock_buybacks'): [2015], ('income', 'eps_basic'): [2013], ('income', 'eps_diluted'): [2013], ('income', 'shares_basic'): [2013], ('income', 'shares_diluted'): [2013]}
2026-08-15 13:16:15,953 INFO    findata.database.edgar_ | NRC processed: {'text_filings': 0, 'sections': 0, 'form4_rows': 0, 'income': 815, 'balance': 605, 'cashflow': 738, 'errors': 0, 'incomplete_years': 14}
2026-08-15 13:16:16,060 INFO    findata.database.edgar_ | NTLA processed: {'text_filings': 0, 'sections': 0, 'form4_rows': 0, 'income': 588, 'balance': 349, 'cashflow': 410, 'errors': 0, 'incomplete_years': 0}
2026-08-15 13:16:17,931 WARNING findata.database.edgar_ | PKE: incomplete quarterly coverage for 25 (item, year) pair(s): {('balance', 'cash_and_equivalents'): [2011], ('balance', 'goodwill'): [2014, 2015, 2016, 2017, 2018, 2019, 2020, 2021, 2022], ('balance', 'long_term_debt'): [2018], ('balance', 'shares_outstanding'): [2014, 2015, 2016, 2017, 2018, 2019, 2023, 2024, 2025, 2026], ('balance', 'short_term_debt'): [2018], ('balance', 'short_term_investments'): [2015, 2016], ('cashflow', 'stock_buybacks'): [2022]}
2026-08-15 13:16:17,932 INFO    findata.database.edgar_ | PKE processed: {'text_filings': 0, 'sections': 0, 'form4_rows': 0, 'income': 911, 'balance': 610, 'cashflow': 733, 'errors': 0, 'incomplete_years': 25}
2026-08-15 13:16:18,135 WARNING findata.database.edgar_ | PLD: incomplete quarterly coverage for 3 (item, year) pair(s): {('balance', 'cash_and_equivalents'): [2010], ('balance', 'stockholders_equity'): [2010, 2011]}
2026-08-15 13:16:18,136 INFO    findata.database.edgar_ | PLD processed: {'text_filings': 0, 'sections': 0, 'form4_rows': 0, 'income': 859, 'balance': 439, 'cashflow': 704, 'errors': 0, 'incomplete_years': 3}
2026-08-15 13:16:18,305 WARNING findata.database.edgar_ | RNG: incomplete quarterly coverage for 8 (item, year) pair(s): {('balance', 'cash_and_equivalents'): [2012], ('balance', 'long_term_debt'): [2022, 2023], ('balance', 'short_term_debt'): [2022, 2023], ('balance', 'stockholders_equity'): [2012, 2013], ('cashflow', 'stock_buybacks'): [2021]}
2026-08-15 13:16:18,306 INFO    findata.database.edgar_ | RNG processed: {'text_filings': 0, 'sections': 0, 'form4_rows': 0, 'income': 998, 'balance': 483, 'cashflow': 567, 'errors': 0, 'incomplete_years': 8}
2026-08-15 13:16:18,455 INFO    findata.database.edgar_ | SNAP processed: {'text_filings': 0, 'sections': 0, 'form4_rows': 0, 'income': 722, 'balance': 362, 'cashflow': 502, 'errors': 0, 'incomplete_years': 0}
2026-08-15 13:16:18,480 INFO    findata.database.edgar_ | SU processed: {'text_filings': 0, 'sections': 0, 'form4_rows': 0, 'income': 20, 'balance': 19, 'cashflow': 0, 'errors': 0, 'incomplete_years': 0}
2026-08-15 13:16:21,070 INFO    findata.database.edgar_ | AER processed: {'text_filings': 0, 'sections': 0, 'form4_rows': 0, 'income': 268, 'balance': 179, 'cashflow': 161, 'errors': 0, 'incomplete_years': 0}
2026-08-15 13:16:21,247 WARNING findata.database.edgar_ | ALNT: incomplete quarterly coverage for 9 (item, year) pair(s): {('balance', 'short_term_debt'): [2018], ('cashflow', 'dividends_paid'): [2018, 2019, 2020, 2021, 2022, 2023, 2024, 2025]}
2026-08-15 13:16:21,248 INFO    findata.database.edgar_ | ALNT processed: {'text_filings': 0, 'sections': 0, 'form4_rows': 0, 'income': 1038, 'balance': 705, 'cashflow': 682, 'errors': 0, 'incomplete_years': 9}
2026-08-15 13:16:21,448 WARNING findata.database.edgar_ | APH: incomplete quarterly coverage for 5 (item, year) pair(s): {('balance', 'cash_and_equivalents'): [2008], ('balance', 'stockholders_equity'): [2008, 2009], ('cashflow', 'dividends_paid'): [2013, 2014]}
2026-08-15 13:16:21,449 INFO    findata.database.edgar_ | APH processed: {'text_filings': 0, 'sections': 0, 'form4_rows': 0, 'income': 1110, 'balance': 809, 'cashflow': 918, 'errors': 0, 'incomplete_years': 5}
2026-08-15 13:16:21,625 WARNING findata.database.edgar_ | AROC: incomplete quarterly coverage for 10 (item, year) pair(s): {('balance', 'assets_noncurrent'): [2015], ('balance', 'cash_and_equivalents'): [2009], ('balance', 'goodwill'): [2014, 2018, 2019, 2023, 2024], ('balance', 'stockholders_equity'): [2009], ('income', 'cost_of_revenue'): [2015, 2018]}
2026-08-15 13:16:21,626 INFO    findata.database.edgar_ | AROC processed: {'text_filings': 0, 'sections': 0, 'form4_rows': 0, 'income': 917, 'balance': 647, 'cashflow': 880, 'errors': 0, 'incomplete_years': 10}
2026-08-15 13:16:21,865 WARNING findata.database.edgar_ | CALY: incomplete quarterly coverage for 17 (item, year) pair(s): {('balance', 'cash_and_equivalents'): [2010], ('balance', 'shares_outstanding'): [2013, 2014, 2015, 2016, 2017, 2018, 2019, 2022, 2023, 2024, 2025], ('balance', 'short_term_debt'): [2021], ('balance', 'stockholders_equity'): [2010, 2011], ('income', 'cost_of_revenue'): [2025], ('income', 'gross_profit'): [2025]}
2026-08-15 13:16:21,866 INFO    findata.database.edgar_ | CALY processed: {'text_filings': 0, 'sections': 0, 'form4_rows': 0, 'income': 1090, 'balance': 575, 'cashflow': 757, 'errors': 0, 'incomplete_years': 17}
2026-08-15 13:16:23,938 INFO    findata.database.edgar_ | EXK processed: {'text_filings': 0, 'sections': 0, 'form4_rows': 0, 'income': 30, 'balance': 30, 'cashflow': 0, 'errors': 0, 'incomplete_years': 0}
2026-08-15 13:16:24,088 WARNING findata.database.edgar_ | FIVN: incomplete quarterly coverage for 1 (item, year) pair(s): {('balance', 'stockholders_equity'): [2013]}
2026-08-15 13:16:24,089 INFO    findata.database.edgar_ | FIVN processed: {'text_filings': 0, 'sections': 0, 'form4_rows': 0, 'income': 952, 'balance': 507, 'cashflow': 525, 'errors': 0, 'incomplete_years': 1}
2026-08-15 13:16:24,239 WARNING findata.database.edgar_ | GNL: incomplete quarterly coverage for 5 (item, year) pair(s): {('balance', 'cash_and_equivalents'): [2016], ('cashflow', 'stock_buybacks'): [2020, 2021, 2022], ('income', 'cost_of_revenue'): [2019]}
2026-08-15 13:16:24,240 INFO    findata.database.edgar_ | GNL processed: {'text_filings': 0, 'sections': 0, 'form4_rows': 0, 'income': 818, 'balance': 359, 'cashflow': 704, 'errors': 0, 'incomplete_years': 5}
2026-08-15 13:16:24,467 WARNING findata.database.edgar_ | KFRC: incomplete quarterly coverage for 11 (item, year) pair(s): {('balance', 'cash_and_equivalents'): [2010], ('balance', 'shares_outstanding'): [2013, 2014, 2015, 2016, 2023, 2024, 2025], ('income', 'operating_expenses'): [2024], ('income', 'shares_basic'): [2013], ('income', 'shares_diluted'): [2013]}
2026-08-15 13:16:24,468 INFO    findata.database.edgar_ | KFRC processed: {'text_filings': 0, 'sections': 0, 'form4_rows': 0, 'income': 951, 'balance': 516, 'cashflow': 802, 'errors': 0, 'incomplete_years': 11}
2026-08-15 13:16:24,629 WARNING findata.database.edgar_ | KN: incomplete quarterly coverage for 5 (item, year) pair(s): {('balance', 'shares_outstanding'): [2016, 2017, 2018, 2019], ('balance', 'stockholders_equity'): [2013]}
2026-08-15 13:16:24,630 INFO    findata.database.edgar_ | KN processed: {'text_filings': 0, 'sections': 0, 'form4_rows': 0, 'income': 874, 'balance': 529, 'cashflow': 507, 'errors': 0, 'incomplete_years': 5}
2026-08-15 13:16:26,929 WARNING findata.database.edgar_ | MAR: incomplete quarterly coverage for 6 (item, year) pair(s): {('balance', 'cash_and_equivalents'): [2008], ('balance', 'inventory'): [2013], ('balance', 'stockholders_equity'): [2008, 2009], ('cashflow', 'dividends_paid'): [2021], ('cashflow', 'stock_buybacks'): [2021]}
2026-08-15 13:16:26,930 INFO    findata.database.edgar_ | MAR processed: {'text_filings': 0, 'sections': 0, 'form4_rows': 0, 'income': 1071, 'balance': 690, 'cashflow': 819, 'errors': 0, 'incomplete_years': 6}
2026-08-15 13:16:27,126 WARNING findata.database.edgar_ | MKSI: incomplete quarterly coverage for 11 (item, year) pair(s): {('balance', 'cash_and_equivalents'): [2009], ('balance', 'long_term_debt'): [2016], ('balance', 'short_term_debt'): [2012, 2013, 2016], ('balance', 'short_term_investments'): [2024], ('balance', 'stockholders_equity'): [2009, 2010], ('cashflow', 'stock_buybacks'): [2015, 2018], ('income', 'interest_expense'): [2011]}
2026-08-15 13:16:27,127 INFO    findata.database.edgar_ | MKSI processed: {'text_filings': 0, 'sections': 0, 'form4_rows': 0, 'income': 1116, 'balance': 794, 'cashflow': 841, 'errors': 0, 'incomplete_years': 11}
2026-08-15 13:16:27,333 WARNING findata.database.edgar_ | MSI: incomplete quarterly coverage for 5 (item, year) pair(s): {('balance', 'cash_and_equivalents'): [2008], ('balance', 'goodwill'): [2009], ('balance', 'short_term_investments'): [2015], ('income', 'shares_basic'): [2010], ('income', 'shares_diluted'): [2010]}
2026-08-15 13:16:27,334 INFO    findata.database.edgar_ | MSI processed: {'text_filings': 0, 'sections': 0, 'form4_rows': 0, 'income': 1176, 'balance': 773, 'cashflow': 957, 'errors': 0, 'incomplete_years': 5}
2026-08-15 13:16:27,445 WARNING findata.database.edgar_ | NODK: incomplete quarterly coverage for 10 (item, year) pair(s): {('balance', 'cash_and_equivalents'): [2015], ('balance', 'goodwill'): [2024], ('balance', 'long_term_debt'): [2025], ('balance', 'short_term_investments'): [2021, 2022, 2023, 2024, 2025], ('balance', 'stockholders_equity'): [2015, 2016]}
2026-08-15 13:16:27,446 INFO    findata.database.edgar_ | NODK processed: {'text_filings': 0, 'sections': 0, 'form4_rows': 0, 'income': 519, 'balance': 313, 'cashflow': 393, 'errors': 0, 'incomplete_years': 10}
2026-08-15 13:16:27,481 INFO    findata.database.edgar_ | NVO processed: {'text_filings': 0, 'sections': 0, 'form4_rows': 0, 'income': 55, 'balance': 23, 'cashflow': 0, 'errors': 0, 'incomplete_years': 0}
2026-08-15 13:16:29,465 WARNING findata.database.edgar_ | PGEN: incomplete quarterly coverage for 16 (item, year) pair(s): {('balance', 'cash_and_equivalents'): [2012], ('balance', 'long_term_debt'): [2024, 2025], ('balance', 'stockholders_equity'): [2012, 2013], ('income', 'cost_of_revenue'): [2018], ('income', 'interest_expense'): [2019, 2025], ('income', 'operating_expenses'): [2019, 2025], ('income', 'operating_income'): [2025], ('income', 'pretax_income'): [2025], ('income', 'revenue'): [2023, 2025], ('income', 'rnd_expense'): [2019, 2025]}
2026-08-15 13:16:29,466 INFO    findata.database.edgar_ | PGEN processed: {'text_filings': 0, 'sections': 0, 'form4_rows': 0, 'income': 763, 'balance': 633, 'cashflow': 530, 'errors': 0, 'incomplete_years': 16}
2026-08-15 13:16:29,650 WARNING findata.database.edgar_ | RCKY: incomplete quarterly coverage for 2 (item, year) pair(s): {('balance', 'cash_and_equivalents'): [2010], ('balance', 'stockholders_equity'): [2010]}
2026-08-15 13:16:29,651 INFO    findata.database.edgar_ | RCKY processed: {'text_filings': 0, 'sections': 0, 'form4_rows': 0, 'income': 995, 'balance': 691, 'cashflow': 735, 'errors': 0, 'incomplete_years': 2}
2026-08-15 13:16:29,685 INFO    findata.database.edgar_ | SBS processed: {'text_filings': 0, 'sections': 0, 'form4_rows': 0, 'income': 36, 'balance': 29, 'cashflow': 0, 'errors': 0, 'incomplete_years': 0}
2026-08-15 13:16:29,718 INFO    findata.database.edgar_ | SKM processed: {'text_filings': 0, 'sections': 0, 'form4_rows': 0, 'income': 30, 'balance': 39, 'cashflow': 0, 'errors': 0, 'incomplete_years': 0}
2026-08-15 13:16:29,752 INFO    findata.database.edgar_ | SMFG processed: {'text_filings': 0, 'sections': 0, 'form4_rows': 0, 'income': 29, 'balance': 53, 'cashflow': 0, 'errors': 0, 'incomplete_years': 0}
2026-08-15 13:16:32,158 INFO    findata.database.edgar_ | TSLX processed: {'text_filings': 0, 'sections': 0, 'form4_rows': 0, 'income': 207, 'balance': 125, 'cashflow': 111, 'errors': 0, 'incomplete_years': 0}
2026-08-15 13:16:32,317 WARNING findata.database.edgar_ | UA: incomplete quarterly coverage for 27 (item, year) pair(s): {('balance', 'cash_and_equivalents'): [2009], ('balance', 'short_term_debt'): [2020], ('balance', 'stockholders_equity'): [2009], ('income', 'cost_of_revenue'): [2025], ('income', 'eps_basic'): [2016, 2025], ('income', 'eps_diluted'): [2016, 2025], ('income', 'gross_profit'): [2025], ('income', 'income_tax'): [2025], ('income', 'interest_expense'): [2013, 2022, 2023, 2024, 2025], ('income', 'net_income'): [2025], ('income', 'operating_income'): [2025], ('income', 'pretax_income'): [2025], ('income', 'revenue'): [2025], ('income', 'shares_basic'): [2016, 2023, 2024, 2025], ('income', 'shares_diluted'): [2016, 2023, 2024, 2025]}
2026-08-15 13:16:32,318 INFO    findata.database.edgar_ | UA processed: {'text_filings': 0, 'sections': 0, 'form4_rows': 0, 'income': 939, 'balance': 687, 'cashflow': 666, 'errors': 0, 'incomplete_years': 27}
2026-08-15 13:16:32,479 WARNING findata.database.edgar_ | UFPT: incomplete quarterly coverage for 10 (item, year) pair(s): {('balance', 'cash_and_equivalents'): [2010], ('balance', 'long_term_debt'): [2019, 2020, 2021], ('balance', 'short_term_debt'): [2017, 2019, 2020, 2021], ('balance', 'stockholders_equity'): [2010, 2011]}
2026-08-15 13:16:32,480 INFO    findata.database.edgar_ | UFPT processed: {'text_filings': 0, 'sections': 0, 'form4_rows': 0, 'income': 961, 'balance': 730, 'cashflow': 583, 'errors': 0, 'incomplete_years': 10}
2026-08-15 13:16:32,656 WARNING findata.database.edgar_ | UHAL: incomplete quarterly coverage for 23 (item, year) pair(s): {('balance', 'long_term_debt'): [2020, 2021, 2022, 2025, 2026], ('balance', 'shares_outstanding'): [2014, 2015, 2016, 2017, 2018, 2019, 2020, 2021, 2022, 2023], ('balance', 'stockholders_equity'): [2011], ('cashflow', 'dividends_paid'): [2014, 2016, 2018, 2024], ('income', 'shares_basic'): [2023, 2026], ('income', 'shares_diluted'): [2022]}
2026-08-15 13:16:32,657 INFO    findata.database.edgar_ | UHAL processed: {'text_filings': 0, 'sections': 0, 'form4_rows': 0, 'income': 858, 'balance': 389, 'cashflow': 640, 'errors': 0, 'incomplete_years': 23}
2026-08-15 13:16:32,841 WARNING findata.database.edgar_ | WBD: incomplete quarterly coverage for 4 (item, year) pair(s): {('balance', 'liabilities'): [2010], ('balance', 'shares_outstanding'): [2021], ('income', 'shares_basic'): [2014], ('income', 'shares_diluted'): [2014]}
2026-08-15 13:16:32,842 INFO    findata.database.edgar_ | WBD processed: {'text_filings': 0, 'sections': 0, 'form4_rows': 0, 'income': 1036, 'balance': 675, 'cashflow': 719, 'errors': 0, 'incomplete_years': 4}
2026-08-15 13:16:36,195 WARNING findata.database.edgar_ | WEN: incomplete quarterly coverage for 14 (item, year) pair(s): {('balance', 'assets'): [2011], ('balance', 'assets_current'): [2011], ('balance', 'cash_and_equivalents'): [2009], ('balance', 'goodwill'): [2011], ('balance', 'inventory'): [2011], ('balance', 'liabilities_current'): [2011], ('balance', 'long_term_debt'): [2011], ('balance', 'shares_outstanding'): [2012, 2013, 2014], ('balance', 'short_term_debt'): [2011], ('balance', 'stockholders_equity'): [2009, 2010], ('cashflow', 'stock_buybacks'): [2012]}
2026-08-15 13:16:36,197 INFO    findata.database.edgar_ | WEN processed: {'text_filings': 0, 'sections': 0, 'form4_rows': 0, 'income': 1090, 'balance': 740, 'cashflow': 866, 'errors': 0, 'incomplete_years': 14}
2026-08-15 13:16:36,414 WARNING findata.database.edgar_ | WSBC: incomplete quarterly coverage for 15 (item, year) pair(s): {('balance', 'cash_and_equivalents'): [2010], ('balance', 'goodwill'): [2013, 2014, 2015, 2016, 2017, 2018, 2019, 2020, 2021, 2022, 2023, 2024], ('balance', 'stockholders_equity'): [2010], ('income', 'interest_expense'): [2024]}
2026-08-15 13:16:36,415 INFO    findata.database.edgar_ | WSBC processed: {'text_filings': 0, 'sections': 0, 'form4_rows': 0, 'income': 723, 'balance': 400, 'cashflow': 579, 'errors': 0, 'incomplete_years': 15}
2026-08-15 13:16:36,599 WARNING findata.database.edgar_ | WSM: incomplete quarterly coverage for 19 (item, year) pair(s): {('balance', 'cash_and_equivalents'): [2010], ('balance', 'goodwill'): [2014, 2015, 2016, 2017, 2018], ('balance', 'long_term_debt'): [2016, 2018, 2020, 2022], ('balance', 'short_term_debt'): [2016, 2020], ('balance', 'stockholders_equity'): [2010], ('income', 'shares_basic'): [2013, 2019, 2020], ('income', 'shares_diluted'): [2013, 2019, 2020]}
2026-08-15 13:16:36,601 INFO    findata.database.edgar_ | WSM processed: {'text_filings': 0, 'sections': 0, 'form4_rows': 0, 'income': 851, 'balance': 736, 'cashflow': 939, 'errors': 0, 'incomplete_years': 19}
2026-08-15 13:16:36,798 WARNING findata.database.edgar_ | ADSK: incomplete quarterly coverage for 4 (item, year) pair(s): {('balance', 'long_term_debt'): [2018, 2019, 2020], ('balance', 'stockholders_equity'): [2009]}
2026-08-15 13:16:36,799 INFO    findata.database.edgar_ | ADSK processed: {'text_filings': 0, 'sections': 0, 'form4_rows': 0, 'income': 1209, 'balance': 635, 'cashflow': 780, 'errors': 0, 'incomplete_years': 4}
2026-08-15 13:16:36,985 WARNING findata.database.edgar_ | AES: incomplete quarterly coverage for 13 (item, year) pair(s): {('balance', 'assets'): [2009], ('balance', 'assets_current'): [2009], ('balance', 'cash_and_equivalents'): [2007, 2008], ('balance', 'goodwill'): [2009], ('balance', 'inventory'): [2009], ('balance', 'liabilities_current'): [2009], ('balance', 'liabilities_noncurrent'): [2009], ('balance', 'short_term_investments'): [2009, 2025], ('balance', 'stockholders_equity'): [2009], ('cashflow', 'stock_buybacks'): [2013], ('income', 'revenue'): [2014]}
2026-08-15 13:16:36,987 INFO    findata.database.edgar_ | AES processed: {'text_filings': 0, 'sections': 0, 'form4_rows': 0, 'income': 939, 'balance': 781, 'cashflow': 842, 'errors': 0, 'incomplete_years': 13}
2026-08-15 13:16:39,687 WARNING findata.database.edgar_ | AIG: incomplete quarterly coverage for 29 (item, year) pair(s): {('balance', 'goodwill'): [2011, 2012, 2013, 2014, 2015, 2016, 2017, 2018, 2019, 2020, 2021, 2022, 2023, 2024], ('balance', 'long_term_debt'): [2013, 2014, 2015, 2021, 2022, 2023, 2024, 2025], ('balance', 'shares_outstanding'): [2011], ('balance', 'short_term_debt'): [2022, 2024], ('balance', 'short_term_investments'): [2020], ('balance', 'stockholders_equity'): [2008, 2009], ('cashflow', 'dividends_paid'): [2013]}
2026-08-15 13:16:39,688 INFO    findata.database.edgar_ | AIG processed: {'text_filings': 0, 'sections': 0, 'form4_rows': 0, 'income': 781, 'balance': 464, 'cashflow': 784, 'errors': 0, 'incomplete_years': 29}
2026-08-15 13:16:39,854 WARNING findata.database.edgar_ | ATRO: incomplete quarterly coverage for 7 (item, year) pair(s): {('balance', 'cash_and_equivalents'): [2010], ('balance', 'short_term_debt'): [2021, 2022], ('income', 'cost_of_revenue'): [2018], ('income', 'operating_expenses'): [2013, 2015, 2016]}
2026-08-15 13:16:39,855 INFO    findata.database.edgar_ | ATRO processed: {'text_filings': 0, 'sections': 0, 'form4_rows': 0, 'income': 985, 'balance': 637, 'cashflow': 624, 'errors': 0, 'incomplete_years': 7}
2026-08-15 13:16:40,043 WARNING findata.database.edgar_ | BEN: incomplete quarterly coverage for 17 (item, year) pair(s): {('balance', 'assets_current'): [2012], ('balance', 'assets_noncurrent'): [2012], ('balance', 'cash_and_equivalents'): [2008], ('balance', 'goodwill'): [2014, 2015, 2016, 2017, 2018, 2019, 2020], ('balance', 'liabilities_current'): [2012], ('balance', 'liabilities_noncurrent'): [2012], ('balance', 'long_term_debt'): [2010], ('balance', 'short_term_debt'): [2012], ('balance', 'stockholders_equity'): [2008, 2009], ('income', 'pretax_income'): [2010]}
2026-08-15 13:16:40,045 INFO    findata.database.edgar_ | BEN processed: {'text_filings': 0, 'sections': 0, 'form4_rows': 0, 'income': 981, 'balance': 610, 'cashflow': 894, 'errors': 0, 'incomplete_years': 17}
2026-08-15 13:16:40,136 INFO    findata.database.edgar_ | BRSL processed: {'text_filings': 0, 'sections': 0, 'form4_rows': 0, 'income': 159, 'balance': 162, 'cashflow': 88, 'errors': 0, 'incomplete_years': 0}
2026-08-15 13:16:40,174 INFO    findata.database.edgar_ | CCEP processed: {'text_filings': 0, 'sections': 0, 'form4_rows': 0, 'income': 33, 'balance': 66, 'cashflow': 0, 'errors': 0, 'incomplete_years': 0}
2026-08-15 13:16:42,471 WARNING findata.database.edgar_ | DBI: incomplete quarterly coverage for 12 (item, year) pair(s): {('balance', 'cash_and_equivalents'): [2011], ('balance', 'short_term_debt'): [2020], ('balance', 'stockholders_equity'): [2011], ('cashflow', 'stock_buybacks'): [2016, 2017, 2018, 2025, 2026], ('income', 'cost_of_revenue'): [2019, 2026], ('income', 'gross_profit'): [2014, 2015]}
2026-08-15 13:16:42,472 INFO    findata.database.edgar_ | DBI processed: {'text_filings': 0, 'sections': 0, 'form4_rows': 0, 'income': 898, 'balance': 591, 'cashflow': 737, 'errors': 0, 'incomplete_years': 12}
2026-08-15 13:16:42,641 WARNING findata.database.edgar_ | EEX: incomplete quarterly coverage for 7 (item, year) pair(s): {('balance', 'stockholders_equity'): [2016], ('cashflow', 'dividends_paid'): [2023], ('income', 'cost_of_revenue'): [2020], ('income', 'net_income'): [2020, 2021, 2022, 2023]}
2026-08-15 13:16:42,642 INFO    findata.database.edgar_ | EEX processed: {'text_filings': 0, 'sections': 0, 'form4_rows': 0, 'income': 530, 'balance': 356, 'cashflow': 507, 'errors': 0, 'incomplete_years': 7}
2026-08-15 13:16:42,826 WARNING findata.database.edgar_ | FELE: incomplete quarterly coverage for 1 (item, year) pair(s): {('balance', 'cash_and_equivalents'): [2009]}
2026-08-15 13:16:42,827 INFO    findata.database.edgar_ | FELE processed: {'text_filings': 0, 'sections': 0, 'form4_rows': 0, 'income': 1027, 'balance': 715, 'cashflow': 837, 'errors': 0, 'incomplete_years': 1}
2026-08-15 13:16:42,971 WARNING findata.database.edgar_ | FRPT: incomplete quarterly coverage for 13 (item, year) pair(s): {('balance', 'cash_and_equivalents'): [2013], ('balance', 'short_term_debt'): [2020, 2021, 2022], ('balance', 'short_term_investments'): [2019, 2020, 2021, 2022, 2024], ('balance', 'stockholders_equity'): [2013, 2014], ('income', 'shares_basic'): [2021], ('income', 'shares_diluted'): [2021]}
2026-08-15 13:16:42,972 INFO    findata.database.edgar_ | FRPT processed: {'text_filings': 0, 'sections': 0, 'form4_rows': 0, 'income': 818, 'balance': 505, 'cashflow': 484, 'errors': 0, 'incomplete_years': 13}
2026-08-15 13:16:43,162 WARNING findata.database.edgar_ | HRB: incomplete quarterly coverage for 77 (item, year) pair(s): {('balance', 'shares_outstanding'): [2012, 2013, 2014, 2015, 2016, 2017, 2018, 2019, 2020, 2021, 2026], ('balance', 'short_term_debt'): [2026], ('balance', 'stockholders_equity'): [2009], ('cashflow', 'stock_buybacks'): [2011], ('income', 'cost_of_revenue'): [2022, 2023, 2024, 2025, 2026], ('income', 'costs_and_expenses'): [2022, 2023, 2024, 2025, 2026], ('income', 'eps_basic'): [2022, 2023, 2024, 2025, 2026], ('income', 'eps_diluted'): [2021, 2022, 2023, 2024, 2025, 2026], ('income', 'income_tax'): [2022, 2023, 2024, 2025, 2026], ('income', 'interest_expense'): [2016, 2022, 2023, 2024, 2025, 2026], ('income', 'net_income'): [2022, 2023, 2024, 2025, 2026], ('income', 'operating_expenses'): [2022, 2023, 2024, 2025, 2026], ('income', 'operating_income'): [2015], ('income', 'pretax_income'): [2022, 2023, 2024, 2025, 2026], ('income', 'revenue'): [2022, 2023, 2024, 2025, 2026], ('income', 'shares_basic'): [2022, 2023, 2024, 2025, 2026], ('income', 'shares_diluted'): [2022, 2023, 2024, 2025, 2026]}
2026-08-15 13:16:43,163 INFO    findata.database.edgar_ | HRB processed: {'text_filings': 0, 'sections': 0, 'form4_rows': 0, 'income': 1022, 'balance': 712, 'cashflow': 832, 'errors': 0, 'incomplete_years': 77}
2026-08-15 13:16:45,149 INFO    findata.database.edgar_ | HTT processed: {'text_filings': 0, 'sections': 0, 'form4_rows': 0, 'income': 100, 'balance': 110, 'cashflow': 63, 'errors': 0, 'incomplete_years': 0}
2026-08-15 13:16:45,300 WARNING findata.database.edgar_ | LXP: incomplete quarterly coverage for 9 (item, year) pair(s): {('balance', 'stockholders_equity'): [2009], ('cashflow', 'capex'): [2024, 2025], ('cashflow', 'stock_buybacks'): [2022, 2023, 2025], ('income', 'shares_basic'): [2012, 2025], ('income', 'shares_diluted'): [2025]}
2026-08-15 13:16:45,301 INFO    findata.database.edgar_ | LXP processed: {'text_filings': 0, 'sections': 0, 'form4_rows': 0, 'income': 739, 'balance': 388, 'cashflow': 773, 'errors': 0, 'incomplete_years': 9}
2026-08-15 13:16:45,480 WARNING findata.database.edgar_ | NOVT: incomplete quarterly coverage for 8 (item, year) pair(s): {('balance', 'cash_and_equivalents'): [2010], ('balance', 'short_term_debt'): [2019], ('balance', 'stockholders_equity'): [2010, 2011], ('cashflow', 'stock_buybacks'): [2018, 2019, 2022], ('income', 'interest_expense'): [2012]}
2026-08-15 13:16:45,481 INFO    findata.database.edgar_ | NOVT processed: {'text_filings': 0, 'sections': 0, 'form4_rows': 0, 'income': 1063, 'balance': 751, 'cashflow': 641, 'errors': 0, 'incomplete_years': 8}
2026-08-15 13:16:45,665 WARNING findata.database.edgar_ | NPO: incomplete quarterly coverage for 4 (item, year) pair(s): {('balance', 'cash_and_equivalents'): [2010], ('balance', 'goodwill'): [2011], ('balance', 'stockholders_equity'): [2010, 2011]}
2026-08-15 13:16:45,666 INFO    findata.database.edgar_ | NPO processed: {'text_filings': 0, 'sections': 0, 'form4_rows': 0, 'income': 1074, 'balance': 695, 'cashflow': 728, 'errors': 0, 'incomplete_years': 4}
2026-08-15 13:16:45,793 WARNING findata.database.edgar_ | OKTA: incomplete quarterly coverage for 1 (item, year) pair(s): {('balance', 'stockholders_equity'): [2017]}
2026-08-15 13:16:45,794 INFO    findata.database.edgar_ | OKTA processed: {'text_filings': 0, 'sections': 0, 'form4_rows': 0, 'income': 719, 'balance': 311, 'cashflow': 305, 'errors': 0, 'incomplete_years': 1}
2026-08-15 13:16:48,110 WARNING findata.database.edgar_ | PAGP: incomplete quarterly coverage for 6 (item, year) pair(s): {('balance', 'assets'): [2013], ('balance', 'cash_and_equivalents'): [2012], ('balance', 'goodwill'): [2013], ('income', 'eps_basic'): [2015], ('income', 'eps_diluted'): [2015], ('income', 'gross_profit'): [2015]}
2026-08-15 13:16:48,111 INFO    findata.database.edgar_ | PAGP processed: {'text_filings': 0, 'sections': 0, 'form4_rows': 0, 'income': 678, 'balance': 510, 'cashflow': 506, 'errors': 0, 'incomplete_years': 6}
2026-08-15 13:16:48,286 WARNING findata.database.edgar_ | PLAB: incomplete quarterly coverage for 6 (item, year) pair(s): {('balance', 'cash_and_equivalents'): [2010], ('balance', 'stockholders_equity'): [2010, 2011], ('income', 'interest_expense'): [2020, 2022, 2023]}
2026-08-15 13:16:48,287 INFO    findata.database.edgar_ | PLAB processed: {'text_filings': 0, 'sections': 0, 'form4_rows': 0, 'income': 1056, 'balance': 698, 'cashflow': 618, 'errors': 0, 'incomplete_years': 6}
2026-08-15 13:16:48,465 WARNING findata.database.edgar_ | PRLB: incomplete quarterly coverage for 3 (item, year) pair(s): {('balance', 'short_term_debt'): [2015, 2017], ('balance', 'stockholders_equity'): [2011]}
2026-08-15 13:16:48,466 INFO    findata.database.edgar_ | PRLB processed: {'text_filings': 0, 'sections': 0, 'form4_rows': 0, 'income': 1014, 'balance': 672, 'cashflow': 618, 'errors': 0, 'incomplete_years': 3}
2026-08-15 13:16:48,492 INFO    findata.database.edgar_ | PUK processed: {'text_filings': 0, 'sections': 0, 'form4_rows': 0, 'income': 11, 'balance': 55, 'cashflow': 0, 'errors': 0, 'incomplete_years': 0}
2026-08-15 13:16:48,653 WARNING findata.database.edgar_ | RLJ: incomplete quarterly coverage for 4 (item, year) pair(s): {('balance', 'cash_and_equivalents'): [2010], ('balance', 'long_term_debt'): [2014], ('balance', 'stockholders_equity'): [2011], ('income', 'operating_income'): [2018]}
2026-08-15 13:16:48,654 INFO    findata.database.edgar_ | RLJ processed: {'text_filings': 0, 'sections': 0, 'form4_rows': 0, 'income': 858, 'balance': 429, 'cashflow': 821, 'errors': 0, 'incomplete_years': 4}
2026-08-15 13:16:50,995 WARNING findata.database.edgar_ | STBA: incomplete quarterly coverage for 15 (item, year) pair(s): {('balance', 'cash_and_equivalents'): [2010], ('balance', 'long_term_debt'): [2020], ('balance', 'short_term_debt'): [2021, 2022, 2023, 2024, 2025], ('balance', 'stockholders_equity'): [2010], ('cashflow', 'stock_buybacks'): [2013, 2022, 2023, 2024, 2025], ('income', 'interest_expense'): [2024], ('income', 'shares_diluted'): [2022]}
2026-08-15 13:16:50,996 INFO    findata.database.edgar_ | STBA processed: {'text_filings': 0, 'sections': 0, 'form4_rows': 0, 'income': 711, 'balance': 525, 'cashflow': 756, 'errors': 0, 'incomplete_years': 15}
2026-08-15 13:16:51,139 WARNING findata.database.edgar_ | TDAY: incomplete quarterly coverage for 8 (item, year) pair(s): {('balance', 'long_term_debt'): [2020, 2021], ('balance', 'shares_outstanding'): [2016], ('cashflow', 'stock_buybacks'): [2021], ('income', 'costs_and_expenses'): [2025], ('income', 'operating_expenses'): [2025], ('income', 'operating_income'): [2025], ('income', 'shares_diluted'): [2021]}
2026-08-15 13:16:51,140 INFO    findata.database.edgar_ | TDAY processed: {'text_filings': 0, 'sections': 0, 'form4_rows': 0, 'income': 722, 'balance': 626, 'cashflow': 577, 'errors': 0, 'incomplete_years': 8}
2026-08-15 13:16:51,335 WARNING findata.database.edgar_ | TDC: incomplete quarterly coverage for 9 (item, year) pair(s): {('balance', 'cash_and_equivalents'): [2009], ('balance', 'shares_outstanding'): [2012, 2013, 2014, 2015, 2016], ('balance', 'short_term_debt'): [2014], ('balance', 'stockholders_equity'): [2009, 2010]}
2026-08-15 13:16:51,336 INFO    findata.database.edgar_ | TDC processed: {'text_filings': 0, 'sections': 0, 'form4_rows': 0, 'income': 1274, 'balance': 722, 'cashflow': 726, 'errors': 0, 'incomplete_years': 9}
2026-08-15 13:16:51,364 INFO    findata.database.edgar_ | TGB processed: {'text_filings': 0, 'sections': 0, 'form4_rows': 0, 'income': 30, 'balance': 39, 'cashflow': 0, 'errors': 0, 'incomplete_years': 0}
2026-08-15 13:16:51,564 WARNING findata.database.edgar_ | UAN: incomplete quarterly coverage for 13 (item, year) pair(s): {('balance', 'cash_and_equivalents'): [2010], ('balance', 'goodwill'): [2021, 2022], ('balance', 'short_term_debt'): [2019, 2020, 2023, 2024], ('income', 'interest_expense'): [2018], ('income', 'operating_expenses'): [2016, 2017, 2018], ('income', 'shares_basic'): [2020], ('income', 'shares_diluted'): [2020]}
2026-08-15 13:16:51,565 INFO    findata.database.edgar_ | UAN processed: {'text_filings': 0, 'sections': 0, 'form4_rows': 0, 'income': 883, 'balance': 567, 'cashflow': 646, 'errors': 0, 'incomplete_years': 13}
2026-08-15 13:16:53,869 WARNING findata.database.edgar_ | UUUU: incomplete quarterly coverage for 5 (item, year) pair(s): {('balance', 'long_term_debt'): [2019, 2025], ('balance', 'stockholders_equity'): [2015], ('income', 'interest_expense'): [2022, 2025]}
2026-08-15 13:16:53,870 INFO    findata.database.edgar_ | UUUU processed: {'text_filings': 0, 'sections': 0, 'form4_rows': 0, 'income': 599, 'balance': 421, 'cashflow': 404, 'errors': 0, 'incomplete_years': 5}
2026-08-15 13:16:54,037 WARNING findata.database.edgar_ | VLY: incomplete quarterly coverage for 5 (item, year) pair(s): {('balance', 'cash_and_equivalents'): [2009], ('balance', 'long_term_debt'): [2019], ('balance', 'stockholders_equity'): [2009, 2010], ('income', 'interest_expense'): [2024]}
2026-08-15 13:16:54,038 INFO    findata.database.edgar_ | VLY processed: {'text_filings': 0, 'sections': 0, 'form4_rows': 0, 'income': 763, 'balance': 507, 'cashflow': 824, 'errors': 0, 'incomplete_years': 5}
2026-08-15 13:16:54,228 WARNING findata.database.edgar_ | ZD: incomplete quarterly coverage for 11 (item, year) pair(s): {('balance', 'cash_and_equivalents'): [2009], ('balance', 'short_term_debt'): [2024, 2025], ('balance', 'short_term_investments'): [2017, 2019, 2020], ('balance', 'stockholders_equity'): [2009, 2010], ('income', 'gross_profit'): [2022], ('income', 'operating_expenses'): [2022, 2023]}
2026-08-15 13:16:54,229 INFO    findata.database.edgar_ | ZD processed: {'text_filings': 0, 'sections': 0, 'form4_rows': 0, 'income': 1083, 'balance': 752, 'cashflow': 825, 'errors': 0, 'incomplete_years': 11}
2026-08-15 13:16:54,357 WARNING findata.database.edgar_ | AA: incomplete quarterly coverage for 11 (item, year) pair(s): {('balance', 'cash_and_equivalents'): [2015], ('balance', 'goodwill'): [2016, 2017, 2018, 2019, 2020, 2021, 2022], ('balance', 'shares_outstanding'): [2024, 2025], ('balance', 'stockholders_equity'): [2015]}
2026-08-15 13:16:54,358 INFO    findata.database.edgar_ | AA processed: {'text_filings': 0, 'sections': 0, 'form4_rows': 0, 'income': 613, 'balance': 449, 'cashflow': 454, 'errors': 0, 'incomplete_years': 11}
2026-08-15 13:16:54,522 WARNING findata.database.edgar_ | ADC: incomplete quarterly coverage for 3 (item, year) pair(s): {('balance', 'cash_and_equivalents'): [2010], ('balance', 'long_term_debt'): [2019, 2022]}
2026-08-15 13:16:54,523 INFO    findata.database.edgar_ | ADC processed: {'text_filings': 0, 'sections': 0, 'form4_rows': 0, 'income': 866, 'balance': 412, 'cashflow': 804, 'errors': 0, 'incomplete_years': 3}
2026-08-15 13:16:56,704 WARNING findata.database.edgar_ | AMC: incomplete quarterly coverage for 4 (item, year) pair(s): {('balance', 'short_term_debt'): [2018], ('cashflow', 'stock_buybacks'): [2017], ('income', 'shares_basic'): [2023], ('income', 'shares_diluted'): [2023]}
2026-08-15 13:16:56,705 INFO    findata.database.edgar_ | AMC processed: {'text_filings': 0, 'sections': 0, 'form4_rows': 0, 'income': 803, 'balance': 481, 'cashflow': 612, 'errors': 0, 'incomplete_years': 4}
2026-08-15 13:16:56,876 WARNING findata.database.edgar_ | ANF: incomplete quarterly coverage for 16 (item, year) pair(s): {('balance', 'cash_and_equivalents'): [2010], ('balance', 'long_term_debt'): [2013], ('balance', 'short_term_debt'): [2018, 2019, 2020, 2021], ('balance', 'short_term_investments'): [2012, 2024, 2025], ('balance', 'stockholders_equity'): [2010, 2011], ('cashflow', 'stock_buybacks'): [2017], ('income', 'gross_profit'): [2025], ('income', 'interest_expense'): [2015, 2024, 2025]}
2026-08-15 13:16:56,877 INFO    findata.database.edgar_ | ANF processed: {'text_filings': 0, 'sections': 0, 'form4_rows': 0, 'income': 940, 'balance': 634, 'cashflow': 801, 'errors': 0, 'incomplete_years': 16}
2026-08-15 13:16:57,011 WARNING findata.database.edgar_ | APPN: incomplete quarterly coverage for 9 (item, year) pair(s): {('balance', 'cash_and_equivalents'): [2016], ('balance', 'long_term_debt'): [2021, 2022], ('balance', 'shares_outstanding'): [2025], ('balance', 'short_term_debt'): [2021, 2022], ('balance', 'short_term_investments'): [2024], ('balance', 'stockholders_equity'): [2016, 2017]}
2026-08-15 13:16:57,012 INFO    findata.database.edgar_ | APPN processed: {'text_filings': 0, 'sections': 0, 'form4_rows': 0, 'income': 697, 'balance': 335, 'cashflow': 402, 'errors': 0, 'incomplete_years': 9}
2026-08-15 13:16:57,115 WARNING findata.database.edgar_ | BHF: incomplete quarterly coverage for 3 (item, year) pair(s): {('balance', 'cash_and_equivalents'): [2016], ('balance', 'short_term_investments'): [2025], ('balance', 'stockholders_equity'): [2016]}
2026-08-15 13:16:57,116 INFO    findata.database.edgar_ | BHF processed: {'text_filings': 0, 'sections': 0, 'form4_rows': 0, 'income': 493, 'balance': 307, 'cashflow': 282, 'errors': 0, 'incomplete_years': 3}
2026-08-15 13:16:57,292 WARNING findata.database.edgar_ | BKD: incomplete quarterly coverage for 10 (item, year) pair(s): {('balance', 'cash_and_equivalents'): [2009], ('balance', 'stockholders_equity'): [2009, 2010], ('cashflow', 'stock_buybacks'): [2012], ('income', 'gross_profit'): [2014], ('income', 'income_tax'): [2011], ('income', 'interest_expense'): [2012, 2025], ('income', 'operating_expenses'): [2022], ('income', 'shares_basic'): [2011]}
2026-08-15 13:16:57,293 INFO    findata.database.edgar_ | BKD processed: {'text_filings': 0, 'sections': 0, 'form4_rows': 0, 'income': 996, 'balance': 769, 'cashflow': 688, 'errors': 0, 'incomplete_years': 10}
2026-08-15 13:16:59,137 WARNING findata.database.edgar_ | BXC: incomplete quarterly coverage for 5 (item, year) pair(s): {('balance', 'cash_and_equivalents'): [2010], ('balance', 'shares_outstanding'): [2015], ('balance', 'short_term_debt'): [2018], ('balance', 'stockholders_equity'): [2010, 2011]}
2026-08-15 13:16:59,138 INFO    findata.database.edgar_ | BXC processed: {'text_filings': 0, 'sections': 0, 'form4_rows': 0, 'income': 1045, 'balance': 688, 'cashflow': 659, 'errors': 0, 'incomplete_years': 5}
2026-08-15 13:16:59,270 INFO    findata.database.edgar_ | CAMT processed: {'text_filings': 0, 'sections': 0, 'form4_rows': 0, 'income': 323, 'balance': 283, 'cashflow': 227, 'errors': 0, 'incomplete_years': 0}
2026-08-15 13:16:59,303 INFO    findata.database.edgar_ | CCJ processed: {'text_filings': 0, 'sections': 0, 'form4_rows': 0, 'income': 49, 'balance': 19, 'cashflow': 0, 'errors': 0, 'incomplete_years': 0}
2026-08-15 13:16:59,467 WARNING findata.database.edgar_ | CNK: incomplete quarterly coverage for 22 (item, year) pair(s): {('balance', 'assets'): [2022], ('balance', 'assets_current'): [2022], ('balance', 'cash_and_equivalents'): [2023, 2024, 2025], ('balance', 'inventory'): [2022], ('balance', 'liabilities_current'): [2022], ('balance', 'liabilities_noncurrent'): [2022], ('balance', 'long_term_debt'): [2022], ('balance', 'shares_outstanding'): [2022], ('balance', 'short_term_debt'): [2022], ('balance', 'stockholders_equity'): [2010, 2022], ('cashflow', 'capex'): [2023], ('cashflow', 'dividends_paid'): [2021], ('cashflow', 'financing_cash_flow'): [2022], ('cashflow', 'investing_cash_flow'): [2022], ('cashflow', 'operating_cash_flow'): [2022], ('income', 'costs_and_expenses'): [2022], ('income', 'operating_expenses'): [2022], ('income', 'operating_income'): [2022], ('income', 'pretax_income'): [2022]}
2026-08-15 13:16:59,468 INFO    findata.database.edgar_ | CNK processed: {'text_filings': 0, 'sections': 0, 'form4_rows': 0, 'income': 885, 'balance': 609, 'cashflow': 632, 'errors': 0, 'incomplete_years': 22}
2026-08-15 13:16:59,492 INFO    findata.database.edgar_ | DNN processed: {'text_filings': 0, 'sections': 0, 'form4_rows': 0, 'income': 16, 'balance': 27, 'cashflow': 0, 'errors': 0, 'incomplete_years': 0}
2026-08-15 13:17:01,515 INFO    findata.database.edgar_ | ERIC processed: {'text_filings': 0, 'sections': 0, 'form4_rows': 0, 'income': 44, 'balance': 22, 'cashflow': 0, 'errors': 0, 'incomplete_years': 0}
2026-08-15 13:17:01,580 WARNING findata.database.edgar_ | FUN: incomplete quarterly coverage for 1 (item, year) pair(s): {('balance', 'cash_and_equivalents'): [2023]}
2026-08-15 13:17:01,581 INFO    findata.database.edgar_ | FUN processed: {'text_filings': 0, 'sections': 0, 'form4_rows': 0, 'income': 179, 'balance': 154, 'cashflow': 128, 'errors': 0, 'incomplete_years': 1}
2026-08-15 13:17:01,741 WARNING findata.database.edgar_ | HWC: incomplete quarterly coverage for 4 (item, year) pair(s): {('balance', 'stockholders_equity'): [2009], ('cashflow', 'stock_buybacks'): [2021, 2023], ('income', 'interest_expense'): [2024]}
2026-08-15 13:17:01,742 INFO    findata.database.edgar_ | HWC processed: {'text_filings': 0, 'sections': 0, 'form4_rows': 0, 'income': 762, 'balance': 567, 'cashflow': 756, 'errors': 0, 'incomplete_years': 4}
2026-08-15 13:17:01,879 INFO    findata.database.edgar_ | JHX processed: {'text_filings': 0, 'sections': 0, 'form4_rows': 0, 'income': 260, 'balance': 184, 'cashflow': 136, 'errors': 0, 'incomplete_years': 0}
2026-08-15 13:17:02,031 WARNING findata.database.edgar_ | KHC: incomplete quarterly coverage for 16 (item, year) pair(s): {('balance', 'assets'): [2015], ('balance', 'assets_current'): [2015], ('balance', 'cash_and_equivalents'): [2013, 2014], ('balance', 'goodwill'): [2015], ('balance', 'inventory'): [2015], ('balance', 'liabilities'): [2015], ('balance', 'liabilities_current'): [2015], ('balance', 'long_term_debt'): [2015], ('balance', 'shares_outstanding'): [2014, 2015], ('balance', 'short_term_debt'): [2015, 2016], ('balance', 'stockholders_equity'): [2013, 2014, 2015]}
2026-08-15 13:17:02,032 INFO    findata.database.edgar_ | KHC processed: {'text_filings': 0, 'sections': 0, 'form4_rows': 0, 'income': 788, 'balance': 592, 'cashflow': 560, 'errors': 0, 'incomplete_years': 16}
2026-08-15 13:17:03,428 WARNING edgar.core | No company facts found on url https://data.sec.gov/api/xbrl/companyfacts/CIK0001492165.json
2026-08-15 13:17:04,051 WARNING findata.database.edgar_ | LAND: incomplete quarterly coverage for 8 (item, year) pair(s): {('balance', 'stockholders_equity'): [2012], ('cashflow', 'capex'): [2014, 2021], ('income', 'cost_of_revenue'): [2018], ('income', 'income_tax'): [2018, 2025], ('income', 'operating_expenses'): [2017], ('income', 'operating_income'): [2018]}
2026-08-15 13:17:04,052 INFO    findata.database.edgar_ | LAND processed: {'text_filings': 0, 'sections': 0, 'form4_rows': 0, 'income': 668, 'balance': 401, 'cashflow': 591, 'errors': 0, 'incomplete_years': 8}
2026-08-15 13:17:04,212 WARNING findata.database.edgar_ | MZTI: incomplete quarterly coverage for 1 (item, year) pair(s): {('balance', 'stockholders_equity'): [2010]}
2026-08-15 13:17:04,213 INFO    findata.database.edgar_ | MZTI processed: {'text_filings': 0, 'sections': 0, 'form4_rows': 0, 'income': 923, 'balance': 585, 'cashflow': 830, 'errors': 0, 'incomplete_years': 1}
2026-08-15 13:17:04,268 WARNING findata.database.edgar_ | OCSL: incomplete quarterly coverage for 2 (item, year) pair(s): {('balance', 'shares_outstanding'): [2020, 2021]}
2026-08-15 13:17:04,269 INFO    findata.database.edgar_ | OCSL processed: {'text_filings': 0, 'sections': 0, 'form4_rows': 0, 'income': 151, 'balance': 129, 'cashflow': 132, 'errors': 0, 'incomplete_years': 2}
2026-08-15 13:17:04,431 WARNING findata.database.edgar_ | ONIT: incomplete quarterly coverage for 8 (item, year) pair(s): {('cashflow', 'stock_buybacks'): [2022, 2023, 2025], ('income', 'pretax_income'): [2025], ('income', 'shares_basic'): [2013, 2020], ('income', 'shares_diluted'): [2013, 2020]}
2026-08-15 13:17:04,432 INFO    findata.database.edgar_ | ONIT processed: {'text_filings': 0, 'sections': 0, 'form4_rows': 0, 'income': 908, 'balance': 383, 'cashflow': 682, 'errors': 0, 'incomplete_years': 8}
2026-08-15 13:17:04,433 INFO    findata.database.edgar_ | PFBC processed: {'text_filings': 0, 'sections': 0, 'form4_rows': 0, 'income': 0, 'balance': 0, 'cashflow': 0, 'errors': 0}
2026-08-15 13:17:05,446 WARNING edgar.core | No company facts found on url https://data.sec.gov/api/xbrl/companyfacts/CIK0000710752.json
2026-08-15 13:17:06,312 WARNING findata.database.edgar_ | RIOT: incomplete quarterly coverage for 30 (item, year) pair(s): {('balance', 'cash_and_equivalents'): [2010], ('balance', 'goodwill'): [2018, 2021, 2022, 2024], ('balance', 'short_term_debt'): [2015, 2023, 2024], ('balance', 'short_term_investments'): [2017, 2018, 2021, 2022], ('balance', 'stockholders_equity'): [2010, 2011], ('cashflow', 'capex'): [2012, 2020], ('income', 'cost_of_revenue'): [2012, 2013, 2014, 2016, 2021], ('income', 'gross_profit'): [2013, 2014, 2016], ('income', 'income_tax'): [2021], ('income', 'interest_expense'): [2020], ('income', 'revenue'): [2013, 2014, 2016], ('income', 'rnd_expense'): [2018]}
2026-08-15 13:17:06,313 INFO    findata.database.edgar_ | RIOT processed: {'text_filings': 0, 'sections': 0, 'form4_rows': 0, 'income': 866, 'balance': 598, 'cashflow': 621, 'errors': 0, 'incomplete_years': 30}
2026-08-15 13:17:06,423 WARNING findata.database.edgar_ | RYTM: incomplete quarterly coverage for 8 (item, year) pair(s): {('balance', 'cash_and_equivalents'): [2016], ('balance', 'long_term_debt'): [2024], ('balance', 'stockholders_equity'): [2016, 2017], ('cashflow', 'capex'): [2018, 2020], ('income', 'income_tax'): [2023], ('income', 'pretax_income'): [2022]}
2026-08-15 13:17:06,424 INFO    findata.database.edgar_ | RYTM processed: {'text_filings': 0, 'sections': 0, 'form4_rows': 0, 'income': 567, 'balance': 359, 'cashflow': 292, 'errors': 0, 'incomplete_years': 8}
2026-08-15 13:17:06,425 INFO    findata.database.edgar_ | SBR processed: {'text_filings': 0, 'sections': 0, 'form4_rows': 0, 'income': 0, 'balance': 0, 'cashflow': 0, 'errors': 0}
2026-08-15 13:17:06,642 WARNING findata.database.edgar_ | SBUX: incomplete quarterly coverage for 9 (item, year) pair(s): {('balance', 'cash_and_equivalents'): [2008], ('balance', 'short_term_debt'): [2010, 2014, 2015], ('balance', 'stockholders_equity'): [2008, 2009], ('income', 'cost_of_revenue'): [2020], ('income', 'shares_basic'): [2013], ('income', 'shares_diluted'): [2013]}
2026-08-15 13:17:06,643 INFO    findata.database.edgar_ | SBUX processed: {'text_filings': 0, 'sections': 0, 'form4_rows': 0, 'income': 1141, 'balance': 870, 'cashflow': 921, 'errors': 0, 'incomplete_years': 9}
2026-08-15 13:17:06,697 WARNING findata.database.edgar_ | SLRC: incomplete quarterly coverage for 3 (item, year) pair(s): {('balance', 'cash_and_equivalents'): [2021], ('balance', 'shares_outstanding'): [2020, 2021]}
2026-08-15 13:17:06,699 INFO    findata.database.edgar_ | SLRC processed: {'text_filings': 0, 'sections': 0, 'form4_rows': 0, 'income': 144, 'balance': 118, 'cashflow': 98, 'errors': 0, 'incomplete_years': 3}
2026-08-15 13:17:09,137 WARNING findata.database.edgar_ | SMCI: incomplete quarterly coverage for 20 (item, year) pair(s): {('balance', 'assets'): [2018], ('balance', 'assets_current'): [2018], ('balance', 'inventory'): [2018], ('balance', 'liabilities'): [2018], ('balance', 'liabilities_current'): [2018], ('balance', 'long_term_debt'): [2019, 2020, 2024], ('balance', 'shares_outstanding'): [2014, 2015, 2016, 2017, 2019, 2020], ('balance', 'short_term_debt'): [2018, 2023], ('balance', 'stockholders_equity'): [2011], ('cashflow', 'stock_buybacks'): [2020, 2021, 2022]}
2026-08-15 13:17:09,138 INFO    findata.database.edgar_ | SMCI processed: {'text_filings': 0, 'sections': 0, 'form4_rows': 0, 'income': 1106, 'balance': 573, 'cashflow': 593, 'errors': 0, 'incomplete_years': 20}
2026-08-15 13:17:09,305 WARNING findata.database.edgar_ | TRMK: incomplete quarterly coverage for 4 (item, year) pair(s): {('balance', 'cash_and_equivalents'): [2009, 2019], ('balance', 'shares_outstanding'): [2010], ('balance', 'stockholders_equity'): [2009]}
2026-08-15 13:17:09,306 INFO    findata.database.edgar_ | TRMK processed: {'text_filings': 0, 'sections': 0, 'form4_rows': 0, 'income': 764, 'balance': 479, 'cashflow': 843, 'errors': 0, 'incomplete_years': 4}
2026-08-15 13:17:09,482 WARNING findata.database.edgar_ | WBS: incomplete quarterly coverage for 20 (item, year) pair(s): {('balance', 'cash_and_equivalents'): [2016], ('balance', 'shares_outstanding'): [2012, 2013], ('balance', 'stockholders_equity'): [2009], ('cashflow', 'capex'): [2011, 2012], ('cashflow', 'depreciation_amortization'): [2011, 2012], ('cashflow', 'dividends_paid'): [2011, 2012], ('cashflow', 'financing_cash_flow'): [2011, 2012], ('cashflow', 'investing_cash_flow'): [2011, 2012], ('cashflow', 'operating_cash_flow'): [2011, 2012], ('cashflow', 'stock_buybacks'): [2011, 2012], ('income', 'interest_expense'): [2024, 2025]}
2026-08-15 13:17:09,483 INFO    findata.database.edgar_ | WBS processed: {'text_filings': 0, 'sections': 0, 'form4_rows': 0, 'income': 798, 'balance': 463, 'cashflow': 850, 'errors': 0, 'incomplete_years': 20}
2026-08-15 13:17:09,607 INFO    findata.database.edgar_ | ALLT processed: {'text_filings': 0, 'sections': 0, 'form4_rows': 0, 'income': 306, 'balance': 227, 'cashflow': 195, 'errors': 0, 'incomplete_years': 0}
2026-08-15 13:17:09,837 WARNING findata.database.edgar_ | AN: incomplete quarterly coverage for 5 (item, year) pair(s): {('balance', 'cash_and_equivalents'): [2009], ('balance', 'long_term_debt'): [2025], ('balance', 'short_term_debt'): [2025], ('cashflow', 'capex'): [2012], ('cashflow', 'depreciation_amortization'): [2012]}
2026-08-15 13:17:09,838 INFO    findata.database.edgar_ | AN processed: {'text_filings': 0, 'sections': 0, 'form4_rows': 0, 'income': 1021, 'balance': 726, 'cashflow': 633, 'errors': 0, 'incomplete_years': 5}
2026-08-15 13:17:12,604 WARNING findata.database.edgar_ | BCC: incomplete quarterly coverage for 2 (item, year) pair(s): {('balance', 'stockholders_equity'): [2012], ('cashflow', 'stock_buybacks'): [2014]}
2026-08-15 13:17:12,605 INFO    findata.database.edgar_ | BCC processed: {'text_filings': 0, 'sections': 0, 'form4_rows': 0, 'income': 949, 'balance': 521, 'cashflow': 702, 'errors': 0, 'incomplete_years': 2}
2026-08-15 13:17:12,805 WARNING findata.database.edgar_ | BHC: incomplete quarterly coverage for 6 (item, year) pair(s): {('balance', 'stockholders_equity'): [2009, 2010], ('cashflow', 'dividends_paid'): [2011], ('cashflow', 'stock_buybacks'): [2015, 2016], ('income', 'cost_of_revenue'): [2018]}
2026-08-15 13:17:12,806 INFO    findata.database.edgar_ | BHC processed: {'text_filings': 0, 'sections': 0, 'form4_rows': 0, 'income': 1073, 'balance': 801, 'cashflow': 746, 'errors': 0, 'incomplete_years': 6}
2026-08-15 13:17:12,978 WARNING findata.database.edgar_ | CRMD: incomplete quarterly coverage for 25 (item, year) pair(s): {('balance', 'cash_and_equivalents'): [2009, 2010], ('balance', 'inventory'): [2022, 2023], ('balance', 'stockholders_equity'): [2008, 2009, 2010, 2011], ('income', 'income_tax'): [2014, 2018, 2019, 2020, 2021, 2022, 2024], ('income', 'interest_expense'): [2021], ('income', 'pretax_income'): [2014, 2018, 2019, 2020, 2021, 2022], ('income', 'revenue'): [2024], ('income', 'shares_basic'): [2025], ('income', 'shares_diluted'): [2025]}
2026-08-15 13:17:12,979 INFO    findata.database.edgar_ | CRMD processed: {'text_filings': 0, 'sections': 0, 'form4_rows': 0, 'income': 981, 'balance': 603, 'cashflow': 565, 'errors': 0, 'incomplete_years': 25}
2026-08-15 13:17:13,150 WARNING findata.database.edgar_ | CVBF: incomplete quarterly coverage for 1 (item, year) pair(s): {('cashflow', 'dividends_paid'): [2013]}
2026-08-15 13:17:13,151 INFO    findata.database.edgar_ | CVBF processed: {'text_filings': 0, 'sections': 0, 'form4_rows': 0, 'income': 747, 'balance': 465, 'cashflow': 795, 'errors': 0, 'incomplete_years': 1}
2026-08-15 13:17:13,295 WARNING findata.database.edgar_ | DCOM: incomplete quarterly coverage for 16 (item, year) pair(s): {('balance', 'cash_and_equivalents'): [2010], ('balance', 'stockholders_equity'): [2010], ('cashflow', 'capex'): [2024, 2025], ('cashflow', 'dividends_paid'): [2013], ('income', 'interest_expense'): [2024], ('income', 'shares_basic'): [2014, 2015, 2016, 2017, 2018], ('income', 'shares_diluted'): [2014, 2015, 2016, 2017, 2018]}
2026-08-15 13:17:13,296 INFO    findata.database.edgar_ | DCOM processed: {'text_filings': 0, 'sections': 0, 'form4_rows': 0, 'income': 698, 'balance': 442, 'cashflow': 684, 'errors': 0, 'incomplete_years': 16}
2026-08-15 13:17:15,936 WARNING findata.database.edgar_ | DRH: incomplete quarterly coverage for 6 (item, year) pair(s): {('balance', 'cash_and_equivalents'): [2009], ('balance', 'stockholders_equity'): [2009, 2010], ('cashflow', 'capex'): [2021], ('cashflow', 'depreciation_amortization'): [2019, 2025]}
2026-08-15 13:17:15,937 INFO    findata.database.edgar_ | DRH processed: {'text_filings': 0, 'sections': 0, 'form4_rows': 0, 'income': 950, 'balance': 452, 'cashflow': 816, 'errors': 0, 'incomplete_years': 6}
2026-08-15 13:17:16,135 WARNING findata.database.edgar_ | EMR: incomplete quarterly coverage for 1 (item, year) pair(s): {('balance', 'cash_and_equivalents'): [2008]}
2026-08-15 13:17:16,136 INFO    findata.database.edgar_ | EMR processed: {'text_filings': 0, 'sections': 0, 'form4_rows': 0, 'income': 909, 'balance': 756, 'cashflow': 912, 'errors': 0, 'incomplete_years': 1}
2026-08-15 13:17:16,401 WARNING findata.database.edgar_ | ETD: incomplete quarterly coverage for 26 (item, year) pair(s): {('balance', 'goodwill'): [2013, 2014, 2015, 2016, 2017, 2018, 2019], ('balance', 'long_term_debt'): [2020], ('balance', 'shares_outstanding'): [2014, 2015, 2016, 2017, 2018], ('balance', 'short_term_debt'): [2020], ('balance', 'short_term_investments'): [2021, 2023, 2024], ('balance', 'stockholders_equity'): [2011], ('cashflow', 'stock_buybacks'): [2015, 2016, 2017, 2020, 2021], ('income', 'interest_expense'): [2019, 2020], ('income', 'operating_expenses'): [2013]}
2026-08-15 13:17:16,402 INFO    findata.database.edgar_ | ETD processed: {'text_filings': 0, 'sections': 0, 'form4_rows': 0, 'income': 952, 'balance': 660, 'cashflow': 766, 'errors': 0, 'incomplete_years': 26}
2026-08-15 13:17:16,600 WARNING findata.database.edgar_ | MAN: incomplete quarterly coverage for 11 (item, year) pair(s): {('balance', 'assets_noncurrent'): [2019], ('balance', 'cash_and_equivalents'): [2009], ('balance', 'stockholders_equity'): [2009, 2010], ('cashflow', 'investing_cash_flow'): [2019], ('cashflow', 'stock_buybacks'): [2011, 2012], ('income', 'operating_expenses'): [2014, 2015, 2018, 2019]}
2026-08-15 13:17:16,602 INFO    findata.database.edgar_ | MAN processed: {'text_filings': 0, 'sections': 0, 'form4_rows': 0, 'income': 1049, 'balance': 704, 'cashflow': 798, 'errors': 0, 'incomplete_years': 11}
2026-08-15 13:17:16,821 WARNING findata.database.edgar_ | MLKN: incomplete quarterly coverage for 13 (item, year) pair(s): {('balance', 'liabilities_noncurrent'): [2013], ('balance', 'short_term_debt'): [2013, 2014, 2017], ('balance', 'short_term_investments'): [2012, 2013, 2014, 2015, 2016, 2017, 2018, 2019], ('balance', 'stockholders_equity'): [2010]}
2026-08-15 13:17:16,823 INFO    findata.database.edgar_ | MLKN processed: {'text_filings': 0, 'sections': 0, 'form4_rows': 0, 'income': 1169, 'balance': 773, 'cashflow': 856, 'errors': 0, 'incomplete_years': 13}
2026-08-15 13:17:19,224 WARNING findata.database.edgar_ | NRIM: incomplete quarterly coverage for 5 (item, year) pair(s): {('balance', 'cash_and_equivalents'): [2010], ('balance', 'goodwill'): [2013, 2014], ('balance', 'stockholders_equity'): [2010], ('income', 'interest_expense'): [2024]}
2026-08-15 13:17:19,225 INFO    findata.database.edgar_ | NRIM processed: {'text_filings': 0, 'sections': 0, 'form4_rows': 0, 'income': 732, 'balance': 456, 'cashflow': 701, 'errors': 0, 'incomplete_years': 5}
2026-08-15 13:17:19,422 WARNING findata.database.edgar_ | OFG: incomplete quarterly coverage for 12 (item, year) pair(s): {('balance', 'cash_and_equivalents'): [2010], ('cashflow', 'capex'): [2012], ('cashflow', 'depreciation_amortization'): [2013], ('cashflow', 'dividends_paid'): [2012], ('cashflow', 'financing_cash_flow'): [2012], ('cashflow', 'investing_cash_flow'): [2012], ('cashflow', 'operating_cash_flow'): [2012], ('cashflow', 'stock_buybacks'): [2016], ('income', 'costs_and_expenses'): [2024], ('income', 'interest_expense'): [2024], ('income', 'operating_expenses'): [2024], ('income', 'shares_diluted'): [2013]}
2026-08-15 13:17:19,423 INFO    findata.database.edgar_ | OFG processed: {'text_filings': 0, 'sections': 0, 'form4_rows': 0, 'income': 739, 'balance': 445, 'cashflow': 687, 'errors': 0, 'incomplete_years': 12}
2026-08-15 13:17:19,610 WARNING findata.database.edgar_ | PCG: incomplete quarterly coverage for 7 (item, year) pair(s): {('balance', 'cash_and_equivalents'): [2008], ('balance', 'liabilities_current'): [2013], ('balance', 'long_term_debt'): [2019], ('balance', 'short_term_debt'): [2020], ('balance', 'stockholders_equity'): [2008, 2009], ('cashflow', 'dividends_paid'): [2025]}
2026-08-15 13:17:19,611 INFO    findata.database.edgar_ | PCG processed: {'text_filings': 0, 'sections': 0, 'form4_rows': 0, 'income': 1001, 'balance': 757, 'cashflow': 614, 'errors': 0, 'incomplete_years': 7}
2026-08-15 13:17:19,820 WARNING findata.database.edgar_ | PRGS: incomplete quarterly coverage for 12 (item, year) pair(s): {('balance', 'cash_and_equivalents'): [2009], ('balance', 'long_term_debt'): [2011, 2014, 2024], ('balance', 'shares_outstanding'): [2010], ('balance', 'short_term_debt'): [2014, 2025], ('balance', 'short_term_investments'): [2023], ('balance', 'stockholders_equity'): [2010], ('income', 'costs_and_expenses'): [2019, 2020, 2021]}
2026-08-15 13:17:19,821 INFO    findata.database.edgar_ | PRGS processed: {'text_filings': 0, 'sections': 0, 'form4_rows': 0, 'income': 1117, 'balance': 690, 'cashflow': 788, 'errors': 0, 'incomplete_years': 12}
2026-08-15 13:17:20,030 WARNING findata.database.edgar_ | PRKS: incomplete quarterly coverage for 19 (item, year) pair(s): {('balance', 'shares_outstanding'): [2014, 2015, 2016, 2017, 2018, 2019, 2020, 2021, 2022, 2023, 2024, 2025], ('balance', 'stockholders_equity'): [2012], ('cashflow', 'dividends_paid'): [2019], ('cashflow', 'stock_buybacks'): [2019, 2021, 2023], ('income', 'shares_basic'): [2015], ('income', 'shares_diluted'): [2015]}
2026-08-15 13:17:20,031 INFO    findata.database.edgar_ | PRKS processed: {'text_filings': 0, 'sections': 0, 'form4_rows': 0, 'income': 874, 'balance': 615, 'cashflow': 650, 'errors': 0, 'incomplete_years': 19}
2026-08-15 13:17:21,788 WARNING findata.database.edgar_ | PSKY: incomplete quarterly coverage for 1 (item, year) pair(s): {('balance', 'stockholders_equity'): [2024]}
2026-08-15 13:17:21,789 INFO    findata.database.edgar_ | PSKY processed: {'text_filings': 0, 'sections': 0, 'form4_rows': 0, 'income': 84, 'balance': 63, 'cashflow': 93, 'errors': 0, 'incomplete_years': 1}
2026-08-15 13:17:21,978 WARNING findata.database.edgar_ | SLG: incomplete quarterly coverage for 17 (item, year) pair(s): {('balance', 'cash_and_equivalents'): [2009], ('balance', 'long_term_debt'): [2018, 2019, 2020, 2021, 2022], ('balance', 'stockholders_equity'): [2009, 2010], ('income', 'income_tax'): [2025], ('income', 'operating_expenses'): [2017, 2018, 2019, 2020, 2021], ('income', 'pretax_income'): [2018, 2023, 2024]}
2026-08-15 13:17:21,980 INFO    findata.database.edgar_ | SLG processed: {'text_filings': 0, 'sections': 0, 'form4_rows': 0, 'income': 861, 'balance': 429, 'cashflow': 778, 'errors': 0, 'incomplete_years': 17}
2026-08-15 13:17:22,010 INFO    findata.database.edgar_ | SVM processed: {'text_filings': 0, 'sections': 0, 'form4_rows': 0, 'income': 31, 'balance': 27, 'cashflow': 0, 'errors': 0, 'incomplete_years': 0}
2026-08-15 13:17:22,176 WARNING findata.database.edgar_ | SWX: incomplete quarterly coverage for 3 (item, year) pair(s): {('balance', 'stockholders_equity'): [2016], ('income', 'cost_of_revenue'): [2025], ('income', 'interest_expense'): [2025]}
2026-08-15 13:17:22,178 INFO    findata.database.edgar_ | SWX processed: {'text_filings': 0, 'sections': 0, 'form4_rows': 0, 'income': 690, 'balance': 402, 'cashflow': 626, 'errors': 0, 'incomplete_years': 3}
2026-08-15 13:17:22,319 WARNING findata.database.edgar_ | TBPH: incomplete quarterly coverage for 8 (item, year) pair(s): {('balance', 'long_term_debt'): [2019, 2020, 2022, 2023], ('balance', 'stockholders_equity'): [2013], ('cashflow', 'capex'): [2025], ('cashflow', 'depreciation_amortization'): [2019], ('income', 'income_tax'): [2022]}
2026-08-15 13:17:22,320 INFO    findata.database.edgar_ | TBPH processed: {'text_filings': 0, 'sections': 0, 'form4_rows': 0, 'income': 818, 'balance': 395, 'cashflow': 444, 'errors': 0, 'incomplete_years': 8}
2026-08-15 13:17:24,575 WARNING findata.database.edgar_ | WLY: incomplete quarterly coverage for 4 (item, year) pair(s): {('balance', 'short_term_debt'): [2013, 2014, 2017, 2019]}
2026-08-15 13:17:24,576 INFO    findata.database.edgar_ | WLY processed: {'text_filings': 0, 'sections': 0, 'form4_rows': 0, 'income': 1159, 'balance': 645, 'cashflow': 854, 'errors': 0, 'incomplete_years': 4}
2026-08-15 13:17:24,792 WARNING findata.database.edgar_ | ATNI: incomplete quarterly coverage for 11 (item, year) pair(s): {('balance', 'cash_and_equivalents'): [2010], ('balance', 'long_term_debt'): [2013, 2014], ('balance', 'short_term_debt'): [2013, 2014], ('balance', 'short_term_investments'): [2020, 2021], ('balance', 'stockholders_equity'): [2010, 2011], ('cashflow', 'dividends_paid'): [2013], ('cashflow', 'stock_buybacks'): [2019]}
2026-08-15 13:17:24,793 INFO    findata.database.edgar_ | ATNI processed: {'text_filings': 0, 'sections': 0, 'form4_rows': 0, 'income': 883, 'balance': 716, 'cashflow': 813, 'errors': 0, 'incomplete_years': 11}
2026-08-15 13:17:25,013 WARNING findata.database.edgar_ | CAT: incomplete quarterly coverage for 12 (item, year) pair(s): {('balance', 'assets'): [2009], ('balance', 'assets_current'): [2009], ('balance', 'cash_and_equivalents'): [2008, 2010, 2015, 2016], ('balance', 'goodwill'): [2009], ('balance', 'inventory'): [2009], ('balance', 'liabilities'): [2009], ('balance', 'liabilities_current'): [2009], ('balance', 'stockholders_equity'): [2008], ('cashflow', 'stock_buybacks'): [2012]}
2026-08-15 13:17:25,015 INFO    findata.database.edgar_ | CAT processed: {'text_filings': 0, 'sections': 0, 'form4_rows': 0, 'income': 1180, 'balance': 664, 'cashflow': 938, 'errors': 0, 'incomplete_years': 12}
2026-08-15 13:17:25,163 WARNING findata.database.edgar_ | CELH: incomplete quarterly coverage for 12 (item, year) pair(s): {('balance', 'cash_and_equivalents'): [2019], ('balance', 'stockholders_equity'): [2016], ('cashflow', 'capex'): [2019], ('cashflow', 'investing_cash_flow'): [2019], ('income', 'interest_expense'): [2020, 2021, 2022, 2024], ('income', 'rnd_expense'): [2018, 2019, 2020, 2021]}
2026-08-15 13:17:25,165 INFO    findata.database.edgar_ | CELH processed: {'text_filings': 0, 'sections': 0, 'form4_rows': 0, 'income': 651, 'balance': 413, 'cashflow': 409, 'errors': 0, 'incomplete_years': 12}
2026-08-15 13:17:25,192 INFO    findata.database.edgar_ | CMBT processed: {'text_filings': 0, 'sections': 0, 'form4_rows': 0, 'income': 11, 'balance': 25, 'cashflow': 0, 'errors': 0, 'incomplete_years': 0}
2026-08-15 13:17:27,517 WARNING findata.database.edgar_ | DAKT: incomplete quarterly coverage for 9 (item, year) pair(s): {('balance', 'liabilities'): [2019], ('balance', 'short_term_debt'): [2023], ('balance', 'stockholders_equity'): [2011], ('cashflow', 'stock_buybacks'): [2021, 2022, 2023, 2024], ('income', 'interest_expense'): [2021, 2022]}
2026-08-15 13:17:27,518 INFO    findata.database.edgar_ | DAKT processed: {'text_filings': 0, 'sections': 0, 'form4_rows': 0, 'income': 1113, 'balance': 616, 'cashflow': 731, 'errors': 0, 'incomplete_years': 9}
2026-08-15 13:17:27,670 WARNING findata.database.edgar_ | GABC: incomplete quarterly coverage for 5 (item, year) pair(s): {('balance', 'goodwill'): [2011], ('balance', 'shares_outstanding'): [2012], ('balance', 'stockholders_equity'): [2010, 2011], ('income', 'interest_expense'): [2024]}
2026-08-15 13:17:27,671 INFO    findata.database.edgar_ | GABC processed: {'text_filings': 0, 'sections': 0, 'form4_rows': 0, 'income': 708, 'balance': 426, 'cashflow': 721, 'errors': 0, 'incomplete_years': 5}
2026-08-15 13:17:27,847 WARNING findata.database.edgar_ | GEVO: incomplete quarterly coverage for 17 (item, year) pair(s): {('balance', 'cash_and_equivalents'): [2010], ('balance', 'long_term_debt'): [2014, 2015, 2016, 2019, 2020], ('balance', 'short_term_debt'): [2020], ('balance', 'stockholders_equity'): [2007, 2008, 2009, 2010, 2011], ('income', 'gross_profit'): [2022, 2025], ('income', 'shares_basic'): [2016, 2018], ('income', 'shares_diluted'): [2016]}
2026-08-15 13:17:27,848 INFO    findata.database.edgar_ | GEVO processed: {'text_filings': 0, 'sections': 0, 'form4_rows': 0, 'income': 969, 'balance': 640, 'cashflow': 636, 'errors': 0, 'incomplete_years': 17}
2026-08-15 13:17:27,981 WARNING findata.database.edgar_ | GKOS: incomplete quarterly coverage for 6 (item, year) pair(s): {('balance', 'cash_and_equivalents'): [2014], ('balance', 'stockholders_equity'): [2014, 2015], ('income', 'rnd_expense'): [2019, 2021, 2022]}
2026-08-15 13:17:27,982 INFO    findata.database.edgar_ | GKOS processed: {'text_filings': 0, 'sections': 0, 'form4_rows': 0, 'income': 804, 'balance': 461, 'cashflow': 429, 'errors': 0, 'incomplete_years': 6}
2026-08-15 13:17:28,157 WARNING findata.database.edgar_ | KMPR: incomplete quarterly coverage for 11 (item, year) pair(s): {('balance', 'cash_and_equivalents'): [2011, 2017, 2018], ('balance', 'goodwill'): [2024, 2025], ('balance', 'short_term_investments'): [2022, 2023], ('balance', 'stockholders_equity'): [2009], ('cashflow', 'stock_buybacks'): [2019, 2023], ('income', 'operating_income'): [2024]}
2026-08-15 13:17:28,158 INFO    findata.database.edgar_ | KMPR processed: {'text_filings': 0, 'sections': 0, 'form4_rows': 0, 'income': 869, 'balance': 491, 'cashflow': 773, 'errors': 0, 'incomplete_years': 11}
2026-08-15 13:17:30,816 WARNING findata.database.edgar_ | VKTX: incomplete quarterly coverage for 2 (item, year) pair(s): {('balance', 'liabilities_noncurrent'): [2017, 2018]}
2026-08-15 13:17:30,818 INFO    findata.database.edgar_ | VKTX processed: {'text_filings': 0, 'sections': 0, 'form4_rows': 0, 'income': 574, 'balance': 416, 'cashflow': 268, 'errors': 0, 'incomplete_years': 2}
2026-08-15 13:17:31,047 WARNING findata.database.edgar_ | VSAT: incomplete quarterly coverage for 7 (item, year) pair(s): {('balance', 'shares_outstanding'): [2013, 2014], ('balance', 'stockholders_equity'): [2010], ('cashflow', 'capex'): [2024], ('cashflow', 'stock_buybacks'): [2013], ('income', 'interest_expense'): [2012, 2018]}
2026-08-15 13:17:31,048 INFO    findata.database.edgar_ | VSAT processed: {'text_filings': 0, 'sections': 0, 'form4_rows': 0, 'income': 1012, 'balance': 743, 'cashflow': 613, 'errors': 0, 'incomplete_years': 7}
2026-08-15 13:17:31,194 WARNING findata.database.edgar_ | CUBI: incomplete quarterly coverage for 18 (item, year) pair(s): {('balance', 'goodwill'): [2016], ('balance', 'long_term_debt'): [2013, 2014, 2015, 2016, 2018, 2019, 2020], ('balance', 'short_term_debt'): [2013, 2014, 2015, 2016, 2017, 2018, 2019, 2020], ('balance', 'stockholders_equity'): [2010], ('income', 'interest_expense'): [2024]}
2026-08-15 13:17:31,195 INFO    findata.database.edgar_ | CUBI processed: {'text_filings': 0, 'sections': 0, 'form4_rows': 0, 'income': 708, 'balance': 436, 'cashflow': 631, 'errors': 0, 'incomplete_years': 18}
2026-08-15 13:17:31,354 WARNING findata.database.edgar_ | FISI: incomplete quarterly coverage for 21 (item, year) pair(s): {('balance', 'cash_and_equivalents'): [2010, 2015, 2023, 2024], ('balance', 'long_term_debt'): [2010, 2011, 2013, 2014, 2015], ('balance', 'shares_outstanding'): [2013, 2015, 2016, 2017, 2018, 2022, 2023, 2024, 2025], ('balance', 'short_term_debt'): [2021], ('balance', 'stockholders_equity'): [2010], ('income', 'interest_expense'): [2024]}
2026-08-15 13:17:31,355 INFO    findata.database.edgar_ | FISI processed: {'text_filings': 0, 'sections': 0, 'form4_rows': 0, 'income': 715, 'balance': 462, 'cashflow': 788, 'errors': 0, 'incomplete_years': 21}
2026-08-15 13:17:31,543 WARNING findata.database.edgar_ | HLIT: incomplete quarterly coverage for 12 (item, year) pair(s): {('balance', 'cash_and_equivalents'): [2009], ('balance', 'long_term_debt'): [2020, 2021, 2022, 2023, 2024], ('balance', 'short_term_debt'): [2024, 2025], ('balance', 'short_term_investments'): [2022, 2023], ('balance', 'stockholders_equity'): [2009, 2010]}
2026-08-15 13:17:31,544 INFO    findata.database.edgar_ | HLIT processed: {'text_filings': 0, 'sections': 0, 'form4_rows': 0, 'income': 1161, 'balance': 720, 'cashflow': 674, 'errors': 0, 'incomplete_years': 12}
2026-08-15 13:17:33,577 INFO    findata.database.edgar_ | RACE processed: {'text_filings': 0, 'sections': 0, 'form4_rows': 0, 'income': 44, 'balance': 24, 'cashflow': 0, 'errors': 0, 'incomplete_years': 0}
2026-08-15 13:17:33,773 WARNING findata.database.edgar_ | SCHL: incomplete quarterly coverage for 13 (item, year) pair(s): {('balance', 'long_term_debt'): [2017], ('balance', 'shares_outstanding'): [2012, 2013, 2014, 2015, 2018], ('cashflow', 'stock_buybacks'): [2012, 2013, 2016], ('income', 'shares_diluted'): [2013, 2014, 2019, 2020]}
2026-08-15 13:17:33,775 INFO    findata.database.edgar_ | SCHL processed: {'text_filings': 0, 'sections': 0, 'form4_rows': 0, 'income': 977, 'balance': 707, 'cashflow': 868, 'errors': 0, 'incomplete_years': 13}
2026-08-15 13:17:33,950 WARNING findata.database.edgar_ | SUPN: incomplete quarterly coverage for 4 (item, year) pair(s): {('balance', 'stockholders_equity'): [2011], ('cashflow', 'capex'): [2021], ('income', 'interest_expense'): [2017, 2025]}
2026-08-15 13:17:33,951 INFO    findata.database.edgar_ | SUPN processed: {'text_filings': 0, 'sections': 0, 'form4_rows': 0, 'income': 1045, 'balance': 609, 'cashflow': 572, 'errors': 0, 'incomplete_years': 4}
2026-08-15 13:17:34,106 WARNING findata.database.edgar_ | TFSL: incomplete quarterly coverage for 3 (item, year) pair(s): {('balance', 'cash_and_equivalents'): [2009], ('balance', 'stockholders_equity'): [2009], ('income', 'interest_expense'): [2024]}
2026-08-15 13:17:34,107 INFO    findata.database.edgar_ | TFSL processed: {'text_filings': 0, 'sections': 0, 'form4_rows': 0, 'income': 760, 'balance': 408, 'cashflow': 829, 'errors': 0, 'incomplete_years': 3}
2026-08-15 13:17:34,262 WARNING findata.database.edgar_ | UTL: incomplete quarterly coverage for 10 (item, year) pair(s): {('balance', 'assets_noncurrent'): [2019], ('balance', 'cash_and_equivalents'): [2009], ('balance', 'stockholders_equity'): [2009, 2010, 2011, 2012, 2013], ('income', 'income_tax'): [2012], ('income', 'shares_basic'): [2016], ('income', 'shares_diluted'): [2016]}
2026-08-15 13:17:34,264 INFO    findata.database.edgar_ | UTL processed: {'text_filings': 0, 'sections': 0, 'form4_rows': 0, 'income': 745, 'balance': 703, 'cashflow': 630, 'errors': 0, 'incomplete_years': 10}
2026-08-15 13:17:36,837 WARNING findata.database.edgar_ | BA: incomplete quarterly coverage for 7 (item, year) pair(s): {('balance', 'cash_and_equivalents'): [2008], ('balance', 'goodwill'): [2009], ('balance', 'liabilities'): [2011, 2012, 2019], ('balance', 'stockholders_equity'): [2008], ('cashflow', 'stock_buybacks'): [2013]}
2026-08-15 13:17:36,838 INFO    findata.database.edgar_ | BA processed: {'text_filings': 0, 'sections': 0, 'form4_rows': 0, 'income': 1177, 'balance': 766, 'cashflow': 815, 'errors': 0, 'incomplete_years': 7}
2026-08-15 13:17:36,979 WARNING findata.database.edgar_ | FCBC: incomplete quarterly coverage for 15 (item, year) pair(s): {('balance', 'cash_and_equivalents'): [2010, 2020], ('balance', 'goodwill'): [2011], ('balance', 'long_term_debt'): [2018, 2019, 2020, 2021, 2022, 2025], ('balance', 'shares_outstanding'): [2012, 2014, 2015, 2016], ('balance', 'stockholders_equity'): [2010], ('cashflow', 'capex'): [2016]}
2026-08-15 13:17:36,980 INFO    findata.database.edgar_ | FCBC processed: {'text_filings': 0, 'sections': 0, 'form4_rows': 0, 'income': 732, 'balance': 439, 'cashflow': 685, 'errors': 0, 'incomplete_years': 15}
2026-08-15 13:17:37,138 WARNING findata.database.edgar_ | IPI: incomplete quarterly coverage for 7 (item, year) pair(s): {('balance', 'long_term_debt'): [2020, 2021], ('balance', 'short_term_debt'): [2017, 2019], ('balance', 'stockholders_equity'): [2009], ('income', 'shares_basic'): [2020], ('income', 'shares_diluted'): [2020]}
2026-08-15 13:17:37,139 INFO    findata.database.edgar_ | IPI processed: {'text_filings': 0, 'sections': 0, 'form4_rows': 0, 'income': 873, 'balance': 679, 'cashflow': 647, 'errors': 0, 'incomplete_years': 7}
2026-08-15 13:17:37,228 INFO    findata.database.edgar_ | KNOP processed: {'text_filings': 0, 'sections': 0, 'form4_rows': 0, 'income': 209, 'balance': 280, 'cashflow': 212, 'errors': 0, 'incomplete_years': 0}
2026-08-15 13:17:37,421 WARNING findata.database.edgar_ | LECO: incomplete quarterly coverage for 22 (item, year) pair(s): {('balance', 'cash_and_equivalents'): [2009], ('balance', 'goodwill'): [2011, 2012, 2013, 2014, 2015], ('balance', 'liabilities'): [2017, 2018, 2019], ('balance', 'liabilities_noncurrent'): [2019], ('balance', 'short_term_debt'): [2015, 2016, 2017, 2018, 2019, 2020, 2021, 2022, 2023, 2024], ('balance', 'stockholders_equity'): [2009, 2010]}
2026-08-15 13:17:37,422 INFO    findata.database.edgar_ | LECO processed: {'text_filings': 0, 'sections': 0, 'form4_rows': 0, 'income': 1046, 'balance': 699, 'cashflow': 854, 'errors': 0, 'incomplete_years': 22}
2026-08-15 13:17:39,856 WARNING findata.database.edgar_ | MDU: incomplete quarterly coverage for 5 (item, year) pair(s): {('balance', 'cash_and_equivalents'): [2008], ('balance', 'short_term_investments'): [2010, 2022, 2023, 2024]}
2026-08-15 13:17:39,857 INFO    findata.database.edgar_ | MDU processed: {'text_filings': 0, 'sections': 0, 'form4_rows': 0, 'income': 961, 'balance': 863, 'cashflow': 851, 'errors': 0, 'incomplete_years': 5}
2026-08-15 13:17:39,903 INFO    findata.database.edgar_ | NVS processed: {'text_filings': 0, 'sections': 0, 'form4_rows': 0, 'income': 100, 'balance': 65, 'cashflow': 0, 'errors': 0, 'incomplete_years': 0}
2026-08-15 13:17:40,105 WARNING findata.database.edgar_ | PII: incomplete quarterly coverage for 6 (item, year) pair(s): {('balance', 'cash_and_equivalents'): [2009], ('balance', 'long_term_debt'): [2012, 2013], ('balance', 'short_term_debt'): [2015], ('balance', 'stockholders_equity'): [2009, 2010]}
2026-08-15 13:17:40,106 INFO    findata.database.edgar_ | PII processed: {'text_filings': 0, 'sections': 0, 'form4_rows': 0, 'income': 1190, 'balance': 753, 'cashflow': 843, 'errors': 0, 'incomplete_years': 6}
2026-08-15 13:17:40,281 WARNING findata.database.edgar_ | PODD: incomplete quarterly coverage for 9 (item, year) pair(s): {('balance', 'cash_and_equivalents'): [2010], ('balance', 'short_term_debt'): [2014, 2017, 2018, 2019, 2020], ('balance', 'stockholders_equity'): [2010, 2011], ('cashflow', 'stock_buybacks'): [2024]}
2026-08-15 13:17:40,282 INFO    findata.database.edgar_ | PODD processed: {'text_filings': 0, 'sections': 0, 'form4_rows': 0, 'income': 1093, 'balance': 723, 'cashflow': 592, 'errors': 0, 'incomplete_years': 9}
2026-08-15 13:17:40,307 INFO    findata.database.edgar_ | SA processed: {'text_filings': 0, 'sections': 0, 'form4_rows': 0, 'income': 17, 'balance': 32, 'cashflow': 0, 'errors': 0, 'incomplete_years': 0}
2026-08-15 13:17:42,370 WARNING findata.database.edgar_ | STGW: incomplete quarterly coverage for 5 (item, year) pair(s): {('balance', 'cash_and_equivalents'): [2010], ('balance', 'short_term_debt'): [2020, 2021], ('balance', 'stockholders_equity'): [2011], ('income', 'shares_diluted'): [2023]}
2026-08-15 13:17:42,371 INFO    findata.database.edgar_ | STGW processed: {'text_filings': 0, 'sections': 0, 'form4_rows': 0, 'income': 990, 'balance': 544, 'cashflow': 798, 'errors': 0, 'incomplete_years': 5}
2026-08-15 13:17:42,514 WARNING findata.database.edgar_ | VLGEA: incomplete quarterly coverage for 3 (item, year) pair(s): {('balance', 'long_term_debt'): [2013, 2014], ('balance', 'stockholders_equity'): [2011]}
2026-08-15 13:17:42,515 INFO    findata.database.edgar_ | VLGEA processed: {'text_filings': 0, 'sections': 0, 'form4_rows': 0, 'income': 632, 'balance': 516, 'cashflow': 791, 'errors': 0, 'incomplete_years': 3}
2026-08-15 13:17:42,544 INFO    findata.database.edgar_ | AGI processed: {'text_filings': 0, 'sections': 0, 'form4_rows': 0, 'income': 23, 'balance': 25, 'cashflow': 0, 'errors': 0, 'incomplete_years': 0}
2026-08-15 13:17:42,588 WARNING findata.database.edgar_ | BMO: incomplete quarterly coverage for 1 (item, year) pair(s): {('balance', 'goodwill'): [2018]}
2026-08-15 13:17:42,589 INFO    findata.database.edgar_ | BMO processed: {'text_filings': 0, 'sections': 0, 'form4_rows': 0, 'income': 86, 'balance': 93, 'cashflow': 0, 'errors': 0, 'incomplete_years': 1}
2026-08-15 13:17:42,696 WARNING findata.database.edgar_ | BY: incomplete quarterly coverage for 6 (item, year) pair(s): {('balance', 'cash_and_equivalents'): [2016], ('balance', 'goodwill'): [2016], ('balance', 'short_term_debt'): [2022, 2023], ('balance', 'stockholders_equity'): [2016], ('income', 'interest_expense'): [2024]}
2026-08-15 13:17:42,697 INFO    findata.database.edgar_ | BY processed: {'text_filings': 0, 'sections': 0, 'form4_rows': 0, 'income': 463, 'balance': 293, 'cashflow': 452, 'errors': 0, 'incomplete_years': 6}
2026-08-15 13:17:45,322 WARNING findata.database.edgar_ | ECL: incomplete quarterly coverage for 3 (item, year) pair(s): {('balance', 'cash_and_equivalents'): [2008], ('balance', 'stockholders_equity'): [2008, 2009]}
2026-08-15 13:17:45,324 INFO    findata.database.edgar_ | ECL processed: {'text_filings': 0, 'sections': 0, 'form4_rows': 0, 'income': 1014, 'balance': 791, 'cashflow': 896, 'errors': 0, 'incomplete_years': 3}
2026-08-15 13:17:45,495 WARNING findata.database.edgar_ | EPR: incomplete quarterly coverage for 3 (item, year) pair(s): {('balance', 'cash_and_equivalents'): [2009], ('balance', 'stockholders_equity'): [2009, 2010]}
2026-08-15 13:17:45,496 INFO    findata.database.edgar_ | EPR processed: {'text_filings': 0, 'sections': 0, 'form4_rows': 0, 'income': 835, 'balance': 419, 'cashflow': 896, 'errors': 0, 'incomplete_years': 3}
2026-08-15 13:17:45,676 WARNING findata.database.edgar_ | EXTR: incomplete quarterly coverage for 12 (item, year) pair(s): {('balance', 'cash_and_equivalents'): [2019, 2020, 2022, 2023], ('balance', 'short_term_investments'): [2018, 2020], ('cashflow', 'stock_buybacks'): [2014, 2019, 2020, 2022, 2023, 2025]}
2026-08-15 13:17:45,678 INFO    findata.database.edgar_ | EXTR processed: {'text_filings': 0, 'sections': 0, 'form4_rows': 0, 'income': 1106, 'balance': 644, 'cashflow': 611, 'errors': 0, 'incomplete_years': 12}
2026-08-15 13:17:45,863 WARNING findata.database.edgar_ | GVA: incomplete quarterly coverage for 4 (item, year) pair(s): {('balance', 'cash_and_equivalents'): [2009], ('balance', 'stockholders_equity'): [2009], ('income', 'shares_basic'): [2019], ('income', 'shares_diluted'): [2019]}
2026-08-15 13:17:45,864 INFO    findata.database.edgar_ | GVA processed: {'text_filings': 0, 'sections': 0, 'form4_rows': 0, 'income': 1030, 'balance': 805, 'cashflow': 866, 'errors': 0, 'incomplete_years': 4}
2026-08-15 13:17:46,007 WARNING findata.database.edgar_ | HMN: incomplete quarterly coverage for 2 (item, year) pair(s): {('balance', 'short_term_debt'): [2024, 2025]}
2026-08-15 13:17:46,008 INFO    findata.database.edgar_ | HMN processed: {'text_filings': 0, 'sections': 0, 'form4_rows': 0, 'income': 809, 'balance': 432, 'cashflow': 519, 'errors': 0, 'incomplete_years': 2}
2026-08-15 13:17:47,703 WARNING findata.database.edgar_ | IRT: incomplete quarterly coverage for 12 (item, year) pair(s): {('balance', 'long_term_debt'): [2014, 2015, 2016], ('balance', 'stockholders_equity'): [2011], ('cashflow', 'capex'): [2012, 2013, 2023], ('income', 'cost_of_revenue'): [2020], ('income', 'eps_basic'): [2016], ('income', 'eps_diluted'): [2016], ('income', 'income_tax'): [2012], ('income', 'operating_income'): [2019]}
2026-08-15 13:17:47,704 INFO    findata.database.edgar_ | IRT processed: {'text_filings': 0, 'sections': 0, 'form4_rows': 0, 'income': 846, 'balance': 423, 'cashflow': 731, 'errors': 0, 'incomplete_years': 12}
2026-08-15 13:17:47,875 WARNING findata.database.edgar_ | JLL: incomplete quarterly coverage for 9 (item, year) pair(s): {('balance', 'cash_and_equivalents'): [2009], ('balance', 'long_term_debt'): [2017], ('balance', 'short_term_debt'): [2020, 2021], ('balance', 'stockholders_equity'): [2009, 2010], ('cashflow', 'capex'): [2015, 2019], ('income', 'shares_diluted'): [2023]}
2026-08-15 13:17:47,877 INFO    findata.database.edgar_ | JLL processed: {'text_filings': 0, 'sections': 0, 'form4_rows': 0, 'income': 887, 'balance': 675, 'cashflow': 686, 'errors': 0, 'incomplete_years': 9}
2026-08-15 13:17:47,983 INFO    findata.database.edgar_ | JOYY processed: {'text_filings': 0, 'sections': 0, 'form4_rows': 0, 'income': 220, 'balance': 168, 'cashflow': 99, 'errors': 0, 'incomplete_years': 0}
2026-08-15 13:17:48,028 INFO    findata.database.edgar_ | KEP processed: {'text_filings': 0, 'sections': 0, 'form4_rows': 0, 'income': 56, 'balance': 38, 'cashflow': 6, 'errors': 0, 'incomplete_years': 0}
2026-08-15 13:17:48,169 WARNING findata.database.edgar_ | LBRDA: incomplete quarterly coverage for 21 (item, year) pair(s): {('balance', 'cash_and_equivalents'): [2013], ('balance', 'goodwill'): [2017, 2018, 2019, 2020, 2025], ('balance', 'long_term_debt'): [2017], ('balance', 'short_term_debt'): [2020], ('balance', 'short_term_investments'): [2016], ('balance', 'stockholders_equity'): [2013, 2014], ('cashflow', 'capex'): [2017, 2025], ('cashflow', 'depreciation_amortization'): [2025], ('cashflow', 'investing_cash_flow'): [2017], ('income', 'costs_and_expenses'): [2025], ('income', 'eps_basic'): [2025], ('income', 'eps_diluted'): [2025], ('income', 'income_tax'): [2025], ('income', 'operating_expenses'): [2025], ('income', 'revenue'): [2025]}
2026-08-15 13:17:48,170 INFO    findata.database.edgar_ | LBRDA processed: {'text_filings': 0, 'sections': 0, 'form4_rows': 0, 'income': 788, 'balance': 414, 'cashflow': 492, 'errors': 0, 'incomplete_years': 21}
2026-08-15 13:17:50,117 WARNING findata.database.edgar_ | LITE: incomplete quarterly coverage for 10 (item, year) pair(s): {('balance', 'cash_and_equivalents'): [2014], ('balance', 'goodwill'): [2015], ('balance', 'long_term_debt'): [2019, 2020, 2023, 2024], ('balance', 'short_term_debt'): [2024], ('balance', 'stockholders_equity'): [2014, 2015], ('income', 'pretax_income'): [2020]}
2026-08-15 13:17:50,118 INFO    findata.database.edgar_ | LITE processed: {'text_filings': 0, 'sections': 0, 'form4_rows': 0, 'income': 854, 'balance': 535, 'cashflow': 482, 'errors': 0, 'incomplete_years': 10}
2026-08-15 13:17:50,220 INFO    findata.database.edgar_ | NOAH processed: {'text_filings': 0, 'sections': 0, 'form4_rows': 0, 'income': 192, 'balance': 129, 'cashflow': 100, 'errors': 0, 'incomplete_years': 0}
2026-08-15 13:17:50,409 WARNING findata.database.edgar_ | OPCH: incomplete quarterly coverage for 17 (item, year) pair(s): {('balance', 'cash_and_equivalents'): [2008], ('balance', 'stockholders_equity'): [2008, 2009], ('cashflow', 'capex'): [2016], ('cashflow', 'depreciation_amortization'): [2010], ('cashflow', 'financing_cash_flow'): [2010], ('cashflow', 'investing_cash_flow'): [2010], ('cashflow', 'operating_cash_flow'): [2010], ('cashflow', 'stock_buybacks'): [2025], ('income', 'eps_basic'): [2008], ('income', 'eps_diluted'): [2008], ('income', 'gross_profit'): [2008], ('income', 'net_income'): [2008], ('income', 'operating_income'): [2016], ('income', 'pretax_income'): [2019, 2020], ('income', 'revenue'): [2008]}
2026-08-15 13:17:50,410 INFO    findata.database.edgar_ | OPCH processed: {'text_filings': 0, 'sections': 0, 'form4_rows': 0, 'income': 1097, 'balance': 872, 'cashflow': 623, 'errors': 0, 'incomplete_years': 17}
2026-08-15 13:17:50,630 WARNING findata.database.edgar_ | OTEX: incomplete quarterly coverage for 12 (item, year) pair(s): {('balance', 'cash_and_equivalents'): [2008], ('balance', 'short_term_investments'): [2014, 2015], ('balance', 'stockholders_equity'): [2009], ('cashflow', 'depreciation_amortization'): [2020], ('cashflow', 'stock_buybacks'): [2013, 2014, 2015, 2016, 2017, 2022, 2023]}
2026-08-15 13:17:50,631 INFO    findata.database.edgar_ | OTEX processed: {'text_filings': 0, 'sections': 0, 'form4_rows': 0, 'income': 1114, 'balance': 784, 'cashflow': 832, 'errors': 0, 'incomplete_years': 12}
2026-08-15 13:17:50,802 WARNING findata.database.edgar_ | PDFS: incomplete quarterly coverage for 15 (item, year) pair(s): {('balance', 'assets_noncurrent'): [2016], ('balance', 'cash_and_equivalents'): [2010], ('balance', 'liabilities_current'): [2018], ('balance', 'liabilities_noncurrent'): [2015], ('balance', 'short_term_debt'): [2024], ('balance', 'short_term_investments'): [2019, 2020], ('balance', 'stockholders_equity'): [2011], ('cashflow', 'stock_buybacks'): [2016, 2017, 2023, 2025], ('income', 'gross_profit'): [2019], ('income', 'operating_expenses'): [2019], ('income', 'operating_income'): [2019]}
2026-08-15 13:17:50,803 INFO    findata.database.edgar_ | PDFS processed: {'text_filings': 0, 'sections': 0, 'form4_rows': 0, 'income': 981, 'balance': 614, 'cashflow': 683, 'errors': 0, 'incomplete_years': 15}
2026-08-15 13:17:53,238 WARNING findata.database.edgar_ | PEB: incomplete quarterly coverage for 4 (item, year) pair(s): {('balance', 'stockholders_equity'): [2011], ('cashflow', 'capex'): [2022, 2023, 2024]}
2026-08-15 13:17:53,239 INFO    findata.database.edgar_ | PEB processed: {'text_filings': 0, 'sections': 0, 'form4_rows': 0, 'income': 981, 'balance': 434, 'cashflow': 751, 'errors': 0, 'incomplete_years': 4}
2026-08-15 13:17:53,401 WARNING findata.database.edgar_ | PRK: incomplete quarterly coverage for 9 (item, year) pair(s): {('balance', 'cash_and_equivalents'): [2009], ('balance', 'goodwill'): [2010], ('balance', 'long_term_debt'): [2021], ('balance', 'stockholders_equity'): [2009, 2010], ('cashflow', 'stock_buybacks'): [2015, 2016, 2025], ('income', 'interest_expense'): [2024]}
2026-08-15 13:17:53,402 INFO    findata.database.edgar_ | PRK processed: {'text_filings': 0, 'sections': 0, 'form4_rows': 0, 'income': 762, 'balance': 518, 'cashflow': 699, 'errors': 0, 'incomplete_years': 9}
2026-08-15 13:17:53,568 WARNING findata.database.edgar_ | R: incomplete quarterly coverage for 5 (item, year) pair(s): {('balance', 'cash_and_equivalents'): [2009], ('balance', 'inventory'): [2023], ('balance', 'stockholders_equity'): [2009, 2010], ('income', 'cost_of_revenue'): [2018]}
2026-08-15 13:17:53,569 INFO    findata.database.edgar_ | R processed: {'text_filings': 0, 'sections': 0, 'form4_rows': 0, 'income': 802, 'balance': 738, 'cashflow': 870, 'errors': 0, 'incomplete_years': 5}
2026-08-15 13:17:53,688 WARNING findata.database.edgar_ | SMPL: incomplete quarterly coverage for 4 (item, year) pair(s): {('balance', 'cash_and_equivalents'): [2017], ('cashflow', 'stock_buybacks'): [2019, 2020, 2021]}
2026-08-15 13:17:53,689 INFO    findata.database.edgar_ | SMPL processed: {'text_filings': 0, 'sections': 0, 'form4_rows': 0, 'income': 585, 'balance': 431, 'cashflow': 396, 'errors': 0, 'incomplete_years': 4}
2026-08-15 13:17:53,884 WARNING findata.database.edgar_ | SMTC: incomplete quarterly coverage for 10 (item, year) pair(s): {('balance', 'cash_and_equivalents'): [2010], ('balance', 'short_term_debt'): [2022, 2023, 2025], ('balance', 'stockholders_equity'): [2010, 2011], ('income', 'cost_of_revenue'): [2014], ('income', 'interest_expense'): [2017, 2018, 2019]}
2026-08-15 13:17:53,886 INFO    findata.database.edgar_ | SMTC processed: {'text_filings': 0, 'sections': 0, 'form4_rows': 0, 'income': 1173, 'balance': 698, 'cashflow': 684, 'errors': 0, 'incomplete_years': 10}
2026-08-15 13:17:55,682 WARNING findata.database.edgar_ | UNIT: incomplete quarterly coverage for 2 (item, year) pair(s): {('balance', 'cash_and_equivalents'): [2024], ('balance', 'stockholders_equity'): [2024]}
2026-08-15 13:17:55,683 INFO    findata.database.edgar_ | UNIT processed: {'text_filings': 0, 'sections': 0, 'form4_rows': 0, 'income': 122, 'balance': 70, 'cashflow': 81, 'errors': 0, 'incomplete_years': 2}
2026-08-15 13:17:55,802 WARNING findata.database.edgar_ | WLKP: incomplete quarterly coverage for 3 (item, year) pair(s): {('balance', 'cash_and_equivalents'): [2014], ('income', 'shares_basic'): [2019], ('income', 'shares_diluted'): [2019]}
2026-08-15 13:17:55,803 INFO    findata.database.edgar_ | WLKP processed: {'text_filings': 0, 'sections': 0, 'form4_rows': 0, 'income': 505, 'balance': 380, 'cashflow': 462, 'errors': 0, 'incomplete_years': 3}
2026-08-15 13:17:55,982 WARNING findata.database.edgar_ | WPC: incomplete quarterly coverage for 11 (item, year) pair(s): {('balance', 'cash_and_equivalents'): [2009], ('balance', 'goodwill'): [2011, 2012], ('balance', 'stockholders_equity'): [2009, 2010], ('cashflow', 'capex'): [2011, 2012], ('cashflow', 'stock_buybacks'): [2011, 2012], ('income', 'income_tax'): [2012], ('income', 'pretax_income'): [2016]}
2026-08-15 13:17:55,983 INFO    findata.database.edgar_ | WPC processed: {'text_filings': 0, 'sections': 0, 'form4_rows': 0, 'income': 891, 'balance': 514, 'cashflow': 810, 'errors': 0, 'incomplete_years': 11}
2026-08-15 13:17:56,146 WARNING findata.database.edgar_ | WRB: incomplete quarterly coverage for 15 (item, year) pair(s): {('balance', 'cash_and_equivalents'): [2009], ('balance', 'shares_outstanding'): [2010], ('cashflow', 'capex'): [2020], ('income', 'shares_basic'): [2019, 2020, 2021, 2022, 2023, 2024], ('income', 'shares_diluted'): [2019, 2020, 2021, 2022, 2023, 2024]}
2026-08-15 13:17:56,147 INFO    findata.database.edgar_ | WRB processed: {'text_filings': 0, 'sections': 0, 'form4_rows': 0, 'income': 822, 'balance': 465, 'cashflow': 807, 'errors': 0, 'incomplete_years': 15}
2026-08-15 13:17:56,299 WARNING findata.database.edgar_ | XHR: incomplete quarterly coverage for 9 (item, year) pair(s): {('balance', 'goodwill'): [2016, 2017, 2018, 2019, 2022, 2023, 2024, 2025], ('balance', 'stockholders_equity'): [2014]}
2026-08-15 13:17:56,300 INFO    findata.database.edgar_ | XHR processed: {'text_filings': 0, 'sections': 0, 'form4_rows': 0, 'income': 804, 'balance': 357, 'cashflow': 640, 'errors': 0, 'incomplete_years': 9}
2026-08-15 13:17:58,180 WARNING findata.database.edgar_ | XRX: incomplete quarterly coverage for 5 (item, year) pair(s): {('balance', 'cash_and_equivalents'): [2019], ('balance', 'goodwill'): [2018, 2019], ('balance', 'stockholders_equity'): [2018], ('income', 'pretax_income'): [2023]}
2026-08-15 13:17:58,181 INFO    findata.database.edgar_ | XRX processed: {'text_filings': 0, 'sections': 0, 'form4_rows': 0, 'income': 406, 'balance': 355, 'cashflow': 447, 'errors': 0, 'incomplete_years': 5}
2026-08-15 13:17:58,260 WARNING findata.database.edgar_ | ZYME: incomplete quarterly coverage for 2 (item, year) pair(s): {('balance', 'cash_and_equivalents'): [2021], ('income', 'rnd_expense'): [2024]}
2026-08-15 13:17:58,261 INFO    findata.database.edgar_ | ZYME processed: {'text_filings': 0, 'sections': 0, 'form4_rows': 0, 'income': 292, 'balance': 172, 'cashflow': 190, 'errors': 0, 'incomplete_years': 2}
2026-08-15 13:17:58,402 WARNING findata.database.edgar_ | ALRM: incomplete quarterly coverage for 7 (item, year) pair(s): {('balance', 'cash_and_equivalents'): [2014], ('balance', 'goodwill'): [2015], ('balance', 'stockholders_equity'): [2014, 2015], ('cashflow', 'stock_buybacks'): [2016, 2017, 2018]}
2026-08-15 13:17:58,403 INFO    findata.database.edgar_ | ALRM processed: {'text_filings': 0, 'sections': 0, 'form4_rows': 0, 'income': 748, 'balance': 491, 'cashflow': 550, 'errors': 0, 'incomplete_years': 7}
2026-08-15 13:17:58,451 WARNING findata.database.edgar_ | ASND: incomplete quarterly coverage for 1 (item, year) pair(s): {('balance', 'goodwill'): [2020]}
2026-08-15 13:17:58,452 INFO    findata.database.edgar_ | ASND processed: {'text_filings': 0, 'sections': 0, 'form4_rows': 0, 'income': 156, 'balance': 90, 'cashflow': 0, 'errors': 0, 'incomplete_years': 1}
2026-08-15 13:17:58,632 WARNING findata.database.edgar_ | AVNT: incomplete quarterly coverage for 3 (item, year) pair(s): {('balance', 'stockholders_equity'): [2010], ('income', 'interest_expense'): [2016], ('income', 'pretax_income'): [2012]}
2026-08-15 13:17:58,633 INFO    findata.database.edgar_ | AVNT processed: {'text_filings': 0, 'sections': 0, 'form4_rows': 0, 'income': 954, 'balance': 701, 'cashflow': 785, 'errors': 0, 'incomplete_years': 3}
2026-08-15 13:18:00,729 WARNING findata.database.edgar_ | CHCT: incomplete quarterly coverage for 1 (item, year) pair(s): {('income', 'pretax_income'): [2022]}
2026-08-15 13:18:00,730 INFO    findata.database.edgar_ | CHCT processed: {'text_filings': 0, 'sections': 0, 'form4_rows': 0, 'income': 508, 'balance': 321, 'cashflow': 530, 'errors': 0, 'incomplete_years': 1}
2026-08-15 13:18:00,839 INFO    findata.database.edgar_ | CHKP processed: {'text_filings': 0, 'sections': 0, 'form4_rows': 0, 'income': 222, 'balance': 190, 'cashflow': 132, 'errors': 0, 'incomplete_years': 0}
2026-08-15 13:18:00,946 WARNING findata.database.edgar_ | CI: incomplete quarterly coverage for 4 (item, year) pair(s): {('balance', 'cash_and_equivalents'): [2017], ('balance', 'goodwill'): [2018], ('balance', 'shares_outstanding'): [2018], ('balance', 'stockholders_equity'): [2017]}
2026-08-15 13:18:00,947 INFO    findata.database.edgar_ | CI processed: {'text_filings': 0, 'sections': 0, 'form4_rows': 0, 'income': 448, 'balance': 403, 'cashflow': 372, 'errors': 0, 'incomplete_years': 4}
2026-08-15 13:18:01,087 WARNING findata.database.edgar_ | CIVB: incomplete quarterly coverage for 6 (item, year) pair(s): {('balance', 'cash_and_equivalents'): [2019], ('balance', 'stockholders_equity'): [2011], ('cashflow', 'capex'): [2024, 2025], ('cashflow', 'stock_buybacks'): [2019], ('income', 'interest_expense'): [2024]}
2026-08-15 13:18:01,088 INFO    findata.database.edgar_ | CIVB processed: {'text_filings': 0, 'sections': 0, 'form4_rows': 0, 'income': 680, 'balance': 341, 'cashflow': 601, 'errors': 0, 'incomplete_years': 6}
2026-08-15 13:18:01,236 WARNING findata.database.edgar_ | COLB: incomplete quarterly coverage for 2 (item, year) pair(s): {('cashflow', 'capex'): [2023], ('income', 'interest_expense'): [2024]}
2026-08-15 13:18:01,237 INFO    findata.database.edgar_ | COLB processed: {'text_filings': 0, 'sections': 0, 'form4_rows': 0, 'income': 721, 'balance': 459, 'cashflow': 791, 'errors': 0, 'incomplete_years': 2}
2026-08-15 13:18:03,526 WARNING findata.database.edgar_ | CSGP: incomplete quarterly coverage for 8 (item, year) pair(s): {('balance', 'cash_and_equivalents'): [2010], ('balance', 'goodwill'): [2011], ('balance', 'long_term_debt'): [2018, 2019], ('balance', 'short_term_investments'): [2015, 2016], ('balance', 'stockholders_equity'): [2010, 2011]}
2026-08-15 13:18:03,527 INFO    findata.database.edgar_ | CSGP processed: {'text_filings': 0, 'sections': 0, 'form4_rows': 0, 'income': 1046, 'balance': 618, 'cashflow': 600, 'errors': 0, 'incomplete_years': 8}
2026-08-15 13:18:03,739 WARNING findata.database.edgar_ | CYRX: incomplete quarterly coverage for 23 (item, year) pair(s): {('balance', 'liabilities'): [2014], ('cashflow', 'stock_buybacks'): [2025], ('income', 'cost_of_revenue'): [2014, 2015], ('income', 'eps_diluted'): [2012], ('income', 'income_tax'): [2012, 2013], ('income', 'interest_expense'): [2012, 2013, 2014, 2015], ('income', 'operating_expenses'): [2014, 2015], ('income', 'pretax_income'): [2014, 2015], ('income', 'rnd_expense'): [2014, 2015], ('income', 'shares_basic'): [2014, 2015, 2016], ('income', 'shares_diluted'): [2014, 2015, 2016]}
2026-08-15 13:18:03,740 INFO    findata.database.edgar_ | CYRX processed: {'text_filings': 0, 'sections': 0, 'form4_rows': 0, 'income': 1075, 'balance': 625, 'cashflow': 614, 'errors': 0, 'incomplete_years': 23}
2026-08-15 13:18:03,944 WARNING findata.database.edgar_ | DAR: incomplete quarterly coverage for 6 (item, year) pair(s): {('balance', 'cash_and_equivalents'): [2009], ('balance', 'stockholders_equity'): [2009, 2010], ('cashflow', 'capex'): [2020], ('cashflow', 'stock_buybacks'): [2018], ('income', 'interest_expense'): [2018]}
2026-08-15 13:18:03,945 INFO    findata.database.edgar_ | DAR processed: {'text_filings': 0, 'sections': 0, 'form4_rows': 0, 'income': 1099, 'balance': 735, 'cashflow': 687, 'errors': 0, 'incomplete_years': 6}
2026-08-15 13:18:04,116 WARNING findata.database.edgar_ | DCO: incomplete quarterly coverage for 6 (item, year) pair(s): {('balance', 'cash_and_equivalents'): [2010], ('balance', 'shares_outstanding'): [2013, 2014, 2015], ('balance', 'stockholders_equity'): [2010, 2011]}
2026-08-15 13:18:04,117 INFO    findata.database.edgar_ | DCO processed: {'text_filings': 0, 'sections': 0, 'form4_rows': 0, 'income': 914, 'balance': 727, 'cashflow': 629, 'errors': 0, 'incomplete_years': 6}
2026-08-15 13:18:04,366 WARNING findata.database.edgar_ | ENVA: incomplete quarterly coverage for 4 (item, year) pair(s): {('balance', 'cash_and_equivalents'): [2013], ('balance', 'stockholders_equity'): [2013], ('income', 'costs_and_expenses'): [2018], ('income', 'interest_expense'): [2015]}
2026-08-15 13:18:04,376 INFO    findata.database.edgar_ | ENVA processed: {'text_filings': 0, 'sections': 0, 'form4_rows': 0, 'income': 833, 'balance': 423, 'cashflow': 567, 'errors': 0, 'incomplete_years': 4}
2026-08-15 13:18:07,026 WARNING findata.database.edgar_ | FMS: incomplete quarterly coverage for 19 (item, year) pair(s): {('balance', 'cash_and_equivalents'): [2008], ('balance', 'goodwill'): [2017], ('balance', 'liabilities'): [2017], ('balance', 'shares_outstanding'): [2017, 2019, 2020, 2021, 2022, 2023, 2024], ('balance', 'stockholders_equity'): [2008, 2009], ('cashflow', 'dividends_paid'): [2012, 2013, 2014], ('income', 'eps_basic'): [2016], ('income', 'eps_diluted'): [2014, 2015, 2016]}
2026-08-15 13:18:07,027 INFO    findata.database.edgar_ | FMS processed: {'text_filings': 0, 'sections': 0, 'form4_rows': 0, 'income': 731, 'balance': 480, 'cashflow': 377, 'errors': 0, 'incomplete_years': 19}
2026-08-15 13:18:07,214 WARNING findata.database.edgar_ | GEO: incomplete quarterly coverage for 12 (item, year) pair(s): {('balance', 'cash_and_equivalents'): [2009], ('balance', 'stockholders_equity'): [2009, 2010], ('cashflow', 'capex'): [2011, 2016], ('cashflow', 'stock_buybacks'): [2012, 2013, 2014, 2021], ('income', 'cost_of_revenue'): [2011], ('income', 'shares_basic'): [2020], ('income', 'shares_diluted'): [2020]}
2026-08-15 13:18:07,215 INFO    findata.database.edgar_ | GEO processed: {'text_filings': 0, 'sections': 0, 'form4_rows': 0, 'income': 949, 'balance': 670, 'cashflow': 748, 'errors': 0, 'incomplete_years': 12}
2026-08-15 13:18:07,358 WARNING findata.database.edgar_ | IRTC: incomplete quarterly coverage for 9 (item, year) pair(s): {('balance', 'cash_and_equivalents'): [2015], ('balance', 'short_term_debt'): [2019], ('balance', 'short_term_investments'): [2018, 2021, 2022, 2023], ('balance', 'stockholders_equity'): [2015, 2016], ('income', 'rnd_expense'): [2024]}
2026-08-15 13:18:07,359 INFO    findata.database.edgar_ | IRTC processed: {'text_filings': 0, 'sections': 0, 'form4_rows': 0, 'income': 759, 'balance': 486, 'cashflow': 429, 'errors': 0, 'incomplete_years': 9}
2026-08-15 13:18:07,545 WARNING findata.database.edgar_ | ITW: incomplete quarterly coverage for 10 (item, year) pair(s): {('balance', 'cash_and_equivalents'): [2008], ('balance', 'shares_outstanding'): [2011, 2012, 2013], ('balance', 'short_term_debt'): [2016, 2017, 2018, 2019], ('cashflow', 'stock_buybacks'): [2010, 2011]}
2026-08-15 13:18:07,546 INFO    findata.database.edgar_ | ITW processed: {'text_filings': 0, 'sections': 0, 'form4_rows': 0, 'income': 1001, 'balance': 774, 'cashflow': 888, 'errors': 0, 'incomplete_years': 10}
2026-08-15 13:18:07,801 WARNING findata.database.edgar_ | IVZ: incomplete quarterly coverage for 14 (item, year) pair(s): {('balance', 'assets_current'): [2013], ('balance', 'assets_noncurrent'): [2013], ('balance', 'cash_and_equivalents'): [2008], ('balance', 'liabilities_current'): [2013], ('balance', 'liabilities_noncurrent'): [2013], ('balance', 'long_term_debt'): [2018], ('balance', 'short_term_debt'): [2010, 2011], ('balance', 'short_term_investments'): [2013, 2017, 2018], ('balance', 'stockholders_equity'): [2008], ('cashflow', 'stock_buybacks'): [2010, 2020]}
2026-08-15 13:18:07,802 INFO    findata.database.edgar_ | IVZ processed: {'text_filings': 0, 'sections': 0, 'form4_rows': 0, 'income': 951, 'balance': 623, 'cashflow': 937, 'errors': 0, 'incomplete_years': 14}
2026-08-15 13:18:09,633 INFO    findata.database.edgar_ | LOMA processed: {'text_filings': 0, 'sections': 0, 'form4_rows': 0, 'income': 38, 'balance': 36, 'cashflow': 0, 'errors': 0, 'incomplete_years': 0}
2026-08-15 13:18:09,819 WARNING findata.database.edgar_ | LSCC: incomplete quarterly coverage for 4 (item, year) pair(s): {('balance', 'cash_and_equivalents'): [2010], ('balance', 'stockholders_equity'): [2010, 2011], ('income', 'costs_and_expenses'): [2019]}
2026-08-15 13:18:09,820 INFO    findata.database.edgar_ | LSCC processed: {'text_filings': 0, 'sections': 0, 'form4_rows': 0, 'income': 1144, 'balance': 707, 'cashflow': 627, 'errors': 0, 'incomplete_years': 4}
2026-08-15 13:18:10,002 WARNING findata.database.edgar_ | PAG: incomplete quarterly coverage for 6 (item, year) pair(s): {('balance', 'cash_and_equivalents'): [2009], ('balance', 'stockholders_equity'): [2009, 2010], ('cashflow', 'stock_buybacks'): [2014], ('income', 'interest_expense'): [2012, 2021]}
2026-08-15 13:18:10,003 INFO    findata.database.edgar_ | PAG processed: {'text_filings': 0, 'sections': 0, 'form4_rows': 0, 'income': 980, 'balance': 795, 'cashflow': 838, 'errors': 0, 'incomplete_years': 6}
2026-08-15 13:18:10,169 WARNING findata.database.edgar_ | SSTK: incomplete quarterly coverage for 6 (item, year) pair(s): {('balance', 'cash_and_equivalents'): [2011], ('balance', 'short_term_debt'): [2021, 2022], ('cashflow', 'stock_buybacks'): [2020, 2024, 2025]}
2026-08-15 13:18:10,170 INFO    findata.database.edgar_ | SSTK processed: {'text_filings': 0, 'sections': 0, 'form4_rows': 0, 'income': 1038, 'balance': 544, 'cashflow': 670, 'errors': 0, 'incomplete_years': 6}
2026-08-15 13:18:10,195 INFO    findata.database.edgar_ | STNG processed: {'text_filings': 0, 'sections': 0, 'form4_rows': 0, 'income': 11, 'balance': 60, 'cashflow': 0, 'errors': 0, 'incomplete_years': 0}
2026-08-15 13:18:12,785 WARNING findata.database.edgar_ | TJX: incomplete quarterly coverage for 15 (item, year) pair(s): {('balance', 'cash_and_equivalents'): [2009], ('balance', 'goodwill'): [2011, 2012, 2013, 2014, 2015, 2016], ('balance', 'short_term_debt'): [2011, 2020, 2025, 2026], ('balance', 'short_term_investments'): [2020], ('balance', 'stockholders_equity'): [2009], ('income', 'shares_basic'): [2017], ('income', 'shares_diluted'): [2017]}
2026-08-15 13:18:12,786 INFO    findata.database.edgar_ | TJX processed: {'text_filings': 0, 'sections': 0, 'form4_rows': 0, 'income': 859, 'balance': 740, 'cashflow': 900, 'errors': 0, 'incomplete_years': 15}
2026-08-15 13:18:13,004 WARNING findata.database.edgar_ | TOL: incomplete quarterly coverage for 3 (item, year) pair(s): {('balance', 'cash_and_equivalents'): [2009], ('balance', 'stockholders_equity'): [2009, 2010]}
2026-08-15 13:18:13,005 INFO    findata.database.edgar_ | TOL processed: {'text_filings': 0, 'sections': 0, 'form4_rows': 0, 'income': 854, 'balance': 346, 'cashflow': 812, 'errors': 0, 'incomplete_years': 3}
2026-08-15 13:18:13,148 WARNING findata.database.edgar_ | TTD: incomplete quarterly coverage for 3 (item, year) pair(s): {('balance', 'cash_and_equivalents'): [2015], ('balance', 'stockholders_equity'): [2015, 2016]}
2026-08-15 13:18:13,149 INFO    findata.database.edgar_ | TTD processed: {'text_filings': 0, 'sections': 0, 'form4_rows': 0, 'income': 741, 'balance': 283, 'cashflow': 417, 'errors': 0, 'incomplete_years': 3}
2026-08-15 13:18:13,300 WARNING findata.database.edgar_ | UHT: incomplete quarterly coverage for 8 (item, year) pair(s): {('balance', 'cash_and_equivalents'): [2010], ('balance', 'stockholders_equity'): [2010, 2011], ('cashflow', 'capex'): [2017, 2018, 2021, 2023], ('income', 'interest_expense'): [2016]}
2026-08-15 13:18:13,301 INFO    findata.database.edgar_ | UHT processed: {'text_filings': 0, 'sections': 0, 'form4_rows': 0, 'income': 759, 'balance': 393, 'cashflow': 682, 'errors': 0, 'incomplete_years': 8}
2026-08-15 13:18:13,447 WARNING findata.database.edgar_ | WAL: incomplete quarterly coverage for 19 (item, year) pair(s): {('balance', 'cash_and_equivalents'): [2010], ('balance', 'goodwill'): [2020, 2021, 2022, 2023, 2024, 2025], ('balance', 'long_term_debt'): [2020, 2021], ('balance', 'shares_outstanding'): [2020, 2021, 2022, 2023, 2024, 2025], ('balance', 'stockholders_equity'): [2010, 2011], ('cashflow', 'dividends_paid'): [2025], ('cashflow', 'stock_buybacks'): [2024]}
2026-08-15 13:18:13,448 INFO    findata.database.edgar_ | WAL processed: {'text_filings': 0, 'sections': 0, 'form4_rows': 0, 'income': 723, 'balance': 491, 'cashflow': 553, 'errors': 0, 'incomplete_years': 19}
2026-08-15 13:18:15,921 WARNING findata.database.edgar_ | WRLD: incomplete quarterly coverage for 11 (item, year) pair(s): {('balance', 'goodwill'): [2011], ('balance', 'long_term_debt'): [2014, 2015, 2016, 2017, 2018, 2019, 2020, 2021, 2022], ('balance', 'stockholders_equity'): [2011]}
2026-08-15 13:18:15,922 INFO    findata.database.edgar_ | WRLD processed: {'text_filings': 0, 'sections': 0, 'form4_rows': 0, 'income': 854, 'balance': 464, 'cashflow': 684, 'errors': 0, 'incomplete_years': 11}
2026-08-15 13:18:16,108 WARNING findata.database.edgar_ | ZION: incomplete quarterly coverage for 12 (item, year) pair(s): {('balance', 'cash_and_equivalents'): [2019], ('balance', 'goodwill'): [2018, 2019, 2020, 2021, 2022, 2023, 2024, 2025], ('balance', 'stockholders_equity'): [2009], ('cashflow', 'stock_buybacks'): [2015], ('income', 'interest_expense'): [2024]}
2026-08-15 13:18:16,109 INFO    findata.database.edgar_ | ZION processed: {'text_filings': 0, 'sections': 0, 'form4_rows': 0, 'income': 677, 'balance': 498, 'cashflow': 976, 'errors': 0, 'incomplete_years': 12}
2026-08-15 13:18:16,275 WARNING findata.database.edgar_ | ATEN: incomplete quarterly coverage for 5 (item, year) pair(s): {('balance', 'goodwill'): [2016], ('balance', 'stockholders_equity'): [2013], ('cashflow', 'stock_buybacks'): [2018, 2019], ('income', 'pretax_income'): [2020]}
2026-08-15 13:18:16,276 INFO    findata.database.edgar_ | ATEN processed: {'text_filings': 0, 'sections': 0, 'form4_rows': 0, 'income': 908, 'balance': 540, 'cashflow': 609, 'errors': 0, 'incomplete_years': 5}
2026-08-15 13:18:16,517 WARNING findata.database.edgar_ | ATI: incomplete quarterly coverage for 4 (item, year) pair(s): {('balance', 'cash_and_equivalents'): [2008], ('balance', 'stockholders_equity'): [2008], ('income', 'shares_basic'): [2023], ('income', 'shares_diluted'): [2023]}
2026-08-15 13:18:16,518 INFO    findata.database.edgar_ | ATI processed: {'text_filings': 0, 'sections': 0, 'form4_rows': 0, 'income': 1018, 'balance': 871, 'cashflow': 827, 'errors': 0, 'incomplete_years': 4}
2026-08-15 13:18:16,687 WARNING findata.database.edgar_ | BLDR: incomplete quarterly coverage for 11 (item, year) pair(s): {('balance', 'cash_and_equivalents'): [2010], ('balance', 'long_term_debt'): [2015, 2017, 2018], ('balance', 'short_term_debt'): [2015, 2017, 2018], ('balance', 'stockholders_equity'): [2010, 2011], ('cashflow', 'depreciation_amortization'): [2016], ('income', 'interest_expense'): [2018]}
2026-08-15 13:18:16,688 INFO    findata.database.edgar_ | BLDR processed: {'text_filings': 0, 'sections': 0, 'form4_rows': 0, 'income': 896, 'balance': 731, 'cashflow': 675, 'errors': 0, 'incomplete_years': 11}
2026-08-15 13:18:19,611 WARNING findata.database.edgar_ | BLMN: incomplete quarterly coverage for 8 (item, year) pair(s): {('balance', 'cash_and_equivalents'): [2011], ('balance', 'goodwill'): [2012], ('balance', 'short_term_debt'): [2023], ('balance', 'stockholders_equity'): [2011], ('cashflow', 'stock_buybacks'): [2020], ('income', 'eps_basic'): [2013], ('income', 'eps_diluted'): [2013], ('income', 'shares_basic'): [2013]}
2026-08-15 13:18:19,613 INFO    findata.database.edgar_ | BLMN processed: {'text_filings': 0, 'sections': 0, 'form4_rows': 0, 'income': 836, 'balance': 693, 'cashflow': 749, 'errors': 0, 'incomplete_years': 8}
2026-08-15 13:18:19,952 INFO    findata.database.edgar_ | CPB processed: {'text_filings': 0, 'sections': 0, 'form4_rows': 0, 'income': 1201, 'balance': 757, 'cashflow': 876, 'errors': 0, 'incomplete_years': 0}
2026-08-15 13:18:20,318 WARNING findata.database.edgar_ | CVS: incomplete quarterly coverage for 9 (item, year) pair(s): {('balance', 'cash_and_equivalents'): [2008], ('balance', 'liabilities'): [2017], ('balance', 'long_term_debt'): [2014, 2015, 2016], ('balance', 'short_term_debt'): [2014, 2016], ('balance', 'stockholders_equity'): [2009], ('income', 'gross_profit'): [2018]}
2026-08-15 13:18:20,320 INFO    findata.database.edgar_ | CVS processed: {'text_filings': 0, 'sections': 0, 'form4_rows': 0, 'income': 1179, 'balance': 880, 'cashflow': 878, 'errors': 0, 'incomplete_years': 9}
2026-08-15 13:18:20,624 WARNING findata.database.edgar_ | EXLS: incomplete quarterly coverage for 6 (item, year) pair(s): {('balance', 'cash_and_equivalents'): [2010], ('balance', 'liabilities_noncurrent'): [2015], ('balance', 'short_term_debt'): [2014], ('balance', 'stockholders_equity'): [2010, 2011], ('income', 'cost_of_revenue'): [2014]}
2026-08-15 13:18:20,625 INFO    findata.database.edgar_ | EXLS processed: {'text_filings': 0, 'sections': 0, 'form4_rows': 0, 'income': 1010, 'balance': 725, 'cashflow': 704, 'errors': 0, 'incomplete_years': 6}
2026-08-15 13:18:20,898 WARNING findata.database.edgar_ | EXP: incomplete quarterly coverage for 9 (item, year) pair(s): {('balance', 'short_term_debt'): [2014, 2018, 2019, 2020, 2022, 2023], ('balance', 'stockholders_equity'): [2010], ('cashflow', 'dividends_paid'): [2022], ('income', 'operating_income'): [2025]}
2026-08-15 13:18:20,902 INFO    findata.database.edgar_ | EXP processed: {'text_filings': 0, 'sections': 0, 'form4_rows': 0, 'income': 952, 'balance': 771, 'cashflow': 835, 'errors': 0, 'incomplete_years': 9}
2026-08-15 13:18:23,276 WARNING findata.database.edgar_ | GE: incomplete quarterly coverage for 10 (item, year) pair(s): {('balance', 'cash_and_equivalents'): [2012, 2015, 2016], ('balance', 'long_term_debt'): [2020], ('balance', 'stockholders_equity'): [2008, 2009], ('income', 'operating_income'): [2013, 2014], ('income', 'shares_basic'): [2021], ('income', 'shares_diluted'): [2021]}
2026-08-15 13:18:23,277 INFO    findata.database.edgar_ | GE processed: {'text_filings': 0, 'sections': 0, 'form4_rows': 0, 'income': 1036, 'balance': 684, 'cashflow': 713, 'errors': 0, 'incomplete_years': 10}
2026-08-15 13:18:23,442 WARNING findata.database.edgar_ | IIIN: incomplete quarterly coverage for 11 (item, year) pair(s): {('balance', 'cash_and_equivalents'): [2010], ('balance', 'long_term_debt'): [2014, 2015, 2019], ('balance', 'shares_outstanding'): [2020], ('balance', 'stockholders_equity'): [2010, 2011], ('cashflow', 'dividends_paid'): [2017, 2018, 2019], ('cashflow', 'financing_cash_flow'): [2018]}
2026-08-15 13:18:23,443 INFO    findata.database.edgar_ | IIIN processed: {'text_filings': 0, 'sections': 0, 'form4_rows': 0, 'income': 891, 'balance': 518, 'cashflow': 703, 'errors': 0, 'incomplete_years': 11}
2026-08-15 13:18:23,589 WARNING findata.database.edgar_ | IMKTA: incomplete quarterly coverage for 4 (item, year) pair(s): {('balance', 'cash_and_equivalents'): [2010], ('balance', 'stockholders_equity'): [2010], ('cashflow', 'stock_buybacks'): [2013, 2021]}
2026-08-15 13:18:23,590 INFO    findata.database.edgar_ | IMKTA processed: {'text_filings': 0, 'sections': 0, 'form4_rows': 0, 'income': 729, 'balance': 578, 'cashflow': 724, 'errors': 0, 'incomplete_years': 4}
2026-08-15 13:18:23,757 WARNING findata.database.edgar_ | INVA: incomplete quarterly coverage for 25 (item, year) pair(s): {('balance', 'cash_and_equivalents'): [2010], ('balance', 'inventory'): [2021, 2022], ('balance', 'long_term_debt'): [2013, 2014], ('balance', 'shares_outstanding'): [2014, 2015, 2016, 2017], ('balance', 'short_term_debt'): [2012, 2015, 2016, 2017, 2021, 2024], ('balance', 'stockholders_equity'): [2010, 2011], ('cashflow', 'capex'): [2017], ('cashflow', 'depreciation_amortization'): [2022], ('cashflow', 'stock_buybacks'): [2018, 2020, 2021], ('income', 'income_tax'): [2015], ('income', 'operating_income'): [2022], ('income', 'rnd_expense'): [2019]}
2026-08-15 13:18:23,758 INFO    findata.database.edgar_ | INVA processed: {'text_filings': 0, 'sections': 0, 'form4_rows': 0, 'income': 947, 'balance': 546, 'cashflow': 658, 'errors': 0, 'incomplete_years': 25}
2026-08-15 13:18:23,933 WARNING findata.database.edgar_ | KOPN: incomplete quarterly coverage for 15 (item, year) pair(s): {('balance', 'cash_and_equivalents'): [2010, 2011], ('balance', 'goodwill'): [2012, 2020, 2021], ('balance', 'short_term_investments'): [2025], ('balance', 'stockholders_equity'): [2010, 2011], ('cashflow', 'financing_cash_flow'): [2025], ('cashflow', 'stock_buybacks'): [2018, 2019], ('income', 'cost_of_revenue'): [2018], ('income', 'eps_diluted'): [2022], ('income', 'income_tax'): [2024], ('income', 'shares_diluted'): [2022]}
2026-08-15 13:18:23,934 INFO    findata.database.edgar_ | KOPN processed: {'text_filings': 0, 'sections': 0, 'form4_rows': 0, 'income': 1055, 'balance': 583, 'cashflow': 625, 'errors': 0, 'incomplete_years': 15}
2026-08-15 13:18:26,046 WARNING findata.database.edgar_ | KRNY: incomplete quarterly coverage for 6 (item, year) pair(s): {('balance', 'cash_and_equivalents'): [2014], ('balance', 'goodwill'): [2014, 2015], ('balance', 'short_term_debt'): [2024], ('balance', 'stockholders_equity'): [2014], ('income', 'interest_expense'): [2024]}
2026-08-15 13:18:26,047 INFO    findata.database.edgar_ | KRNY processed: {'text_filings': 0, 'sections': 0, 'form4_rows': 0, 'income': 566, 'balance': 334, 'cashflow': 414, 'errors': 0, 'incomplete_years': 6}
2026-08-15 13:18:26,176 WARNING findata.database.edgar_ | LILA: incomplete quarterly coverage for 4 (item, year) pair(s): {('balance', 'cash_and_equivalents'): [2016], ('balance', 'goodwill'): [2017], ('balance', 'stockholders_equity'): [2016, 2017]}
2026-08-15 13:18:26,177 INFO    findata.database.edgar_ | LILA processed: {'text_filings': 0, 'sections': 0, 'form4_rows': 0, 'income': 659, 'balance': 332, 'cashflow': 412, 'errors': 0, 'incomplete_years': 4}
2026-08-15 13:18:26,377 WARNING findata.database.edgar_ | LYTS: incomplete quarterly coverage for 6 (item, year) pair(s): {('balance', 'assets'): [2010, 2011], ('balance', 'long_term_debt'): [2017], ('balance', 'short_term_debt'): [2021], ('balance', 'stockholders_equity'): [2010, 2011]}
2026-08-15 13:18:26,378 INFO    findata.database.edgar_ | LYTS processed: {'text_filings': 0, 'sections': 0, 'form4_rows': 0, 'income': 1023, 'balance': 613, 'cashflow': 797, 'errors': 0, 'incomplete_years': 6}
2026-08-15 13:18:26,562 WARNING findata.database.edgar_ | META: incomplete quarterly coverage for 9 (item, year) pair(s): {('balance', 'cash_and_equivalents'): [2011], ('balance', 'goodwill'): [2012], ('balance', 'long_term_debt'): [2021, 2022], ('balance', 'short_term_investments'): [2018, 2021, 2022], ('income', 'interest_expense'): [2024, 2025]}
2026-08-15 13:18:26,563 INFO    findata.database.edgar_ | META processed: {'text_filings': 0, 'sections': 0, 'form4_rows': 0, 'income': 1020, 'balance': 479, 'cashflow': 658, 'errors': 0, 'incomplete_years': 9}
2026-08-15 13:18:26,747 WARNING findata.database.edgar_ | ORA: incomplete quarterly coverage for 9 (item, year) pair(s): {('balance', 'cash_and_equivalents'): [2009], ('balance', 'short_term_debt'): [2019, 2022, 2023], ('balance', 'short_term_investments'): [2013], ('balance', 'stockholders_equity'): [2009], ('cashflow', 'capex'): [2017], ('cashflow', 'dividends_paid'): [2012, 2013]}
2026-08-15 13:18:26,748 INFO    findata.database.edgar_ | ORA processed: {'text_filings': 0, 'sections': 0, 'form4_rows': 0, 'income': 1114, 'balance': 680, 'cashflow': 713, 'errors': 0, 'incomplete_years': 9}
2026-08-15 13:18:29,223 WARNING findata.database.edgar_ | PAYC: incomplete quarterly coverage for 8 (item, year) pair(s): {('balance', 'long_term_debt'): [2023], ('balance', 'short_term_debt'): [2022], ('balance', 'stockholders_equity'): [2013], ('cashflow', 'stock_buybacks'): [2022, 2023, 2024, 2025], ('income', 'interest_expense'): [2018]}
2026-08-15 13:18:29,225 INFO    findata.database.edgar_ | PAYC processed: {'text_filings': 0, 'sections': 0, 'form4_rows': 0, 'income': 963, 'balance': 625, 'cashflow': 565, 'errors': 0, 'incomplete_years': 8}
2026-08-15 13:18:29,387 WARNING findata.database.edgar_ | PRU: incomplete quarterly coverage for 7 (item, year) pair(s): {('balance', 'cash_and_equivalents'): [2008], ('balance', 'short_term_investments'): [2020, 2021], ('balance', 'stockholders_equity'): [2008], ('cashflow', 'depreciation_amortization'): [2023, 2025], ('cashflow', 'stock_buybacks'): [2010]}
2026-08-15 13:18:29,389 INFO    findata.database.edgar_ | PRU processed: {'text_filings': 0, 'sections': 0, 'form4_rows': 0, 'income': 640, 'balance': 523, 'cashflow': 768, 'errors': 0, 'incomplete_years': 7}
2026-08-15 13:18:29,539 WARNING findata.database.edgar_ | QCRH: incomplete quarterly coverage for 6 (item, year) pair(s): {('balance', 'cash_and_equivalents'): [2010, 2019], ('balance', 'short_term_debt'): [2018, 2019], ('income', 'interest_expense'): [2024, 2025]}
2026-08-15 13:18:29,540 INFO    findata.database.edgar_ | QCRH processed: {'text_filings': 0, 'sections': 0, 'form4_rows': 0, 'income': 724, 'balance': 450, 'cashflow': 570, 'errors': 0, 'incomplete_years': 6}
2026-08-15 13:18:29,664 WARNING findata.database.edgar_ | RITM: incomplete quarterly coverage for 10 (item, year) pair(s): {('balance', 'cash_and_equivalents'): [2013], ('cashflow', 'depreciation_amortization'): [2016, 2022], ('cashflow', 'dividends_paid'): [2022, 2023], ('income', 'interest_expense'): [2024], ('income', 'revenue'): [2015, 2019], ('income', 'shares_basic'): [2021], ('income', 'shares_diluted'): [2021]}
2026-08-15 13:18:29,665 INFO    findata.database.edgar_ | RITM processed: {'text_filings': 0, 'sections': 0, 'form4_rows': 0, 'income': 678, 'balance': 416, 'cashflow': 414, 'errors': 0, 'incomplete_years': 10}
2026-08-15 13:18:29,837 WARNING findata.database.edgar_ | SAM: incomplete quarterly coverage for 6 (item, year) pair(s): {('balance', 'cash_and_equivalents'): [2010], ('balance', 'short_term_debt'): [2015], ('balance', 'stockholders_equity'): [2010, 2011], ('cashflow', 'stock_buybacks'): [2014], ('income', 'shares_basic'): [2012]}
2026-08-15 13:18:29,838 INFO    findata.database.edgar_ | SAM processed: {'text_filings': 0, 'sections': 0, 'form4_rows': 0, 'income': 962, 'balance': 540, 'cashflow': 671, 'errors': 0, 'incomplete_years': 6}
2026-08-15 13:18:32,305 WARNING findata.database.edgar_ | SM: incomplete quarterly coverage for 17 (item, year) pair(s): {('balance', 'assets_noncurrent'): [2020], ('balance', 'cash_and_equivalents'): [2009], ('balance', 'long_term_debt'): [2019, 2020, 2022], ('balance', 'stockholders_equity'): [2009], ('cashflow', 'dividends_paid'): [2011, 2012, 2013, 2014, 2015, 2016, 2017, 2018, 2019, 2020, 2021]}
2026-08-15 13:18:32,306 INFO    findata.database.edgar_ | SM processed: {'text_filings': 0, 'sections': 0, 'form4_rows': 0, 'income': 1077, 'balance': 590, 'cashflow': 494, 'errors': 0, 'incomplete_years': 17}
2026-08-15 13:18:32,415 WARNING findata.database.edgar_ | STEL: incomplete quarterly coverage for 7 (item, year) pair(s): {('balance', 'cash_and_equivalents'): [2016], ('balance', 'stockholders_equity'): [2016], ('cashflow', 'capex'): [2018], ('cashflow', 'stock_buybacks'): [2019, 2022, 2023], ('income', 'interest_expense'): [2024]}
2026-08-15 13:18:32,416 INFO    findata.database.edgar_ | STEL processed: {'text_filings': 0, 'sections': 0, 'form4_rows': 0, 'income': 453, 'balance': 261, 'cashflow': 440, 'errors': 0, 'incomplete_years': 7}
2026-08-15 13:18:32,645 WARNING findata.database.edgar_ | TITN: incomplete quarterly coverage for 8 (item, year) pair(s): {('balance', 'cash_and_equivalents'): [2011], ('balance', 'goodwill'): [2017, 2018, 2019], ('balance', 'stockholders_equity'): [2011, 2012], ('cashflow', 'capex'): [2025, 2026]}
2026-08-15 13:18:32,646 INFO    findata.database.edgar_ | TITN processed: {'text_filings': 0, 'sections': 0, 'form4_rows': 0, 'income': 1040, 'balance': 684, 'cashflow': 555, 'errors': 0, 'incomplete_years': 8}
2026-08-15 13:18:32,862 WARNING findata.database.edgar_ | TMUS: incomplete quarterly coverage for 14 (item, year) pair(s): {('balance', 'cash_and_equivalents'): [2009], ('balance', 'goodwill'): [2013], ('balance', 'liabilities'): [2013], ('balance', 'long_term_debt'): [2024, 2025], ('balance', 'short_term_investments'): [2011, 2014, 2015], ('balance', 'stockholders_equity'): [2009, 2010], ('cashflow', 'stock_buybacks'): [2013, 2020, 2021], ('income', 'cost_of_revenue'): [2018]}
2026-08-15 13:18:32,863 INFO    findata.database.edgar_ | TMUS processed: {'text_filings': 0, 'sections': 0, 'form4_rows': 0, 'income': 1056, 'balance': 779, 'cashflow': 915, 'errors': 0, 'incomplete_years': 14}
2026-08-15 13:18:33,076 WARNING findata.database.edgar_ | UNH: incomplete quarterly coverage for 2 (item, year) pair(s): {('balance', 'cash_and_equivalents'): [2008], ('balance', 'stockholders_equity'): [2008]}
2026-08-15 13:18:33,077 INFO    findata.database.edgar_ | UNH processed: {'text_filings': 0, 'sections': 0, 'form4_rows': 0, 'income': 1183, 'balance': 852, 'cashflow': 933, 'errors': 0, 'incomplete_years': 2}
2026-08-15 13:18:35,174 WARNING findata.database.edgar_ | VCEL: incomplete quarterly coverage for 21 (item, year) pair(s): {('balance', 'cash_and_equivalents'): [2010, 2016, 2017, 2018], ('balance', 'liabilities'): [2014], ('balance', 'long_term_debt'): [2013, 2014, 2018], ('balance', 'short_term_debt'): [2014], ('balance', 'stockholders_equity'): [2011], ('cashflow', 'capex'): [2014, 2015, 2017], ('income', 'cost_of_revenue'): [2018], ('income', 'costs_and_expenses'): [2014], ('income', 'income_tax'): [2023, 2024], ('income', 'pretax_income'): [2023, 2024], ('income', 'shares_basic'): [2013], ('income', 'shares_diluted'): [2013]}
2026-08-15 13:18:35,175 INFO    findata.database.edgar_ | VCEL processed: {'text_filings': 0, 'sections': 0, 'form4_rows': 0, 'income': 1016, 'balance': 611, 'cashflow': 575, 'errors': 0, 'incomplete_years': 21}
2026-08-15 13:18:35,479 WARNING findata.database.edgar_ | VTR: incomplete quarterly coverage for 27 (item, year) pair(s): {('balance', 'cash_and_equivalents'): [2008], ('balance', 'goodwill'): [2013, 2014, 2015], ('balance', 'long_term_debt'): [2019, 2020, 2021, 2022, 2023, 2024, 2025], ('balance', 'shares_outstanding'): [2011, 2012, 2013, 2014, 2015, 2016, 2017, 2018, 2019, 2020, 2021], ('balance', 'stockholders_equity'): [2008, 2009], ('cashflow', 'capex'): [2024], ('income', 'pretax_income'): [2019, 2020]}
2026-08-15 13:18:35,481 INFO    findata.database.edgar_ | VTR processed: {'text_filings': 0, 'sections': 0, 'form4_rows': 0, 'income': 997, 'balance': 474, 'cashflow': 815, 'errors': 0, 'incomplete_years': 27}
2026-08-15 13:18:35,710 WARNING findata.database.edgar_ | ABEO: incomplete quarterly coverage for 24 (item, year) pair(s): {('balance', 'goodwill'): [2021], ('balance', 'inventory'): [2025], ('balance', 'short_term_debt'): [2024], ('balance', 'short_term_investments'): [2019], ('cashflow', 'financing_cash_flow'): [2012, 2013, 2020, 2022], ('income', 'cost_of_revenue'): [2025], ('income', 'costs_and_expenses'): [2019, 2024], ('income', 'eps_diluted'): [2022], ('income', 'interest_expense'): [2016, 2018], ('income', 'revenue'): [2019, 2020, 2022, 2023, 2025], ('income', 'shares_basic'): [2014, 2021, 2022], ('income', 'shares_diluted'): [2014, 2022]}
2026-08-15 13:18:35,712 INFO    findata.database.edgar_ | ABEO processed: {'text_filings': 0, 'sections': 0, 'form4_rows': 0, 'income': 855, 'balance': 568, 'cashflow': 590, 'errors': 0, 'incomplete_years': 24}
2026-08-15 13:18:36,045 WARNING findata.database.edgar_ | AMPH: incomplete quarterly coverage for 5 (item, year) pair(s): {('balance', 'cash_and_equivalents'): [2013], ('balance', 'goodwill'): [2014], ('balance', 'stockholders_equity'): [2013, 2014], ('cashflow', 'stock_buybacks'): [2024]}
2026-08-15 13:18:36,048 INFO    findata.database.edgar_ | AMPH processed: {'text_filings': 0, 'sections': 0, 'form4_rows': 0, 'income': 938, 'balance': 647, 'cashflow': 565, 'errors': 0, 'incomplete_years': 5}
2026-08-15 13:18:36,158 WARNING findata.database.edgar_ | BG: incomplete quarterly coverage for 2 (item, year) pair(s): {('balance', 'cash_and_equivalents'): [2022], ('balance', 'stockholders_equity'): [2022]}
2026-08-15 13:18:36,159 INFO    findata.database.edgar_ | BG processed: {'text_filings': 0, 'sections': 0, 'form4_rows': 0, 'income': 223, 'balance': 134, 'cashflow': 153, 'errors': 0, 'incomplete_years': 2}
2026-08-15 13:18:38,107 INFO    findata.database.edgar_ | BIDU processed: {'text_filings': 0, 'sections': 0, 'form4_rows': 0, 'income': 220, 'balance': 253, 'cashflow': 191, 'errors': 0, 'incomplete_years': 0}
2026-08-15 13:18:38,232 WARNING findata.database.edgar_ | CNI: incomplete quarterly coverage for 15 (item, year) pair(s): {('balance', 'cash_and_equivalents'): [2010, 2011, 2012, 2013, 2014, 2015, 2016, 2017, 2018, 2019, 2020, 2021, 2022, 2023, 2024]}
2026-08-15 13:18:38,233 INFO    findata.database.edgar_ | CNI processed: {'text_filings': 0, 'sections': 0, 'form4_rows': 0, 'income': 233, 'balance': 178, 'cashflow': 193, 'errors': 0, 'incomplete_years': 15}
2026-08-15 13:18:38,399 WARNING findata.database.edgar_ | COKE: incomplete quarterly coverage for 7 (item, year) pair(s): {('balance', 'cash_and_equivalents'): [2010], ('balance', 'short_term_debt'): [2021, 2022, 2023, 2024], ('balance', 'stockholders_equity'): [2010], ('income', 'interest_expense'): [2024]}
2026-08-15 13:18:38,400 INFO    findata.database.edgar_ | COKE processed: {'text_filings': 0, 'sections': 0, 'form4_rows': 0, 'income': 785, 'balance': 631, 'cashflow': 736, 'errors': 0, 'incomplete_years': 7}
2026-08-15 13:18:38,435 INFO    findata.database.edgar_ | EMBJ processed: {'text_filings': 0, 'sections': 0, 'form4_rows': 0, 'income': 44, 'balance': 35, 'cashflow': 0, 'errors': 0, 'incomplete_years': 0}
2026-08-15 13:18:38,619 WARNING findata.database.edgar_ | FHI: incomplete quarterly coverage for 3 (item, year) pair(s): {('balance', 'cash_and_equivalents'): [2009], ('balance', 'stockholders_equity'): [2009], ('income', 'costs_and_expenses'): [2016]}
2026-08-15 13:18:38,620 INFO    findata.database.edgar_ | FHI processed: {'text_filings': 0, 'sections': 0, 'form4_rows': 0, 'income': 957, 'balance': 630, 'cashflow': 808, 'errors': 0, 'incomplete_years': 3}
2026-08-15 13:18:40,565 INFO    findata.database.edgar_ | FINV processed: {'text_filings': 0, 'sections': 0, 'form4_rows': 0, 'income': 118, 'balance': 70, 'cashflow': 70, 'errors': 0, 'incomplete_years': 0}
2026-08-15 13:18:40,759 WARNING findata.database.edgar_ | FITB: incomplete quarterly coverage for 18 (item, year) pair(s): {('balance', 'stockholders_equity'): [2008], ('cashflow', 'capex'): [2011, 2012], ('cashflow', 'depreciation_amortization'): [2011, 2012], ('cashflow', 'dividends_paid'): [2011, 2012], ('cashflow', 'financing_cash_flow'): [2011, 2012], ('cashflow', 'investing_cash_flow'): [2011, 2012], ('cashflow', 'operating_cash_flow'): [2011, 2012], ('cashflow', 'stock_buybacks'): [2014], ('income', 'interest_expense'): [2024], ('income', 'shares_basic'): [2011], ('income', 'shares_diluted'): [2011, 2013]}
2026-08-15 13:18:40,761 INFO    findata.database.edgar_ | FITB processed: {'text_filings': 0, 'sections': 0, 'form4_rows': 0, 'income': 797, 'balance': 529, 'cashflow': 880, 'errors': 0, 'incomplete_years': 18}
2026-08-15 13:18:40,787 INFO    findata.database.edgar_ | GPRK processed: {'text_filings': 0, 'sections': 0, 'form4_rows': 0, 'income': 11, 'balance': 29, 'cashflow': 0, 'errors': 0, 'incomplete_years': 0}
2026-08-15 13:18:40,880 WARNING findata.database.edgar_ | HRZN: incomplete quarterly coverage for 5 (item, year) pair(s): {('balance', 'shares_outstanding'): [2017, 2018, 2019, 2020, 2021]}
2026-08-15 13:18:40,881 INFO    findata.database.edgar_ | HRZN processed: {'text_filings': 0, 'sections': 0, 'form4_rows': 0, 'income': 178, 'balance': 128, 'cashflow': 107, 'errors': 0, 'incomplete_years': 5}
2026-08-15 13:18:41,087 WARNING findata.database.edgar_ | IOSP: incomplete quarterly coverage for 8 (item, year) pair(s): {('balance', 'cash_and_equivalents'): [2010], ('balance', 'liabilities'): [2019, 2021], ('balance', 'long_term_debt'): [2021], ('balance', 'short_term_debt'): [2016, 2020], ('balance', 'stockholders_equity'): [2010, 2011]}
2026-08-15 13:18:41,088 INFO    findata.database.edgar_ | IOSP processed: {'text_filings': 0, 'sections': 0, 'form4_rows': 0, 'income': 1088, 'balance': 646, 'cashflow': 772, 'errors': 0, 'incomplete_years': 8}
2026-08-15 13:18:43,351 WARNING findata.database.edgar_ | IRWD: incomplete quarterly coverage for 16 (item, year) pair(s): {('balance', 'cash_and_equivalents'): [2010], ('balance', 'inventory'): [2015, 2016, 2017, 2018], ('balance', 'long_term_debt'): [2019, 2025], ('balance', 'stockholders_equity'): [2010, 2011], ('cashflow', 'capex'): [2021], ('cashflow', 'investing_cash_flow'): [2021], ('income', 'cost_of_revenue'): [2015, 2020], ('income', 'income_tax'): [2020], ('income', 'pretax_income'): [2012, 2019]}
2026-08-15 13:18:43,352 INFO    findata.database.edgar_ | IRWD processed: {'text_filings': 0, 'sections': 0, 'form4_rows': 0, 'income': 1012, 'balance': 448, 'cashflow': 562, 'errors': 0, 'incomplete_years': 16}
2026-08-15 13:18:43,548 WARNING findata.database.edgar_ | MAS: incomplete quarterly coverage for 4 (item, year) pair(s): {('balance', 'cash_and_equivalents'): [2008], ('balance', 'short_term_investments'): [2013], ('balance', 'stockholders_equity'): [2008, 2009]}
2026-08-15 13:18:43,549 INFO    findata.database.edgar_ | MAS processed: {'text_filings': 0, 'sections': 0, 'form4_rows': 0, 'income': 1070, 'balance': 759, 'cashflow': 885, 'errors': 0, 'incomplete_years': 4}
2026-08-15 13:18:43,758 WARNING findata.database.edgar_ | MFA: incomplete quarterly coverage for 16 (item, year) pair(s): {('balance', 'cash_and_equivalents'): [2009], ('balance', 'goodwill'): [2019, 2020, 2021, 2022], ('balance', 'stockholders_equity'): [2009, 2010], ('cashflow', 'capex'): [2023], ('cashflow', 'depreciation_amortization'): [2020], ('cashflow', 'stock_buybacks'): [2014], ('income', 'income_tax'): [2015, 2016, 2017, 2018, 2019, 2020]}
2026-08-15 13:18:43,759 INFO    findata.database.edgar_ | MFA processed: {'text_filings': 0, 'sections': 0, 'form4_rows': 0, 'income': 821, 'balance': 462, 'cashflow': 719, 'errors': 0, 'incomplete_years': 16}
2026-08-15 13:18:43,951 WARNING findata.database.edgar_ | MKC: incomplete quarterly coverage for 2 (item, year) pair(s): {('balance', 'cash_and_equivalents'): [2009], ('balance', 'stockholders_equity'): [2009]}
2026-08-15 13:18:43,952 INFO    findata.database.edgar_ | MKC processed: {'text_filings': 0, 'sections': 0, 'form4_rows': 0, 'income': 1035, 'balance': 626, 'cashflow': 831, 'errors': 0, 'incomplete_years': 2}
2026-08-15 13:18:44,129 WARNING findata.database.edgar_ | MKL: incomplete quarterly coverage for 12 (item, year) pair(s): {('balance', 'cash_and_equivalents'): [2009], ('balance', 'goodwill'): [2011, 2012, 2013], ('balance', 'long_term_debt'): [2021], ('balance', 'shares_outstanding'): [2020, 2021, 2022, 2023, 2024, 2025], ('balance', 'stockholders_equity'): [2009]}
2026-08-15 13:18:44,130 INFO    findata.database.edgar_ | MKL processed: {'text_filings': 0, 'sections': 0, 'form4_rows': 0, 'income': 1022, 'balance': 435, 'cashflow': 615, 'errors': 0, 'incomplete_years': 12}
2026-08-15 13:18:46,161 WARNING findata.database.edgar_ | MTH: incomplete quarterly coverage for 14 (item, year) pair(s): {('balance', 'cash_and_equivalents'): [2010], ('balance', 'goodwill'): [2014], ('balance', 'shares_outstanding'): [2013, 2014, 2015, 2016], ('balance', 'stockholders_equity'): [2010, 2011], ('income', 'gross_profit'): [2018, 2021, 2022], ('income', 'revenue'): [2018, 2021, 2022]}
2026-08-15 13:18:46,162 INFO    findata.database.edgar_ | MTH processed: {'text_filings': 0, 'sections': 0, 'form4_rows': 0, 'income': 751, 'balance': 402, 'cashflow': 665, 'errors': 0, 'incomplete_years': 14}
2026-08-15 13:18:46,351 WARNING findata.database.edgar_ | NOC: incomplete quarterly coverage for 12 (item, year) pair(s): {('balance', 'cash_and_equivalents'): [2008], ('balance', 'inventory'): [2020, 2021, 2022, 2023], ('balance', 'short_term_debt'): [2012, 2013, 2014, 2015, 2016, 2017], ('income', 'cost_of_revenue'): [2018]}
2026-08-15 13:18:46,352 INFO    findata.database.edgar_ | NOC processed: {'text_filings': 0, 'sections': 0, 'form4_rows': 0, 'income': 1012, 'balance': 807, 'cashflow': 905, 'errors': 0, 'incomplete_years': 12}
2026-08-15 13:18:46,496 INFO    findata.database.edgar_ | NWSA processed: {'text_filings': 0, 'sections': 0, 'form4_rows': 0, 'income': 644, 'balance': 469, 'cashflow': 661, 'errors': 0, 'incomplete_years': 0}
2026-08-15 13:18:46,693 WARNING findata.database.edgar_ | OC: incomplete quarterly coverage for 5 (item, year) pair(s): {('balance', 'cash_and_equivalents'): [2009], ('balance', 'goodwill'): [2013, 2014], ('balance', 'stockholders_equity'): [2009, 2010]}
2026-08-15 13:18:46,694 INFO    findata.database.edgar_ | OC processed: {'text_filings': 0, 'sections': 0, 'form4_rows': 0, 'income': 1168, 'balance': 725, 'cashflow': 819, 'errors': 0, 'incomplete_years': 5}
2026-08-15 13:18:46,880 WARNING findata.database.edgar_ | QUIK: incomplete quarterly coverage for 17 (item, year) pair(s): {('balance', 'cash_and_equivalents'): [2010, 2020], ('balance', 'long_term_debt'): [2023], ('balance', 'stockholders_equity'): [2010, 2011], ('cashflow', 'capex'): [2025], ('cashflow', 'depreciation_amortization'): [2025], ('cashflow', 'financing_cash_flow'): [2025], ('cashflow', 'investing_cash_flow'): [2025], ('cashflow', 'operating_cash_flow'): [2025], ('income', 'eps_diluted'): [2022, 2023], ('income', 'shares_basic'): [2019, 2023], ('income', 'shares_diluted'): [2019, 2022, 2023]}
2026-08-15 13:18:46,881 INFO    findata.database.edgar_ | QUIK processed: {'text_filings': 0, 'sections': 0, 'form4_rows': 0, 'income': 1085, 'balance': 676, 'cashflow': 575, 'errors': 0, 'incomplete_years': 17}
2026-08-15 13:18:49,074 WARNING findata.database.edgar_ | RBB: incomplete quarterly coverage for 6 (item, year) pair(s): {('balance', 'cash_and_equivalents'): [2018, 2023, 2024], ('balance', 'stockholders_equity'): [2016], ('cashflow', 'depreciation_amortization'): [2019], ('income', 'interest_expense'): [2025]}
2026-08-15 13:18:49,075 INFO    findata.database.edgar_ | RBB processed: {'text_filings': 0, 'sections': 0, 'form4_rows': 0, 'income': 458, 'balance': 303, 'cashflow': 427, 'errors': 0, 'incomplete_years': 6}
2026-08-15 13:18:49,352 WARNING findata.database.edgar_ | SHOO: incomplete quarterly coverage for 4 (item, year) pair(s): {('balance', 'cash_and_equivalents'): [2025], ('income', 'operating_expenses'): [2021, 2022, 2023]}
2026-08-15 13:18:49,353 INFO    findata.database.edgar_ | SHOO processed: {'text_filings': 0, 'sections': 0, 'form4_rows': 0, 'income': 968, 'balance': 699, 'cashflow': 790, 'errors': 0, 'incomplete_years': 4}
2026-08-15 13:18:49,446 WARNING findata.database.edgar_ | SKT: incomplete quarterly coverage for 11 (item, year) pair(s): {('balance', 'shares_outstanding'): [2012, 2013, 2014, 2015, 2016, 2017, 2018, 2019, 2020], ('balance', 'short_term_investments'): [2024, 2025]}
2026-08-15 13:18:49,447 INFO    findata.database.edgar_ | SKT processed: {'text_filings': 0, 'sections': 0, 'form4_rows': 0, 'income': 172, 'balance': 201, 'cashflow': 170, 'errors': 0, 'incomplete_years': 11}
2026-08-15 13:18:49,732 WARNING findata.database.edgar_ | TDOC: incomplete quarterly coverage for 9 (item, year) pair(s): {('balance', 'cash_and_equivalents'): [2014], ('balance', 'goodwill'): [2015], ('balance', 'long_term_debt'): [2017], ('balance', 'short_term_debt'): [2019, 2020], ('balance', 'stockholders_equity'): [2014, 2015], ('cashflow', 'depreciation_amortization'): [2023], ('income', 'gross_profit'): [2019]}
2026-08-15 13:18:49,735 INFO    findata.database.edgar_ | TDOC processed: {'text_filings': 0, 'sections': 0, 'form4_rows': 0, 'income': 803, 'balance': 433, 'cashflow': 437, 'errors': 0, 'incomplete_years': 9}
2026-08-15 13:18:50,101 WARNING findata.database.edgar_ | THC: incomplete quarterly coverage for 6 (item, year) pair(s): {('balance', 'cash_and_equivalents'): [2009], ('balance', 'stockholders_equity'): [2009, 2010], ('cashflow', 'stock_buybacks'): [2014], ('income', 'shares_basic'): [2012], ('income', 'shares_diluted'): [2012]}
2026-08-15 13:18:50,103 INFO    findata.database.edgar_ | THC processed: {'text_filings': 0, 'sections': 0, 'form4_rows': 0, 'income': 852, 'balance': 742, 'cashflow': 701, 'errors': 0, 'incomplete_years': 6}
2026-08-15 13:18:52,450 WARNING findata.database.edgar_ | WD: incomplete quarterly coverage for 6 (item, year) pair(s): {('balance', 'cash_and_equivalents'): [2010], ('balance', 'stockholders_equity'): [2010, 2011], ('income', 'operating_income'): [2013, 2014, 2015]}
2026-08-15 13:18:52,451 INFO    findata.database.edgar_ | WD processed: {'text_filings': 0, 'sections': 0, 'form4_rows': 0, 'income': 823, 'balance': 438, 'cashflow': 774, 'errors': 0, 'incomplete_years': 6}
2026-08-15 13:18:52,718 WARNING findata.database.edgar_ | AMT: incomplete quarterly coverage for 10 (item, year) pair(s): {('balance', 'cash_and_equivalents'): [2008], ('balance', 'short_term_investments'): [2016, 2019], ('balance', 'stockholders_equity'): [2008], ('cashflow', 'dividends_paid'): [2025], ('cashflow', 'stock_buybacks'): [2025], ('income', 'cost_of_revenue'): [2020], ('income', 'interest_expense'): [2015, 2016, 2018]}
2026-08-15 13:18:52,719 INFO    findata.database.edgar_ | AMT processed: {'text_filings': 0, 'sections': 0, 'form4_rows': 0, 'income': 1134, 'balance': 805, 'cashflow': 870, 'errors': 0, 'incomplete_years': 10}
2026-08-15 13:18:52,864 WARNING findata.database.edgar_ | APAM: incomplete quarterly coverage for 3 (item, year) pair(s): {('balance', 'shares_outstanding'): [2014], ('balance', 'stockholders_equity'): [2012], ('income', 'shares_diluted'): [2016]}
2026-08-15 13:18:52,865 INFO    findata.database.edgar_ | APAM processed: {'text_filings': 0, 'sections': 0, 'form4_rows': 0, 'income': 769, 'balance': 297, 'cashflow': 608, 'errors': 0, 'incomplete_years': 3}
2026-08-15 13:18:52,922 WARNING findata.database.edgar_ | ARCC: incomplete quarterly coverage for 14 (item, year) pair(s): {('balance', 'cash_and_equivalents'): [2021], ('balance', 'shares_outstanding'): [2015, 2016, 2017, 2018, 2019, 2020, 2021], ('balance', 'stockholders_equity'): [2015, 2016, 2017, 2018, 2019, 2020]}
2026-08-15 13:18:52,923 INFO    findata.database.edgar_ | ARCC processed: {'text_filings': 0, 'sections': 0, 'form4_rows': 0, 'income': 144, 'balance': 144, 'cashflow': 102, 'errors': 0, 'incomplete_years': 14}
2026-08-15 13:18:53,048 WARNING findata.database.edgar_ | CCS: incomplete quarterly coverage for 3 (item, year) pair(s): {('balance', 'stockholders_equity'): [2014], ('cashflow', 'stock_buybacks'): [2023], ('income', 'interest_expense'): [2016]}
2026-08-15 13:18:53,049 INFO    findata.database.edgar_ | CCS processed: {'text_filings': 0, 'sections': 0, 'form4_rows': 0, 'income': 613, 'balance': 362, 'cashflow': 544, 'errors': 0, 'incomplete_years': 3}
2026-08-15 13:18:55,406 WARNING findata.database.edgar_ | CGC: incomplete quarterly coverage for 13 (item, year) pair(s): {('balance', 'assets'): [2019, 2020], ('balance', 'assets_current'): [2020], ('balance', 'goodwill'): [2018, 2019, 2020], ('balance', 'liabilities'): [2019, 2020], ('balance', 'shares_outstanding'): [2021, 2022], ('balance', 'stockholders_equity'): [2019], ('income', 'shares_basic'): [2024], ('income', 'shares_diluted'): [2024]}
2026-08-15 13:18:55,407 INFO    findata.database.edgar_ | CGC processed: {'text_filings': 0, 'sections': 0, 'form4_rows': 0, 'income': 525, 'balance': 354, 'cashflow': 260, 'errors': 0, 'incomplete_years': 13}
2026-08-15 13:18:55,557 WARNING findata.database.edgar_ | CZNC: incomplete quarterly coverage for 12 (item, year) pair(s): {('balance', 'cash_and_equivalents'): [2010], ('balance', 'goodwill'): [2017, 2018, 2019], ('balance', 'long_term_debt'): [2019], ('balance', 'shares_outstanding'): [2013], ('balance', 'stockholders_equity'): [2010], ('cashflow', 'stock_buybacks'): [2013, 2021], ('income', 'eps_diluted'): [2025], ('income', 'interest_expense'): [2024], ('income', 'shares_diluted'): [2025]}
2026-08-15 13:18:55,558 INFO    findata.database.edgar_ | CZNC processed: {'text_filings': 0, 'sections': 0, 'form4_rows': 0, 'income': 690, 'balance': 517, 'cashflow': 702, 'errors': 0, 'incomplete_years': 12}
2026-08-15 13:18:55,759 WARNING findata.database.edgar_ | DVA: incomplete quarterly coverage for 4 (item, year) pair(s): {('balance', 'cash_and_equivalents'): [2008], ('balance', 'long_term_debt'): [2013], ('cashflow', 'stock_buybacks'): [2010, 2011]}
2026-08-15 13:18:55,760 INFO    findata.database.edgar_ | DVA processed: {'text_filings': 0, 'sections': 0, 'form4_rows': 0, 'income': 1061, 'balance': 913, 'cashflow': 801, 'errors': 0, 'incomplete_years': 4}
2026-08-15 13:18:55,956 WARNING findata.database.edgar_ | EXR: incomplete quarterly coverage for 8 (item, year) pair(s): {('balance', 'cash_and_equivalents'): [2009], ('balance', 'stockholders_equity'): [2009, 2010], ('cashflow', 'depreciation_amortization'): [2020], ('cashflow', 'stock_buybacks'): [2022, 2023, 2024], ('income', 'interest_expense'): [2024]}
2026-08-15 13:18:55,957 INFO    findata.database.edgar_ | EXR processed: {'text_filings': 0, 'sections': 0, 'form4_rows': 0, 'income': 1107, 'balance': 423, 'cashflow': 797, 'errors': 0, 'incomplete_years': 8}
2026-08-15 13:18:56,121 WARNING findata.database.edgar_ | FMNB: incomplete quarterly coverage for 13 (item, year) pair(s): {('balance', 'cash_and_equivalents'): [2010, 2013], ('balance', 'shares_outstanding'): [2013, 2014, 2015, 2016, 2017, 2018, 2019], ('balance', 'short_term_debt'): [2022], ('balance', 'stockholders_equity'): [2011], ('cashflow', 'capex'): [2023], ('income', 'interest_expense'): [2024]}
2026-08-15 13:18:56,122 INFO    findata.database.edgar_ | FMNB processed: {'text_filings': 0, 'sections': 0, 'form4_rows': 0, 'income': 719, 'balance': 481, 'cashflow': 784, 'errors': 0, 'incomplete_years': 13}
2026-08-15 13:18:57,980 WARNING findata.database.edgar_ | FPI: incomplete quarterly coverage for 6 (item, year) pair(s): {('balance', 'goodwill'): [2025], ('balance', 'stockholders_equity'): [2013], ('cashflow', 'capex'): [2020], ('cashflow', 'stock_buybacks'): [2017], ('income', 'income_tax'): [2022], ('income', 'operating_income'): [2023]}
2026-08-15 13:18:57,981 INFO    findata.database.edgar_ | FPI processed: {'text_filings': 0, 'sections': 0, 'form4_rows': 0, 'income': 660, 'balance': 348, 'cashflow': 607, 'errors': 0, 'incomplete_years': 6}
2026-08-15 13:18:58,117 WARNING findata.database.edgar_ | FTAI: incomplete quarterly coverage for 9 (item, year) pair(s): {('balance', 'cash_and_equivalents'): [2014], ('balance', 'goodwill'): [2022, 2023], ('income', 'eps_basic'): [2019, 2021, 2022], ('income', 'eps_diluted'): [2019, 2021, 2022]}
2026-08-15 13:18:58,118 INFO    findata.database.edgar_ | FTAI processed: {'text_filings': 0, 'sections': 0, 'form4_rows': 0, 'income': 696, 'balance': 453, 'cashflow': 544, 'errors': 0, 'incomplete_years': 9}
2026-08-15 13:18:58,309 WARNING findata.database.edgar_ | GNTX: incomplete quarterly coverage for 14 (item, year) pair(s): {('balance', 'cash_and_equivalents'): [2009], ('balance', 'long_term_debt'): [2018], ('balance', 'short_term_debt'): [2014, 2015, 2016, 2017, 2019, 2021, 2024, 2025], ('balance', 'short_term_investments'): [2014, 2015], ('balance', 'stockholders_equity'): [2010], ('income', 'interest_expense'): [2020]}
2026-08-15 13:18:58,310 INFO    findata.database.edgar_ | GNTX processed: {'text_filings': 0, 'sections': 0, 'form4_rows': 0, 'income': 1117, 'balance': 692, 'cashflow': 827, 'errors': 0, 'incomplete_years': 14}
2026-08-15 13:18:58,455 INFO    findata.database.edgar_ | HLNE processed: {'text_filings': 0, 'sections': 0, 'form4_rows': 0, 'income': 285, 'balance': 206, 'cashflow': 464, 'errors': 0, 'incomplete_years': 0}
2026-08-15 13:18:58,632 WARNING findata.database.edgar_ | ITGR: incomplete quarterly coverage for 3 (item, year) pair(s): {('balance', 'cash_and_equivalents'): [2010], ('balance', 'stockholders_equity'): [2010, 2011]}
2026-08-15 13:18:58,633 INFO    findata.database.edgar_ | ITGR processed: {'text_filings': 0, 'sections': 0, 'form4_rows': 0, 'income': 1053, 'balance': 737, 'cashflow': 580, 'errors': 0, 'incomplete_years': 3}
2026-08-15 13:19:00,459 WARNING findata.database.edgar_ | LLY: incomplete quarterly coverage for 8 (item, year) pair(s): {('balance', 'cash_and_equivalents'): [2008, 2019], ('balance', 'goodwill'): [2011, 2012, 2013, 2014], ('balance', 'short_term_investments'): [2025], ('income', 'rnd_expense'): [2023]}
2026-08-15 13:19:00,460 INFO    findata.database.edgar_ | LLY processed: {'text_filings': 0, 'sections': 0, 'form4_rows': 0, 'income': 959, 'balance': 862, 'cashflow': 812, 'errors': 0, 'incomplete_years': 8}
2026-08-15 13:19:00,672 WARNING findata.database.edgar_ | MGNI: incomplete quarterly coverage for 7 (item, year) pair(s): {('balance', 'goodwill'): [2013, 2018, 2019], ('balance', 'long_term_debt'): [2020], ('balance', 'short_term_debt'): [2020, 2021], ('balance', 'stockholders_equity'): [2013]}
2026-08-15 13:19:00,673 INFO    findata.database.edgar_ | MGNI processed: {'text_filings': 0, 'sections': 0, 'form4_rows': 0, 'income': 900, 'balance': 519, 'cashflow': 522, 'errors': 0, 'incomplete_years': 7}
2026-08-15 13:19:00,777 WARNING findata.database.edgar_ | PJT: incomplete quarterly coverage for 3 (item, year) pair(s): {('balance', 'cash_and_equivalents'): [2014], ('balance', 'goodwill'): [2015], ('balance', 'stockholders_equity'): [2014]}
2026-08-15 13:19:00,778 INFO    findata.database.edgar_ | PJT processed: {'text_filings': 0, 'sections': 0, 'form4_rows': 0, 'income': 380, 'balance': 232, 'cashflow': 552, 'errors': 0, 'incomplete_years': 3}
2026-08-15 13:19:00,950 WARNING findata.database.edgar_ | RHI: incomplete quarterly coverage for 2 (item, year) pair(s): {('balance', 'cash_and_equivalents'): [2009], ('income', 'operating_income'): [2015]}
2026-08-15 13:19:00,951 INFO    findata.database.edgar_ | RHI processed: {'text_filings': 0, 'sections': 0, 'form4_rows': 0, 'income': 939, 'balance': 671, 'cashflow': 852, 'errors': 0, 'incomplete_years': 2}
2026-08-15 13:19:01,114 WARNING findata.database.edgar_ | RPD: incomplete quarterly coverage for 3 (item, year) pair(s): {('balance', 'cash_and_equivalents'): [2015], ('balance', 'stockholders_equity'): [2014, 2015]}
2026-08-15 13:19:01,115 INFO    findata.database.edgar_ | RPD processed: {'text_filings': 0, 'sections': 0, 'form4_rows': 0, 'income': 838, 'balance': 464, 'cashflow': 455, 'errors': 0, 'incomplete_years': 3}
2026-08-15 13:19:03,228 WARNING findata.database.edgar_ | RRC: incomplete quarterly coverage for 18 (item, year) pair(s): {('balance', 'assets'): [2021], ('balance', 'assets_current'): [2021], ('balance', 'cash_and_equivalents'): [2008, 2021], ('balance', 'inventory'): [2019], ('balance', 'liabilities'): [2011, 2021], ('balance', 'liabilities_current'): [2021], ('balance', 'long_term_debt'): [2016, 2021], ('balance', 'shares_outstanding'): [2009], ('balance', 'short_term_debt'): [2021, 2023, 2024], ('balance', 'stockholders_equity'): [2008, 2009], ('cashflow', 'capex'): [2019], ('cashflow', 'dividends_paid'): [2021]}
2026-08-15 13:19:03,229 INFO    findata.database.edgar_ | RRC processed: {'text_filings': 0, 'sections': 0, 'form4_rows': 0, 'income': 962, 'balance': 686, 'cashflow': 732, 'errors': 0, 'incomplete_years': 18}
2026-08-15 13:19:03,345 WARNING findata.database.edgar_ | SHOP: incomplete quarterly coverage for 83 (item, year) pair(s): {('balance', 'assets'): [2016, 2017, 2018, 2019, 2020, 2021, 2022, 2023, 2024], ('balance', 'assets_current'): [2016, 2017, 2018, 2019, 2020, 2021, 2022, 2023, 2024], ('balance', 'assets_noncurrent'): [2016, 2017, 2018, 2019, 2020, 2021, 2022, 2023, 2024], ('balance', 'cash_and_equivalents'): [2014, 2015, 2016, 2017, 2018, 2019, 2020, 2021, 2022, 2023], ('balance', 'goodwill'): [2016, 2017, 2018, 2019, 2020, 2021, 2022, 2023, 2024], ('balance', 'liabilities_current'): [2016, 2017, 2018, 2019, 2020, 2021, 2022, 2023, 2024], ('balance', 'liabilities_noncurrent'): [2016, 2017, 2018, 2019, 2020, 2021, 2022, 2023, 2024], ('balance', 'short_term_investments'): [2016, 2017, 2018, 2019, 2020, 2021, 2022, 2023, 2024], ('balance', 'stockholders_equity'): [2014, 2015, 2016, 2017, 2018, 2019, 2020, 2021, 2022, 2023]}
2026-08-15 13:19:03,346 INFO    findata.database.edgar_ | SHOP processed: {'text_filings': 0, 'sections': 0, 'form4_rows': 0, 'income': 286, 'balance': 172, 'cashflow': 173, 'errors': 0, 'incomplete_years': 83}
2026-08-15 13:19:03,536 WARNING findata.database.edgar_ | TAP: incomplete quarterly coverage for 13 (item, year) pair(s): {('balance', 'cash_and_equivalents'): [2008], ('balance', 'short_term_debt'): [2010], ('balance', 'stockholders_equity'): [2008, 2009], ('income', 'interest_expense'): [2015, 2016, 2017, 2018, 2019, 2020, 2021, 2022, 2023]}
2026-08-15 13:19:03,537 INFO    findata.database.edgar_ | TAP processed: {'text_filings': 0, 'sections': 0, 'form4_rows': 0, 'income': 979, 'balance': 727, 'cashflow': 820, 'errors': 0, 'incomplete_years': 13}
2026-08-15 13:19:03,697 WARNING findata.database.edgar_ | TGTX: incomplete quarterly coverage for 23 (item, year) pair(s): {('balance', 'cash_and_equivalents'): [2009, 2010], ('balance', 'goodwill'): [2024], ('balance', 'short_term_debt'): [2022, 2023], ('balance', 'short_term_investments'): [2020], ('balance', 'stockholders_equity'): [2002, 2003, 2004, 2005, 2006, 2007, 2008, 2009, 2010, 2011], ('cashflow', 'capex'): [2023], ('cashflow', 'stock_buybacks'): [2014], ('income', 'income_tax'): [2014, 2023], ('income', 'interest_expense'): [2016, 2018], ('income', 'pretax_income'): [2014]}
2026-08-15 13:19:03,698 INFO    findata.database.edgar_ | TGTX processed: {'text_filings': 0, 'sections': 0, 'form4_rows': 0, 'income': 849, 'balance': 671, 'cashflow': 567, 'errors': 0, 'incomplete_years': 23}
2026-08-15 13:19:03,925 WARNING findata.database.edgar_ | TMO: incomplete quarterly coverage for 9 (item, year) pair(s): {('balance', 'cash_and_equivalents'): [2008], ('balance', 'inventory'): [2010, 2011], ('balance', 'short_term_investments'): [2012, 2013, 2015, 2023], ('balance', 'stockholders_equity'): [2009], ('income', 'cost_of_revenue'): [2018]}
2026-08-15 13:19:03,926 INFO    findata.database.edgar_ | TMO processed: {'text_filings': 0, 'sections': 0, 'form4_rows': 0, 'income': 1244, 'balance': 731, 'cashflow': 893, 'errors': 0, 'incomplete_years': 9}
2026-08-15 13:19:06,865 INFO    findata.database.edgar_ | TRP processed: {'text_filings': 0, 'sections': 0, 'form4_rows': 0, 'income': 198, 'balance': 167, 'cashflow': 100, 'errors': 0, 'incomplete_years': 0}
2026-08-15 13:19:07,036 WARNING findata.database.edgar_ | UNM: incomplete quarterly coverage for 10 (item, year) pair(s): {('balance', 'cash_and_equivalents'): [2020, 2021], ('balance', 'short_term_debt'): [2017, 2019, 2021, 2022, 2024], ('income', 'operating_income'): [2014, 2023, 2024]}
2026-08-15 13:19:07,038 INFO    findata.database.edgar_ | UNM processed: {'text_filings': 0, 'sections': 0, 'form4_rows': 0, 'income': 834, 'balance': 508, 'cashflow': 856, 'errors': 0, 'incomplete_years': 10}
2026-08-15 13:19:07,291 WARNING findata.database.edgar_ | UTHR: incomplete quarterly coverage for 11 (item, year) pair(s): {('balance', 'cash_and_equivalents'): [2009], ('balance', 'goodwill'): [2018, 2023, 2024, 2025], ('balance', 'stockholders_equity'): [2009, 2010], ('cashflow', 'stock_buybacks'): [2017], ('income', 'costs_and_expenses'): [2015], ('income', 'operating_expenses'): [2015], ('income', 'rnd_expense'): [2016]}
2026-08-15 13:19:07,292 INFO    findata.database.edgar_ | UTHR processed: {'text_filings': 0, 'sections': 0, 'form4_rows': 0, 'income': 1263, 'balance': 692, 'cashflow': 669, 'errors': 0, 'incomplete_years': 11}
2026-08-15 13:19:07,469 WARNING findata.database.edgar_ | WLFC: incomplete quarterly coverage for 12 (item, year) pair(s): {('balance', 'cash_and_equivalents'): [2010], ('balance', 'inventory'): [2015, 2016, 2017], ('balance', 'shares_outstanding'): [2020, 2021, 2022, 2023, 2024, 2025], ('balance', 'stockholders_equity'): [2010], ('cashflow', 'stock_buybacks'): [2014]}
2026-08-15 13:19:07,470 INFO    findata.database.edgar_ | WLFC processed: {'text_filings': 0, 'sections': 0, 'form4_rows': 0, 'income': 1000, 'balance': 422, 'cashflow': 722, 'errors': 0, 'incomplete_years': 12}
2026-08-15 13:19:07,668 WARNING findata.database.edgar_ | XYL: incomplete quarterly coverage for 5 (item, year) pair(s): {('balance', 'cash_and_equivalents'): [2010], ('balance', 'short_term_debt'): [2012, 2013], ('balance', 'stockholders_equity'): [2010, 2011]}
2026-08-15 13:19:07,669 INFO    findata.database.edgar_ | XYL processed: {'text_filings': 0, 'sections': 0, 'form4_rows': 0, 'income': 1032, 'balance': 691, 'cashflow': 826, 'errors': 0, 'incomplete_years': 5}
2026-08-15 13:19:09,748 WARNING findata.database.edgar_ | AMD: incomplete quarterly coverage for 14 (item, year) pair(s): {('balance', 'cash_and_equivalents'): [2009], ('balance', 'short_term_debt'): [2017, 2020, 2021, 2023, 2025], ('balance', 'short_term_investments'): [2016, 2017, 2018], ('balance', 'stockholders_equity'): [2009, 2010], ('cashflow', 'depreciation_amortization'): [2020, 2022, 2023]}
2026-08-15 13:19:09,749 INFO    findata.database.edgar_ | AMD processed: {'text_filings': 0, 'sections': 0, 'form4_rows': 0, 'income': 1138, 'balance': 786, 'cashflow': 618, 'errors': 0, 'incomplete_years': 14}
2026-08-15 13:19:09,964 WARNING findata.database.edgar_ | AMN: incomplete quarterly coverage for 3 (item, year) pair(s): {('balance', 'cash_and_equivalents'): [2010], ('balance', 'stockholders_equity'): [2010, 2011]}
2026-08-15 13:19:09,965 INFO    findata.database.edgar_ | AMN processed: {'text_filings': 0, 'sections': 0, 'form4_rows': 0, 'income': 1053, 'balance': 586, 'cashflow': 668, 'errors': 0, 'incomplete_years': 3}
2026-08-15 13:19:10,000 INFO    findata.database.edgar_ | BAP processed: {'text_filings': 0, 'sections': 0, 'form4_rows': 0, 'income': 20, 'balance': 37, 'cashflow': 0, 'errors': 0, 'incomplete_years': 0}
2026-08-15 13:19:10,185 WARNING findata.database.edgar_ | BGS: incomplete quarterly coverage for 14 (item, year) pair(s): {('balance', 'cash_and_equivalents'): [2010], ('balance', 'goodwill'): [2011], ('balance', 'short_term_debt'): [2016, 2018, 2019, 2020, 2022, 2023], ('balance', 'stockholders_equity'): [2010, 2011], ('cashflow', 'stock_buybacks'): [2018], ('income', 'eps_basic'): [2022], ('income', 'eps_diluted'): [2022], ('income', 'interest_expense'): [2017]}
2026-08-15 13:19:10,187 INFO    findata.database.edgar_ | BGS processed: {'text_filings': 0, 'sections': 0, 'form4_rows': 0, 'income': 932, 'balance': 729, 'cashflow': 707, 'errors': 0, 'incomplete_years': 14}
2026-08-15 13:19:10,343 WARNING findata.database.edgar_ | CDNA: incomplete quarterly coverage for 14 (item, year) pair(s): {('balance', 'cash_and_equivalents'): [2013], ('balance', 'long_term_debt'): [2020, 2024], ('balance', 'short_term_debt'): [2020], ('balance', 'stockholders_equity'): [2013, 2014], ('cashflow', 'capex'): [2019, 2020, 2021, 2025], ('income', 'cost_of_revenue'): [2020], ('income', 'gross_profit'): [2020], ('income', 'income_tax'): [2015], ('income', 'pretax_income'): [2015]}
2026-08-15 13:19:10,344 INFO    findata.database.edgar_ | CDNA processed: {'text_filings': 0, 'sections': 0, 'form4_rows': 0, 'income': 784, 'balance': 586, 'cashflow': 483, 'errors': 0, 'incomplete_years': 14}
2026-08-15 13:19:12,462 WARNING findata.database.edgar_ | CRVS: incomplete quarterly coverage for 10 (item, year) pair(s): {('cashflow', 'capex'): [2020, 2022], ('cashflow', 'financing_cash_flow'): [2020, 2024], ('income', 'costs_and_expenses'): [2017, 2018], ('income', 'income_tax'): [2022, 2023, 2024, 2025]}
2026-08-15 13:19:12,463 INFO    findata.database.edgar_ | CRVS processed: {'text_filings': 0, 'sections': 0, 'form4_rows': 0, 'income': 549, 'balance': 348, 'cashflow': 385, 'errors': 0, 'incomplete_years': 10}
2026-08-15 13:19:12,633 WARNING findata.database.edgar_ | CTBI: incomplete quarterly coverage for 12 (item, year) pair(s): {('balance', 'cash_and_equivalents'): [2010], ('balance', 'goodwill'): [2011], ('balance', 'long_term_debt'): [2014, 2022, 2023, 2024, 2025], ('balance', 'shares_outstanding'): [2010, 2011], ('balance', 'stockholders_equity'): [2010, 2011], ('income', 'interest_expense'): [2024]}
2026-08-15 13:19:12,634 INFO    findata.database.edgar_ | CTBI processed: {'text_filings': 0, 'sections': 0, 'form4_rows': 0, 'income': 716, 'balance': 476, 'cashflow': 739, 'errors': 0, 'incomplete_years': 12}
2026-08-15 13:19:12,792 WARNING findata.database.edgar_ | CZR: incomplete quarterly coverage for 6 (item, year) pair(s): {('balance', 'cash_and_equivalents'): [2013], ('balance', 'short_term_debt'): [2015], ('balance', 'short_term_investments'): [2020], ('balance', 'stockholders_equity'): [2013, 2014], ('income', 'pretax_income'): [2024]}
2026-08-15 13:19:12,793 INFO    findata.database.edgar_ | CZR processed: {'text_filings': 0, 'sections': 0, 'form4_rows': 0, 'income': 798, 'balance': 585, 'cashflow': 502, 'errors': 0, 'incomplete_years': 6}
2026-08-15 13:19:12,963 WARNING findata.database.edgar_ | DECK: incomplete quarterly coverage for 19 (item, year) pair(s): {('balance', 'goodwill'): [2012], ('balance', 'liabilities_noncurrent'): [2015], ('balance', 'short_term_debt'): [2016, 2017], ('balance', 'stockholders_equity'): [2010], ('cashflow', 'stock_buybacks'): [2014], ('income', 'cost_of_revenue'): [2012, 2013], ('income', 'income_tax'): [2012, 2013], ('income', 'operating_income'): [2012, 2013], ('income', 'pretax_income'): [2012, 2013, 2019], ('income', 'shares_basic'): [2012, 2013], ('income', 'shares_diluted'): [2012, 2013]}
2026-08-15 13:19:12,965 INFO    findata.database.edgar_ | DECK processed: {'text_filings': 0, 'sections': 0, 'form4_rows': 0, 'income': 924, 'balance': 693, 'cashflow': 728, 'errors': 0, 'incomplete_years': 19}
2026-08-15 13:19:13,148 WARNING findata.database.edgar_ | DXPE: incomplete quarterly coverage for 6 (item, year) pair(s): {('balance', 'shares_outstanding'): [2012, 2013, 2014, 2018], ('balance', 'stockholders_equity'): [2010, 2011]}
2026-08-15 13:19:13,149 INFO    findata.database.edgar_ | DXPE processed: {'text_filings': 0, 'sections': 0, 'form4_rows': 0, 'income': 982, 'balance': 728, 'cashflow': 715, 'errors': 0, 'incomplete_years': 6}
2026-08-15 13:19:15,379 WARNING findata.database.edgar_ | EPD: incomplete quarterly coverage for 15 (item, year) pair(s): {('balance', 'assets'): [2009], ('balance', 'assets_current'): [2009], ('balance', 'cash_and_equivalents'): [2007, 2008], ('balance', 'goodwill'): [2009], ('balance', 'inventory'): [2009], ('balance', 'liabilities_current'): [2009], ('balance', 'long_term_debt'): [2009], ('balance', 'short_term_debt'): [2009, 2010], ('cashflow', 'capex'): [2010], ('cashflow', 'financing_cash_flow'): [2010], ('cashflow', 'investing_cash_flow'): [2010], ('cashflow', 'operating_cash_flow'): [2010], ('income', 'shares_basic'): [2012]}
2026-08-15 13:19:15,380 INFO    findata.database.edgar_ | EPD processed: {'text_filings': 0, 'sections': 0, 'form4_rows': 0, 'income': 931, 'balance': 640, 'cashflow': 781, 'errors': 0, 'incomplete_years': 15}
2026-08-15 13:19:15,504 WARNING findata.database.edgar_ | EVRG: incomplete quarterly coverage for 6 (item, year) pair(s): {('balance', 'cash_and_equivalents'): [2017], ('balance', 'long_term_debt'): [2020, 2021], ('balance', 'short_term_debt'): [2020, 2021], ('balance', 'stockholders_equity'): [2017]}
2026-08-15 13:19:15,505 INFO    findata.database.edgar_ | EVRG processed: {'text_filings': 0, 'sections': 0, 'form4_rows': 0, 'income': 550, 'balance': 334, 'cashflow': 422, 'errors': 0, 'incomplete_years': 6}
2026-08-15 13:19:15,631 WARNING findata.database.edgar_ | EYE: incomplete quarterly coverage for 4 (item, year) pair(s): {('balance', 'cash_and_equivalents'): [2016], ('balance', 'goodwill'): [2017], ('balance', 'stockholders_equity'): [2016, 2017]}
2026-08-15 13:19:15,632 INFO    findata.database.edgar_ | EYE processed: {'text_filings': 0, 'sections': 0, 'form4_rows': 0, 'income': 599, 'balance': 473, 'cashflow': 456, 'errors': 0, 'incomplete_years': 4}
2026-08-15 13:19:15,665 INFO    findata.database.edgar_ | FSM processed: {'text_filings': 0, 'sections': 0, 'form4_rows': 0, 'income': 38, 'balance': 29, 'cashflow': 0, 'errors': 0, 'incomplete_years': 0}
2026-08-15 13:19:15,873 WARNING findata.database.edgar_ | HD: incomplete quarterly coverage for 6 (item, year) pair(s): {('balance', 'cash_and_equivalents'): [2009], ('balance', 'inventory'): [2014], ('balance', 'stockholders_equity'): [2009, 2010], ('income', 'shares_basic'): [2013], ('income', 'shares_diluted'): [2013]}
2026-08-15 13:19:15,874 INFO    findata.database.edgar_ | HD processed: {'text_filings': 0, 'sections': 0, 'form4_rows': 0, 'income': 1168, 'balance': 818, 'cashflow': 912, 'errors': 0, 'incomplete_years': 6}
2026-08-15 13:19:17,941 WARNING findata.database.edgar_ | HIVE: incomplete quarterly coverage for 8 (item, year) pair(s): {('balance', 'assets'): [2022, 2023, 2024, 2025], ('balance', 'liabilities'): [2022, 2023, 2024, 2025]}
2026-08-15 13:19:17,942 INFO    findata.database.edgar_ | HIVE processed: {'text_filings': 0, 'sections': 0, 'form4_rows': 0, 'income': 158, 'balance': 73, 'cashflow': 80, 'errors': 0, 'incomplete_years': 8}
2026-08-15 13:19:18,150 WARNING findata.database.edgar_ | HP: incomplete quarterly coverage for 16 (item, year) pair(s): {('balance', 'cash_and_equivalents'): [2008], ('balance', 'goodwill'): [2017], ('balance', 'short_term_debt'): [2010, 2011, 2016, 2018, 2019, 2023, 2024, 2025], ('balance', 'short_term_investments'): [2015], ('balance', 'stockholders_equity'): [2008, 2009], ('cashflow', 'stock_buybacks'): [2019, 2020, 2021]}
2026-08-15 13:19:18,151 INFO    findata.database.edgar_ | HP processed: {'text_filings': 0, 'sections': 0, 'form4_rows': 0, 'income': 1132, 'balance': 845, 'cashflow': 825, 'errors': 0, 'incomplete_years': 16}
2026-08-15 13:19:18,396 WARNING findata.database.edgar_ | HTLD: incomplete quarterly coverage for 24 (item, year) pair(s): {('balance', 'cash_and_equivalents'): [2009], ('balance', 'long_term_debt'): [2017, 2018, 2019, 2021, 2022], ('balance', 'short_term_debt'): [2021, 2022], ('balance', 'short_term_investments'): [2013], ('balance', 'stockholders_equity'): [2009, 2010], ('cashflow', 'dividends_paid'): [2014, 2023], ('cashflow', 'stock_buybacks'): [2011, 2012, 2013, 2023, 2024, 2025], ('income', 'interest_expense'): [2017, 2018, 2019, 2020, 2021]}
2026-08-15 13:19:18,397 INFO    findata.database.edgar_ | HTLD processed: {'text_filings': 0, 'sections': 0, 'form4_rows': 0, 'income': 987, 'balance': 662, 'cashflow': 836, 'errors': 0, 'incomplete_years': 24}
2026-08-15 13:19:18,526 WARNING findata.database.edgar_ | LOB: incomplete quarterly coverage for 9 (item, year) pair(s): {('balance', 'cash_and_equivalents'): [2021], ('balance', 'long_term_debt'): [2019], ('balance', 'short_term_debt'): [2016, 2017, 2019], ('balance', 'stockholders_equity'): [2014], ('income', 'interest_expense'): [2024], ('income', 'shares_basic'): [2022], ('income', 'shares_diluted'): [2022]}
2026-08-15 13:19:18,527 INFO    findata.database.edgar_ | LOB processed: {'text_filings': 0, 'sections': 0, 'form4_rows': 0, 'income': 535, 'balance': 219, 'cashflow': 519, 'errors': 0, 'incomplete_years': 9}
2026-08-15 13:19:18,700 WARNING findata.database.edgar_ | LULU: incomplete quarterly coverage for 17 (item, year) pair(s): {('balance', 'cash_and_equivalents'): [2010], ('balance', 'goodwill'): [2021], ('balance', 'inventory'): [2012, 2014, 2015, 2016, 2017, 2018, 2019, 2020, 2021, 2022, 2023], ('balance', 'liabilities_noncurrent'): [2015], ('balance', 'short_term_debt'): [2026], ('balance', 'stockholders_equity'): [2010, 2011]}
2026-08-15 13:19:18,702 INFO    findata.database.edgar_ | LULU processed: {'text_filings': 0, 'sections': 0, 'form4_rows': 0, 'income': 935, 'balance': 655, 'cashflow': 748, 'errors': 0, 'incomplete_years': 17}
2026-08-15 13:19:21,006 WARNING findata.database.edgar_ | LW: incomplete quarterly coverage for 6 (item, year) pair(s): {('balance', 'cash_and_equivalents'): [2016], ('balance', 'shares_outstanding'): [2024, 2025, 2026], ('balance', 'stockholders_equity'): [2016, 2017]}
2026-08-15 13:19:21,009 INFO    findata.database.edgar_ | LW processed: {'text_filings': 0, 'sections': 0, 'form4_rows': 0, 'income': 622, 'balance': 458, 'cashflow': 468, 'errors': 0, 'incomplete_years': 6}
2026-08-15 13:19:21,205 WARNING findata.database.edgar_ | LXFR: incomplete quarterly coverage for 8 (item, year) pair(s): {('balance', 'assets'): [2017, 2018], ('balance', 'cash_and_equivalents'): [2017], ('balance', 'goodwill'): [2017, 2018], ('balance', 'liabilities'): [2017, 2018], ('balance', 'stockholders_equity'): [2017]}
2026-08-15 13:19:21,228 INFO    findata.database.edgar_ | LXFR processed: {'text_filings': 0, 'sections': 0, 'form4_rows': 0, 'income': 588, 'balance': 357, 'cashflow': 426, 'errors': 0, 'incomplete_years': 8}
2026-08-15 13:19:21,489 WARNING findata.database.edgar_ | MATW: incomplete quarterly coverage for 3 (item, year) pair(s): {('balance', 'cash_and_equivalents'): [2009, 2010], ('balance', 'stockholders_equity'): [2009]}
2026-08-15 13:19:21,490 INFO    findata.database.edgar_ | MATW processed: {'text_filings': 0, 'sections': 0, 'form4_rows': 0, 'income': 1037, 'balance': 738, 'cashflow': 865, 'errors': 0, 'incomplete_years': 3}
2026-08-15 13:19:21,624 WARNING findata.database.edgar_ | NAVI: incomplete quarterly coverage for 2 (item, year) pair(s): {('cashflow', 'stock_buybacks'): [2018], ('income', 'interest_expense'): [2024]}
2026-08-15 13:19:21,625 INFO    findata.database.edgar_ | NAVI processed: {'text_filings': 0, 'sections': 0, 'form4_rows': 0, 'income': 650, 'balance': 384, 'cashflow': 471, 'errors': 0, 'incomplete_years': 2}
2026-08-15 13:19:21,800 WARNING findata.database.edgar_ | NWPX: incomplete quarterly coverage for 13 (item, year) pair(s): {('balance', 'cash_and_equivalents'): [2010], ('balance', 'goodwill'): [2015, 2019], ('balance', 'long_term_debt'): [2014, 2019, 2021, 2023, 2024], ('balance', 'short_term_debt'): [2014, 2019, 2022], ('balance', 'stockholders_equity'): [2010, 2011]}
2026-08-15 13:19:21,801 INFO    findata.database.edgar_ | NWPX processed: {'text_filings': 0, 'sections': 0, 'form4_rows': 0, 'income': 970, 'balance': 674, 'cashflow': 549, 'errors': 0, 'incomplete_years': 13}
2026-08-15 13:19:23,697 INFO    findata.database.edgar_ | OMAB processed: {'text_filings': 0, 'sections': 0, 'form4_rows': 0, 'income': 26, 'balance': 20, 'cashflow': 0, 'errors': 0, 'incomplete_years': 0}
2026-08-15 13:19:23,871 WARNING findata.database.edgar_ | POOL: incomplete quarterly coverage for 4 (item, year) pair(s): {('balance', 'cash_and_equivalents'): [2009], ('balance', 'short_term_debt'): [2016], ('balance', 'stockholders_equity'): [2009], ('income', 'interest_expense'): [2012]}
2026-08-15 13:19:23,872 INFO    findata.database.edgar_ | POOL processed: {'text_filings': 0, 'sections': 0, 'form4_rows': 0, 'income': 950, 'balance': 779, 'cashflow': 833, 'errors': 0, 'incomplete_years': 4}
2026-08-15 13:19:24,110 WARNING findata.database.edgar_ | SCCO: incomplete quarterly coverage for 17 (item, year) pair(s): {('balance', 'short_term_debt'): [2013, 2014, 2015, 2019, 2020, 2021, 2022, 2024, 2025], ('balance', 'stockholders_equity'): [2008, 2009], ('cashflow', 'stock_buybacks'): [2010, 2011, 2012, 2013], ('income', 'income_tax'): [2025], ('income', 'revenue'): [2015]}
2026-08-15 13:19:24,111 INFO    findata.database.edgar_ | SCCO processed: {'text_filings': 0, 'sections': 0, 'form4_rows': 0, 'income': 1120, 'balance': 760, 'cashflow': 1054, 'errors': 0, 'incomplete_years': 17}
2026-08-15 13:19:24,323 WARNING findata.database.edgar_ | SYNA: incomplete quarterly coverage for 60 (item, year) pair(s): {('balance', 'long_term_debt'): [2020], ('balance', 'short_term_debt'): [2022, 2023, 2024, 2025, 2026], ('balance', 'short_term_investments'): [2025], ('balance', 'stockholders_equity'): [2010], ('cashflow', 'capex'): [2012, 2014, 2015, 2016, 2017, 2018, 2020], ('cashflow', 'depreciation_amortization'): [2012, 2014, 2015, 2016, 2017, 2018, 2020], ('cashflow', 'financing_cash_flow'): [2012, 2014, 2015, 2016, 2017, 2018, 2020], ('cashflow', 'investing_cash_flow'): [2012, 2014, 2015, 2016, 2017, 2018, 2020], ('cashflow', 'operating_cash_flow'): [2012, 2014, 2015, 2016, 2017, 2018, 2020], ('cashflow', 'stock_buybacks'): [2012, 2014, 2015, 2016, 2017, 2018, 2020, 2022], ('income', 'interest_expense'): [2014, 2015, 2022], ('income', 'shares_basic'): [2017, 2020, 2021], ('income', 'shares_diluted'): [2017, 2020, 2021]}
2026-08-15 13:19:24,324 INFO    findata.database.edgar_ | SYNA processed: {'text_filings': 0, 'sections': 0, 'form4_rows': 0, 'income': 1162, 'balance': 814, 'cashflow': 701, 'errors': 0, 'incomplete_years': 60}
2026-08-15 13:19:24,499 WARNING findata.database.edgar_ | TSN: incomplete quarterly coverage for 4 (item, year) pair(s): {('balance', 'cash_and_equivalents'): [2009], ('balance', 'goodwill'): [2010], ('balance', 'stockholders_equity'): [2010], ('cashflow', 'stock_buybacks'): [2021]}
2026-08-15 13:19:24,500 INFO    findata.database.edgar_ | TSN processed: {'text_filings': 0, 'sections': 0, 'form4_rows': 0, 'income': 893, 'balance': 620, 'cashflow': 828, 'errors': 0, 'incomplete_years': 4}
2026-08-15 13:19:26,661 WARNING findata.database.edgar_ | ACN: incomplete quarterly coverage for 3 (item, year) pair(s): {('balance', 'long_term_debt'): [2011], ('balance', 'stockholders_equity'): [2009], ('cashflow', 'dividends_paid'): [2023]}
2026-08-15 13:19:26,663 INFO    findata.database.edgar_ | ACN processed: {'text_filings': 0, 'sections': 0, 'form4_rows': 0, 'income': 1175, 'balance': 756, 'cashflow': 874, 'errors': 0, 'incomplete_years': 3}
2026-08-15 13:19:26,922 WARNING findata.database.edgar_ | ADP: incomplete quarterly coverage for 7 (item, year) pair(s): {('balance', 'assets'): [2010], ('balance', 'cash_and_equivalents'): [2009], ('balance', 'goodwill'): [2010], ('balance', 'long_term_debt'): [2012, 2015], ('balance', 'short_term_debt'): [2012], ('income', 'operating_expenses'): [2015]}
2026-08-15 13:19:26,923 INFO    findata.database.edgar_ | ADP processed: {'text_filings': 0, 'sections': 0, 'form4_rows': 0, 'income': 1113, 'balance': 793, 'cashflow': 879, 'errors': 0, 'incomplete_years': 7}
2026-08-15 13:19:27,077 WARNING findata.database.edgar_ | AHRT: incomplete quarterly coverage for 9 (item, year) pair(s): {('balance', 'cash_and_equivalents'): [2012, 2013], ('balance', 'long_term_debt'): [2014], ('income', 'gross_profit'): [2015, 2024], ('income', 'pretax_income'): [2025], ('income', 'shares_basic'): [2015], ('income', 'shares_diluted'): [2015, 2017]}
2026-08-15 13:19:27,078 INFO    findata.database.edgar_ | AHRT processed: {'text_filings': 0, 'sections': 0, 'form4_rows': 0, 'income': 847, 'balance': 379, 'cashflow': 522, 'errors': 0, 'incomplete_years': 9}
2026-08-15 13:19:27,244 WARNING findata.database.edgar_ | ALNY: incomplete quarterly coverage for 6 (item, year) pair(s): {('balance', 'cash_and_equivalents'): [2009], ('balance', 'long_term_debt'): [2022], ('balance', 'stockholders_equity'): [2009, 2010], ('income', 'pretax_income'): [2016], ('income', 'revenue'): [2011]}
2026-08-15 13:19:27,245 INFO    findata.database.edgar_ | ALNY processed: {'text_filings': 0, 'sections': 0, 'form4_rows': 0, 'income': 978, 'balance': 565, 'cashflow': 595, 'errors': 0, 'incomplete_years': 6}
2026-08-15 13:19:27,401 WARNING findata.database.edgar_ | BLBD: incomplete quarterly coverage for 4 (item, year) pair(s): {('cashflow', 'dividends_paid'): [2017, 2018, 2019], ('cashflow', 'stock_buybacks'): [2019]}
2026-08-15 13:19:27,402 INFO    findata.database.edgar_ | BLBD processed: {'text_filings': 0, 'sections': 0, 'form4_rows': 0, 'income': 771, 'balance': 613, 'cashflow': 584, 'errors': 0, 'incomplete_years': 4}
2026-08-15 13:19:29,967 WARNING findata.database.edgar_ | BOH: incomplete quarterly coverage for 12 (item, year) pair(s): {('balance', 'cash_and_equivalents'): [2009], ('balance', 'short_term_debt'): [2011, 2012, 2013, 2014, 2015, 2016, 2017, 2018, 2020], ('balance', 'stockholders_equity'): [2009], ('income', 'interest_expense'): [2024]}
2026-08-15 13:19:29,968 INFO    findata.database.edgar_ | BOH processed: {'text_filings': 0, 'sections': 0, 'form4_rows': 0, 'income': 764, 'balance': 570, 'cashflow': 704, 'errors': 0, 'incomplete_years': 12}
2026-08-15 13:19:30,124 WARNING findata.database.edgar_ | CNS: incomplete quarterly coverage for 11 (item, year) pair(s): {('balance', 'goodwill'): [2018, 2019, 2020, 2021, 2022, 2023, 2024, 2025], ('cashflow', 'dividends_paid'): [2012, 2013], ('income', 'income_tax'): [2025]}
2026-08-15 13:19:30,125 INFO    findata.database.edgar_ | CNS processed: {'text_filings': 0, 'sections': 0, 'form4_rows': 0, 'income': 825, 'balance': 390, 'cashflow': 773, 'errors': 0, 'incomplete_years': 11}
2026-08-15 13:19:30,328 WARNING findata.database.edgar_ | DOC: incomplete quarterly coverage for 11 (item, year) pair(s): {('balance', 'cash_and_equivalents'): [2008], ('balance', 'goodwill'): [2018, 2019, 2020, 2021, 2022, 2023], ('balance', 'long_term_debt'): [2015], ('balance', 'stockholders_equity'): [2008, 2009], ('income', 'cost_of_revenue'): [2025]}
2026-08-15 13:19:30,329 INFO    findata.database.edgar_ | DOC processed: {'text_filings': 0, 'sections': 0, 'form4_rows': 0, 'income': 1043, 'balance': 537, 'cashflow': 810, 'errors': 0, 'incomplete_years': 11}
2026-08-15 13:19:30,588 WARNING findata.database.edgar_ | ENSG: incomplete quarterly coverage for 13 (item, year) pair(s): {('balance', 'cash_and_equivalents'): [2010], ('balance', 'goodwill'): [2011], ('balance', 'long_term_debt'): [2019, 2020, 2021, 2022], ('balance', 'stockholders_equity'): [2010, 2011], ('cashflow', 'stock_buybacks'): [2013], ('income', 'shares_basic'): [2012, 2013], ('income', 'shares_diluted'): [2012, 2013]}
2026-08-15 13:19:30,589 INFO    findata.database.edgar_ | ENSG processed: {'text_filings': 0, 'sections': 0, 'form4_rows': 0, 'income': 1017, 'balance': 740, 'cashflow': 769, 'errors': 0, 'incomplete_years': 13}
2026-08-15 13:19:30,799 WARNING findata.database.edgar_ | EQIX: incomplete quarterly coverage for 8 (item, year) pair(s): {('balance', 'cash_and_equivalents'): [2009], ('balance', 'long_term_debt'): [2014, 2025], ('balance', 'short_term_investments'): [2015, 2023, 2024], ('balance', 'stockholders_equity'): [2009, 2010]}
2026-08-15 13:19:30,800 INFO    findata.database.edgar_ | EQIX processed: {'text_filings': 0, 'sections': 0, 'form4_rows': 0, 'income': 1158, 'balance': 699, 'cashflow': 769, 'errors': 0, 'incomplete_years': 8}
2026-08-15 13:19:32,964 WARNING findata.database.edgar_ | FN: incomplete quarterly coverage for 6 (item, year) pair(s): {('balance', 'goodwill'): [2020], ('balance', 'long_term_debt'): [2014, 2019], ('balance', 'stockholders_equity'): [2011], ('cashflow', 'stock_buybacks'): [2020, 2021]}
2026-08-15 13:19:32,965 INFO    findata.database.edgar_ | FN processed: {'text_filings': 0, 'sections': 0, 'form4_rows': 0, 'income': 945, 'balance': 793, 'cashflow': 605, 'errors': 0, 'incomplete_years': 6}
2026-08-15 13:19:33,140 WARNING findata.database.edgar_ | GTN: incomplete quarterly coverage for 12 (item, year) pair(s): {('balance', 'cash_and_equivalents'): [2010], ('balance', 'short_term_debt'): [2012, 2013, 2014, 2015, 2016, 2018, 2021], ('balance', 'stockholders_equity'): [2010, 2011], ('cashflow', 'stock_buybacks'): [2022, 2023]}
2026-08-15 13:19:33,141 INFO    findata.database.edgar_ | GTN processed: {'text_filings': 0, 'sections': 0, 'form4_rows': 0, 'income': 929, 'balance': 573, 'cashflow': 702, 'errors': 0, 'incomplete_years': 12}
2026-08-15 13:19:33,284 WARNING findata.database.edgar_ | HTB: incomplete quarterly coverage for 28 (item, year) pair(s): {('balance', 'cash_and_equivalents'): [2011], ('cashflow', 'stock_buybacks'): [2024], ('income', 'eps_basic'): [2024, 2025, 2026], ('income', 'eps_diluted'): [2024, 2025, 2026], ('income', 'income_tax'): [2024, 2025, 2026], ('income', 'interest_expense'): [2024, 2025], ('income', 'net_income'): [2024, 2025, 2026], ('income', 'pretax_income'): [2024, 2025, 2026], ('income', 'revenue'): [2024, 2025, 2026], ('income', 'shares_basic'): [2024, 2025, 2026], ('income', 'shares_diluted'): [2024, 2025, 2026]}
2026-08-15 13:19:33,285 INFO    findata.database.edgar_ | HTB processed: {'text_filings': 0, 'sections': 0, 'form4_rows': 0, 'income': 627, 'balance': 409, 'cashflow': 707, 'errors': 0, 'incomplete_years': 28}
2026-08-15 13:19:33,457 WARNING findata.database.edgar_ | HWKN: incomplete quarterly coverage for 3 (item, year) pair(s): {('balance', 'short_term_debt'): [2026], ('balance', 'stockholders_equity'): [2011], ('income', 'pretax_income'): [2022]}
2026-08-15 13:19:33,458 INFO    findata.database.edgar_ | HWKN processed: {'text_filings': 0, 'sections': 0, 'form4_rows': 0, 'income': 882, 'balance': 724, 'cashflow': 689, 'errors': 0, 'incomplete_years': 3}
2026-08-15 13:19:33,642 WARNING findata.database.edgar_ | ICFI: incomplete quarterly coverage for 3 (item, year) pair(s): {('balance', 'cash_and_equivalents'): [2010], ('balance', 'stockholders_equity'): [2010, 2011]}
2026-08-15 13:19:33,643 INFO    findata.database.edgar_ | ICFI processed: {'text_filings': 0, 'sections': 0, 'form4_rows': 0, 'income': 968, 'balance': 651, 'cashflow': 666, 'errors': 0, 'incomplete_years': 3}
2026-08-15 13:19:37,089 WARNING findata.database.edgar_ | IPGP: incomplete quarterly coverage for 5 (item, year) pair(s): {('balance', 'cash_and_equivalents'): [2010], ('balance', 'long_term_debt'): [2023], ('balance', 'short_term_investments'): [2014, 2015], ('income', 'interest_expense'): [2012]}
2026-08-15 13:19:37,090 INFO    findata.database.edgar_ | IPGP processed: {'text_filings': 0, 'sections': 0, 'form4_rows': 0, 'income': 1074, 'balance': 772, 'cashflow': 644, 'errors': 0, 'incomplete_years': 5}
2026-08-15 13:19:37,371 WARNING findata.database.edgar_ | ITT: incomplete quarterly coverage for 26 (item, year) pair(s): {('balance', 'long_term_debt'): [2012, 2015], ('balance', 'shares_outstanding'): [2025], ('balance', 'short_term_debt'): [2012, 2015], ('balance', 'short_term_investments'): [2012, 2017, 2018, 2019, 2020, 2021, 2022, 2023, 2024, 2025], ('balance', 'stockholders_equity'): [2008, 2009], ('cashflow', 'dividends_paid'): [2013, 2014], ('income', 'interest_expense'): [2023], ('income', 'shares_basic'): [2011, 2020, 2021], ('income', 'shares_diluted'): [2011, 2020, 2021]}
2026-08-15 13:19:37,372 INFO    findata.database.edgar_ | ITT processed: {'text_filings': 0, 'sections': 0, 'form4_rows': 0, 'income': 1118, 'balance': 987, 'cashflow': 945, 'errors': 0, 'incomplete_years': 26}
2026-08-15 13:19:37,528 WARNING findata.database.edgar_ | KOS: incomplete quarterly coverage for 8 (item, year) pair(s): {('balance', 'cash_and_equivalents'): [2010], ('balance', 'short_term_debt'): [2019, 2020, 2024, 2025], ('balance', 'stockholders_equity'): [2010, 2011], ('income', 'interest_expense'): [2016]}
2026-08-15 13:19:37,529 INFO    findata.database.edgar_ | KOS processed: {'text_filings': 0, 'sections': 0, 'form4_rows': 0, 'income': 814, 'balance': 587, 'cashflow': 636, 'errors': 0, 'incomplete_years': 8}
2026-08-15 13:19:37,698 WARNING findata.database.edgar_ | L: incomplete quarterly coverage for 18 (item, year) pair(s): {('balance', 'cash_and_equivalents'): [2017], ('balance', 'shares_outstanding'): [2011, 2012, 2017, 2018, 2019, 2020, 2021, 2022, 2023, 2024, 2025], ('balance', 'short_term_investments'): [2020], ('balance', 'stockholders_equity'): [2008, 2009], ('cashflow', 'stock_buybacks'): [2012, 2017], ('income', 'shares_diluted'): [2013]}
2026-08-15 13:19:37,699 INFO    findata.database.edgar_ | L processed: {'text_filings': 0, 'sections': 0, 'form4_rows': 0, 'income': 793, 'balance': 605, 'cashflow': 793, 'errors': 0, 'incomplete_years': 18}
2026-08-15 13:19:37,841 WARNING findata.database.edgar_ | MAA: incomplete quarterly coverage for 61 (item, year) pair(s): {('balance', 'assets'): [2014, 2018, 2019], ('balance', 'cash_and_equivalents'): [2009, 2013, 2016, 2017, 2018], ('balance', 'goodwill'): [2013], ('balance', 'liabilities'): [2013, 2018, 2019], ('balance', 'stockholders_equity'): [2009, 2010, 2013, 2016, 2017, 2018, 2019], ('cashflow', 'capex'): [2011, 2013, 2018], ('cashflow', 'depreciation_amortization'): [2011, 2013, 2014, 2018], ('cashflow', 'dividends_paid'): [2011, 2013, 2018], ('cashflow', 'financing_cash_flow'): [2011, 2013, 2018], ('cashflow', 'investing_cash_flow'): [2011, 2013, 2018], ('cashflow', 'operating_cash_flow'): [2011, 2013, 2018], ('cashflow', 'stock_buybacks'): [2011, 2013, 2025], ('income', 'costs_and_expenses'): [2013], ('income', 'eps_basic'): [2013, 2018], ('income', 'eps_diluted'): [2013, 2018], ('income', 'interest_expense'): [2013, 2018], ('income', 'net_income'): [2013, 2014, 2018], ('income', 'operating_income'): [2013], ('income', 'pretax_income'): [2013, 2018], ('income', 'revenue'): [2013, 2014, 2018], ('income', 'shares_basic'): [2013, 2018], ('income', 'shares_diluted'): [2013, 2018]}
2026-08-15 13:19:37,842 INFO    findata.database.edgar_ | MAA processed: {'text_filings': 0, 'sections': 0, 'form4_rows': 0, 'income': 591, 'balance': 336, 'cashflow': 600, 'errors': 0, 'incomplete_years': 61}
2026-08-15 13:19:39,767 WARNING findata.database.edgar_ | MEDP: incomplete quarterly coverage for 6 (item, year) pair(s): {('balance', 'cash_and_equivalents'): [2016], ('balance', 'goodwill'): [2016], ('balance', 'short_term_debt'): [2021, 2022], ('balance', 'stockholders_equity'): [2016], ('cashflow', 'stock_buybacks'): [2018]}
2026-08-15 13:19:39,768 INFO    findata.database.edgar_ | MEDP processed: {'text_filings': 0, 'sections': 0, 'form4_rows': 0, 'income': 609, 'balance': 413, 'cashflow': 476, 'errors': 0, 'incomplete_years': 6}
2026-08-15 13:19:39,957 WARNING findata.database.edgar_ | NHC: incomplete quarterly coverage for 13 (item, year) pair(s): {('balance', 'cash_and_equivalents'): [2010], ('balance', 'long_term_debt'): [2020, 2023, 2024], ('balance', 'short_term_debt'): [2013, 2018, 2019, 2023, 2024], ('balance', 'short_term_investments'): [2020], ('balance', 'stockholders_equity'): [2010], ('cashflow', 'stock_buybacks'): [2014, 2016]}
2026-08-15 13:19:39,958 INFO    findata.database.edgar_ | NHC processed: {'text_filings': 0, 'sections': 0, 'form4_rows': 0, 'income': 906, 'balance': 716, 'cashflow': 793, 'errors': 0, 'incomplete_years': 13}
2026-08-15 13:19:40,100 WARNING findata.database.edgar_ | OLP: incomplete quarterly coverage for 11 (item, year) pair(s): {('balance', 'cash_and_equivalents'): [2010], ('balance', 'stockholders_equity'): [2010, 2011], ('cashflow', 'capex'): [2014, 2017, 2018, 2019, 2021, 2023, 2024], ('income', 'revenue'): [2022]}
2026-08-15 13:19:40,101 INFO    findata.database.edgar_ | OLP processed: {'text_filings': 0, 'sections': 0, 'form4_rows': 0, 'income': 708, 'balance': 376, 'cashflow': 682, 'errors': 0, 'incomplete_years': 11}
2026-08-15 13:19:40,275 WARNING findata.database.edgar_ | PBH: incomplete quarterly coverage for 2 (item, year) pair(s): {('balance', 'stockholders_equity'): [2011], ('income', 'interest_expense'): [2021]}
2026-08-15 13:19:40,276 INFO    findata.database.edgar_ | PBH processed: {'text_filings': 0, 'sections': 0, 'form4_rows': 0, 'income': 994, 'balance': 639, 'cashflow': 651, 'errors': 0, 'incomplete_years': 2}
2026-08-15 13:19:40,304 INFO    findata.database.edgar_ | SLF processed: {'text_filings': 0, 'sections': 0, 'form4_rows': 0, 'income': 20, 'balance': 30, 'cashflow': 0, 'errors': 0, 'incomplete_years': 0}
2026-08-15 13:19:42,417 WARNING findata.database.edgar_ | SMP: incomplete quarterly coverage for 6 (item, year) pair(s): {('balance', 'cash_and_equivalents'): [2010], ('balance', 'inventory'): [2016, 2023, 2024], ('balance', 'stockholders_equity'): [2010, 2011]}
2026-08-15 13:19:42,418 INFO    findata.database.edgar_ | SMP processed: {'text_filings': 0, 'sections': 0, 'form4_rows': 0, 'income': 982, 'balance': 663, 'cashflow': 799, 'errors': 0, 'incomplete_years': 6}
2026-08-15 13:19:42,620 WARNING findata.database.edgar_ | ST: incomplete quarterly coverage for 15 (item, year) pair(s): {('balance', 'cash_and_equivalents'): [2010], ('balance', 'goodwill'): [2010, 2011], ('balance', 'shares_outstanding'): [2018, 2019, 2020, 2021, 2022, 2023, 2024, 2025], ('balance', 'short_term_debt'): [2024], ('balance', 'stockholders_equity'): [2010, 2011], ('income', 'interest_expense'): [2015]}
2026-08-15 13:19:42,622 INFO    findata.database.edgar_ | ST processed: {'text_filings': 0, 'sections': 0, 'form4_rows': 0, 'income': 1137, 'balance': 688, 'cashflow': 724, 'errors': 0, 'incomplete_years': 15}
2026-08-15 13:19:42,665 INFO    findata.database.edgar_ | STLA processed: {'text_filings': 0, 'sections': 0, 'form4_rows': 0, 'income': 52, 'balance': 24, 'cashflow': 0, 'errors': 0, 'incomplete_years': 0}
2026-08-15 13:19:42,830 WARNING findata.database.edgar_ | TRV: incomplete quarterly coverage for 3 (item, year) pair(s): {('balance', 'cash_and_equivalents'): [2018], ('balance', 'shares_outstanding'): [2008], ('income', 'operating_income'): [2015]}
2026-08-15 13:19:42,831 INFO    findata.database.edgar_ | TRV processed: {'text_filings': 0, 'sections': 0, 'form4_rows': 0, 'income': 838, 'balance': 484, 'cashflow': 616, 'errors': 0, 'incomplete_years': 3}
2026-08-15 13:19:43,002 WARNING findata.database.edgar_ | VCYT: incomplete quarterly coverage for 8 (item, year) pair(s): {('balance', 'cash_and_equivalents'): [2012], ('balance', 'short_term_debt'): [2017, 2018, 2020, 2021], ('balance', 'stockholders_equity'): [2012, 2013], ('income', 'interest_expense'): [2021]}
2026-08-15 13:19:43,003 INFO    findata.database.edgar_ | VCYT processed: {'text_filings': 0, 'sections': 0, 'form4_rows': 0, 'income': 877, 'balance': 579, 'cashflow': 490, 'errors': 0, 'incomplete_years': 8}
2026-08-15 13:19:45,713 WARNING findata.database.edgar_ | ACM: incomplete quarterly coverage for 5 (item, year) pair(s): {('balance', 'cash_and_equivalents'): [2009], ('balance', 'stockholders_equity'): [2009, 2010], ('income', 'interest_expense'): [2016, 2022]}
2026-08-15 13:19:45,714 INFO    findata.database.edgar_ | ACM processed: {'text_filings': 0, 'sections': 0, 'form4_rows': 0, 'income': 990, 'balance': 732, 'cashflow': 757, 'errors': 0, 'incomplete_years': 5}
2026-08-15 13:19:45,986 WARNING findata.database.edgar_ | AMAT: incomplete quarterly coverage for 11 (item, year) pair(s): {('balance', 'cash_and_equivalents'): [2008], ('balance', 'short_term_debt'): [2012, 2013, 2014, 2015, 2018, 2019, 2022], ('balance', 'stockholders_equity'): [2008, 2009], ('cashflow', 'stock_buybacks'): [2010]}
2026-08-15 13:19:45,987 INFO    findata.database.edgar_ | AMAT processed: {'text_filings': 0, 'sections': 0, 'form4_rows': 0, 'income': 1256, 'balance': 832, 'cashflow': 882, 'errors': 0, 'incomplete_years': 11}
2026-08-15 13:19:46,193 WARNING findata.database.edgar_ | APD: incomplete quarterly coverage for 9 (item, year) pair(s): {('balance', 'assets_noncurrent'): [2010, 2011], ('balance', 'cash_and_equivalents'): [2008], ('balance', 'liabilities_noncurrent'): [2010, 2011], ('balance', 'long_term_debt'): [2023], ('balance', 'stockholders_equity'): [2008, 2009], ('cashflow', 'stock_buybacks'): [2011]}
2026-08-15 13:19:46,195 INFO    findata.database.edgar_ | APD processed: {'text_filings': 0, 'sections': 0, 'form4_rows': 0, 'income': 1142, 'balance': 955, 'cashflow': 803, 'errors': 0, 'incomplete_years': 9}
2026-08-15 13:19:46,376 WARNING findata.database.edgar_ | CALX: incomplete quarterly coverage for 7 (item, year) pair(s): {('balance', 'cash_and_equivalents'): [2010], ('balance', 'short_term_investments'): [2013, 2014, 2025], ('balance', 'stockholders_equity'): [2010, 2011], ('income', 'interest_expense'): [2017]}
2026-08-15 13:19:46,377 INFO    findata.database.edgar_ | CALX processed: {'text_filings': 0, 'sections': 0, 'form4_rows': 0, 'income': 1078, 'balance': 649, 'cashflow': 630, 'errors': 0, 'incomplete_years': 7}
2026-08-15 13:19:46,495 WARNING findata.database.edgar_ | CARS: incomplete quarterly coverage for 2 (item, year) pair(s): {('balance', 'goodwill'): [2021], ('income', 'cost_of_revenue'): [2019]}
2026-08-15 13:19:46,496 INFO    findata.database.edgar_ | CARS processed: {'text_filings': 0, 'sections': 0, 'form4_rows': 0, 'income': 541, 'balance': 464, 'cashflow': 449, 'errors': 0, 'incomplete_years': 2}
2026-08-15 13:19:48,498 WARNING findata.database.edgar_ | CHRW: incomplete quarterly coverage for 4 (item, year) pair(s): {('balance', 'cash_and_equivalents'): [2008], ('balance', 'stockholders_equity'): [2008, 2009], ('income', 'cost_of_revenue'): [2018]}
2026-08-15 13:19:48,499 INFO    findata.database.edgar_ | CHRW processed: {'text_filings': 0, 'sections': 0, 'form4_rows': 0, 'income': 1051, 'balance': 744, 'cashflow': 917, 'errors': 0, 'incomplete_years': 4}
2026-08-15 13:19:48,671 WARNING findata.database.edgar_ | CORT: incomplete quarterly coverage for 15 (item, year) pair(s): {('balance', 'cash_and_equivalents'): [2010], ('balance', 'stockholders_equity'): [2001, 2002, 2003, 2004, 2005, 2006, 2007, 2008, 2009, 2010, 2011], ('cashflow', 'financing_cash_flow'): [2013], ('cashflow', 'stock_buybacks'): [2021], ('income', 'interest_expense'): [2017]}
2026-08-15 13:19:48,672 INFO    findata.database.edgar_ | CORT processed: {'text_filings': 0, 'sections': 0, 'form4_rows': 0, 'income': 1018, 'balance': 591, 'cashflow': 602, 'errors': 0, 'incomplete_years': 15}
2026-08-15 13:19:48,884 WARNING findata.database.edgar_ | DLB: incomplete quarterly coverage for 5 (item, year) pair(s): {('balance', 'cash_and_equivalents'): [2009], ('balance', 'short_term_investments'): [2025], ('balance', 'stockholders_equity'): [2009, 2010], ('income', 'interest_expense'): [2023]}
2026-08-15 13:19:48,885 INFO    findata.database.edgar_ | DLB processed: {'text_filings': 0, 'sections': 0, 'form4_rows': 0, 'income': 1189, 'balance': 599, 'cashflow': 869, 'errors': 0, 'incomplete_years': 5}
2026-08-15 13:19:48,895 INFO    findata.database.edgar_ | ECC processed: {'text_filings': 0, 'sections': 0, 'form4_rows': 0, 'income': 0, 'balance': 0, 'cashflow': 0, 'errors': 0, 'incomplete_years': 0}
2026-08-15 13:19:49,075 WARNING findata.database.edgar_ | FFIV: incomplete quarterly coverage for 4 (item, year) pair(s): {('balance', 'cash_and_equivalents'): [2009], ('balance', 'stockholders_equity'): [2009, 2010], ('cashflow', 'stock_buybacks'): [2025]}
2026-08-15 13:19:49,076 INFO    findata.database.edgar_ | FFIV processed: {'text_filings': 0, 'sections': 0, 'form4_rows': 0, 'income': 1118, 'balance': 763, 'cashflow': 722, 'errors': 0, 'incomplete_years': 4}
2026-08-15 13:19:51,133 WARNING findata.database.edgar_ | GOLF: incomplete quarterly coverage for 12 (item, year) pair(s): {('balance', 'cash_and_equivalents'): [2016, 2017], ('balance', 'goodwill'): [2016], ('balance', 'shares_outstanding'): [2019, 2020, 2021, 2022, 2023, 2024, 2025], ('balance', 'stockholders_equity'): [2015, 2016]}
2026-08-15 13:19:51,134 INFO    findata.database.edgar_ | GOLF processed: {'text_filings': 0, 'sections': 0, 'form4_rows': 0, 'income': 692, 'balance': 466, 'cashflow': 510, 'errors': 0, 'incomplete_years': 12}
2026-08-15 13:19:51,287 WARNING findata.database.edgar_ | GSBC: incomplete quarterly coverage for 9 (item, year) pair(s): {('balance', 'cash_and_equivalents'): [2010], ('balance', 'short_term_debt'): [2020, 2021, 2022], ('income', 'interest_expense'): [2024], ('income', 'pretax_income'): [2012], ('income', 'shares_basic'): [2020, 2021], ('income', 'shares_diluted'): [2021]}
2026-08-15 13:19:51,288 INFO    findata.database.edgar_ | GSBC processed: {'text_filings': 0, 'sections': 0, 'form4_rows': 0, 'income': 705, 'balance': 469, 'cashflow': 635, 'errors': 0, 'incomplete_years': 9}
2026-08-15 13:19:51,321 INFO    findata.database.edgar_ | IRS processed: {'text_filings': 0, 'sections': 0, 'form4_rows': 0, 'income': 40, 'balance': 29, 'cashflow': 0, 'errors': 0, 'incomplete_years': 0}
2026-08-15 13:19:51,355 INFO    findata.database.edgar_ | KGC processed: {'text_filings': 0, 'sections': 0, 'form4_rows': 0, 'income': 40, 'balance': 35, 'cashflow': 0, 'errors': 0, 'incomplete_years': 0}
2026-08-15 13:19:51,538 WARNING findata.database.edgar_ | MHK: incomplete quarterly coverage for 15 (item, year) pair(s): {('balance', 'cash_and_equivalents'): [2009], ('balance', 'shares_outstanding'): [2012, 2013, 2014, 2015, 2016, 2017, 2018, 2019, 2024, 2025], ('balance', 'short_term_investments'): [2024, 2025], ('balance', 'stockholders_equity'): [2009, 2010]}
2026-08-15 13:19:51,539 INFO    findata.database.edgar_ | MHK processed: {'text_filings': 0, 'sections': 0, 'form4_rows': 0, 'income': 1044, 'balance': 768, 'cashflow': 669, 'errors': 0, 'incomplete_years': 15}
2026-08-15 13:19:53,971 WARNING findata.database.edgar_ | NPKI: incomplete quarterly coverage for 9 (item, year) pair(s): {('balance', 'assets'): [2011], ('balance', 'cash_and_equivalents'): [2010], ('balance', 'goodwill'): [2011], ('balance', 'shares_outstanding'): [2011], ('balance', 'stockholders_equity'): [2010, 2011], ('cashflow', 'stock_buybacks'): [2013, 2015], ('income', 'interest_expense'): [2013]}
2026-08-15 13:19:53,972 INFO    findata.database.edgar_ | NPKI processed: {'text_filings': 0, 'sections': 0, 'form4_rows': 0, 'income': 834, 'balance': 708, 'cashflow': 682, 'errors': 0, 'incomplete_years': 9}
2026-08-15 13:19:54,156 WARNING findata.database.edgar_ | PARR: incomplete quarterly coverage for 22 (item, year) pair(s): {('balance', 'assets'): [2012], ('balance', 'assets_current'): [2012], ('balance', 'cash_and_equivalents'): [2010], ('balance', 'inventory'): [2012], ('balance', 'liabilities_current'): [2012], ('balance', 'stockholders_equity'): [2010, 2011], ('cashflow', 'depreciation_amortization'): [2012], ('cashflow', 'investing_cash_flow'): [2012], ('cashflow', 'operating_cash_flow'): [2012], ('cashflow', 'stock_buybacks'): [2016, 2017, 2020], ('income', 'costs_and_expenses'): [2012], ('income', 'eps_basic'): [2012], ('income', 'eps_diluted'): [2012], ('income', 'interest_expense'): [2012], ('income', 'net_income'): [2012], ('income', 'operating_expenses'): [2012], ('income', 'operating_income'): [2012], ('income', 'pretax_income'): [2012], ('income', 'revenue'): [2012]}
2026-08-15 13:19:54,158 INFO    findata.database.edgar_ | PARR processed: {'text_filings': 0, 'sections': 0, 'form4_rows': 0, 'income': 975, 'balance': 663, 'cashflow': 682, 'errors': 0, 'incomplete_years': 22}
2026-08-15 13:19:54,390 WARNING findata.database.edgar_ | PCAR: incomplete quarterly coverage for 8 (item, year) pair(s): {('balance', 'cash_and_equivalents'): [2008, 2019], ('balance', 'stockholders_equity'): [2009], ('cashflow', 'stock_buybacks'): [2011, 2014, 2017], ('income', 'shares_basic'): [2018], ('income', 'shares_diluted'): [2018]}
2026-08-15 13:19:54,391 INFO    findata.database.edgar_ | PCAR processed: {'text_filings': 0, 'sections': 0, 'form4_rows': 0, 'income': 756, 'balance': 275, 'cashflow': 905, 'errors': 0, 'incomplete_years': 8}
2026-08-15 13:19:54,589 WARNING findata.database.edgar_ | PNR: incomplete quarterly coverage for 10 (item, year) pair(s): {('balance', 'assets_noncurrent'): [2011, 2015, 2016], ('balance', 'cash_and_equivalents'): [2009], ('balance', 'short_term_debt'): [2018], ('balance', 'stockholders_equity'): [2009], ('cashflow', 'stock_buybacks'): [2012, 2023], ('income', 'shares_basic'): [2013], ('income', 'shares_diluted'): [2013]}
2026-08-15 13:19:54,590 INFO    findata.database.edgar_ | PNR processed: {'text_filings': 0, 'sections': 0, 'form4_rows': 0, 'income': 1026, 'balance': 746, 'cashflow': 820, 'errors': 0, 'incomplete_years': 10}
2026-08-15 13:19:54,749 WARNING findata.database.edgar_ | SBSI: incomplete quarterly coverage for 3 (item, year) pair(s): {('balance', 'long_term_debt'): [2018], ('balance', 'short_term_debt'): [2017], ('cashflow', 'stock_buybacks'): [2025]}
2026-08-15 13:19:54,750 INFO    findata.database.edgar_ | SBSI processed: {'text_filings': 0, 'sections': 0, 'form4_rows': 0, 'income': 731, 'balance': 470, 'cashflow': 777, 'errors': 0, 'incomplete_years': 3}
2026-08-15 13:19:56,896 WARNING findata.database.edgar_ | SLM: incomplete quarterly coverage for 19 (item, year) pair(s): {('balance', 'cash_and_equivalents'): [2008], ('balance', 'goodwill'): [2011, 2012, 2013], ('balance', 'long_term_debt'): [2014, 2015], ('balance', 'shares_outstanding'): [2020, 2021, 2022, 2023, 2024, 2025], ('balance', 'short_term_debt'): [2014, 2015], ('cashflow', 'financing_cash_flow'): [2010], ('cashflow', 'investing_cash_flow'): [2010], ('cashflow', 'operating_cash_flow'): [2010], ('cashflow', 'stock_buybacks'): [2014], ('income', 'interest_expense'): [2024]}
2026-08-15 13:19:56,897 INFO    findata.database.edgar_ | SLM processed: {'text_filings': 0, 'sections': 0, 'form4_rows': 0, 'income': 882, 'balance': 526, 'cashflow': 675, 'errors': 0, 'incomplete_years': 19}
2026-08-15 13:19:57,100 WARNING findata.database.edgar_ | SNA: incomplete quarterly coverage for 8 (item, year) pair(s): {('balance', 'cash_and_equivalents'): [2009], ('balance', 'short_term_debt'): [2019, 2020, 2025], ('balance', 'stockholders_equity'): [2009], ('income', 'cost_of_revenue'): [2018], ('income', 'gross_profit'): [2018], ('income', 'operating_expenses'): [2018]}
2026-08-15 13:19:57,101 INFO    findata.database.edgar_ | SNA processed: {'text_filings': 0, 'sections': 0, 'form4_rows': 0, 'income': 1015, 'balance': 699, 'cashflow': 850, 'errors': 0, 'incomplete_years': 8}
2026-08-15 13:19:57,298 WARNING findata.database.edgar_ | SO: incomplete quarterly coverage for 37 (item, year) pair(s): {('balance', 'assets_current'): [2014, 2015], ('balance', 'cash_and_equivalents'): [2008, 2014], ('balance', 'liabilities'): [2014, 2015], ('balance', 'liabilities_current'): [2014, 2015], ('balance', 'long_term_debt'): [2014, 2015], ('balance', 'short_term_debt'): [2014, 2015], ('balance', 'stockholders_equity'): [2008, 2009], ('cashflow', 'capex'): [2013, 2014], ('cashflow', 'depreciation_amortization'): [2013, 2014], ('cashflow', 'dividends_paid'): [2013, 2014], ('cashflow', 'financing_cash_flow'): [2013, 2014], ('cashflow', 'investing_cash_flow'): [2013, 2014], ('cashflow', 'operating_cash_flow'): [2013, 2014], ('cashflow', 'stock_buybacks'): [2013, 2014], ('income', 'costs_and_expenses'): [2014], ('income', 'income_tax'): [2014], ('income', 'interest_expense'): [2014, 2017], ('income', 'operating_expenses'): [2014], ('income', 'shares_basic'): [2012, 2014], ('income', 'shares_diluted'): [2012, 2014]}
2026-08-15 13:19:57,299 INFO    findata.database.edgar_ | SO processed: {'text_filings': 0, 'sections': 0, 'form4_rows': 0, 'income': 1041, 'balance': 647, 'cashflow': 766, 'errors': 0, 'incomplete_years': 37}
2026-08-15 13:19:57,481 WARNING findata.database.edgar_ | STAA: incomplete quarterly coverage for 11 (item, year) pair(s): {('balance', 'cash_and_equivalents'): [2010], ('balance', 'stockholders_equity'): [2010, 2011], ('income', 'shares_basic'): [2012, 2013, 2014, 2017], ('income', 'shares_diluted'): [2012, 2013, 2014, 2017]}
2026-08-15 13:19:57,482 INFO    findata.database.edgar_ | STAA processed: {'text_filings': 0, 'sections': 0, 'form4_rows': 0, 'income': 1005, 'balance': 609, 'cashflow': 620, 'errors': 0, 'incomplete_years': 11}
2026-08-15 13:19:57,515 INFO    findata.database.edgar_ | UGP processed: {'text_filings': 0, 'sections': 0, 'form4_rows': 0, 'income': 36, 'balance': 20, 'cashflow': 0, 'errors': 0, 'incomplete_years': 0}
2026-08-15 13:19:59,704 WARNING findata.database.edgar_ | UNFI: incomplete quarterly coverage for 4 (item, year) pair(s): {('balance', 'stockholders_equity'): [2010], ('cashflow', 'stock_buybacks'): [2022, 2025], ('income', 'operating_expenses'): [2018]}
2026-08-15 13:19:59,706 INFO    findata.database.edgar_ | UNFI processed: {'text_filings': 0, 'sections': 0, 'form4_rows': 0, 'income': 1130, 'balance': 778, 'cashflow': 700, 'errors': 0, 'incomplete_years': 4}
2026-08-15 13:19:59,762 INFO    findata.database.edgar_ | VNOM processed: {'text_filings': 0, 'sections': 0, 'form4_rows': 0, 'income': 108, 'balance': 48, 'cashflow': 62, 'errors': 0, 'incomplete_years': 0}
2026-08-15 13:19:59,948 WARNING findata.database.edgar_ | WAT: incomplete quarterly coverage for 8 (item, year) pair(s): {('balance', 'cash_and_equivalents'): [2008], ('balance', 'short_term_investments'): [2019], ('balance', 'stockholders_equity'): [2008, 2009], ('income', 'eps_basic'): [2010], ('income', 'eps_diluted'): [2010], ('income', 'gross_profit'): [2016], ('income', 'net_income'): [2010]}
2026-08-15 13:19:59,949 INFO    findata.database.edgar_ | WAT processed: {'text_filings': 0, 'sections': 0, 'form4_rows': 0, 'income': 1198, 'balance': 965, 'cashflow': 650, 'errors': 0, 'incomplete_years': 8}
2026-08-15 13:20:36,433 INFO    findata.configs | Logging configured -> /Users/connorott/PycharmProjects/findata/logs/update_daily.log
2026-08-15 13:20:36,437 INFO    findata.database.db_manager | Migrating ticker_meta: adding column last_facts_date
2026-08-15 13:20:36,473 WARNING scripts.update_daily | Not yf-seeded, skipping: ['AMZN', 'PRA'] (run init_yf first)
2026-08-15 13:20:36,476 INFO    scripts.update_daily | Updating 857 ticker(s); stalest last_price_date=2026-06-26, fetching from 2026-06-19
2026-08-15 13:20:37,119 INFO    findata.database.yf | Requesting Yahoo Finance data for 857 ticker(s) from 2026-06-19
2026-08-15 13:23:03,897 INFO    findata.configs | Logging configured -> /Users/connorott/PycharmProjects/findata/logs/update_daily.log
2026-08-15 13:23:03,899 INFO    findata.database.db_manager | Backfilled last_facts_date for 5 ticker(s) from stored filings
2026-08-15 13:23:03,899 INFO    scripts.update_daily | Stages: prices
2026-08-15 13:23:03,906 INFO    scripts.update_daily | Updating 3 ticker(s); stalest last_price_date=2026-06-26, fetching from 2026-06-19
2026-08-15 13:23:04,434 INFO    findata.database.yf | Requesting Yahoo Finance data for 3 ticker(s) from 2026-06-19
2026-08-15 13:23:04,856 INFO    scripts.update_daily | AA: 34 new daily bar(s) after 2026-06-26
2026-08-15 13:23:04,856 INFO    scripts.update_daily | AAON: 22 new daily bar(s) after 2026-07-15
2026-08-15 13:23:04,856 INFO    scripts.update_daily | A: 22 new daily bar(s) after 2026-07-15
2026-08-15 13:23:04,856 INFO    scripts.update_daily | Dry run -- nothing written.
2026-08-15 13:44:03,348 INFO    findata.configs | Logging configured -> /Users/connorott/PycharmProjects/findata/logs/update_daily.log
2026-08-15 13:44:03,759 INFO    findata.database.db_manager | Backfilled last_facts_date for 5 ticker(s) from stored filings
2026-08-15 13:44:10,168 INFO    scripts.update_daily | Stages: prices, edgar, fundamentals
2026-08-15 13:44:36,043 WARNING scripts.update_daily | Not yf-seeded, skipping: ['AMZN', 'PRA'] (run init_yf first)
2026-08-15 13:44:58,490 INFO    scripts.update_daily | Updating 857 ticker(s); stalest last_price_date=2026-06-26, fetching from 2026-06-19
2026-08-15 13:44:59,615 INFO    findata.database.yf | Requesting Yahoo Finance data for 857 ticker(s) from 2026-06-19
2026-08-15 13:45:46,114 INFO    findata.database.yf | Liquidity filter CCRN: dropping 4 rows (before None), 4 zero-volume
2026-08-15 13:45:46,762 INFO    findata.database.yf | Liquidity filter EEX: dropping 1 rows (before None), 1 zero-volume
2026-08-15 13:45:46,956 INFO    findata.database.yf | Liquidity filter FDP: dropping 2 rows (before None), 0 zero-volume
2026-08-15 13:45:48,419 INFO    findata.database.yf | Liquidity filter NFBK: dropping 7 rows (before None), 5 zero-volume
2026-08-15 13:45:50,573 INFO    findata.database.yf | Liquidity filter total: 14 daily rows dropped (10 zero-volume)
2026-08-15 13:45:59,221 INFO    findata.database.yf | Skipping 2 tickers due to invalid yahoo response: ['EEX', 'SEM']
2026-08-15 13:46:22,857 INFO    scripts.update_daily | AAP: 34 new daily bar(s) after 2026-06-26
2026-08-15 13:46:24,585 INFO    scripts.update_daily | ACMR: 34 new daily bar(s) after 2026-06-26
2026-08-15 13:46:26,284 INFO    scripts.update_daily | ASA: 34 new daily bar(s) after 2026-06-26
2026-08-15 13:46:26,285 INFO    scripts.update_daily | ATRC: 34 new daily bar(s) after 2026-06-26
2026-08-15 13:46:26,286 INFO    scripts.update_daily | BABA: 34 new daily bar(s) after 2026-06-26
2026-08-15 13:46:26,286 INFO    scripts.update_daily | BAH: 34 new daily bar(s) after 2026-06-26
2026-08-15 13:46:26,287 INFO    scripts.update_daily | BNS: 34 new daily bar(s) after 2026-06-26
2026-08-15 13:46:26,287 INFO    scripts.update_daily | CBU: 34 new daily bar(s) after 2026-06-26
2026-08-15 13:46:26,288 INFO    scripts.update_daily | CBZ: 34 new daily bar(s) after 2026-06-26
2026-08-15 13:46:26,288 INFO    scripts.update_daily | CECO: 34 new daily bar(s) after 2026-06-26
2026-08-15 13:46:26,289 INFO    scripts.update_daily | CL: 34 new daily bar(s) after 2026-06-26
2026-08-15 13:46:26,289 INFO    scripts.update_daily | CNC: 34 new daily bar(s) after 2026-06-26
2026-08-15 13:46:26,290 INFO    scripts.update_daily | CUZ: 34 new daily bar(s) after 2026-06-26
2026-08-15 13:46:26,290 INFO    scripts.update_daily | DBVT: 34 new daily bar(s) after 2026-06-26
2026-08-15 13:46:26,291 INFO    scripts.update_daily | DKS: 34 new daily bar(s) after 2026-06-26
2026-08-15 13:46:26,291 INFO    scripts.update_daily | ENPH: 34 new daily bar(s) after 2026-06-26
2026-08-15 13:46:26,292 INFO    scripts.update_daily | EQT: 34 new daily bar(s) after 2026-06-26
2026-08-15 13:46:26,292 INFO    scripts.update_daily | INSM: 34 new daily bar(s) after 2026-06-26
2026-08-15 13:46:26,293 INFO    scripts.update_daily | KODK: 34 new daily bar(s) after 2026-06-26
2026-08-15 13:46:26,293 INFO    scripts.update_daily | KR: 34 new daily bar(s) after 2026-06-26
2026-08-15 13:46:26,294 INFO    scripts.update_daily | MSM: 34 new daily bar(s) after 2026-06-26
2026-08-15 13:46:26,294 INFO    scripts.update_daily | NLY: 34 new daily bar(s) after 2026-06-26
2026-08-15 13:46:26,295 INFO    scripts.update_daily | NNN: 34 new daily bar(s) after 2026-06-26
2026-08-15 13:46:26,295 INFO    scripts.update_daily | NRC: 34 new daily bar(s) after 2026-06-26
2026-08-15 13:46:26,296 INFO    scripts.update_daily | NTLA: 34 new daily bar(s) after 2026-06-26
2026-08-15 13:46:26,296 INFO    scripts.update_daily | PKE: 34 new daily bar(s) after 2026-06-26
2026-08-15 13:46:26,297 INFO    scripts.update_daily | PLD: 34 new daily bar(s) after 2026-06-26
2026-08-15 13:46:26,297 INFO    scripts.update_daily | RNG: 34 new daily bar(s) after 2026-06-26
2026-08-15 13:46:26,298 INFO    scripts.update_daily | SNAP: 34 new daily bar(s) after 2026-06-26
2026-08-15 13:46:26,298 INFO    scripts.update_daily | SU: 34 new daily bar(s) after 2026-06-26
2026-08-15 13:46:26,299 INFO    scripts.update_daily | AER: 34 new daily bar(s) after 2026-06-26
2026-08-15 13:46:26,299 INFO    scripts.update_daily | ALNT: 34 new daily bar(s) after 2026-06-26
2026-08-15 13:46:26,300 INFO    scripts.update_daily | APH: 34 new daily bar(s) after 2026-06-26
2026-08-15 13:46:26,300 INFO    scripts.update_daily | AROC: 34 new daily bar(s) after 2026-06-26
2026-08-15 13:46:26,300 INFO    scripts.update_daily | CALY: 34 new daily bar(s) after 2026-06-26
2026-08-15 13:46:26,301 INFO    scripts.update_daily | EXK: 34 new daily bar(s) after 2026-06-26
2026-08-15 13:46:26,301 INFO    scripts.update_daily | FIVN: 34 new daily bar(s) after 2026-06-26
2026-08-15 13:46:26,302 INFO    scripts.update_daily | GNL: 31 new daily bar(s) after 2026-06-26
2026-08-15 13:46:26,302 INFO    scripts.update_daily | KFRC: 34 new daily bar(s) after 2026-06-26
2026-08-15 13:46:26,302 INFO    scripts.update_daily | KN: 34 new daily bar(s) after 2026-06-26
2026-08-15 13:46:26,303 INFO    scripts.update_daily | MAR: 34 new daily bar(s) after 2026-06-26
2026-08-15 13:46:26,303 INFO    scripts.update_daily | MKSI: 34 new daily bar(s) after 2026-06-26
2026-08-15 13:46:26,304 INFO    scripts.update_daily | MSI: 34 new daily bar(s) after 2026-06-26
2026-08-15 13:46:26,304 INFO    scripts.update_daily | NODK: 34 new daily bar(s) after 2026-06-26
2026-08-15 13:46:26,305 INFO    scripts.update_daily | NVO: 34 new daily bar(s) after 2026-06-26
2026-08-15 13:46:26,305 INFO    scripts.update_daily | PGEN: 33 new daily bar(s) after 2026-06-26
2026-08-15 13:46:26,305 INFO    scripts.update_daily | RCKY: 34 new daily bar(s) after 2026-06-26
2026-08-15 13:46:26,306 INFO    scripts.update_daily | SBS: 34 new daily bar(s) after 2026-06-26
2026-08-15 13:46:26,306 INFO    scripts.update_daily | SKM: 34 new daily bar(s) after 2026-06-26
2026-08-15 13:46:26,307 INFO    scripts.update_daily | SMFG: 34 new daily bar(s) after 2026-06-26
2026-08-15 13:46:26,307 INFO    scripts.update_daily | TOWN: 34 new daily bar(s) after 2026-06-26
2026-08-15 13:46:26,308 INFO    scripts.update_daily | TSLX: 31 new daily bar(s) after 2026-06-26
2026-08-15 13:46:26,308 INFO    scripts.update_daily | UA: 34 new daily bar(s) after 2026-06-26
2026-08-15 13:46:26,309 INFO    scripts.update_daily | UFPT: 34 new daily bar(s) after 2026-06-26
2026-08-15 13:46:26,309 INFO    scripts.update_daily | UHAL: 34 new daily bar(s) after 2026-06-26
2026-08-15 13:46:26,310 INFO    scripts.update_daily | WBD: 34 new daily bar(s) after 2026-06-26
2026-08-15 13:46:26,310 INFO    scripts.update_daily | WEN: 34 new daily bar(s) after 2026-06-26
2026-08-15 13:46:26,310 INFO    scripts.update_daily | WSBC: 34 new daily bar(s) after 2026-06-26
2026-08-15 13:46:26,311 INFO    scripts.update_daily | WSM: 34 new daily bar(s) after 2026-06-26
2026-08-15 13:46:26,311 INFO    scripts.update_daily | XIFR: 31 new daily bar(s) after 2026-06-26
2026-08-15 13:46:26,312 INFO    scripts.update_daily | ADSK: 34 new daily bar(s) after 2026-06-26
2026-08-15 13:46:26,312 INFO    scripts.update_daily | AES: 34 new daily bar(s) after 2026-06-26
2026-08-15 13:46:26,313 INFO    scripts.update_daily | AIG: 34 new daily bar(s) after 2026-06-26
2026-08-15 13:46:26,313 INFO    scripts.update_daily | ATRO: 34 new daily bar(s) after 2026-06-26
2026-08-15 13:46:26,314 INFO    scripts.update_daily | BEN: 34 new daily bar(s) after 2026-06-26
2026-08-15 13:46:26,314 INFO    scripts.update_daily | BRSL: 34 new daily bar(s) after 2026-06-26
2026-08-15 13:46:26,314 INFO    scripts.update_daily | CCEP: 34 new daily bar(s) after 2026-06-26
2026-08-15 13:46:26,315 INFO    scripts.update_daily | DBI: 34 new daily bar(s) after 2026-06-26
2026-08-15 13:46:26,315 INFO    scripts.update_daily | EEX: 0 new daily bar(s) after 2026-06-26
2026-08-15 13:46:26,316 INFO    scripts.update_daily | FELE: 34 new daily bar(s) after 2026-06-26
2026-08-15 13:46:26,316 INFO    scripts.update_daily | FRPT: 34 new daily bar(s) after 2026-06-26
2026-08-15 13:46:26,316 INFO    scripts.update_daily | HRB: 31 new daily bar(s) after 2026-06-26
2026-08-15 13:46:26,317 INFO    scripts.update_daily | HTT: 31 new daily bar(s) after 2026-06-26
2026-08-15 13:46:26,317 INFO    scripts.update_daily | LXP: 31 new daily bar(s) after 2026-06-26
2026-08-15 13:46:26,318 INFO    scripts.update_daily | NOVT: 34 new daily bar(s) after 2026-06-26
2026-08-15 13:46:26,318 INFO    scripts.update_daily | NPO: 34 new daily bar(s) after 2026-06-26
2026-08-15 13:46:26,318 INFO    scripts.update_daily | OKTA: 34 new daily bar(s) after 2026-06-26
2026-08-15 13:46:26,319 INFO    scripts.update_daily | PAGP: 34 new daily bar(s) after 2026-06-26
2026-08-15 13:46:26,319 INFO    scripts.update_daily | PLAB: 34 new daily bar(s) after 2026-06-26
2026-08-15 13:46:26,320 INFO    scripts.update_daily | PRLB: 34 new daily bar(s) after 2026-06-26
2026-08-15 13:46:26,320 INFO    scripts.update_daily | PUK: 31 new daily bar(s) after 2026-06-26
2026-08-15 13:46:26,320 INFO    scripts.update_daily | RLJ: 34 new daily bar(s) after 2026-06-26
2026-08-15 13:46:26,321 INFO    scripts.update_daily | STBA: 34 new daily bar(s) after 2026-06-26
2026-08-15 13:46:26,321 INFO    scripts.update_daily | TDAY: 34 new daily bar(s) after 2026-06-26
2026-08-15 13:46:26,322 INFO    scripts.update_daily | TDC: 34 new daily bar(s) after 2026-06-26
2026-08-15 13:46:26,322 INFO    scripts.update_daily | TGB: 34 new daily bar(s) after 2026-06-26
2026-08-15 13:46:26,322 INFO    scripts.update_daily | UAN: 34 new daily bar(s) after 2026-06-26
2026-08-15 13:46:26,323 INFO    scripts.update_daily | UUUU: 34 new daily bar(s) after 2026-06-26
2026-08-15 13:46:26,323 INFO    scripts.update_daily | VLY: 34 new daily bar(s) after 2026-06-26
2026-08-15 13:46:26,323 INFO    scripts.update_daily | ZD: 34 new daily bar(s) after 2026-06-26
2026-08-15 13:46:26,324 INFO    scripts.update_daily | AA: 34 new daily bar(s) after 2026-06-26
2026-08-15 13:46:26,324 INFO    scripts.update_daily | ADC: 34 new daily bar(s) after 2026-06-26
2026-08-15 13:46:26,325 INFO    scripts.update_daily | AMC: 34 new daily bar(s) after 2026-06-26
2026-08-15 13:46:26,325 INFO    scripts.update_daily | ANF: 34 new daily bar(s) after 2026-06-26
2026-08-15 13:46:26,325 INFO    scripts.update_daily | APPN: 34 new daily bar(s) after 2026-06-26
2026-08-15 13:46:26,326 INFO    scripts.update_daily | BHF: 34 new daily bar(s) after 2026-06-26
2026-08-15 13:46:26,326 INFO    scripts.update_daily | BKD: 34 new daily bar(s) after 2026-06-26
2026-08-15 13:46:26,327 INFO    scripts.update_daily | BXC: 34 new daily bar(s) after 2026-06-26
2026-08-15 13:46:26,327 INFO    scripts.update_daily | CAMT: 34 new daily bar(s) after 2026-06-26
2026-08-15 13:46:26,327 INFO    scripts.update_daily | CCJ: 34 new daily bar(s) after 2026-06-26
2026-08-15 13:46:26,328 INFO    scripts.update_daily | CNK: 34 new daily bar(s) after 2026-06-26
2026-08-15 13:46:26,328 INFO    scripts.update_daily | DNN: 34 new daily bar(s) after 2026-06-26
2026-08-15 13:46:26,328 INFO    scripts.update_daily | ERIC: 34 new daily bar(s) after 2026-06-26
2026-08-15 13:46:26,329 INFO    scripts.update_daily | FUN: 34 new daily bar(s) after 2026-06-26
2026-08-15 13:46:26,329 INFO    scripts.update_daily | HWC: 34 new daily bar(s) after 2026-06-26
2026-08-15 13:46:26,330 INFO    scripts.update_daily | JHX: 34 new daily bar(s) after 2026-06-26
2026-08-15 13:46:26,330 INFO    scripts.update_daily | KHC: 34 new daily bar(s) after 2026-06-26
2026-08-15 13:46:26,330 INFO    scripts.update_daily | LAND: 34 new daily bar(s) after 2026-06-26
2026-08-15 13:46:26,331 INFO    scripts.update_daily | MZTI: 34 new daily bar(s) after 2026-06-26
2026-08-15 13:46:26,331 INFO    scripts.update_daily | OCSL: 34 new daily bar(s) after 2026-06-26
2026-08-15 13:46:26,331 INFO    scripts.update_daily | ONIT: 34 new daily bar(s) after 2026-06-26
2026-08-15 13:46:26,332 INFO    scripts.update_daily | PFBC: 34 new daily bar(s) after 2026-06-26
2026-08-15 13:46:26,332 INFO    scripts.update_daily | RIOT: 34 new daily bar(s) after 2026-06-26
2026-08-15 13:46:26,333 INFO    scripts.update_daily | RYTM: 34 new daily bar(s) after 2026-06-26
2026-08-15 13:46:26,333 INFO    scripts.update_daily | SBR: 34 new daily bar(s) after 2026-06-26
2026-08-15 13:46:26,333 INFO    scripts.update_daily | SBUX: 34 new daily bar(s) after 2026-06-26
2026-08-15 13:46:26,334 INFO    scripts.update_daily | SLRC: 34 new daily bar(s) after 2026-06-26
2026-08-15 13:46:26,334 INFO    scripts.update_daily | SMCI: 34 new daily bar(s) after 2026-06-26
2026-08-15 13:46:26,334 INFO    scripts.update_daily | TRMK: 34 new daily bar(s) after 2026-06-26
2026-08-15 13:46:26,335 INFO    scripts.update_daily | WBS: 34 new daily bar(s) after 2026-06-26
2026-08-15 13:46:26,335 INFO    scripts.update_daily | ALLT: 34 new daily bar(s) after 2026-06-26
2026-08-15 13:46:26,336 INFO    scripts.update_daily | AN: 34 new daily bar(s) after 2026-06-26
2026-08-15 13:46:26,336 INFO    scripts.update_daily | BCC: 34 new daily bar(s) after 2026-06-26
2026-08-15 13:46:26,336 INFO    scripts.update_daily | BHC: 34 new daily bar(s) after 2026-06-26
2026-08-15 13:46:26,337 INFO    scripts.update_daily | CRMD: 34 new daily bar(s) after 2026-06-26
2026-08-15 13:46:26,337 INFO    scripts.update_daily | CVBF: 34 new daily bar(s) after 2026-06-26
2026-08-15 13:46:26,337 INFO    scripts.update_daily | DCOM: 34 new daily bar(s) after 2026-06-26
2026-08-15 13:46:26,338 INFO    scripts.update_daily | DEA: 34 new daily bar(s) after 2026-06-26
2026-08-15 13:46:26,338 INFO    scripts.update_daily | DRH: 34 new daily bar(s) after 2026-06-26
2026-08-15 13:46:26,339 INFO    scripts.update_daily | EMR: 34 new daily bar(s) after 2026-06-26
2026-08-15 13:46:26,339 INFO    scripts.update_daily | ETD: 34 new daily bar(s) after 2026-06-26
2026-08-15 13:46:26,339 INFO    scripts.update_daily | MAN: 34 new daily bar(s) after 2026-06-26
2026-08-15 13:46:26,340 INFO    scripts.update_daily | MHO: 34 new daily bar(s) after 2026-06-26
2026-08-15 13:46:26,340 INFO    scripts.update_daily | MLKN: 34 new daily bar(s) after 2026-06-26
2026-08-15 13:46:26,340 INFO    scripts.update_daily | NC: 34 new daily bar(s) after 2026-06-26
2026-08-15 13:46:26,341 INFO    scripts.update_daily | NRIM: 34 new daily bar(s) after 2026-06-26
2026-08-15 13:46:26,341 INFO    scripts.update_daily | OFG: 34 new daily bar(s) after 2026-06-26
2026-08-15 13:46:26,341 INFO    scripts.update_daily | PCG: 34 new daily bar(s) after 2026-06-26
2026-08-15 13:46:26,342 INFO    scripts.update_daily | PRGS: 34 new daily bar(s) after 2026-06-26
2026-08-15 13:46:26,342 INFO    scripts.update_daily | PRKS: 34 new daily bar(s) after 2026-06-26
2026-08-15 13:46:26,342 INFO    scripts.update_daily | PSKY: 34 new daily bar(s) after 2026-06-26
2026-08-15 13:46:26,343 INFO    scripts.update_daily | SIGI: 34 new daily bar(s) after 2026-06-26
2026-08-15 13:46:26,343 INFO    scripts.update_daily | SLG: 34 new daily bar(s) after 2026-06-26
2026-08-15 13:46:26,343 INFO    scripts.update_daily | SVM: 34 new daily bar(s) after 2026-06-26
2026-08-15 13:46:26,344 INFO    scripts.update_daily | SWX: 34 new daily bar(s) after 2026-06-26
2026-08-15 13:46:26,344 INFO    scripts.update_daily | TBPH: 34 new daily bar(s) after 2026-06-26
2026-08-15 13:46:26,345 INFO    scripts.update_daily | WINA: 34 new daily bar(s) after 2026-06-26
2026-08-15 13:46:26,345 INFO    scripts.update_daily | WLK: 34 new daily bar(s) after 2026-06-26
2026-08-15 13:46:26,345 INFO    scripts.update_daily | WLY: 34 new daily bar(s) after 2026-06-26
2026-08-15 13:46:26,346 INFO    scripts.update_daily | WNC: 34 new daily bar(s) after 2026-06-26
2026-08-15 13:46:26,346 INFO    scripts.update_daily | AIV: 34 new daily bar(s) after 2026-06-26
2026-08-15 13:46:26,346 INFO    scripts.update_daily | ATNI: 34 new daily bar(s) after 2026-06-26
2026-08-15 13:46:26,347 INFO    scripts.update_daily | CACC: 34 new daily bar(s) after 2026-06-26
2026-08-15 13:46:26,347 INFO    scripts.update_daily | CARG: 34 new daily bar(s) after 2026-06-26
2026-08-15 13:46:26,347 INFO    scripts.update_daily | CAT: 34 new daily bar(s) after 2026-06-26
2026-08-15 13:46:26,348 INFO    scripts.update_daily | CELH: 34 new daily bar(s) after 2026-06-26
2026-08-15 13:46:26,348 INFO    scripts.update_daily | CMBT: 34 new daily bar(s) after 2026-06-26
2026-08-15 13:46:26,348 INFO    scripts.update_daily | DAKT: 34 new daily bar(s) after 2026-06-26
2026-08-15 13:46:26,349 INFO    scripts.update_daily | DCH: 34 new daily bar(s) after 2026-06-26
2026-08-15 13:46:26,349 INFO    scripts.update_daily | GABC: 34 new daily bar(s) after 2026-06-26
2026-08-15 13:46:26,349 INFO    scripts.update_daily | GDDY: 34 new daily bar(s) after 2026-06-26
2026-08-15 13:46:26,350 INFO    scripts.update_daily | GEVO: 34 new daily bar(s) after 2026-06-26
2026-08-15 13:46:26,350 INFO    scripts.update_daily | GKOS: 31 new daily bar(s) after 2026-06-26
2026-08-15 13:46:26,350 INFO    scripts.update_daily | HLX: 34 new daily bar(s) after 2026-06-26
2026-08-15 13:46:26,351 INFO    scripts.update_daily | HSIC: 34 new daily bar(s) after 2026-06-26
2026-08-15 13:46:26,351 INFO    scripts.update_daily | IMO: 34 new daily bar(s) after 2026-06-26
2026-08-15 13:46:26,351 INFO    scripts.update_daily | KMPR: 34 new daily bar(s) after 2026-06-26
2026-08-15 13:46:26,352 INFO    scripts.update_daily | KREF: 34 new daily bar(s) after 2026-06-26
2026-08-15 13:46:26,352 INFO    scripts.update_daily | MTDR: 34 new daily bar(s) after 2026-06-26
2026-08-15 13:46:26,352 INFO    scripts.update_daily | MYRG: 34 new daily bar(s) after 2026-06-26
2026-08-15 13:46:26,353 INFO    scripts.update_daily | NTCT: 34 new daily bar(s) after 2026-06-26
2026-08-15 13:46:26,353 INFO    scripts.update_daily | NTRA: 34 new daily bar(s) after 2026-06-26
2026-08-15 13:46:26,353 INFO    scripts.update_daily | NVR: 34 new daily bar(s) after 2026-06-26
2026-08-15 13:46:26,354 INFO    scripts.update_daily | PCTY: 31 new daily bar(s) after 2026-06-26
2026-08-15 13:46:26,354 INFO    scripts.update_daily | RCKT: 34 new daily bar(s) after 2026-06-26
2026-08-15 13:46:26,354 INFO    scripts.update_daily | UBS: 34 new daily bar(s) after 2026-06-26
2026-08-15 13:46:26,355 INFO    scripts.update_daily | VKTX: 34 new daily bar(s) after 2026-06-26
2026-08-15 13:46:26,355 INFO    scripts.update_daily | VLO: 34 new daily bar(s) after 2026-06-26
2026-08-15 13:46:26,355 INFO    scripts.update_daily | VSAT: 34 new daily bar(s) after 2026-06-26
2026-08-15 13:46:26,356 INFO    scripts.update_daily | VSTM: 34 new daily bar(s) after 2026-06-26
2026-08-15 13:46:26,356 INFO    scripts.update_daily | ACIW: 34 new daily bar(s) after 2026-06-26
2026-08-15 13:46:26,356 INFO    scripts.update_daily | CSR: 34 new daily bar(s) after 2026-06-26
2026-08-15 13:46:26,357 INFO    scripts.update_daily | CUBI: 34 new daily bar(s) after 2026-06-26
2026-08-15 13:46:26,357 INFO    scripts.update_daily | FISI: 34 new daily bar(s) after 2026-06-26
2026-08-15 13:46:26,358 INFO    scripts.update_daily | FTV: 34 new daily bar(s) after 2026-06-26
2026-08-15 13:46:26,358 INFO    scripts.update_daily | HAPN: 34 new daily bar(s) after 2026-06-26
2026-08-15 13:46:26,358 INFO    scripts.update_daily | HLIT: 34 new daily bar(s) after 2026-06-26
2026-08-15 13:46:26,359 INFO    scripts.update_daily | JKHY: 34 new daily bar(s) after 2026-06-26
2026-08-15 13:46:26,359 INFO    scripts.update_daily | NTGR: 34 new daily bar(s) after 2026-06-26
2026-08-15 13:46:26,360 INFO    scripts.update_daily | NVMI: 34 new daily bar(s) after 2026-06-26
2026-08-15 13:46:26,360 INFO    scripts.update_daily | OSG: 34 new daily bar(s) after 2026-06-26
2026-08-15 13:46:26,360 INFO    scripts.update_daily | OVID: 32 new daily bar(s) after 2026-06-26
2026-08-15 13:46:26,361 INFO    scripts.update_daily | P: 34 new daily bar(s) after 2026-06-26
2026-08-15 13:46:26,361 INFO    scripts.update_daily | RACE: 34 new daily bar(s) after 2026-06-26
2026-08-15 13:46:26,361 INFO    scripts.update_daily | SCHL: 34 new daily bar(s) after 2026-06-26
2026-08-15 13:46:26,362 INFO    scripts.update_daily | SUPN: 34 new daily bar(s) after 2026-06-26
2026-08-15 13:46:26,362 INFO    scripts.update_daily | TFSL: 34 new daily bar(s) after 2026-06-26
2026-08-15 13:46:26,362 INFO    scripts.update_daily | URI: 32 new daily bar(s) after 2026-06-26
2026-08-15 13:46:26,363 INFO    scripts.update_daily | UTL: 31 new daily bar(s) after 2026-06-26
2026-08-15 13:46:26,363 INFO    scripts.update_daily | VMC: 34 new daily bar(s) after 2026-06-26
2026-08-15 13:46:26,364 INFO    scripts.update_daily | AXON: 22 new daily bar(s) after 2026-07-15
2026-08-15 13:46:26,364 INFO    scripts.update_daily | BA: 22 new daily bar(s) after 2026-07-15
2026-08-15 13:46:26,364 INFO    scripts.update_daily | BBAR: 20 new daily bar(s) after 2026-07-15
2026-08-15 13:46:26,365 INFO    scripts.update_daily | BHE: 22 new daily bar(s) after 2026-07-15
2026-08-15 13:46:26,365 INFO    scripts.update_daily | BMRN: 22 new daily bar(s) after 2026-07-15
2026-08-15 13:46:26,365 INFO    scripts.update_daily | CNA: 22 new daily bar(s) after 2026-07-15
2026-08-15 13:46:26,366 INFO    scripts.update_daily | CSWC: 22 new daily bar(s) after 2026-07-15
2026-08-15 13:46:26,366 INFO    scripts.update_daily | FCBC: 22 new daily bar(s) after 2026-07-15
2026-08-15 13:46:26,366 INFO    scripts.update_daily | FLEX: 22 new daily bar(s) after 2026-07-15
2026-08-15 13:46:26,367 INFO    scripts.update_daily | ILMN: 19 new daily bar(s) after 2026-07-15
2026-08-15 13:46:26,367 INFO    scripts.update_daily | IPI: 22 new daily bar(s) after 2026-07-15
2026-08-15 13:46:26,368 INFO    scripts.update_daily | KNOP: 22 new daily bar(s) after 2026-07-15
2026-08-15 13:46:26,368 INFO    scripts.update_daily | KNX: 22 new daily bar(s) after 2026-07-15
2026-08-15 13:46:26,368 INFO    scripts.update_daily | LECO: 22 new daily bar(s) after 2026-07-15
2026-08-15 13:46:26,369 INFO    scripts.update_daily | MCK: 22 new daily bar(s) after 2026-07-15
2026-08-15 13:46:26,369 INFO    scripts.update_daily | MDU: 22 new daily bar(s) after 2026-07-15
2026-08-15 13:46:26,369 INFO    scripts.update_daily | NBTB: 22 new daily bar(s) after 2026-07-15
2026-08-15 13:46:26,370 INFO    scripts.update_daily | NVS: 22 new daily bar(s) after 2026-07-15
2026-08-15 13:46:26,370 INFO    scripts.update_daily | PHG: 22 new daily bar(s) after 2026-07-15
2026-08-15 13:46:26,370 INFO    scripts.update_daily | PII: 22 new daily bar(s) after 2026-07-15
2026-08-15 13:46:26,371 INFO    scripts.update_daily | PLUS: 19 new daily bar(s) after 2026-07-15
2026-08-15 13:46:26,371 INFO    scripts.update_daily | PODD: 22 new daily bar(s) after 2026-07-15
2026-08-15 13:46:26,372 INFO    scripts.update_daily | PRTA: 22 new daily bar(s) after 2026-07-15
2026-08-15 13:46:26,372 INFO    scripts.update_daily | SA: 22 new daily bar(s) after 2026-07-15
2026-08-15 13:46:26,372 INFO    scripts.update_daily | SPG: 22 new daily bar(s) after 2026-07-15
2026-08-15 13:46:26,373 INFO    scripts.update_daily | STGW: 22 new daily bar(s) after 2026-07-15
2026-08-15 13:46:26,373 INFO    scripts.update_daily | TCBK: 22 new daily bar(s) after 2026-07-15
2026-08-15 13:46:26,373 INFO    scripts.update_daily | TKC: 22 new daily bar(s) after 2026-07-15
2026-08-15 13:46:26,374 INFO    scripts.update_daily | VLGEA: 22 new daily bar(s) after 2026-07-15
2026-08-15 13:46:26,374 INFO    scripts.update_daily | VOD: 22 new daily bar(s) after 2026-07-15
2026-08-15 13:46:26,374 INFO    scripts.update_daily | AGI: 22 new daily bar(s) after 2026-07-15
2026-08-15 13:46:26,375 INFO    scripts.update_daily | BMO: 22 new daily bar(s) after 2026-07-15
2026-08-15 13:46:26,375 INFO    scripts.update_daily | BY: 22 new daily bar(s) after 2026-07-15
2026-08-15 13:46:26,375 INFO    scripts.update_daily | ECL: 22 new daily bar(s) after 2026-07-15
2026-08-15 13:46:26,376 INFO    scripts.update_daily | EPR: 22 new daily bar(s) after 2026-07-15
2026-08-15 13:46:26,376 INFO    scripts.update_daily | EXTR: 22 new daily bar(s) after 2026-07-15
2026-08-15 13:46:26,376 INFO    scripts.update_daily | GVA: 22 new daily bar(s) after 2026-07-15
2026-08-15 13:46:26,377 INFO    scripts.update_daily | HMN: 22 new daily bar(s) after 2026-07-15
2026-08-15 13:46:26,377 INFO    scripts.update_daily | IRT: 22 new daily bar(s) after 2026-07-15
2026-08-15 13:46:26,377 INFO    scripts.update_daily | JLL: 22 new daily bar(s) after 2026-07-15
2026-08-15 13:46:26,378 INFO    scripts.update_daily | JOYY: 19 new daily bar(s) after 2026-07-15
2026-08-15 13:46:26,378 INFO    scripts.update_daily | KEP: 22 new daily bar(s) after 2026-07-15
2026-08-15 13:46:26,378 INFO    scripts.update_daily | LBRDA: 22 new daily bar(s) after 2026-07-15
2026-08-15 13:46:26,379 INFO    scripts.update_daily | LITE: 22 new daily bar(s) after 2026-07-15
2026-08-15 13:46:26,379 INFO    scripts.update_daily | NOAH: 22 new daily bar(s) after 2026-07-15
2026-08-15 13:46:26,379 INFO    scripts.update_daily | OPCH: 22 new daily bar(s) after 2026-07-15
2026-08-15 13:46:26,380 INFO    scripts.update_daily | OTEX: 22 new daily bar(s) after 2026-07-15
2026-08-15 13:46:26,380 INFO    scripts.update_daily | PDFS: 22 new daily bar(s) after 2026-07-15
2026-08-15 13:46:26,381 INFO    scripts.update_daily | PEB: 22 new daily bar(s) after 2026-07-15
2026-08-15 13:46:26,381 INFO    scripts.update_daily | PRK: 22 new daily bar(s) after 2026-07-15
2026-08-15 13:46:26,381 INFO    scripts.update_daily | R: 22 new daily bar(s) after 2026-07-15
2026-08-15 13:46:26,382 INFO    scripts.update_daily | SMPL: 22 new daily bar(s) after 2026-07-15
2026-08-15 13:46:26,382 INFO    scripts.update_daily | SMTC: 22 new daily bar(s) after 2026-07-15
2026-08-15 13:46:26,382 INFO    scripts.update_daily | UNIT: 22 new daily bar(s) after 2026-07-15
2026-08-15 13:46:26,383 INFO    scripts.update_daily | WLKP: 22 new daily bar(s) after 2026-07-15
2026-08-15 13:46:26,383 INFO    scripts.update_daily | WPC: 22 new daily bar(s) after 2026-07-15
2026-08-15 13:46:26,383 INFO    scripts.update_daily | WRB: 22 new daily bar(s) after 2026-07-15
2026-08-15 13:46:26,384 INFO    scripts.update_daily | XHR: 22 new daily bar(s) after 2026-07-15
2026-08-15 13:46:26,384 INFO    scripts.update_daily | XRX: 22 new daily bar(s) after 2026-07-15
2026-08-15 13:46:26,385 INFO    scripts.update_daily | ZYME: 22 new daily bar(s) after 2026-07-15
2026-08-15 13:46:26,385 INFO    scripts.update_daily | ALRM: 22 new daily bar(s) after 2026-07-15
2026-08-15 13:46:26,385 INFO    scripts.update_daily | ASND: 22 new daily bar(s) after 2026-07-15
2026-08-15 13:46:26,386 INFO    scripts.update_daily | AVNT: 19 new daily bar(s) after 2026-07-15
2026-08-15 13:46:26,386 INFO    scripts.update_daily | CHCT: 22 new daily bar(s) after 2026-07-15
2026-08-15 13:46:26,386 INFO    scripts.update_daily | CHKP: 22 new daily bar(s) after 2026-07-15
2026-08-15 13:46:26,387 INFO    scripts.update_daily | CI: 22 new daily bar(s) after 2026-07-15
2026-08-15 13:46:26,387 INFO    scripts.update_daily | CIVB: 22 new daily bar(s) after 2026-07-15
2026-08-15 13:46:26,387 INFO    scripts.update_daily | COLB: 22 new daily bar(s) after 2026-07-15
2026-08-15 13:46:26,388 INFO    scripts.update_daily | CSGP: 22 new daily bar(s) after 2026-07-15
2026-08-15 13:46:26,388 INFO    scripts.update_daily | CYRX: 22 new daily bar(s) after 2026-07-15
2026-08-15 13:46:26,389 INFO    scripts.update_daily | DAR: 22 new daily bar(s) after 2026-07-15
2026-08-15 13:46:26,389 INFO    scripts.update_daily | DCO: 22 new daily bar(s) after 2026-07-15
2026-08-15 13:46:26,389 INFO    scripts.update_daily | ENVA: 22 new daily bar(s) after 2026-07-15
2026-08-15 13:46:26,390 INFO    scripts.update_daily | FMS: 19 new daily bar(s) after 2026-07-15
2026-08-15 13:46:26,390 INFO    scripts.update_daily | GEO: 22 new daily bar(s) after 2026-07-15
2026-08-15 13:46:26,390 INFO    scripts.update_daily | IRTC: 22 new daily bar(s) after 2026-07-15
2026-08-15 13:46:26,391 INFO    scripts.update_daily | ITW: 22 new daily bar(s) after 2026-07-15
2026-08-15 13:46:26,391 INFO    scripts.update_daily | IVZ: 22 new daily bar(s) after 2026-07-15
2026-08-15 13:46:26,391 INFO    scripts.update_daily | LOMA: 22 new daily bar(s) after 2026-07-15
2026-08-15 13:46:26,392 INFO    scripts.update_daily | LSCC: 22 new daily bar(s) after 2026-07-15
2026-08-15 13:46:26,392 INFO    scripts.update_daily | PAG: 22 new daily bar(s) after 2026-07-15
2026-08-15 13:46:26,393 INFO    scripts.update_daily | SSTK: 22 new daily bar(s) after 2026-07-15
2026-08-15 13:46:26,393 INFO    scripts.update_daily | STNG: 22 new daily bar(s) after 2026-07-15
2026-08-15 13:46:26,393 INFO    scripts.update_daily | TJX: 20 new daily bar(s) after 2026-07-15
2026-08-15 13:46:26,394 INFO    scripts.update_daily | TOL: 22 new daily bar(s) after 2026-07-15
2026-08-15 13:46:26,394 INFO    scripts.update_daily | TTD: 22 new daily bar(s) after 2026-07-15
2026-08-15 13:46:26,394 INFO    scripts.update_daily | UHT: 22 new daily bar(s) after 2026-07-15
2026-08-15 13:46:26,395 INFO    scripts.update_daily | WAL: 22 new daily bar(s) after 2026-07-15
2026-08-15 13:46:26,395 INFO    scripts.update_daily | WRLD: 22 new daily bar(s) after 2026-07-15
2026-08-15 13:46:26,395 INFO    scripts.update_daily | ZION: 22 new daily bar(s) after 2026-07-15
2026-08-15 13:46:26,396 INFO    scripts.update_daily | ATEN: 22 new daily bar(s) after 2026-07-15
2026-08-15 13:46:26,396 INFO    scripts.update_daily | ATI: 22 new daily bar(s) after 2026-07-15
2026-08-15 13:46:26,397 INFO    scripts.update_daily | BLDR: 22 new daily bar(s) after 2026-07-15
2026-08-15 13:46:26,397 INFO    scripts.update_daily | BLMN: 22 new daily bar(s) after 2026-07-15
2026-08-15 13:46:26,397 INFO    scripts.update_daily | CPB: 22 new daily bar(s) after 2026-07-15
2026-08-15 13:46:26,398 INFO    scripts.update_daily | CVS: 22 new daily bar(s) after 2026-07-15
2026-08-15 13:46:26,398 INFO    scripts.update_daily | EXLS: 22 new daily bar(s) after 2026-07-15
2026-08-15 13:46:26,398 INFO    scripts.update_daily | EXP: 22 new daily bar(s) after 2026-07-15
2026-08-15 13:46:26,399 INFO    scripts.update_daily | GE: 22 new daily bar(s) after 2026-07-15
2026-08-15 13:46:26,399 INFO    scripts.update_daily | IIIN: 22 new daily bar(s) after 2026-07-15
2026-08-15 13:46:26,399 INFO    scripts.update_daily | IMKTA: 22 new daily bar(s) after 2026-07-15
2026-08-15 13:46:26,400 INFO    scripts.update_daily | INVA: 22 new daily bar(s) after 2026-07-15
2026-08-15 13:46:26,400 INFO    scripts.update_daily | KOPN: 22 new daily bar(s) after 2026-07-15
2026-08-15 13:46:26,401 INFO    scripts.update_daily | KRNY: 22 new daily bar(s) after 2026-07-15
2026-08-15 13:46:26,401 INFO    scripts.update_daily | LILA: 22 new daily bar(s) after 2026-07-15
2026-08-15 13:46:26,401 INFO    scripts.update_daily | LYTS: 22 new daily bar(s) after 2026-07-15
2026-08-15 13:46:26,402 INFO    scripts.update_daily | META: 22 new daily bar(s) after 2026-07-15
2026-08-15 13:46:26,402 INFO    scripts.update_daily | ORA: 22 new daily bar(s) after 2026-07-15
2026-08-15 13:46:26,402 INFO    scripts.update_daily | PAYC: 22 new daily bar(s) after 2026-07-15
2026-08-15 13:46:26,403 INFO    scripts.update_daily | PRU: 22 new daily bar(s) after 2026-07-15
2026-08-15 13:46:26,403 INFO    scripts.update_daily | QCRH: 19 new daily bar(s) after 2026-07-15
2026-08-15 13:46:26,403 INFO    scripts.update_daily | RITM: 22 new daily bar(s) after 2026-07-15
2026-08-15 13:46:26,404 INFO    scripts.update_daily | SAM: 22 new daily bar(s) after 2026-07-15
2026-08-15 13:46:26,404 INFO    scripts.update_daily | SM: 22 new daily bar(s) after 2026-07-15
2026-08-15 13:46:26,404 INFO    scripts.update_daily | STEL: 0 new daily bar(s) after 2026-06-30
2026-08-15 13:46:26,405 INFO    scripts.update_daily | TITN: 22 new daily bar(s) after 2026-07-15
2026-08-15 13:46:26,405 INFO    scripts.update_daily | TMUS: 22 new daily bar(s) after 2026-07-15
2026-08-15 13:46:26,405 INFO    scripts.update_daily | UNH: 22 new daily bar(s) after 2026-07-15
2026-08-15 13:46:26,406 INFO    scripts.update_daily | VCEL: 22 new daily bar(s) after 2026-07-15
2026-08-15 13:46:26,406 INFO    scripts.update_daily | VTR: 22 new daily bar(s) after 2026-07-15
2026-08-15 13:46:26,406 INFO    scripts.update_daily | ABEO: 21 new daily bar(s) after 2026-07-15
2026-08-15 13:46:26,407 INFO    scripts.update_daily | AMPH: 22 new daily bar(s) after 2026-07-15
2026-08-15 13:46:26,407 INFO    scripts.update_daily | BG: 22 new daily bar(s) after 2026-07-15
2026-08-15 13:46:26,407 INFO    scripts.update_daily | BIDU: 22 new daily bar(s) after 2026-07-15
2026-08-15 13:46:26,408 INFO    scripts.update_daily | CNI: 22 new daily bar(s) after 2026-07-15
2026-08-15 13:46:26,408 INFO    scripts.update_daily | COKE: 22 new daily bar(s) after 2026-07-15
2026-08-15 13:46:26,408 INFO    scripts.update_daily | EMBJ: 22 new daily bar(s) after 2026-07-15
2026-08-15 13:46:26,409 INFO    scripts.update_daily | FHI: 22 new daily bar(s) after 2026-07-15
2026-08-15 13:46:26,409 INFO    scripts.update_daily | FINV: 19 new daily bar(s) after 2026-07-15
2026-08-15 13:46:26,409 INFO    scripts.update_daily | FITB: 22 new daily bar(s) after 2026-07-15
2026-08-15 13:46:26,410 INFO    scripts.update_daily | GPRK: 22 new daily bar(s) after 2026-07-15
2026-08-15 13:46:26,410 INFO    scripts.update_daily | HRZN: 22 new daily bar(s) after 2026-07-15
2026-08-15 13:46:26,410 INFO    scripts.update_daily | IOSP: 22 new daily bar(s) after 2026-07-15
2026-08-15 13:46:26,411 INFO    scripts.update_daily | IRWD: 22 new daily bar(s) after 2026-07-15
2026-08-15 13:46:26,411 INFO    scripts.update_daily | MAS: 19 new daily bar(s) after 2026-07-15
2026-08-15 13:46:26,411 INFO    scripts.update_daily | MFA: 22 new daily bar(s) after 2026-07-15
2026-08-15 13:46:26,412 INFO    scripts.update_daily | MKC: 22 new daily bar(s) after 2026-07-15
2026-08-15 13:46:26,412 INFO    scripts.update_daily | MKL: 22 new daily bar(s) after 2026-07-15
2026-08-15 13:46:26,412 INFO    scripts.update_daily | MTH: 22 new daily bar(s) after 2026-07-15
2026-08-15 13:46:26,413 INFO    scripts.update_daily | NOC: 22 new daily bar(s) after 2026-07-15
2026-08-15 13:46:26,413 INFO    scripts.update_daily | NWSA: 22 new daily bar(s) after 2026-07-15
2026-08-15 13:46:26,413 INFO    scripts.update_daily | OC: 22 new daily bar(s) after 2026-07-15
2026-08-15 13:46:26,414 INFO    scripts.update_daily | QUIK: 19 new daily bar(s) after 2026-07-15
2026-08-15 13:46:26,414 INFO    scripts.update_daily | RBB: 22 new daily bar(s) after 2026-07-15
2026-08-15 13:46:26,415 INFO    scripts.update_daily | SHOO: 22 new daily bar(s) after 2026-07-15
2026-08-15 13:46:26,415 INFO    scripts.update_daily | SKT: 22 new daily bar(s) after 2026-07-15
2026-08-15 13:46:26,415 INFO    scripts.update_daily | TDOC: 22 new daily bar(s) after 2026-07-15
2026-08-15 13:46:26,416 INFO    scripts.update_daily | THC: 22 new daily bar(s) after 2026-07-15
2026-08-15 13:46:26,416 INFO    scripts.update_daily | WD: 22 new daily bar(s) after 2026-07-15
2026-08-15 13:46:26,416 INFO    scripts.update_daily | AMT: 22 new daily bar(s) after 2026-07-15
2026-08-15 13:46:26,417 INFO    scripts.update_daily | APAM: 22 new daily bar(s) after 2026-07-15
2026-08-15 13:46:26,417 INFO    scripts.update_daily | ARCC: 22 new daily bar(s) after 2026-07-15
2026-08-15 13:46:26,417 INFO    scripts.update_daily | CCS: 22 new daily bar(s) after 2026-07-15
2026-08-15 13:46:26,418 INFO    scripts.update_daily | CGC: 22 new daily bar(s) after 2026-07-15
2026-08-15 13:46:26,418 INFO    scripts.update_daily | CZNC: 22 new daily bar(s) after 2026-07-15
2026-08-15 13:46:26,419 INFO    scripts.update_daily | DVA: 22 new daily bar(s) after 2026-07-15
2026-08-15 13:46:26,419 INFO    scripts.update_daily | EXR: 22 new daily bar(s) after 2026-07-15
2026-08-15 13:46:26,419 INFO    scripts.update_daily | FMNB: 22 new daily bar(s) after 2026-07-15
2026-08-15 13:46:26,420 INFO    scripts.update_daily | FPI: 20 new daily bar(s) after 2026-07-15
2026-08-15 13:46:26,420 INFO    scripts.update_daily | FRBA: 22 new daily bar(s) after 2026-07-15
2026-08-15 13:46:26,420 INFO    scripts.update_daily | FTAI: 22 new daily bar(s) after 2026-07-15
2026-08-15 13:46:26,421 INFO    scripts.update_daily | GNTX: 19 new daily bar(s) after 2026-07-15
2026-08-15 13:46:26,421 INFO    scripts.update_daily | HLNE: 22 new daily bar(s) after 2026-07-15
2026-08-15 13:46:26,421 INFO    scripts.update_daily | ITGR: 22 new daily bar(s) after 2026-07-15
2026-08-15 13:46:26,422 INFO    scripts.update_daily | LLY: 22 new daily bar(s) after 2026-07-15
2026-08-15 13:46:26,422 INFO    scripts.update_daily | MGNI: 22 new daily bar(s) after 2026-07-15
2026-08-15 13:46:26,422 INFO    scripts.update_daily | PJT: 19 new daily bar(s) after 2026-07-15
2026-08-15 13:46:26,423 INFO    scripts.update_daily | RHI: 22 new daily bar(s) after 2026-07-15
2026-08-15 13:46:26,423 INFO    scripts.update_daily | RPD: 22 new daily bar(s) after 2026-07-15
2026-08-15 13:46:26,423 INFO    scripts.update_daily | RRC: 22 new daily bar(s) after 2026-07-15
2026-08-15 13:46:26,424 INFO    scripts.update_daily | SHOP: 22 new daily bar(s) after 2026-07-15
2026-08-15 13:46:26,424 INFO    scripts.update_daily | TAP: 22 new daily bar(s) after 2026-07-15
2026-08-15 13:46:26,424 INFO    scripts.update_daily | TGTX: 22 new daily bar(s) after 2026-07-15
2026-08-15 13:46:26,425 INFO    scripts.update_daily | TMO: 22 new daily bar(s) after 2026-07-15
2026-08-15 13:46:26,425 INFO    scripts.update_daily | TRP: 22 new daily bar(s) after 2026-07-15
2026-08-15 13:46:26,426 INFO    scripts.update_daily | UNM: 22 new daily bar(s) after 2026-07-15
2026-08-15 13:46:26,426 INFO    scripts.update_daily | UTHR: 22 new daily bar(s) after 2026-07-15
2026-08-15 13:46:26,426 INFO    scripts.update_daily | WLFC: 22 new daily bar(s) after 2026-07-15
2026-08-15 13:46:26,427 INFO    scripts.update_daily | XYL: 22 new daily bar(s) after 2026-07-15
2026-08-15 13:46:26,427 INFO    scripts.update_daily | AMD: 22 new daily bar(s) after 2026-07-15
2026-08-15 13:46:26,427 INFO    scripts.update_daily | AMN: 22 new daily bar(s) after 2026-07-15
2026-08-15 13:46:26,428 INFO    scripts.update_daily | BAP: 22 new daily bar(s) after 2026-07-15
2026-08-15 13:46:26,428 INFO    scripts.update_daily | BGS: 21 new daily bar(s) after 2026-07-15
2026-08-15 13:46:26,428 INFO    scripts.update_daily | CDNA: 22 new daily bar(s) after 2026-07-15
2026-08-15 13:46:26,429 INFO    scripts.update_daily | CRVS: 22 new daily bar(s) after 2026-07-15
2026-08-15 13:46:26,429 INFO    scripts.update_daily | CTBI: 22 new daily bar(s) after 2026-07-15
2026-08-15 13:46:26,429 INFO    scripts.update_daily | CZR: 22 new daily bar(s) after 2026-07-15
2026-08-15 13:46:26,430 INFO    scripts.update_daily | DECK: 22 new daily bar(s) after 2026-07-15
2026-08-15 13:46:26,430 INFO    scripts.update_daily | DXPE: 22 new daily bar(s) after 2026-07-15
2026-08-15 13:46:26,430 INFO    scripts.update_daily | EPD: 22 new daily bar(s) after 2026-07-15
2026-08-15 13:46:26,431 INFO    scripts.update_daily | EVRG: 22 new daily bar(s) after 2026-07-15
2026-08-15 13:46:26,431 INFO    scripts.update_daily | EYE: 22 new daily bar(s) after 2026-07-15
2026-08-15 13:46:26,431 INFO    scripts.update_daily | FSM: 22 new daily bar(s) after 2026-07-15
2026-08-15 13:46:26,432 INFO    scripts.update_daily | HD: 22 new daily bar(s) after 2026-07-15
2026-08-15 13:46:26,432 INFO    scripts.update_daily | HIVE: 22 new daily bar(s) after 2026-07-15
2026-08-15 13:46:26,432 INFO    scripts.update_daily | HP: 22 new daily bar(s) after 2026-07-15
2026-08-15 13:46:26,433 INFO    scripts.update_daily | HTLD: 22 new daily bar(s) after 2026-07-15
2026-08-15 13:46:26,433 INFO    scripts.update_daily | LOB: 22 new daily bar(s) after 2026-07-15
2026-08-15 13:46:26,433 INFO    scripts.update_daily | LULU: 22 new daily bar(s) after 2026-07-15
2026-08-15 13:46:26,434 INFO    scripts.update_daily | LW: 22 new daily bar(s) after 2026-07-15
2026-08-15 13:46:26,434 INFO    scripts.update_daily | LXFR: 22 new daily bar(s) after 2026-07-15
2026-08-15 13:46:26,435 INFO    scripts.update_daily | MATW: 19 new daily bar(s) after 2026-07-15
2026-08-15 13:46:26,435 INFO    scripts.update_daily | NAVI: 22 new daily bar(s) after 2026-07-15
2026-08-15 13:46:26,435 INFO    scripts.update_daily | NWPX: 22 new daily bar(s) after 2026-07-15
2026-08-15 13:46:26,436 INFO    scripts.update_daily | OMAB: 22 new daily bar(s) after 2026-07-15
2026-08-15 13:46:26,436 INFO    scripts.update_daily | POOL: 22 new daily bar(s) after 2026-07-15
2026-08-15 13:46:26,436 INFO    scripts.update_daily | SCCO: 21 new daily bar(s) after 2026-07-15
2026-08-15 13:46:26,437 INFO    scripts.update_daily | SYNA: 22 new daily bar(s) after 2026-07-15
2026-08-15 13:46:26,437 INFO    scripts.update_daily | TSN: 22 new daily bar(s) after 2026-07-15
2026-08-15 13:46:26,437 INFO    scripts.update_daily | ACN: 22 new daily bar(s) after 2026-07-15
2026-08-15 13:46:26,438 INFO    scripts.update_daily | ADP: 22 new daily bar(s) after 2026-07-15
2026-08-15 13:46:26,438 INFO    scripts.update_daily | AHRT: 22 new daily bar(s) after 2026-07-15
2026-08-15 13:46:26,438 INFO    scripts.update_daily | ALNY: 22 new daily bar(s) after 2026-07-15
2026-08-15 13:46:26,439 INFO    scripts.update_daily | BLBD: 22 new daily bar(s) after 2026-07-15
2026-08-15 13:46:26,439 INFO    scripts.update_daily | BOH: 19 new daily bar(s) after 2026-07-15
2026-08-15 13:46:26,440 INFO    scripts.update_daily | CNS: 22 new daily bar(s) after 2026-07-15
2026-08-15 13:46:26,440 INFO    scripts.update_daily | DOC: 22 new daily bar(s) after 2026-07-15
2026-08-15 13:46:26,440 INFO    scripts.update_daily | ENSG: 22 new daily bar(s) after 2026-07-15
2026-08-15 13:46:26,441 INFO    scripts.update_daily | EQIX: 22 new daily bar(s) after 2026-07-15
2026-08-15 13:46:26,441 INFO    scripts.update_daily | FN: 22 new daily bar(s) after 2026-07-15
2026-08-15 13:46:26,441 INFO    scripts.update_daily | GTN: 22 new daily bar(s) after 2026-07-15
2026-08-15 13:46:26,442 INFO    scripts.update_daily | HTB: 22 new daily bar(s) after 2026-07-15
2026-08-15 13:46:26,442 INFO    scripts.update_daily | HWKN: 22 new daily bar(s) after 2026-07-15
2026-08-15 13:46:26,442 INFO    scripts.update_daily | ICFI: 22 new daily bar(s) after 2026-07-15
2026-08-15 13:46:26,443 INFO    scripts.update_daily | IPGP: 22 new daily bar(s) after 2026-07-15
2026-08-15 13:46:26,443 INFO    scripts.update_daily | ITT: 22 new daily bar(s) after 2026-07-15
2026-08-15 13:46:26,443 INFO    scripts.update_daily | KOS: 22 new daily bar(s) after 2026-07-15
2026-08-15 13:46:26,444 INFO    scripts.update_daily | L: 22 new daily bar(s) after 2026-07-15
2026-08-15 13:46:26,444 INFO    scripts.update_daily | MAA: 22 new daily bar(s) after 2026-07-15
2026-08-15 13:46:26,444 INFO    scripts.update_daily | MEDP: 22 new daily bar(s) after 2026-07-15
2026-08-15 13:46:26,445 INFO    scripts.update_daily | NHC: 19 new daily bar(s) after 2026-07-15
2026-08-15 13:46:26,445 INFO    scripts.update_daily | OLP: 22 new daily bar(s) after 2026-07-15
2026-08-15 13:46:26,446 INFO    scripts.update_daily | PBH: 22 new daily bar(s) after 2026-07-15
2026-08-15 13:46:26,446 INFO    scripts.update_daily | SLF: 22 new daily bar(s) after 2026-07-15
2026-08-15 13:46:26,446 INFO    scripts.update_daily | SMP: 22 new daily bar(s) after 2026-07-15
2026-08-15 13:46:26,447 INFO    scripts.update_daily | ST: 22 new daily bar(s) after 2026-07-15
2026-08-15 13:46:26,447 INFO    scripts.update_daily | STLA: 22 new daily bar(s) after 2026-07-15
2026-08-15 13:46:26,448 INFO    scripts.update_daily | TRV: 22 new daily bar(s) after 2026-07-15
2026-08-15 13:46:26,448 INFO    scripts.update_daily | VCYT: 22 new daily bar(s) after 2026-07-15
2026-08-15 13:46:26,448 INFO    scripts.update_daily | ACM: 22 new daily bar(s) after 2026-07-15
2026-08-15 13:46:26,449 INFO    scripts.update_daily | AMAT: 22 new daily bar(s) after 2026-07-15
2026-08-15 13:46:26,449 INFO    scripts.update_daily | APD: 22 new daily bar(s) after 2026-07-15
2026-08-15 13:46:26,449 INFO    scripts.update_daily | CALX: 22 new daily bar(s) after 2026-07-15
2026-08-15 13:46:26,450 INFO    scripts.update_daily | CARS: 22 new daily bar(s) after 2026-07-15
2026-08-15 13:46:26,450 INFO    scripts.update_daily | CHRW: 22 new daily bar(s) after 2026-07-15
2026-08-15 13:46:26,450 INFO    scripts.update_daily | CORT: 19 new daily bar(s) after 2026-07-15
2026-08-15 13:46:26,451 INFO    scripts.update_daily | DLB: 22 new daily bar(s) after 2026-07-15
2026-08-15 13:46:26,451 INFO    scripts.update_daily | ECC: 19 new daily bar(s) after 2026-07-15
2026-08-15 13:46:26,452 INFO    scripts.update_daily | FFIV: 22 new daily bar(s) after 2026-07-15
2026-08-15 13:46:26,452 INFO    scripts.update_daily | GOLF: 22 new daily bar(s) after 2026-07-15
2026-08-15 13:46:26,452 INFO    scripts.update_daily | GSBC: 22 new daily bar(s) after 2026-07-15
2026-08-15 13:46:26,453 INFO    scripts.update_daily | IRS: 22 new daily bar(s) after 2026-07-15
2026-08-15 13:46:26,453 INFO    scripts.update_daily | KGC: 22 new daily bar(s) after 2026-07-15
2026-08-15 13:46:26,453 INFO    scripts.update_daily | MHK: 22 new daily bar(s) after 2026-07-15
2026-08-15 13:46:26,454 INFO    scripts.update_daily | NPKI: 22 new daily bar(s) after 2026-07-15
2026-08-15 13:46:26,454 INFO    scripts.update_daily | PARR: 20 new daily bar(s) after 2026-07-15
2026-08-15 13:46:26,454 INFO    scripts.update_daily | PCAR: 22 new daily bar(s) after 2026-07-15
2026-08-15 13:46:26,455 INFO    scripts.update_daily | PNR: 22 new daily bar(s) after 2026-07-15
2026-08-15 13:46:26,455 INFO    scripts.update_daily | SBSI: 22 new daily bar(s) after 2026-07-15
2026-08-15 13:46:26,456 INFO    scripts.update_daily | SLM: 22 new daily bar(s) after 2026-07-15
2026-08-15 13:46:26,456 INFO    scripts.update_daily | SNA: 22 new daily bar(s) after 2026-07-15
2026-08-15 13:46:26,456 INFO    scripts.update_daily | SO: 22 new daily bar(s) after 2026-07-15
2026-08-15 13:46:26,457 INFO    scripts.update_daily | STAA: 22 new daily bar(s) after 2026-07-15
2026-08-15 13:46:26,457 INFO    scripts.update_daily | UGP: 22 new daily bar(s) after 2026-07-15
2026-08-15 13:46:26,457 INFO    scripts.update_daily | UNFI: 22 new daily bar(s) after 2026-07-15
2026-08-15 13:46:26,458 INFO    scripts.update_daily | VNOM: 22 new daily bar(s) after 2026-07-15
2026-08-15 13:46:26,458 INFO    scripts.update_daily | WAT: 22 new daily bar(s) after 2026-07-15
2026-08-15 13:46:26,458 INFO    scripts.update_daily | WELL: 22 new daily bar(s) after 2026-07-15
2026-08-15 13:46:26,459 INFO    scripts.update_daily | WERN: 22 new daily bar(s) after 2026-07-15
2026-08-15 13:46:26,459 INFO    scripts.update_daily | AORT: 22 new daily bar(s) after 2026-07-15
2026-08-15 13:46:26,460 INFO    scripts.update_daily | AQN: 19 new daily bar(s) after 2026-07-15
2026-08-15 13:46:26,460 INFO    scripts.update_daily | AVGO: 22 new daily bar(s) after 2026-07-15
2026-08-15 13:46:26,460 INFO    scripts.update_daily | BBSI: 22 new daily bar(s) after 2026-07-15
2026-08-15 13:46:26,461 INFO    scripts.update_daily | BLK: 22 new daily bar(s) after 2026-07-15
2026-08-15 13:46:26,461 INFO    scripts.update_daily | BUSE: 22 new daily bar(s) after 2026-07-15
2026-08-15 13:46:26,461 INFO    scripts.update_daily | CHDN: 22 new daily bar(s) after 2026-07-15
2026-08-15 13:46:26,462 INFO    scripts.update_daily | DHC: 22 new daily bar(s) after 2026-07-15
2026-08-15 13:46:26,462 INFO    scripts.update_daily | DIOD: 22 new daily bar(s) after 2026-07-15
2026-08-15 13:46:26,462 INFO    scripts.update_daily | FFBC: 22 new daily bar(s) after 2026-07-15
2026-08-15 13:46:26,463 INFO    scripts.update_daily | GBDC: 22 new daily bar(s) after 2026-07-15
2026-08-15 13:46:26,463 INFO    scripts.update_daily | HALO: 22 new daily bar(s) after 2026-07-15
2026-08-15 13:46:26,464 INFO    scripts.update_daily | HBM: 22 new daily bar(s) after 2026-07-15
2026-08-15 13:46:26,464 INFO    scripts.update_daily | HFWA: 19 new daily bar(s) after 2026-07-15
2026-08-15 13:46:26,464 INFO    scripts.update_daily | HUBS: 22 new daily bar(s) after 2026-07-15
2026-08-15 13:46:26,465 INFO    scripts.update_daily | INVX: 22 new daily bar(s) after 2026-07-15
2026-08-15 13:46:26,465 INFO    scripts.update_daily | JPM: 22 new daily bar(s) after 2026-07-15
2026-08-15 13:46:26,465 INFO    scripts.update_daily | KE: 22 new daily bar(s) after 2026-07-15
2026-08-15 13:46:26,466 INFO    scripts.update_daily | KLIC: 22 new daily bar(s) after 2026-07-15
2026-08-15 13:46:26,466 INFO    scripts.update_daily | LAZ: 22 new daily bar(s) after 2026-07-15
2026-08-15 13:46:26,466 INFO    scripts.update_daily | LKFN: 22 new daily bar(s) after 2026-07-15
2026-08-15 13:46:26,467 INFO    scripts.update_daily | MLM: 22 new daily bar(s) after 2026-07-15
2026-08-15 13:46:26,467 INFO    scripts.update_daily | MTLS: 22 new daily bar(s) after 2026-07-15
2026-08-15 13:46:26,468 INFO    scripts.update_daily | NEU: 22 new daily bar(s) after 2026-07-15
2026-08-15 13:46:26,468 INFO    scripts.update_daily | PLXS: 22 new daily bar(s) after 2026-07-15
2026-08-15 13:46:26,468 INFO    scripts.update_daily | RDN: 22 new daily bar(s) after 2026-07-15
2026-08-15 13:46:26,469 INFO    scripts.update_daily | RIGL: 22 new daily bar(s) after 2026-07-15
2026-08-15 13:46:26,469 INFO    scripts.update_daily | TTC: 19 new daily bar(s) after 2026-07-15
2026-08-15 13:46:26,469 INFO    scripts.update_daily | USAC: 22 new daily bar(s) after 2026-07-15
2026-08-15 13:46:26,470 INFO    scripts.update_daily | ACHC: 22 new daily bar(s) after 2026-07-15
2026-08-15 13:46:26,470 INFO    scripts.update_daily | AFG: 22 new daily bar(s) after 2026-07-15
2026-08-15 13:46:26,470 INFO    scripts.update_daily | AGO: 22 new daily bar(s) after 2026-07-15
2026-08-15 13:46:26,471 INFO    scripts.update_daily | ALB: 22 new daily bar(s) after 2026-07-15
2026-08-15 13:46:26,471 INFO    scripts.update_daily | ALLY: 22 new daily bar(s) after 2026-07-15
2026-08-15 13:46:26,471 INFO    scripts.update_daily | BBW: 22 new daily bar(s) after 2026-07-15
2026-08-15 13:46:26,472 INFO    scripts.update_daily | CHD: 22 new daily bar(s) after 2026-07-15
2026-08-15 13:46:26,472 INFO    scripts.update_daily | CLS: 22 new daily bar(s) after 2026-07-15
2026-08-15 13:46:26,473 INFO    scripts.update_daily | CME: 22 new daily bar(s) after 2026-07-15
2026-08-15 13:46:26,473 INFO    scripts.update_daily | CMG: 22 new daily bar(s) after 2026-07-15
2026-08-15 13:46:26,473 INFO    scripts.update_daily | CRUS: 22 new daily bar(s) after 2026-07-15
2026-08-15 13:46:26,474 INFO    scripts.update_daily | CSL: 19 new daily bar(s) after 2026-07-15
2026-08-15 13:46:26,474 INFO    scripts.update_daily | CSW: 22 new daily bar(s) after 2026-07-15
2026-08-15 13:46:26,474 INFO    scripts.update_daily | DQ: 22 new daily bar(s) after 2026-07-15
2026-08-15 13:46:26,475 INFO    scripts.update_daily | GIC: 22 new daily bar(s) after 2026-07-15
2026-08-15 13:46:26,475 INFO    scripts.update_daily | GMED: 22 new daily bar(s) after 2026-07-15
2026-08-15 13:46:26,475 INFO    scripts.update_daily | JNJ: 22 new daily bar(s) after 2026-07-15
2026-08-15 13:46:26,476 INFO    scripts.update_daily | LBTYK: 22 new daily bar(s) after 2026-07-15
2026-08-15 13:46:26,476 INFO    scripts.update_daily | MXL: 22 new daily bar(s) after 2026-07-15
2026-08-15 13:46:26,477 INFO    scripts.update_daily | NFBK: 0 new daily bar(s) after 2026-07-15
2026-08-15 13:46:26,477 INFO    scripts.update_daily | NOMD: 22 new daily bar(s) after 2026-07-15
2026-08-15 13:46:26,477 INFO    scripts.update_daily | RS: 19 new daily bar(s) after 2026-07-15
2026-08-15 13:46:26,478 INFO    scripts.update_daily | SHBI: 22 new daily bar(s) after 2026-07-15
2026-08-15 13:46:26,478 INFO    scripts.update_daily | SONY: 22 new daily bar(s) after 2026-07-15
2026-08-15 13:46:26,478 INFO    scripts.update_daily | SPH: 22 new daily bar(s) after 2026-07-15
2026-08-15 13:46:26,479 INFO    scripts.update_daily | THFF: 22 new daily bar(s) after 2026-07-15
2026-08-15 13:46:26,479 INFO    scripts.update_daily | TX: 19 new daily bar(s) after 2026-07-15
2026-08-15 13:46:26,479 INFO    scripts.update_daily | VAC: 22 new daily bar(s) after 2026-07-15
2026-08-15 13:46:26,480 INFO    scripts.update_daily | VEON: 22 new daily bar(s) after 2026-07-15
2026-08-15 13:46:26,480 INFO    scripts.update_daily | WWD: 22 new daily bar(s) after 2026-07-15
2026-08-15 13:46:26,480 INFO    scripts.update_daily | ASB: 19 new daily bar(s) after 2026-07-15
2026-08-15 13:46:26,481 INFO    scripts.update_daily | BANF: 22 new daily bar(s) after 2026-07-15
2026-08-15 13:46:26,481 INFO    scripts.update_daily | BFS: 22 new daily bar(s) after 2026-07-15
2026-08-15 13:46:26,481 INFO    scripts.update_daily | BN: 22 new daily bar(s) after 2026-07-15
2026-08-15 13:46:26,482 INFO    scripts.update_daily | BUD: 22 new daily bar(s) after 2026-07-15
2026-08-15 13:46:26,482 INFO    scripts.update_daily | CEVA: 22 new daily bar(s) after 2026-07-15
2026-08-15 13:46:26,483 INFO    scripts.update_daily | CNXN: 22 new daily bar(s) after 2026-07-15
2026-08-15 13:46:26,483 INFO    scripts.update_daily | DMLP: 20 new daily bar(s) after 2026-07-15
2026-08-15 13:46:26,483 INFO    scripts.update_daily | FDP: 0 new daily bar(s) after 2026-07-13
2026-08-15 13:46:26,484 INFO    scripts.update_daily | GAP: 22 new daily bar(s) after 2026-07-15
2026-08-15 13:46:26,484 INFO    scripts.update_daily | GATX: 22 new daily bar(s) after 2026-07-15
2026-08-15 13:46:26,484 INFO    scripts.update_daily | GNRC: 22 new daily bar(s) after 2026-07-15
2026-08-15 13:46:26,485 INFO    scripts.update_daily | HBAN: 22 new daily bar(s) after 2026-07-15
2026-08-15 13:46:26,485 INFO    scripts.update_daily | HRTG: 22 new daily bar(s) after 2026-07-15
2026-08-15 13:46:26,485 INFO    scripts.update_daily | HTO: 22 new daily bar(s) after 2026-07-15
2026-08-15 13:46:26,486 INFO    scripts.update_daily | IBP: 22 new daily bar(s) after 2026-07-15
2026-08-15 13:46:26,486 INFO    scripts.update_daily | JBTM: 22 new daily bar(s) after 2026-07-15
2026-08-15 13:46:26,486 INFO    scripts.update_daily | LGIH: 22 new daily bar(s) after 2026-07-15
2026-08-15 13:46:26,487 INFO    scripts.update_daily | LNC: 19 new daily bar(s) after 2026-07-15
2026-08-15 13:46:26,487 INFO    scripts.update_daily | MMM: 22 new daily bar(s) after 2026-07-15
2026-08-15 13:46:26,488 INFO    scripts.update_daily | NICE: 22 new daily bar(s) after 2026-07-15
2026-08-15 13:46:26,488 INFO    scripts.update_daily | OTTR: 22 new daily bar(s) after 2026-07-15
2026-08-15 13:46:26,488 INFO    scripts.update_daily | PAYS: 22 new daily bar(s) after 2026-07-15
2026-08-15 13:46:26,489 INFO    scripts.update_daily | PGC: 22 new daily bar(s) after 2026-07-15
2026-08-15 13:46:26,489 INFO    scripts.update_daily | SSYS: 22 new daily bar(s) after 2026-07-15
2026-08-15 13:46:26,489 INFO    scripts.update_daily | TD: 22 new daily bar(s) after 2026-07-15
2026-08-15 13:46:26,490 INFO    scripts.update_daily | TXT: 22 new daily bar(s) after 2026-07-15
2026-08-15 13:46:26,490 INFO    scripts.update_daily | USB: 22 new daily bar(s) after 2026-07-15
2026-08-15 13:46:26,491 INFO    scripts.update_daily | WST: 22 new daily bar(s) after 2026-07-15
2026-08-15 13:46:26,491 INFO    scripts.update_daily | WYNN: 22 new daily bar(s) after 2026-07-15
2026-08-15 13:46:26,491 INFO    scripts.update_daily | AMBA: 22 new daily bar(s) after 2026-07-15
2026-08-15 13:46:26,492 INFO    scripts.update_daily | AWK: 22 new daily bar(s) after 2026-07-15
2026-08-15 13:46:26,492 INFO    scripts.update_daily | BANC: 22 new daily bar(s) after 2026-07-15
2026-08-15 13:46:26,492 INFO    scripts.update_daily | CMP: 22 new daily bar(s) after 2026-07-15
2026-08-15 13:46:26,493 INFO    scripts.update_daily | FIVE: 22 new daily bar(s) after 2026-07-15
2026-08-15 13:46:26,493 INFO    scripts.update_daily | GASS: 19 new daily bar(s) after 2026-07-15
2026-08-15 13:46:26,493 INFO    scripts.update_daily | HIMX: 22 new daily bar(s) after 2026-07-15
2026-08-15 13:46:26,494 INFO    scripts.update_daily | JBHT: 22 new daily bar(s) after 2026-07-15
2026-08-15 13:46:26,494 INFO    scripts.update_daily | MCRI: 22 new daily bar(s) after 2026-07-15
2026-08-15 13:46:26,494 INFO    scripts.update_daily | PIPR: 22 new daily bar(s) after 2026-07-15
2026-08-15 13:46:26,495 INFO    scripts.update_daily | SAN: 22 new daily bar(s) after 2026-07-15
2026-08-15 13:46:26,495 INFO    scripts.update_daily | SFIX: 22 new daily bar(s) after 2026-07-15
2026-08-15 13:46:26,495 INFO    scripts.update_daily | SUI: 22 new daily bar(s) after 2026-07-15
2026-08-15 13:46:26,496 INFO    scripts.update_daily | XYZ: 22 new daily bar(s) after 2026-07-15
2026-08-15 13:46:26,496 INFO    scripts.update_daily | ABBV: 22 new daily bar(s) after 2026-07-15
2026-08-15 13:46:26,497 INFO    scripts.update_daily | AON: 22 new daily bar(s) after 2026-07-15
2026-08-15 13:46:26,497 INFO    scripts.update_daily | ASYS: 22 new daily bar(s) after 2026-07-15
2026-08-15 13:46:26,497 INFO    scripts.update_daily | AXS: 22 new daily bar(s) after 2026-07-15
2026-08-15 13:46:26,498 INFO    scripts.update_daily | BNY: 21 new daily bar(s) after 2026-07-15
2026-08-15 13:46:26,498 INFO    scripts.update_daily | BRO: 22 new daily bar(s) after 2026-07-15
2026-08-15 13:46:26,498 INFO    scripts.update_daily | BTG: 22 new daily bar(s) after 2026-07-15
2026-08-15 13:46:26,499 INFO    scripts.update_daily | CAG: 22 new daily bar(s) after 2026-07-15
2026-08-15 13:46:26,499 INFO    scripts.update_daily | CCOI: 22 new daily bar(s) after 2026-07-15
2026-08-15 13:46:26,499 INFO    scripts.update_daily | CIEN: 22 new daily bar(s) after 2026-07-15
2026-08-15 13:46:26,500 INFO    scripts.update_daily | CLF: 22 new daily bar(s) after 2026-07-15
2026-08-15 13:46:26,500 INFO    scripts.update_daily | CNOB: 22 new daily bar(s) after 2026-07-15
2026-08-15 13:46:26,500 INFO    scripts.update_daily | ESLT: 22 new daily bar(s) after 2026-07-15
2026-08-15 13:46:26,501 INFO    scripts.update_daily | FTS: 22 new daily bar(s) after 2026-07-15
2026-08-15 13:46:26,501 INFO    scripts.update_daily | GIL: 22 new daily bar(s) after 2026-07-15
2026-08-15 13:46:26,502 INFO    scripts.update_daily | GPI: 22 new daily bar(s) after 2026-07-15
2026-08-15 13:46:26,502 INFO    scripts.update_daily | GYRE: 22 new daily bar(s) after 2026-07-15
2026-08-15 13:46:26,502 INFO    scripts.update_daily | HR: 22 new daily bar(s) after 2026-07-15
2026-08-15 13:46:26,503 INFO    scripts.update_daily | HSBC: 22 new daily bar(s) after 2026-07-15
2026-08-15 13:46:26,503 INFO    scripts.update_daily | IBOC: 19 new daily bar(s) after 2026-07-15
2026-08-15 13:46:26,503 INFO    scripts.update_daily | NI: 22 new daily bar(s) after 2026-07-15
2026-08-15 13:46:26,504 INFO    scripts.update_daily | PBYI: 22 new daily bar(s) after 2026-07-15
2026-08-15 13:46:26,504 INFO    scripts.update_daily | PTC: 22 new daily bar(s) after 2026-07-15
2026-08-15 13:46:26,504 INFO    scripts.update_daily | QSR: 22 new daily bar(s) after 2026-07-15
2026-08-15 13:46:26,505 INFO    scripts.update_daily | RBBN: 22 new daily bar(s) after 2026-07-15
2026-08-15 13:46:26,505 INFO    scripts.update_daily | SAR: 22 new daily bar(s) after 2026-07-15
2026-08-15 13:46:26,505 INFO    scripts.update_daily | VFC: 22 new daily bar(s) after 2026-07-15
2026-08-15 13:46:26,506 INFO    scripts.update_daily | VRSK: 22 new daily bar(s) after 2026-07-15
2026-08-15 13:46:26,506 INFO    scripts.update_daily | WMS: 22 new daily bar(s) after 2026-07-15
2026-08-15 13:46:26,506 INFO    scripts.update_daily | ACAD: 22 new daily bar(s) after 2026-07-15
2026-08-15 13:46:26,507 INFO    scripts.update_daily | ANET: 22 new daily bar(s) after 2026-07-15
2026-08-15 13:46:26,507 INFO    scripts.update_daily | AOS: 22 new daily bar(s) after 2026-07-15
2026-08-15 13:46:26,508 INFO    scripts.update_daily | APO: 22 new daily bar(s) after 2026-07-15
2026-08-15 13:46:26,508 INFO    scripts.update_daily | AUPH: 22 new daily bar(s) after 2026-07-15
2026-08-15 13:46:26,508 INFO    scripts.update_daily | AVA: 22 new daily bar(s) after 2026-07-15
2026-08-15 13:46:26,509 INFO    scripts.update_daily | BBD: 22 new daily bar(s) after 2026-07-15
2026-08-15 13:46:26,509 INFO    scripts.update_daily | BOX: 22 new daily bar(s) after 2026-07-15
2026-08-15 13:46:26,509 INFO    scripts.update_daily | CLFD: 22 new daily bar(s) after 2026-07-15
2026-08-15 13:46:26,510 INFO    scripts.update_daily | COTY: 22 new daily bar(s) after 2026-07-15
2026-08-15 13:46:26,510 INFO    scripts.update_daily | CQP: 22 new daily bar(s) after 2026-07-15
2026-08-15 13:46:26,510 INFO    scripts.update_daily | CRAI: 22 new daily bar(s) after 2026-07-15
2026-08-15 13:46:26,511 INFO    scripts.update_daily | CTRE: 22 new daily bar(s) after 2026-07-15
2026-08-15 13:46:26,511 INFO    scripts.update_daily | DRD: 22 new daily bar(s) after 2026-07-15
2026-08-15 13:46:26,511 INFO    scripts.update_daily | EXPD: 19 new daily bar(s) after 2026-07-15
2026-08-15 13:46:26,512 INFO    scripts.update_daily | F: 22 new daily bar(s) after 2026-07-15
2026-08-15 13:46:26,512 INFO    scripts.update_daily | FHN: 22 new daily bar(s) after 2026-07-15
2026-08-15 13:46:26,513 INFO    scripts.update_daily | GGAL: 22 new daily bar(s) after 2026-07-15
2026-08-15 13:46:26,513 INFO    scripts.update_daily | HAE: 22 new daily bar(s) after 2026-07-15
2026-08-15 13:46:26,513 INFO    scripts.update_daily | HDB: 22 new daily bar(s) after 2026-07-15
2026-08-15 13:46:26,514 INFO    scripts.update_daily | NOA: 22 new daily bar(s) after 2026-07-15
2026-08-15 13:46:26,514 INFO    scripts.update_daily | NOV: 22 new daily bar(s) after 2026-07-15
2026-08-15 13:46:26,514 INFO    scripts.update_daily | NRG: 20 new daily bar(s) after 2026-07-15
2026-08-15 13:46:26,515 INFO    scripts.update_daily | PZZA: 22 new daily bar(s) after 2026-07-15
2026-08-15 13:46:26,515 INFO    scripts.update_daily | QGEN: 22 new daily bar(s) after 2026-07-15
2026-08-15 13:46:26,516 INFO    scripts.update_daily | SLAB: 22 new daily bar(s) after 2026-07-15
2026-08-15 13:46:26,516 INFO    scripts.update_daily | TRIP: 22 new daily bar(s) after 2026-07-15
2026-08-15 13:46:26,517 INFO    scripts.update_daily | TRST: 22 new daily bar(s) after 2026-07-15
2026-08-15 13:46:26,517 INFO    scripts.update_daily | VNET: 22 new daily bar(s) after 2026-07-15
2026-08-15 13:46:26,517 INFO    scripts.update_daily | YEXT: 19 new daily bar(s) after 2026-07-15
2026-08-15 13:46:26,518 INFO    scripts.update_daily | AAON: 22 new daily bar(s) after 2026-07-15
2026-08-15 13:46:26,518 INFO    scripts.update_daily | AIR: 22 new daily bar(s) after 2026-07-15
2026-08-15 13:46:26,518 INFO    scripts.update_daily | ASML: 22 new daily bar(s) after 2026-07-15
2026-08-15 13:46:26,519 INFO    scripts.update_daily | BKNG: 22 new daily bar(s) after 2026-07-15
2026-08-15 13:46:26,519 INFO    scripts.update_daily | CYD: 22 new daily bar(s) after 2026-07-15
2026-08-15 13:46:26,519 INFO    scripts.update_daily | DORM: 22 new daily bar(s) after 2026-07-15
2026-08-15 13:46:26,520 INFO    scripts.update_daily | DSGX: 22 new daily bar(s) after 2026-07-15
2026-08-15 13:46:26,520 INFO    scripts.update_daily | EIX: 22 new daily bar(s) after 2026-07-15
2026-08-15 13:46:26,520 INFO    scripts.update_daily | FCF: 22 new daily bar(s) after 2026-07-15
2026-08-15 13:46:26,521 INFO    scripts.update_daily | FMC: 22 new daily bar(s) after 2026-07-15
2026-08-15 13:46:26,521 INFO    scripts.update_daily | FND: 22 new daily bar(s) after 2026-07-15
2026-08-15 13:46:26,522 INFO    scripts.update_daily | FRST: 22 new daily bar(s) after 2026-07-15
2026-08-15 13:46:26,522 INFO    scripts.update_daily | GOOD: 20 new daily bar(s) after 2026-07-15
2026-08-15 13:46:26,522 INFO    scripts.update_daily | IX: 22 new daily bar(s) after 2026-07-15
2026-08-15 13:46:26,523 INFO    scripts.update_daily | LAMR: 22 new daily bar(s) after 2026-07-15
2026-08-15 13:46:26,523 INFO    scripts.update_daily | LIN: 22 new daily bar(s) after 2026-07-15
2026-08-15 13:46:26,523 INFO    scripts.update_daily | MFIC: 22 new daily bar(s) after 2026-07-15
2026-08-15 13:46:26,524 INFO    scripts.update_daily | MGM: 22 new daily bar(s) after 2026-07-15
2026-08-15 13:46:26,524 INFO    scripts.update_daily | MRVL: 22 new daily bar(s) after 2026-07-15
2026-08-15 13:46:26,524 INFO    scripts.update_daily | MUR: 22 new daily bar(s) after 2026-07-15
2026-08-15 13:46:26,525 INFO    scripts.update_daily | NWN: 22 new daily bar(s) after 2026-07-15
2026-08-15 13:46:26,525 INFO    scripts.update_daily | PLOW: 22 new daily bar(s) after 2026-07-15
2026-08-15 13:46:26,525 INFO    scripts.update_daily | POWL: 22 new daily bar(s) after 2026-07-15
2026-08-15 13:46:26,526 INFO    scripts.update_daily | RGLD: 22 new daily bar(s) after 2026-07-15
2026-08-15 13:46:26,526 INFO    scripts.update_daily | SNN: 22 new daily bar(s) after 2026-07-15
2026-08-15 13:46:26,526 INFO    scripts.update_daily | TEO: 22 new daily bar(s) after 2026-07-15
2026-08-15 13:46:26,527 INFO    scripts.update_daily | TRGP: 20 new daily bar(s) after 2026-07-15
2026-08-15 13:46:26,527 INFO    scripts.update_daily | WCN: 22 new daily bar(s) after 2026-07-15
2026-08-15 13:46:26,527 INFO    scripts.update_daily | YELP: 22 new daily bar(s) after 2026-07-15
2026-08-15 13:46:26,528 INFO    scripts.update_daily | AFL: 22 new daily bar(s) after 2026-07-15
2026-08-15 13:46:26,528 INFO    scripts.update_daily | AGX: 22 new daily bar(s) after 2026-07-15
2026-08-15 13:46:26,529 INFO    scripts.update_daily | ARE: 22 new daily bar(s) after 2026-07-15
2026-08-15 13:46:26,529 INFO    scripts.update_daily | CAKE: 22 new daily bar(s) after 2026-07-15
2026-08-15 13:46:26,529 INFO    scripts.update_daily | CDW: 22 new daily bar(s) after 2026-07-15
2026-08-15 13:46:26,530 INFO    scripts.update_daily | CGAU: 22 new daily bar(s) after 2026-07-15
2026-08-15 13:46:26,530 INFO    scripts.update_daily | CHT: 19 new daily bar(s) after 2026-07-15
2026-08-15 13:46:26,530 INFO    scripts.update_daily | CLDX: 22 new daily bar(s) after 2026-07-15
2026-08-15 13:46:26,531 INFO    scripts.update_daily | CWH: 22 new daily bar(s) after 2026-07-15
2026-08-15 13:46:26,531 INFO    scripts.update_daily | DK: 22 new daily bar(s) after 2026-07-15
2026-08-15 13:46:26,532 INFO    scripts.update_daily | EQBK: 22 new daily bar(s) after 2026-07-15
2026-08-15 13:46:26,532 INFO    scripts.update_daily | FHB: 22 new daily bar(s) after 2026-07-15
2026-08-15 13:46:26,532 INFO    scripts.update_daily | FWRD: 21 new daily bar(s) after 2026-07-15
2026-08-15 13:46:26,533 INFO    scripts.update_daily | GTLS: 0 new daily bar(s) after 2026-07-15
2026-08-15 13:46:26,533 INFO    scripts.update_daily | HII: 22 new daily bar(s) after 2026-07-15
2026-08-15 13:46:26,533 INFO    scripts.update_daily | IDT: 22 new daily bar(s) after 2026-07-15
2026-08-15 13:46:26,534 INFO    scripts.update_daily | KOP: 19 new daily bar(s) after 2026-07-15
2026-08-15 13:46:26,534 INFO    scripts.update_daily | LAUR: 22 new daily bar(s) after 2026-07-15
2026-08-15 13:46:26,534 INFO    scripts.update_daily | LH: 22 new daily bar(s) after 2026-07-15
2026-08-15 13:46:26,535 INFO    scripts.update_daily | MDT: 22 new daily bar(s) after 2026-07-15
2026-08-15 13:46:26,535 INFO    scripts.update_daily | NEOG: 22 new daily bar(s) after 2026-07-15
2026-08-15 13:46:26,536 INFO    scripts.update_daily | NSSC: 22 new daily bar(s) after 2026-07-15
2026-08-15 13:46:26,536 INFO    scripts.update_daily | OSUR: 22 new daily bar(s) after 2026-07-15
2026-08-15 13:46:26,536 INFO    scripts.update_daily | OXM: 22 new daily bar(s) after 2026-07-15
2026-08-15 13:46:26,537 INFO    scripts.update_daily | PANW: 22 new daily bar(s) after 2026-07-15
2026-08-15 13:46:26,537 INFO    scripts.update_daily | PFG: 22 new daily bar(s) after 2026-07-15
2026-08-15 13:46:26,537 INFO    scripts.update_daily | TAK: 19 new daily bar(s) after 2026-07-15
2026-08-15 13:46:26,538 INFO    scripts.update_daily | TSEM: 22 new daily bar(s) after 2026-07-15
2026-08-15 13:46:26,538 INFO    scripts.update_daily | USPH: 22 new daily bar(s) after 2026-07-15
2026-08-15 13:46:26,539 INFO    scripts.update_daily | WVE: 21 new daily bar(s) after 2026-07-15
2026-08-15 13:46:26,539 INFO    scripts.update_daily | ANAB: 22 new daily bar(s) after 2026-07-15
2026-08-15 13:46:26,539 INFO    scripts.update_daily | AVNS: 3 new daily bar(s) after 2026-07-15
2026-08-15 13:46:26,540 INFO    scripts.update_daily | AZN: 22 new daily bar(s) after 2026-07-15
2026-08-15 13:46:26,540 INFO    scripts.update_daily | AZO: 22 new daily bar(s) after 2026-07-15
2026-08-15 13:46:26,540 INFO    scripts.update_daily | BFAM: 22 new daily bar(s) after 2026-07-15
2026-08-15 13:46:26,541 INFO    scripts.update_daily | BFH: 22 new daily bar(s) after 2026-07-15
2026-08-15 13:46:26,541 INFO    scripts.update_daily | BMA: 22 new daily bar(s) after 2026-07-15
2026-08-15 13:46:26,542 INFO    scripts.update_daily | CACI: 22 new daily bar(s) after 2026-07-15
2026-08-15 13:46:26,542 INFO    scripts.update_daily | CVEO: 19 new daily bar(s) after 2026-07-15
2026-08-15 13:46:26,542 INFO    scripts.update_daily | CWEN: 22 new daily bar(s) after 2026-07-15
2026-08-15 13:46:26,543 INFO    scripts.update_daily | ESE: 22 new daily bar(s) after 2026-07-15
2026-08-15 13:46:26,543 INFO    scripts.update_daily | FIS: 22 new daily bar(s) after 2026-07-15
2026-08-15 13:46:26,543 INFO    scripts.update_daily | FLO: 22 new daily bar(s) after 2026-07-15
2026-08-15 13:46:26,544 INFO    scripts.update_daily | GM: 22 new daily bar(s) after 2026-07-15
2026-08-15 13:46:26,544 INFO    scripts.update_daily | KBH: 22 new daily bar(s) after 2026-07-15
2026-08-15 13:46:26,544 INFO    scripts.update_daily | LII: 22 new daily bar(s) after 2026-07-15
2026-08-15 13:46:26,545 INFO    scripts.update_daily | MOS: 22 new daily bar(s) after 2026-07-15
2026-08-15 13:46:26,545 INFO    scripts.update_daily | MRSH: 22 new daily bar(s) after 2026-07-15
2026-08-15 13:46:26,546 INFO    scripts.update_daily | NMR: 22 new daily bar(s) after 2026-07-15
2026-08-15 13:46:26,546 INFO    scripts.update_daily | NOW: 22 new daily bar(s) after 2026-07-15
2026-08-15 13:46:26,546 INFO    scripts.update_daily | ORCL: 22 new daily bar(s) after 2026-07-15
2026-08-15 13:46:26,547 INFO    scripts.update_daily | PKG: 22 new daily bar(s) after 2026-07-15
2026-08-15 13:46:26,547 INFO    scripts.update_daily | QURE: 22 new daily bar(s) after 2026-07-15
2026-08-15 13:46:26,547 INFO    scripts.update_daily | SEI: 22 new daily bar(s) after 2026-07-15
2026-08-15 13:46:26,548 INFO    scripts.update_daily | SIRI: 22 new daily bar(s) after 2026-07-15
2026-08-15 13:46:26,548 INFO    scripts.update_daily | SYY: 22 new daily bar(s) after 2026-07-15
2026-08-15 13:46:26,548 INFO    scripts.update_daily | TWLO: 22 new daily bar(s) after 2026-07-15
2026-08-15 13:46:26,549 INFO    scripts.update_daily | WKC: 22 new daily bar(s) after 2026-07-15
2026-08-15 13:46:26,549 INFO    scripts.update_daily | WWW: 22 new daily bar(s) after 2026-07-15
2026-08-15 13:46:26,549 INFO    scripts.update_daily | YUMC: 22 new daily bar(s) after 2026-07-15
2026-08-15 13:46:26,550 INFO    scripts.update_daily | A: 20 new daily bar(s) after 2026-07-15
2026-08-15 13:46:26,550 INFO    scripts.update_daily | AAT: 22 new daily bar(s) after 2026-07-15
2026-08-15 13:46:26,551 INFO    scripts.update_daily | AVT: 22 new daily bar(s) after 2026-07-15
2026-08-15 13:46:26,551 INFO    scripts.update_daily | BBWI: 22 new daily bar(s) after 2026-07-15
2026-08-15 13:46:26,551 INFO    scripts.update_daily | BKH: 22 new daily bar(s) after 2026-07-15
2026-08-15 13:46:26,552 INFO    scripts.update_daily | CCRN: 0 new daily bar(s) after 2026-07-15
2026-08-15 13:46:26,552 INFO    scripts.update_daily | CRS: 22 new daily bar(s) after 2026-07-15
2026-08-15 13:46:26,552 INFO    scripts.update_daily | ED: 22 new daily bar(s) after 2026-07-15
2026-08-15 13:46:26,553 INFO    scripts.update_daily | EFOR: 22 new daily bar(s) after 2026-07-15
2026-08-15 13:46:26,553 INFO    scripts.update_daily | GNW: 19 new daily bar(s) after 2026-07-15
2026-08-15 13:46:26,553 INFO    scripts.update_daily | GOOGL: 22 new daily bar(s) after 2026-07-15
2026-08-15 13:46:26,554 INFO    scripts.update_daily | GRBK: 22 new daily bar(s) after 2026-07-15
2026-08-15 13:46:26,554 INFO    scripts.update_daily | HEI-A: 22 new daily bar(s) after 2026-07-15
2026-08-15 13:46:26,555 INFO    scripts.update_daily | KRC: 22 new daily bar(s) after 2026-07-15
2026-08-15 13:46:26,555 INFO    scripts.update_daily | MOH: 22 new daily bar(s) after 2026-07-15
2026-08-15 13:46:26,555 INFO    scripts.update_daily | MTUS: 22 new daily bar(s) after 2026-07-15
2026-08-15 13:46:26,556 INFO    scripts.update_daily | NGG: 19 new daily bar(s) after 2026-07-15
2026-08-15 13:46:26,556 INFO    scripts.update_daily | PLPC: 20 new daily bar(s) after 2026-07-15
2026-08-15 13:46:26,556 INFO    scripts.update_daily | RGNX: 22 new daily bar(s) after 2026-07-15
2026-08-15 13:46:26,557 INFO    scripts.update_daily | ROP: 22 new daily bar(s) after 2026-07-15
2026-08-15 13:46:26,557 INFO    scripts.update_daily | SBLK: 22 new daily bar(s) after 2026-07-15
2026-08-15 13:46:26,557 INFO    scripts.update_daily | SQM: 22 new daily bar(s) after 2026-07-15
2026-08-15 13:46:26,558 INFO    scripts.update_daily | TAC: 22 new daily bar(s) after 2026-07-15
2026-08-15 13:46:26,558 INFO    scripts.update_daily | TGLS: 22 new daily bar(s) after 2026-07-15
2026-08-15 13:46:26,558 INFO    scripts.update_daily | TNET: 22 new daily bar(s) after 2026-07-15
2026-08-15 13:46:26,559 INFO    scripts.update_daily | TREE: 22 new daily bar(s) after 2026-07-15
2026-08-15 13:46:26,559 INFO    scripts.update_daily | UAL: 22 new daily bar(s) after 2026-07-15
2026-08-15 13:46:26,560 INFO    scripts.update_daily | UDR: 22 new daily bar(s) after 2026-07-15
2026-08-15 13:46:26,560 INFO    scripts.update_daily | WPP: 22 new daily bar(s) after 2026-07-15
2026-08-15 13:46:26,560 INFO    scripts.update_daily | ZVRA: 22 new daily bar(s) after 2026-07-15
2026-08-15 13:46:26,561 INFO    scripts.update_daily | AEHR: 22 new daily bar(s) after 2026-07-15
2026-08-15 13:46:26,561 INFO    scripts.update_daily | AEM: 22 new daily bar(s) after 2026-07-15
2026-08-15 13:46:26,561 INFO    scripts.update_daily | ALV: 22 new daily bar(s) after 2026-07-15
2026-08-15 13:46:26,562 INFO    scripts.update_daily | AMRN: 22 new daily bar(s) after 2026-07-15
2026-08-15 13:46:26,562 INFO    scripts.update_daily | BRK-B: 22 new daily bar(s) after 2026-07-15
2026-08-15 13:46:26,563 INFO    scripts.update_daily | CET: 22 new daily bar(s) after 2026-07-15
2026-08-15 13:46:26,563 INFO    scripts.update_daily | CIA: 19 new daily bar(s) after 2026-07-15
2026-08-15 13:46:26,563 INFO    scripts.update_daily | D: 22 new daily bar(s) after 2026-07-15
2026-08-15 13:46:26,564 INFO    scripts.update_daily | EGBN: 22 new daily bar(s) after 2026-07-15
2026-08-15 13:46:26,564 INFO    scripts.update_daily | EGP: 22 new daily bar(s) after 2026-07-15
2026-08-15 13:46:26,564 INFO    scripts.update_daily | EW: 22 new daily bar(s) after 2026-07-15
2026-08-15 13:46:26,565 INFO    scripts.update_daily | GD: 22 new daily bar(s) after 2026-07-15
2026-08-15 13:46:26,565 INFO    scripts.update_daily | GRMN: 22 new daily bar(s) after 2026-07-15
2026-08-15 13:46:26,565 INFO    scripts.update_daily | GT: 22 new daily bar(s) after 2026-07-15
2026-08-15 13:46:26,566 INFO    scripts.update_daily | IQV: 22 new daily bar(s) after 2026-07-15
2026-08-15 13:46:26,566 INFO    scripts.update_daily | LCII: 22 new daily bar(s) after 2026-07-15
2026-08-15 13:46:26,567 INFO    scripts.update_daily | LQDT: 22 new daily bar(s) after 2026-07-15
2026-08-15 13:46:26,567 INFO    scripts.update_daily | LRCX: 22 new daily bar(s) after 2026-07-15
2026-08-15 13:46:26,567 INFO    scripts.update_daily | MDXG: 22 new daily bar(s) after 2026-07-15
2026-08-15 13:46:26,568 INFO    scripts.update_daily | NIC: 22 new daily bar(s) after 2026-07-15
2026-08-15 13:46:26,568 INFO    scripts.update_daily | NMM: 22 new daily bar(s) after 2026-07-15
2026-08-15 13:46:26,568 INFO    scripts.update_daily | ORC: 22 new daily bar(s) after 2026-07-15
2026-08-15 13:46:26,569 INFO    scripts.update_daily | PFGC: 22 new daily bar(s) after 2026-07-15
2026-08-15 13:46:26,569 INFO    scripts.update_daily | PFLT: 21 new daily bar(s) after 2026-07-15
2026-08-15 13:46:26,569 INFO    scripts.update_daily | RBCAA: 22 new daily bar(s) after 2026-07-15
2026-08-15 13:46:26,570 INFO    scripts.update_daily | SAP: 22 new daily bar(s) after 2026-07-15
2026-08-15 13:46:26,570 INFO    scripts.update_daily | SFBS: 22 new daily bar(s) after 2026-07-15
2026-08-15 13:46:26,571 INFO    scripts.update_daily | UHS: 22 new daily bar(s) after 2026-07-15
2026-08-15 13:46:26,571 INFO    scripts.update_daily | WDC: 22 new daily bar(s) after 2026-07-15
2026-08-15 13:46:26,571 INFO    scripts.update_daily | YUM: 22 new daily bar(s) after 2026-07-15
2026-08-15 13:46:26,572 INFO    scripts.update_daily | AJG: 22 new daily bar(s) after 2026-07-15
2026-08-15 13:46:26,572 INFO    scripts.update_daily | APPF: 19 new daily bar(s) after 2026-07-15
2026-08-15 13:46:26,572 INFO    scripts.update_daily | ARR: 22 new daily bar(s) after 2026-07-15
2026-08-15 13:46:26,573 INFO    scripts.update_daily | BWXT: 22 new daily bar(s) after 2026-07-15
2026-08-15 13:46:26,573 INFO    scripts.update_daily | CFFN: 22 new daily bar(s) after 2026-07-15
2026-08-15 13:46:26,574 INFO    scripts.update_daily | CNH: 19 new daily bar(s) after 2026-07-15
2026-08-15 13:46:26,574 INFO    scripts.update_daily | CODI: 22 new daily bar(s) after 2026-07-15
2026-08-15 13:46:26,574 INFO    scripts.update_daily | FLG: 22 new daily bar(s) after 2026-07-15
2026-08-15 13:46:26,575 INFO    scripts.update_daily | HAS: 22 new daily bar(s) after 2026-07-15
2026-08-15 13:46:26,575 INFO    scripts.update_daily | LRN: 22 new daily bar(s) after 2026-07-15
2026-08-15 13:46:26,575 INFO    scripts.update_daily | LYV: 22 new daily bar(s) after 2026-07-15
2026-08-15 13:46:26,576 INFO    scripts.update_daily | MYGN: 22 new daily bar(s) after 2026-07-15
2026-08-15 13:46:26,576 INFO    scripts.update_daily | OHI: 19 new daily bar(s) after 2026-07-15
2026-08-15 13:46:26,576 INFO    scripts.update_daily | ONC: 22 new daily bar(s) after 2026-07-15
2026-08-15 13:46:26,577 INFO    scripts.update_daily | PAA: 22 new daily bar(s) after 2026-07-15
2026-08-15 13:46:26,577 INFO    scripts.update_daily | PNC: 22 new daily bar(s) after 2026-07-15
2026-08-15 13:46:26,578 INFO    scripts.update_daily | RCI: 22 new daily bar(s) after 2026-07-15
2026-08-15 13:46:26,578 INFO    scripts.update_daily | RDWR: 22 new daily bar(s) after 2026-07-15
2026-08-15 13:46:26,578 INFO    scripts.update_daily | RES: 22 new daily bar(s) after 2026-07-15
2026-08-15 13:46:26,579 INFO    scripts.update_daily | REX: 22 new daily bar(s) after 2026-07-15
2026-08-15 13:46:26,579 INFO    scripts.update_daily | RYN: 22 new daily bar(s) after 2026-07-15
2026-08-15 13:46:26,579 INFO    scripts.update_daily | SEM: 0 new daily bar(s) after 2026-06-30
2026-08-15 13:46:26,580 INFO    scripts.update_daily | SITE: 22 new daily bar(s) after 2026-07-15
2026-08-15 13:46:26,580 INFO    scripts.update_daily | STM: 22 new daily bar(s) after 2026-07-15
2026-08-15 13:46:26,580 INFO    scripts.update_daily | SWBI: 22 new daily bar(s) after 2026-07-15
2026-08-15 13:46:26,581 INFO    scripts.update_daily | TECH: 22 new daily bar(s) after 2026-07-15
2026-08-15 13:46:26,581 INFO    scripts.update_daily | TPR: 22 new daily bar(s) after 2026-07-15
2026-08-15 13:46:26,581 INFO    scripts.update_daily | VSH: 22 new daily bar(s) after 2026-07-15
2026-08-15 13:46:26,582 INFO    scripts.update_daily | VYX: 22 new daily bar(s) after 2026-07-15
2026-08-15 13:46:26,582 INFO    scripts.update_daily | WSO: 19 new daily bar(s) after 2026-07-15
2026-08-15 13:46:26,583 INFO    scripts.update_daily | ALSN: 22 new daily bar(s) after 2026-07-15
2026-08-15 13:46:26,583 INFO    scripts.update_daily | AMH: 22 new daily bar(s) after 2026-07-15
2026-08-15 13:46:26,583 INFO    scripts.update_daily | ATR: 22 new daily bar(s) after 2026-07-15
2026-08-15 13:46:26,584 INFO    scripts.update_daily | BLX: 22 new daily bar(s) after 2026-07-15
2026-08-15 13:46:26,584 INFO    scripts.update_daily | BTI: 22 new daily bar(s) after 2026-07-15
2026-08-15 13:46:26,584 INFO    scripts.update_daily | EBS: 19 new daily bar(s) after 2026-07-15
2026-08-15 13:46:26,585 INFO    scripts.update_daily | GME: 22 new daily bar(s) after 2026-07-15
2026-08-15 13:46:26,585 INFO    scripts.update_daily | GTY: 22 new daily bar(s) after 2026-07-15
2026-08-15 13:46:26,585 INFO    scripts.update_daily | HZO: 19 new daily bar(s) after 2026-07-15
2026-08-15 13:46:26,586 INFO    scripts.update_daily | JBSS: 22 new daily bar(s) after 2026-07-15
2026-08-15 13:46:26,586 INFO    scripts.update_daily | MMSI: 22 new daily bar(s) after 2026-07-15
2026-08-15 13:46:26,587 INFO    scripts.update_daily | NFG: 22 new daily bar(s) after 2026-07-15
2026-08-15 13:46:26,587 INFO    scripts.update_daily | NTES: 22 new daily bar(s) after 2026-07-15
2026-08-15 13:46:26,587 INFO    scripts.update_daily | OII: 22 new daily bar(s) after 2026-07-15
2026-08-15 13:46:26,588 INFO    scripts.update_daily | OMF: 22 new daily bar(s) after 2026-07-15
2026-08-15 13:46:26,588 INFO    scripts.update_daily | ONB: 19 new daily bar(s) after 2026-07-15
2026-08-15 13:46:26,588 INFO    scripts.update_daily | OXY: 22 new daily bar(s) after 2026-07-15
2026-08-15 13:46:26,589 INFO    scripts.update_daily | PFIS: 22 new daily bar(s) after 2026-07-15
2026-08-15 13:46:26,589 INFO    scripts.update_daily | QRVO: 22 new daily bar(s) after 2026-07-15
2026-08-15 13:46:26,589 INFO    scripts.update_daily | RM: 22 new daily bar(s) after 2026-07-15
2026-08-15 13:46:26,590 INFO    scripts.update_daily | RMAX: 22 new daily bar(s) after 2026-07-15
2026-08-15 13:46:26,590 INFO    scripts.update_daily | RNR: 22 new daily bar(s) after 2026-07-15
2026-08-15 13:46:26,590 INFO    scripts.update_daily | RRX: 22 new daily bar(s) after 2026-07-15
2026-08-15 13:46:26,591 INFO    scripts.update_daily | SFM: 20 new daily bar(s) after 2026-07-15
2026-08-15 13:46:26,591 INFO    scripts.update_daily | TCBI: 22 new daily bar(s) after 2026-07-15
2026-08-15 13:46:26,591 INFO    scripts.update_daily | VNDA: 22 new daily bar(s) after 2026-07-15
2026-08-15 13:46:26,592 INFO    scripts.update_daily | VTOL: 22 new daily bar(s) after 2026-07-15
2026-08-15 13:46:26,592 INFO    scripts.update_daily | XENE: 22 new daily bar(s) after 2026-07-15
2026-08-15 13:46:26,592 INFO    scripts.update_daily | ZBH: 22 new daily bar(s) after 2026-07-15
2026-08-15 13:46:26,593 INFO    scripts.update_daily | AAOI: 22 new daily bar(s) after 2026-07-15
2026-08-15 13:46:26,593 INFO    scripts.update_daily | AVB: 22 new daily bar(s) after 2026-07-15
2026-08-15 13:46:26,594 INFO    scripts.update_daily | BPOP: 22 new daily bar(s) after 2026-07-15
2026-08-15 13:46:26,594 INFO    scripts.update_daily | HON: 22 new daily bar(s) after 2026-07-15
2026-08-15 13:46:26,594 INFO    scripts.update_daily | KBR: 22 new daily bar(s) after 2026-07-15
2026-08-15 13:46:26,595 INFO    scripts.update_daily | KOF: 22 new daily bar(s) after 2026-07-15
2026-08-15 13:46:26,595 INFO    scripts.update_daily | LEA: 22 new daily bar(s) after 2026-07-15
2026-08-15 13:46:26,595 INFO    scripts.update_daily | METC: 20 new daily bar(s) after 2026-07-15
2026-08-15 13:46:26,596 INFO    scripts.update_daily | MGA: 22 new daily bar(s) after 2026-07-15
2026-08-15 13:46:26,596 INFO    scripts.update_daily | NEXA: 22 new daily bar(s) after 2026-07-15
2026-08-15 13:46:26,596 INFO    scripts.update_daily | NHI: 22 new daily bar(s) after 2026-07-15
2026-08-15 13:46:26,597 INFO    scripts.update_daily | NKTR: 22 new daily bar(s) after 2026-07-15
2026-08-15 13:46:26,597 INFO    scripts.update_daily | PLAY: 20 new daily bar(s) after 2026-07-15
2026-08-15 13:46:26,597 INFO    scripts.update_daily | PLSE: 19 new daily bar(s) after 2026-07-15
2026-08-15 13:46:26,598 INFO    scripts.update_daily | ROKU: 22 new daily bar(s) after 2026-07-15
2026-08-15 13:46:26,598 INFO    scripts.update_daily | STZ: 22 new daily bar(s) after 2026-07-15
2026-08-15 13:46:26,598 INFO    scripts.update_daily | TRVG: 22 new daily bar(s) after 2026-07-15
2026-08-15 13:46:26,599 INFO    scripts.update_daily | AAPL: 17 new daily bar(s) after 2026-07-22
2026-08-15 13:46:30,469 INFO    findata.database.db_manager | Incremental update: 26812 new price rows across 853 ticker/interval group(s)
2026-08-15 13:50:20,463 INFO    findata.database.db_manager | Incremental update done: {'price': 26812, 'technical': 160567} (853 full, 0 prices-only)
2026-08-15 14:00:54,424 INFO    findata.configs | Logging configured -> /Users/connorott/PycharmProjects/findata/logs/update_daily.log
2026-08-15 14:00:54,426 INFO    findata.database.db_manager | Backfilled last_facts_date for 5 ticker(s) from stored filings
2026-08-15 14:00:54,426 INFO    scripts.update_daily | Stages: prices
2026-08-15 14:00:54,433 INFO    scripts.update_daily | Updating 2 ticker(s); stalest last_price_date=2026-08-14, fetching from 2026-08-07
2026-08-15 14:00:55,223 INFO    findata.database.yf | Requesting Yahoo Finance data for 2 ticker(s) from 2026-08-07
2026-08-15 14:00:55,648 INFO    scripts.update_daily | AA: 0 new daily bar(s) after 2026-08-14
2026-08-15 14:00:55,648 INFO    scripts.update_daily | AAPL: 0 new daily bar(s) after 2026-08-14
2026-08-15 14:00:55,648 INFO    scripts.update_daily | Dry run -- nothing written.
2026-08-15 14:00:56,903 INFO    findata.configs | Logging configured -> /Users/connorott/PycharmProjects/findata/logs/update_daily.log
2026-08-15 14:00:56,905 INFO    findata.database.db_manager | Backfilled last_facts_date for 5 ticker(s) from stored filings
2026-08-15 14:00:56,905 INFO    scripts.update_daily | Stages: prices, edgar, fundamentals
2026-08-15 14:00:56,912 INFO    scripts.update_daily | Updating 3 ticker(s); stalest last_price_date=2026-08-14, fetching from 2026-08-07
2026-08-15 14:00:57,399 INFO    findata.database.yf | Requesting Yahoo Finance data for 3 ticker(s) from 2026-08-07
2026-08-15 14:00:57,845 INFO    scripts.update_daily | AA: 0 new daily bar(s) after 2026-08-14
2026-08-15 14:00:57,845 INFO    scripts.update_daily | ABEO: 0 new daily bar(s) after 2026-08-14
2026-08-15 14:00:57,846 INFO    scripts.update_daily | AAPL: 0 new daily bar(s) after 2026-08-14
2026-08-15 14:00:57,846 INFO    scripts.update_daily | Dry run -- nothing written.
2026-08-15 14:00:58,472 INFO    findata.database.yf | Yahoo filings: newest statement filing for 3/3 ticker(s)
2026-08-15 14:00:58,483 INFO    scripts.update_daily | Facts refresh: 0 of 3 ticker(s) have a newer filing (3 resolved via Yahoo, 0 via the 7-day window)
2026-08-15 14:00:58,483 INFO    scripts.update_daily | All EDGAR data is current, nothing to refresh.
2026-08-15 14:24:51,105 INFO    findata.configs | Logging configured -> /Users/connorott/PycharmProjects/findata/logs/update_daily.log
2026-08-15 14:24:51,109 INFO    findata.database.db_manager | Backfilled last_facts_date for 5 ticker(s) from stored filings
2026-08-15 14:24:51,109 INFO    scripts.update_daily | Stages: prices, edgar, fundamentals
2026-08-15 14:24:59,579 WARNING scripts.update_daily | Not yf-seeded, skipping: ['AMZN', 'PRA'] (run init_yf first)
2026-08-15 14:25:17,279 INFO    scripts.update_daily | Updating 857 ticker(s); stalest last_price_date=2026-06-26, fetching from 2026-06-19
2026-08-15 14:31:13,503 INFO    findata.configs | Logging configured -> /Users/connorott/PycharmProjects/findata/logs/update_daily.log
2026-08-15 14:31:13,505 INFO    findata.database.db_manager | Backfilled last_facts_date for 5 ticker(s) from stored filings
2026-08-15 14:31:13,505 INFO    scripts.update_daily | Stages: prices
2026-08-15 14:31:13,513 WARNING scripts.update_daily | Not yf-seeded, skipping: ['AMZN', 'PRA'] (run init_yf first)
2026-08-15 14:31:13,515 INFO    scripts.update_daily | Target session 2026-08-14: 8 of 857 ticker(s) behind, fetching from 2026-06-19
2026-08-15 14:31:14,085 INFO    findata.database.yf | Requesting Yahoo Finance data for 8 ticker(s) from 2026-06-19
2026-08-15 14:31:14,492 INFO    findata.database.yf | Liquidity filter CCRN: dropping 4 rows (before None), 4 zero-volume
2026-08-15 14:31:14,492 INFO    findata.database.yf | Liquidity filter EEX: dropping 1 rows (before None), 1 zero-volume
2026-08-15 14:31:14,493 INFO    findata.database.yf | Liquidity filter FDP: dropping 2 rows (before None), 0 zero-volume
2026-08-15 14:31:14,494 INFO    findata.database.yf | Liquidity filter NFBK: dropping 7 rows (before None), 5 zero-volume
2026-08-15 14:31:14,495 INFO    findata.database.yf | Liquidity filter total: 14 daily rows dropped (10 zero-volume)
2026-08-15 14:31:14,501 INFO    findata.database.yf | Skipping 2 tickers due to invalid yahoo response: ['EEX', 'SEM']
2026-08-15 14:31:14,503 INFO    scripts.update_daily | No new bars returned for 2026-08-14 -- likely not a trading session.
2026-08-15 14:31:14,504 INFO    scripts.update_daily | AVNS: 0 new daily bar(s) after 2026-07-24
2026-08-15 14:31:14,504 INFO    scripts.update_daily | CCRN: 0 new daily bar(s) after 2026-07-15
2026-08-15 14:31:14,504 INFO    scripts.update_daily | EEX: 0 new daily bar(s) after 2026-06-26
2026-08-15 14:31:14,504 INFO    scripts.update_daily | FDP: 0 new daily bar(s) after 2026-07-13
2026-08-15 14:31:14,504 INFO    scripts.update_daily | GTLS: 0 new daily bar(s) after 2026-07-15
2026-08-15 14:31:14,504 INFO    scripts.update_daily | NFBK: 0 new daily bar(s) after 2026-07-15
2026-08-15 14:31:14,504 INFO    scripts.update_daily | SEM: 0 new daily bar(s) after 2026-06-30
2026-08-15 14:31:14,504 INFO    scripts.update_daily | STEL: 0 new daily bar(s) after 2026-06-30
2026-08-15 14:31:14,504 INFO    scripts.update_daily | Dry run -- nothing written.
2026-08-15 14:31:21,082 INFO    findata.configs | Logging configured -> /Users/connorott/PycharmProjects/findata/logs/update_daily.log
2026-08-15 14:31:21,084 INFO    findata.database.db_manager | Backfilled last_facts_date for 5 ticker(s) from stored filings
2026-08-15 14:31:21,084 INFO    scripts.update_daily | Stages: prices
2026-08-15 14:31:21,094 WARNING scripts.update_daily | Not yf-seeded, skipping: ['AMZN', 'PRA'] (run init_yf first)
2026-08-15 14:31:21,096 INFO    scripts.update_daily | Target session 2026-08-14: 8 of 857 ticker(s) behind, fetching from 2026-06-19
2026-08-15 14:31:21,597 INFO    findata.database.yf | Requesting Yahoo Finance data for 8 ticker(s) from 2026-06-19
2026-08-15 14:31:22,360 INFO    findata.database.yf | Liquidity filter CCRN: dropping 4 rows (before None), 4 zero-volume
2026-08-15 14:31:22,361 INFO    findata.database.yf | Liquidity filter EEX: dropping 1 rows (before None), 1 zero-volume
2026-08-15 14:31:22,361 INFO    findata.database.yf | Liquidity filter FDP: dropping 2 rows (before None), 0 zero-volume
2026-08-15 14:31:22,362 INFO    findata.database.yf | Liquidity filter NFBK: dropping 7 rows (before None), 5 zero-volume
2026-08-15 14:31:22,363 INFO    findata.database.yf | Liquidity filter total: 14 daily rows dropped (10 zero-volume)
2026-08-15 14:31:22,370 INFO    findata.database.yf | Skipping 2 tickers due to invalid yahoo response: ['SEM', 'EEX']
2026-08-15 14:31:22,372 INFO    scripts.update_daily | No new bars returned for 2026-08-14 -- likely not a trading session.
2026-08-15 14:31:22,372 INFO    scripts.update_daily | AVNS: 0 new daily bar(s) after 2026-07-24
2026-08-15 14:31:22,372 INFO    scripts.update_daily | CCRN: 0 new daily bar(s) after 2026-07-15
2026-08-15 14:31:22,372 INFO    scripts.update_daily | EEX: 0 new daily bar(s) after 2026-06-26
2026-08-15 14:31:22,372 INFO    scripts.update_daily | FDP: 0 new daily bar(s) after 2026-07-13
2026-08-15 14:31:22,372 INFO    scripts.update_daily | GTLS: 0 new daily bar(s) after 2026-07-15
2026-08-15 14:31:22,372 INFO    scripts.update_daily | NFBK: 0 new daily bar(s) after 2026-07-15
2026-08-15 14:31:22,372 INFO    scripts.update_daily | SEM: 0 new daily bar(s) after 2026-06-30
2026-08-15 14:31:22,372 INFO    scripts.update_daily | STEL: 0 new daily bar(s) after 2026-06-30
2026-08-15 14:31:22,372 INFO    scripts.update_daily | Dry run -- nothing written.
2026-08-15 14:42:43,400 INFO    findata.configs | Logging configured -> /Users/connorott/PycharmProjects/findata/logs/update_daily.log
2026-08-15 14:42:43,404 INFO    findata.database.db_manager | Backfilled last_facts_date for 5 ticker(s) from stored filings
2026-08-15 14:42:43,404 INFO    scripts.update_daily | Stages: prices, edgar, fundamentals
2026-08-15 14:42:59,090 WARNING scripts.update_daily | Not yf-seeded, skipping: ['AMZN', 'PRA'] (run init_yf first)
2026-08-15 14:43:16,613 INFO    scripts.update_daily | Target session 2026-08-14: 8 of 857 ticker(s) behind, fetching from 2026-06-19
2026-08-15 14:43:18,576 INFO    findata.database.yf | Requesting Yahoo Finance data for 8 ticker(s) from 2026-06-19
2026-08-15 14:43:19,221 INFO    findata.database.yf | Liquidity filter CCRN: dropping 4 rows (before None), 4 zero-volume
2026-08-15 14:43:19,226 INFO    findata.database.yf | Liquidity filter FDP: dropping 2 rows (before None), 0 zero-volume
2026-08-15 14:43:19,237 INFO    findata.database.yf | Liquidity filter NFBK: dropping 7 rows (before None), 5 zero-volume
2026-08-15 14:43:19,250 INFO    findata.database.yf | Liquidity filter total: 13 daily rows dropped (9 zero-volume)
2026-08-15 14:43:19,338 INFO    findata.database.yf | Skipping 2 tickers due to invalid yahoo response: ['SEM', 'EEX']
2026-08-15 14:43:37,068 INFO    scripts.update_daily | No new bars returned for 2026-08-14 -- likely not a trading session.
2026-08-15 14:43:38,668 INFO    scripts.update_daily | AVNS: 0 new daily bar(s) after 2026-07-24
2026-08-15 14:43:41,364 INFO    scripts.update_daily | CCRN: 0 new daily bar(s) after 2026-07-15
2026-08-15 14:43:41,365 INFO    scripts.update_daily | EEX: 0 new daily bar(s) after 2026-06-26
2026-08-15 14:43:41,366 INFO    scripts.update_daily | FDP: 0 new daily bar(s) after 2026-07-13
2026-08-15 14:43:41,367 INFO    scripts.update_daily | GTLS: 0 new daily bar(s) after 2026-07-15
2026-08-15 14:43:41,368 INFO    scripts.update_daily | NFBK: 0 new daily bar(s) after 2026-07-15
2026-08-15 14:43:41,368 INFO    scripts.update_daily | SEM: 0 new daily bar(s) after 2026-06-30
2026-08-15 14:43:41,369 INFO    scripts.update_daily | STEL: 0 new daily bar(s) after 2026-06-30
2026-08-15 14:43:41,414 INFO    findata.database.db_manager | Incremental update: 0 new price rows across 4 ticker/interval group(s)
2026-08-15 14:43:42,381 INFO    findata.database.db_manager | Incremental update done: {'price': 0, 'technical': 306} (4 full, 0 prices-only)
2026-08-15 14:47:02,579 INFO    findata.configs | Logging configured -> /Users/connorott/PycharmProjects/findata/logs/update_daily.log
2026-08-15 14:47:02,581 INFO    findata.database.db_manager | Migrating ticker_meta: adding column inactive_since
2026-08-15 14:47:02,581 INFO    findata.database.db_manager | Backfilled last_facts_date for 5 ticker(s) from stored filings
2026-08-15 14:47:02,581 INFO    scripts.update_daily | Stages: prices
2026-08-15 14:47:02,589 WARNING scripts.update_daily | Not yf-seeded, skipping: ['AMZN', 'PRA'] (run init_yf first)
2026-08-15 14:47:02,591 INFO    scripts.update_daily | Target session 2026-08-14: 8 of 857 ticker(s) behind, fetching from 2026-06-19
2026-08-15 14:47:03,228 INFO    findata.database.yf | Requesting Yahoo Finance data for 8 ticker(s) from 2026-06-19
2026-08-15 14:47:04,091 INFO    findata.database.yf | Liquidity filter CCRN: dropping 4 rows (before None), 4 zero-volume
2026-08-15 14:47:04,092 INFO    findata.database.yf | Liquidity filter EEX: dropping 1 rows (before None), 1 zero-volume
2026-08-15 14:47:04,092 INFO    findata.database.yf | Liquidity filter FDP: dropping 2 rows (before None), 0 zero-volume
2026-08-15 14:47:04,093 INFO    findata.database.yf | Liquidity filter NFBK: dropping 7 rows (before None), 5 zero-volume
2026-08-15 14:47:04,094 INFO    findata.database.yf | Liquidity filter total: 14 daily rows dropped (10 zero-volume)
2026-08-15 14:47:04,101 INFO    findata.database.yf | Skipping 2 tickers due to invalid yahoo response: ['EEX', 'SEM']
2026-08-15 14:47:04,104 INFO    scripts.update_daily | No new bars returned for 2026-08-14 -- likely not a trading session.
2026-08-15 14:47:04,104 INFO    scripts.update_daily | AVNS: 0 new daily bar(s) after 2026-07-24
2026-08-15 14:47:04,104 INFO    scripts.update_daily | CCRN: 0 new daily bar(s) after 2026-07-15
2026-08-15 14:47:04,104 INFO    scripts.update_daily | EEX: 0 new daily bar(s) after 2026-06-26
2026-08-15 14:47:04,104 INFO    scripts.update_daily | FDP: 0 new daily bar(s) after 2026-07-13
2026-08-15 14:47:04,104 INFO    scripts.update_daily | GTLS: 0 new daily bar(s) after 2026-07-15
2026-08-15 14:47:04,104 INFO    scripts.update_daily | NFBK: 0 new daily bar(s) after 2026-07-15
2026-08-15 14:47:04,104 INFO    scripts.update_daily | SEM: 0 new daily bar(s) after 2026-06-30
2026-08-15 14:47:04,104 INFO    scripts.update_daily | STEL: 0 new daily bar(s) after 2026-06-30
2026-08-15 14:47:04,104 INFO    scripts.update_daily | Dry run -- nothing written.
2026-08-15 14:47:40,728 INFO    findata.configs | Logging configured -> /Users/connorott/PycharmProjects/findata/logs/update_daily.log
2026-08-15 14:47:40,729 INFO    findata.database.db_manager | Backfilled last_facts_date for 5 ticker(s) from stored filings
2026-08-15 14:47:40,729 INFO    scripts.update_daily | Stages: prices
2026-08-15 14:47:40,738 WARNING scripts.update_daily | Not yf-seeded, skipping: ['AMZN', 'PRA'] (run init_yf first)
2026-08-15 14:47:40,740 INFO    scripts.update_daily | Target session 2026-08-14: 8 of 857 ticker(s) behind, fetching from 2026-06-19
2026-08-15 14:47:41,307 INFO    findata.database.yf | Requesting Yahoo Finance data for 8 ticker(s) from 2026-06-19
2026-08-15 14:47:41,667 INFO    findata.database.yf | Liquidity filter CCRN: dropping 4 rows (before None), 4 zero-volume
2026-08-15 14:47:41,668 INFO    findata.database.yf | Liquidity filter EEX: dropping 1 rows (before None), 1 zero-volume
2026-08-15 14:47:41,668 INFO    findata.database.yf | Liquidity filter FDP: dropping 2 rows (before None), 0 zero-volume
2026-08-15 14:47:41,669 INFO    findata.database.yf | Liquidity filter NFBK: dropping 7 rows (before None), 5 zero-volume
2026-08-15 14:47:41,670 INFO    findata.database.yf | Liquidity filter total: 14 daily rows dropped (10 zero-volume)
2026-08-15 14:47:41,676 INFO    findata.database.yf | Skipping 2 tickers due to invalid yahoo response: ['EEX', 'SEM']
2026-08-15 14:47:41,679 INFO    scripts.update_daily | AVNS: 0 new daily bar(s) after 2026-07-24
2026-08-15 14:47:41,679 INFO    scripts.update_daily | CCRN: 0 new daily bar(s) after 2026-07-15
2026-08-15 14:47:41,679 INFO    scripts.update_daily | EEX: 0 new daily bar(s) after 2026-06-26
2026-08-15 14:47:41,679 INFO    scripts.update_daily | FDP: 0 new daily bar(s) after 2026-07-13
2026-08-15 14:47:41,679 INFO    scripts.update_daily | GTLS: 0 new daily bar(s) after 2026-07-15
2026-08-15 14:47:41,679 INFO    scripts.update_daily | NFBK: 0 new daily bar(s) after 2026-07-15
2026-08-15 14:47:41,679 INFO    scripts.update_daily | SEM: 0 new daily bar(s) after 2026-06-30
2026-08-15 14:47:41,679 INFO    scripts.update_daily | STEL: 0 new daily bar(s) after 2026-06-30
2026-08-15 14:47:41,679 INFO    scripts.update_daily | Dry run -- would mark inactive: ['AVNS', 'CCRN', 'EEX', 'FDP', 'GTLS', 'NFBK', 'SEM', 'STEL']
2026-08-15 14:47:41,680 INFO    scripts.update_daily | Dry run -- nothing written.
2026-08-15 14:47:50,132 INFO    findata.configs | Logging configured -> /Users/connorott/PycharmProjects/findata/logs/update_daily.log
2026-08-15 14:47:50,133 INFO    findata.database.db_manager | Backfilled last_facts_date for 5 ticker(s) from stored filings
2026-08-15 14:47:50,134 INFO    scripts.update_daily | Stages: prices
2026-08-15 14:47:50,142 WARNING scripts.update_daily | Not yf-seeded, skipping: ['AMZN', 'PRA'] (run init_yf first)
2026-08-15 14:47:50,145 INFO    scripts.update_daily | Target session 2026-08-14: 8 of 857 ticker(s) behind, fetching from 2026-06-19
2026-08-15 14:47:50,606 INFO    findata.database.yf | Requesting Yahoo Finance data for 8 ticker(s) from 2026-06-19
2026-08-15 14:47:50,972 INFO    findata.database.yf | Liquidity filter CCRN: dropping 4 rows (before None), 4 zero-volume
2026-08-15 14:47:50,973 INFO    findata.database.yf | Liquidity filter EEX: dropping 1 rows (before None), 1 zero-volume
2026-08-15 14:47:50,973 INFO    findata.database.yf | Liquidity filter FDP: dropping 2 rows (before None), 0 zero-volume
2026-08-15 14:47:50,974 INFO    findata.database.yf | Liquidity filter NFBK: dropping 7 rows (before None), 5 zero-volume
2026-08-15 14:47:50,975 INFO    findata.database.yf | Liquidity filter total: 14 daily rows dropped (10 zero-volume)
2026-08-15 14:47:50,982 INFO    findata.database.yf | Skipping 2 tickers due to invalid yahoo response: ['SEM', 'EEX']
2026-08-15 14:47:50,985 INFO    scripts.update_daily | AVNS: 0 new daily bar(s) after 2026-07-24
2026-08-15 14:47:50,985 INFO    scripts.update_daily | CCRN: 0 new daily bar(s) after 2026-07-15
2026-08-15 14:47:50,985 INFO    scripts.update_daily | EEX: 0 new daily bar(s) after 2026-06-26
2026-08-15 14:47:50,985 INFO    scripts.update_daily | FDP: 0 new daily bar(s) after 2026-07-13
2026-08-15 14:47:50,985 INFO    scripts.update_daily | GTLS: 0 new daily bar(s) after 2026-07-15
2026-08-15 14:47:50,985 INFO    scripts.update_daily | NFBK: 0 new daily bar(s) after 2026-07-15
2026-08-15 14:47:50,985 INFO    scripts.update_daily | SEM: 0 new daily bar(s) after 2026-06-30
2026-08-15 14:47:50,985 INFO    scripts.update_daily | STEL: 0 new daily bar(s) after 2026-06-30
2026-08-15 14:47:50,985 INFO    scripts.update_daily | No bars since 2026-08-14 for 8 ticker(s); marking inactive: ['AVNS', 'CCRN', 'EEX', 'FDP', 'GTLS', 'NFBK', 'SEM', 'STEL']
2026-08-15 14:47:50,986 INFO    findata.database.db_manager | Marked 8 ticker(s) inactive
2026-08-15 14:47:50,994 INFO    findata.database.db_manager | Incremental update: 1 new price rows across 4 ticker/interval group(s); 1 ticker(s) gained bars
2026-08-15 14:47:51,009 INFO    findata.database.db_manager | 3 ticker/interval group(s) had no new bars, technicals untouched
2026-08-15 14:47:51,010 INFO    findata.database.db_manager | Incremental update done: {'price': 1, 'technical': 1} (1 full, 0 prices-only)
2026-08-15 14:47:53,571 INFO    findata.configs | Logging configured -> /Users/connorott/PycharmProjects/findata/logs/update_daily.log
2026-08-15 14:47:53,573 INFO    findata.database.db_manager | Backfilled last_facts_date for 5 ticker(s) from stored filings
2026-08-15 14:47:53,573 INFO    scripts.update_daily | Stages: prices
2026-08-15 14:47:53,582 WARNING scripts.update_daily | Not yf-seeded, skipping: ['AMZN', 'PRA'] (run init_yf first)
2026-08-15 14:47:53,584 INFO    scripts.update_daily | Skipping 8 inactive ticker(s) (rechecked every 30 days; --include-inactive to force): ['AVNS', 'CCRN', 'EEX', 'FDP', 'GTLS', 'NFBK', 'SEM', 'STEL']
2026-08-15 14:47:53,584 INFO    scripts.update_daily | All 849 ticker(s) already current through 2026-08-14.
2026-08-15 14:49:23,689 INFO    findata.configs | Logging configured -> /Users/connorott/PycharmProjects/findata/logs/update_daily.log
2026-08-15 14:49:23,693 INFO    findata.database.db_manager | Backfilled last_facts_date for 5 ticker(s) from stored filings
2026-08-15 14:49:23,693 INFO    scripts.update_daily | Stages: prices, edgar, fundamentals
2026-08-15 14:49:23,730 WARNING scripts.update_daily | Not yf-seeded, skipping: ['AMZN', 'PRA'] (run init_yf first)
2026-08-15 14:49:23,732 INFO    scripts.update_daily | Skipping 8 inactive ticker(s) (rechecked every 30 days; --include-inactive to force): ['AVNS', 'CCRN', 'EEX', 'FDP', 'GTLS', 'NFBK', 'SEM', 'STEL']
2026-08-15 14:49:23,733 INFO    scripts.update_daily | All 849 ticker(s) already current through 2026-08-14.
2026-08-15 14:49:48,848 INFO    findata.configs | Logging configured -> /Users/connorott/PycharmProjects/findata/logs/update_daily.log
2026-08-15 14:49:48,852 INFO    findata.database.db_manager | Backfilled last_facts_date for 5 ticker(s) from stored filings
2026-08-15 14:49:48,852 INFO    scripts.update_daily | Stages: prices, edgar, fundamentals
2026-08-15 14:50:01,081 WARNING scripts.update_daily | Not yf-seeded, skipping: ['AMZN', 'PRA'] (run init_yf first)
2026-08-15 14:50:06,666 INFO    scripts.update_daily | Skipping 8 inactive ticker(s) (rechecked every 30 days; --include-inactive to force): ['AVNS', 'CCRN', 'EEX', 'FDP', 'GTLS', 'NFBK', 'SEM', 'STEL']
2026-08-15 14:50:15,233 INFO    scripts.update_daily | All 849 ticker(s) already current through 2026-08-14.
2026-08-15 16:03:20,456 INFO    findata.configs | Logging configured -> /Users/connorott/PycharmProjects/findata/logs/update_daily.log
2026-08-15 16:03:20,471 INFO    findata.database.db_manager | Backfilled last_facts_date for 5 ticker(s) from stored filings
2026-08-15 16:03:20,471 INFO    scripts.update_daily | Stages: prices, edgar, fundamentals
2026-08-15 16:03:25,667 WARNING scripts.update_daily | Not yf-seeded, skipping: ['AMZN', 'PRA'] (run init_yf first)
2026-08-15 16:03:25,671 INFO    scripts.update_daily | Skipping 8 inactive ticker(s) (rechecked every 30 days; --include-inactive to force): ['AVNS', 'CCRN', 'EEX', 'FDP', 'GTLS', 'NFBK', 'SEM', 'STEL']
2026-08-15 16:03:25,672 INFO    scripts.update_daily | All 849 ticker(s) already current through 2026-08-14.
2026-08-15 16:06:27,057 WARNING findata.database.yf | sec_filings request budget exhausted with 12 chunk(s) left; treating the run as degraded
2026-08-15 16:06:27,061 WARNING findata.database.yf | Yahoo filings lookup degraded (8/24 chunk requests succeeded); unresolved tickers fall back to the age window
2026-08-15 16:06:27,162 INFO    findata.database.yf | Yahoo filings: newest statement filing for 102/800 ticker(s)
2026-08-15 16:09:52,420 INFO    scripts.update_daily | Facts refresh: 670 of 800 ticker(s) have a newer filing (102 resolved via Yahoo, 698 via the 7-day window)
2026-08-15 16:11:21,644 INFO    findata.configs | Logging configured -> /Users/connorott/PycharmProjects/findata/logs/update_daily.log
2026-08-15 16:11:21,648 INFO    findata.database.db_manager | Backfilled last_facts_date for 5 ticker(s) from stored filings
2026-08-15 16:11:21,648 INFO    scripts.update_daily | Stages: prices, edgar, fundamentals
2026-08-15 16:11:24,499 WARNING scripts.update_daily | Not yf-seeded, skipping: ['AMZN', 'PRA'] (run init_yf first)
2026-08-15 16:11:24,502 INFO    scripts.update_daily | Skipping 8 inactive ticker(s) (rechecked every 30 days; --include-inactive to force): ['AVNS', 'CCRN', 'EEX', 'FDP', 'GTLS', 'NFBK', 'SEM', 'STEL']
2026-08-15 16:11:24,503 INFO    scripts.update_daily | All 849 ticker(s) already current through 2026-08-14.
2026-08-15 16:19:14,467 WARNING findata.database.yf | sec_filings request budget exhausted with 12 chunk(s) left; treating the run as degraded
2026-08-15 16:19:14,470 WARNING findata.database.yf | Yahoo filings lookup degraded (8/24 chunk requests succeeded); unresolved tickers fall back to the age window
2026-08-15 16:19:14,576 INFO    findata.database.yf | Yahoo filings: newest statement filing for 102/800 ticker(s)
2026-08-15 16:25:17,570 WARNING findata.database.yf | sec_filings request budget exhausted with 12 chunk(s) left; treating the run as degraded
2026-08-15 16:25:17,571 WARNING findata.database.yf | Yahoo filings lookup degraded (8/24 chunk requests succeeded); unresolved tickers fall back to the age window
2026-08-15 16:25:17,586 INFO    findata.database.yf | Yahoo filings: newest statement filing for 102/800 ticker(s)
2026-08-15 16:53:56,045 INFO    findata.configs | Logging configured -> /Users/connorott/PycharmProjects/findata/logs/update_daily.log
2026-08-15 16:53:56,048 INFO    findata.database.db_manager | Backfilled last_facts_date for 5 ticker(s) from stored filings
2026-08-15 16:53:56,048 INFO    scripts.update_daily | Stages: prices, edgar
2026-08-15 16:53:56,058 WARNING scripts.update_daily | Not yf-seeded, skipping: ['AMZN', 'PRA'] (run init_yf first)
2026-08-15 16:53:56,060 INFO    scripts.update_daily | Skipping 8 inactive ticker(s) (rechecked every 30 days; --include-inactive to force): ['AVNS', 'CCRN', 'EEX', 'FDP', 'GTLS', 'NFBK', 'SEM', 'STEL']
2026-08-15 16:53:56,060 INFO    scripts.update_daily | All 849 ticker(s) already current through 2026-08-14.
2026-08-15 16:54:00,116 INFO    findata.database.edgar_ | EDGAR index since 2025-04-10: 36459 filing(s), resolving 688 of 800 requested ticker(s)
2026-08-15 16:54:00,118 INFO    scripts.update_daily | Facts refresh: 164 of 800 ticker(s) have a newer filing (688 resolved from the EDGAR index, 112 via the 7-day window)
2026-08-15 16:54:00,118 INFO    scripts.update_daily | Dry run -- would refresh EDGAR for 164 ticker(s).
2026-08-16 10:25:28,854 INFO    findata.configs | Logging configured -> /Users/connorott/PycharmProjects/findata/logs/update_daily.log
2026-08-16 10:25:28,855 INFO    findata.database.db_manager | Backfilled last_facts_date for 5 ticker(s) from stored filings
2026-08-16 10:25:28,898 INFO    scripts.update_daily | Stages: prices, edgar, fundamentals
2026-08-16 10:25:28,909 WARNING scripts.update_daily | Not yf-seeded, skipping: ['AMZN', 'PRA'] (run init_yf first)
2026-08-16 10:25:28,913 INFO    scripts.update_daily | Skipping 8 inactive ticker(s) (rechecked every 30 days; --include-inactive to force): ['AVNS', 'CCRN', 'EEX', 'FDP', 'GTLS', 'NFBK', 'SEM', 'STEL']
2026-08-16 10:25:28,914 INFO    scripts.update_daily | All 849 ticker(s) already current through 2026-08-14.
2026-08-16 10:25:33,785 INFO    findata.database.edgar_ | EDGAR index since 2025-04-10: 36459 filing(s), resolving 688 of 800 requested ticker(s)
2026-08-16 10:25:33,787 INFO    scripts.update_daily | Facts refresh: 164 of 800 ticker(s) have a newer filing (688 resolved from the EDGAR index, 112 via the 7-day window)
2026-08-16 10:25:33,788 INFO    scripts.update_daily | Dry run -- would refresh EDGAR for 164 ticker(s).
