ticker,sector,pipeline,global,sector_specific,idio
A,Healthcare,A,0.3393810515915525,0.11064200662069826,0.5499769417877493
AA,Basic Materials,A,0.3034482620132108,0.10868711486981944,0.5878646231169697
AAOI,Technology,A,0.10007366736581888,0.135677037035138,0.7642492955990431
AAON,Industrials,A,0.21276022206889636,0.12205717204671486,0.6651826058843888
AAP,Consumer Cyclical,A,0.15528942733701223,0.06096123763391396,0.7837493350290738
AAT,Real Estate,A,0.4581558713301962,0.1547188437741083,0.38712528489569553
ABBV,Healthcare,A,0.06471069672055053,0.044102326596728345,0.8911869766827212
ABEO,Healthcare,A,0.03837341067563537,0.06186802394330712,0.8997585653810575
ACAD,Healthcare,A,0.10086183773949398,0.09957879274084099,0.799559369519665
ACHC,Healthcare,A,0.11300983323468673,0.014274521545558309,0.872715645219755
ACIW,Technology,A,0.351718684680645,0.0010913721382958537,0.6471899431810592
ACM,Industrials,A,0.43391419471770953,0.02845486887036763,0.5376309364119228
ACMR,Technology,A,0.18400257734251158,0.16803134622735044,0.647966076430138
ACN,Technology,A,0.26656758388084806,0.008451931729414231,0.7249804843897376
ADC,Real Estate,A,0.1525976686109031,0.4282671051286019,0.41913522626049504
ADP,Technology,A,0.27436332639974637,0.0017323911076149467,0.7239042824926387
ADSK,Technology,A,0.31512809738075864,0.09114638733617697,0.5937255152830644
AEHR,Technology,A,0.15215681318300764,0.1232736262876647,0.7245695605293276
AEM,Basic Materials,A,0.06871104688434161,0.704653530019303,0.22663542309635543
AER,Industrials,A,0.4083876967040542,0.010536770646906961,0.5810755326490388
AES,Utilities,A,0.24605640052578726,0.07025214757327283,0.6836914519009399
AFG,Financial Services,A,0.31125640693609957,0.029334467580971503,0.659409125482929
AFL,Financial Services,A,0.3138939374105034,0.017591247294358646,0.6685148152951379
AGI,Basic Materials,A,0.0672962351417561,0.6953115858887589,0.23739217896948506
AGO,Financial Services,A,0.3352126605288888,0.02827871001359037,0.6365086294575208
AGX,Industrials,A,0.09236578587149714,0.10935406705589495,0.798280147072608
AHRT,Real Estate,A,0.41595825895988237,0.11729837436033078,0.4667433666797869
AIG,Financial Services,A,0.3727801045986166,0.02446226853429953,0.6027576268670839
AIR,Industrials,A,0.41169565321372986,0.08704480199783232,0.5012595447884378
AIV,Real Estate,A,0.3498011147307204,0.14161256725837085,0.5085863180109087
AJG,Financial Services,A,0.170840153761553,0.00665399258064392,0.822505853657803
ALB,Basic Materials,A,0.2784501747933924,0.02985485279413598,0.6916949724124716
ALLT,Technology,A,0.10637165528966,0.046007718385330555,0.8476206263250095
ALLY,Financial Services,A,0.535445868448788,0.008005042011682428,0.4565490895395295
ALNT,Technology,A,0.2928349394647225,0.01709632457758251,0.690068735957695
ALNY,Healthcare,A,0.0778389289003878,0.17874920185662435,0.7434118692429879
ALRM,Technology,A,0.31618665865366125,0.053182945688259584,0.6306303956580792
ALSN,Consumer Cyclical,A,0.35949612887915827,2.136001503927188e-05,0.6404825111058025
ALV,Consumer Cyclical,A,0.4466764374329312,0.03798621173239676,0.515337350834672
AMAT,Technology,A,0.31128599052022177,0.36132998326987914,0.3273840262098991
AMBA,Technology,A,0.31675393306144806,0.18643364211391497,0.49681242482463694
AMC,Communication Services,A,0.037811664151143606,0.08819704031769353,0.873991295531163
AMD,Technology,A,0.22613074118829768,0.3207791178127136,0.4530901409989887
AMH,Real Estate,A,0.2891573442617668,0.27123060369164376,0.4396120520465895
AMN,Healthcare,A,0.12455906961003166,0.002065202928425266,0.8733757274615431
AMPH,Healthcare,A,0.08661891794135615,0.02845464682427011,0.8849264352343738
AMRN,Healthcare,A,0.09008093744355354,0.07423656186216614,0.8356825006942804
AMT,Real Estate,A,0.11953643697366564,0.2856781151592258,0.5947854478671085
AN,Consumer Cyclical,A,0.3606083711730156,0.0860568038193013,0.5533348250076832
ANAB,Healthcare,A,0.05744556294073317,0.12287884896671139,0.8196755880925554
ANET,Technology,A,0.1682126793336062,0.2600271827847572,0.5717601378816366
ANF,Consumer Cyclical,A,0.17556414672415346,0.12117425552263482,0.7032615977532117
AON,Financial Services,A,0.15708193773532236,0.008519468029555683,0.834398594235122
AORT,Healthcare,A,0.18096241139716415,0.04711785665749224,0.7719197319453436
AOS,Industrials,A,0.39685196254100924,0.05986501104249812,0.5432830264164927
APAM,Financial Services,A,0.5728856881936131,9.50338318424924e-06,0.4271048084232027
APD,Basic Materials,A,0.23368561525384687,0.005077966002123291,0.7612364187440298
APH,Technology,A,0.34542638914963303,0.15032548145327151,0.5042481293970955
APO,Financial Services,A,0.41720906159614657,0.009671229005944998,0.5731197093979085
APPF,Technology,A,0.1461615081962769,0.028145902473025244,0.8256925893306978
APPN,Technology,A,0.15660512027406026,0.1016466106473426,0.7417482690785971
AQN,Utilities,A,0.17304209930781778,0.17463167842231972,0.6523262222698625
ARCC,Financial Services,A,0.40138953461861276,0.0166186488581568,0.5819918165232305
ARE,Real Estate,A,0.3250373810697485,0.1826344611891465,0.49232815774110505
AROC,Energy,A,0.3151922143547611,0.2625751248583412,0.4222326607868977
ARR,Real Estate,A,0.32460246999505066,0.06862321167820729,0.606774318326742
ASA,Financial Services,A,0.09536377301545065,0.0723016820496062,0.8323345449349432
ASB,Financial Services,A,0.6026498717738931,0.21217776402494096,0.18517236420116598
ASML,Technology,A,0.3063239362085471,0.3286248241410609,0.36505123965039205
ASND,Healthcare,A,0.07311638874814474,0.13203570044375323,0.794847910808102
ASYS,Technology,A,0.0726241199724806,0.06311563299722933,0.86426024703029
ATEN,Technology,A,0.15914701116109164,0.06409793792674315,0.7767550509121652
ATI,Industrials,A,0.3316136527094562,0.07795827584388042,0.5904280714466634
ATNI,Communication Services,A,0.10360622865309314,0.02799793622580225,0.8683958351211046
ATR,Healthcare,A,0.31809102986502213,0.00251070974417024,0.6793982603908076
ATRC,Healthcare,A,0.22264471192349697,0.07997557733917524,0.6973797107373277
ATRO,Industrials,A,0.22169658937714382,0.03760568305648781,0.7406977275663683
AUPH,Healthcare,A,0.08258195839235864,0.10949801263823893,0.8079200289694025
AVA,Utilities,A,0.1451690181662183,0.4443788018330647,0.410452180000717
AVB,Real Estate,A,0.34917809508675596,0.32805132165161094,0.32277058326163305
AVGO,Technology,A,0.2023797666948291,0.34758030305396237,0.4500399302512086
AVNS,Healthcare,A,0.19099777261309447,0.02140499119089003,0.7875972361960155
AVNT,Basic Materials,A,0.622937401096966,0.0024255949052401343,0.3746370039977938
AVT,Technology,A,0.4393079861481263,0.049878658344964834,0.5108133555069089
AWK,Utilities,A,0.08524291877774356,0.4998458003742723,0.4149112808479841
AXON,Industrials,A,0.1348175066126675,5.251391828747819e-05,0.8651299794690449
AXS,Financial Services,A,0.23837957865659304,0.02382926257562958,0.7377911587677775
AZN,Healthcare,A,0.08328944644503938,0.08384887974900918,0.8328616738059516
AZO,Consumer Cyclical,A,0.10574173885695501,0.006882519985542374,0.8873757411575026
BA,Industrials,A,0.3177512075191147,0.004560496721189089,0.6776882957596962
BABA,Consumer Cyclical,A,0.11250777458126668,0.002424882868721879,0.8850673425500114
BAH,Industrials,A,0.07941152662309768,5.151770753436336e-06,0.9205833216061489
BANC,Financial Services,A,0.5166877387256296,0.16284147125109918,0.3204707900232713
BANF,Financial Services,A,0.4237758026900739,0.265276255731828,0.310947941578098
BAP,Financial Services,A,0.19265319990734386,0.0052386361931362245,0.8021081638995199
BBAR,Financial Services,A,0.1091448406739937,0.0082105678859543,0.882644591440052
BBD,Financial Services,A,0.11491416699263957,0.0016534419305766254,0.8834323910767838
BBSI,Industrials,A,0.2557298549586516,0.006195522325083144,0.7380746227162653
BBW,Consumer Cyclical,A,0.12925101168332284,0.05747707008679862,0.8132719182298785
BBWI,Consumer Cyclical,A,0.3051639960806138,0.08813336054012649,0.6067026433792597
BCC,Basic Materials,A,0.4357268102103127,0.0013772898535646344,0.5628958999361227
BEN,Financial Services,A,0.5210275466626076,0.00015178477424062137,0.47882066856315175
BFAM,Consumer Cyclical,A,0.16092711949945027,2.7234165804792842e-05,0.839045646334745
BFH,Financial Services,A,0.4681340404904031,0.02892198043582569,0.5029439790737712
BFS,Real Estate,A,0.4390725041895122,0.15534197263773605,0.40558552317275165
BG,Consumer Defensive,A,0.15354245772237418,0.016632522452591832,0.829825019825034
BGS,Consumer Defensive,A,0.05537769064072555,0.11165361635841702,0.8329686930008575
BHC,Healthcare,A,0.14510549908962508,0.02886190948947126,0.8260325914209037
BHE,Technology,A,0.36069765863003816,0.065437427531273,0.5738649138386889
BHF,Financial Services,A,0.39733277613096474,0.017327787028461016,0.5853394368405742
BIDU,Communication Services,A,0.12233109333646328,0.265055810153516,0.6126130965100207
BKD,Healthcare,A,0.15378307832957053,0.0042904759277333955,0.8419264457426962
BKH,Utilities,A,0.19965630121303898,0.4664697432459713,0.3338739555409897
BKNG,Consumer Cyclical,A,0.3103315429508563,0.005037068396212586,0.6846313886529312
BLBD,Industrials,A,0.1645006509175596,0.014430069309785075,0.8210692797726553
BLDR,Industrials,A,0.428946239112083,0.032022823784657845,0.5390309371032591
BLK,Financial Services,A,0.566873384620816,0.009322081666913945,0.42380453371227
BLMN,Consumer Cyclical,A,0.2585710131970316,0.06394819217731716,0.6774807946256513
BLX,Financial Services,A,0.3209115921314151,0.024924931551852436,0.6541634763167323
BMA,Financial Services,A,0.11824918945160387,0.00931418614926592,0.8724366243991302
BMO,Financial Services,A,0.5015540686366323,0.00036278703489947496,0.49808314432846823
BMRN,Healthcare,A,0.13701139506253662,0.17671323174511044,0.6862753731923529
BN,Financial Services,A,0.6094320046234079,0.01596039484889173,0.3746076005277004
BNS,Financial Services,A,0.42749649754132873,0.0003030899559665062,0.5722004125027048
BNY,Financial Services,A,0.4675191691762088,0.01394933593629651,0.5185314948874946
BOH,Financial Services,A,0.476708879282288,0.21900603676883876,0.3042850839488732
BOX,Technology,A,0.13866070964399674,0.021146332365628545,0.8401929579903747
BPOP,Financial Services,A,0.5311062485056588,0.15792983848921874,0.3109639130051225
BRK-B,Financial Services,A,0.4092599431168259,0.001284116545994583,0.5894559403371795
BRO,Financial Services,A,0.1938014181080338,0.005835840351113998,0.8003627415408522
BRSL,Consumer Cyclical,A,0.3622266762197153,0.010114056880623888,0.6276592668996609
BTG,Basic Materials,A,0.09186753808961198,0.6218783952443981,0.28625406666598985
BTI,Consumer Defensive,A,0.102721901587133,0.10979373976553633,0.7874843586473307
BUD,Consumer Defensive,A,0.2075031756280409,0.1127897686690159,0.6797070557029432
BUSE,Financial Services,A,0.5404364577340908,0.3007495276090988,0.15881401465681044
BWXT,Industrials,A,0.19150049861926197,0.14758473809226738,0.6609147632884707
BXC,Industrials,A,0.4132481299313024,0.025529725091179983,0.5612221449775175
BY,Financial Services,A,0.4995684839778524,0.25384789644491185,0.24658361957723568
CACC,Financial Services,A,0.29815914909617885,0.001105176459263567,0.7007356744445576
CACI,Technology,A,0.10794544476145797,0.005193573469787466,0.8868609817687546
CAG,Consumer Defensive,A,0.05555020378520995,0.5675816314163763,0.3768681647984138
CAKE,Consumer Cyclical,A,0.3042591017004162,0.06869110032320265,0.6270497979763812
CALX,Technology,A,0.2580439206831585,0.08069011159932692,0.6612659677175146
CALY,Consumer Cyclical,A,0.3156733036435473,0.06692467667474045,0.6174020196817123
CAMT,Technology,A,0.19826311094938845,0.33854712646180213,0.46318976258880945
CARG,Consumer Cyclical,A,0.24036671386034347,0.022470761755700633,0.7371625243839559
CARS,Communication Services,A,0.30279594476449545,0.047233500533054196,0.6499705547024504
CAT,Industrials,A,0.4115289427835116,0.17493684310573904,0.41353421411074937
CBU,Financial Services,A,0.49851722573157503,0.28142398792513956,0.22005878634328535
CBZ,Industrials,A,0.18944377159525586,0.03680149540183672,0.7737547330029074
CCEP,Consumer Defensive,A,0.2161298544839711,0.0969111513961562,0.6869589941198726
CCJ,Energy,A,0.16429390069833563,0.06470819273898128,0.7709979065626831
CCOI,Communication Services,A,0.10968907031558575,0.0002620899301782593,0.890048839754236
CCRN,Healthcare,A,0.08396865828425386,3.2448941376272608e-06,0.9160280968216086
CCS,Real Estate,A,0.41520913561841016,0.0012775760860498741,0.58351328829554
CDNA,Healthcare,A,0.1387458535025829,0.14935237986742483,0.7119017666299923
CDW,Technology,A,0.32839957838991723,0.039446498649041754,0.6321539229610411
CECO,Industrials,A,0.16976390212859335,0.041071674830054375,0.7891644230413523
CELH,Consumer Defensive,A,0.14333097018841645,0.0018161870830863144,0.8548528427284973
CET,Financial Services,A,0.598037032655835,0.026279815279483615,0.3756831520646814
CEVA,Technology,A,0.2958998591090698,0.2619872250663898,0.44211291582454043
CFFN,Financial Services,A,0.3843640941820831,0.24359678156714565,0.3720391242507712
CGAU,Basic Materials,A,0.07439713632417695,0.4560220543921741,0.4695808092836489
CGC,Healthcare,A,0.0944538752130298,0.02473600997714177,0.8808101148098284
CHCT,Real Estate,A,0.23514309899447575,0.1668324158275982,0.5980244851779261
CHD,Consumer Defensive,A,0.027443800311120287,0.41068352106087797,0.5618726786280017
CHDN,Consumer Cyclical,A,0.3307390431784977,0.006232619707202108,0.6630283371143001
CHKP,Technology,A,0.08935646035055005,0.005422342274864541,0.9052211973745855
CHRW,Industrials,A,0.16290150443916065,0.006441108404847189,0.8306573871559921
CHT,Communication Services,A,0.07888687418019671,0.0026309083644150523,0.9184822174553883
CI,Healthcare,A,0.07805387073057372,7.61861544345041e-05,0.9218699431149918
CIA,Financial Services,A,0.05495731291438833,2.6385707042058885e-05,0.9450163013785696
CIEN,Technology,A,0.1852854094533375,0.19537189334014485,0.6193426972065177
CIVB,Financial Services,A,0.3402712897546878,0.19207603459213138,0.4676526756531808
CL,Consumer Defensive,A,0.04405003169153598,0.4429203728611035,0.5130295954473605
CLDX,Healthcare,A,0.1479203272909107,0.17499006079389504,0.6770896119151943
CLF,Basic Materials,A,0.266676707583949,0.04861177815000916,0.6847115142660418
CLFD,Technology,A,0.24189146893821178,0.07048439075685531,0.6876241403049329
CLS,Technology,A,0.18510787248454075,0.21821219149887117,0.5966799360165881
CMBT,Energy,A,0.07047004495217825,0.10497445754524837,0.8245554975025734
CME,Financial Services,A,0.040289173544301025,0.0021209963019112065,0.9575898301537877
CMG,Consumer Cyclical,A,0.19755663535512039,0.03401841245984162,0.768424952185038
CMP,Basic Materials,A,0.223096457459743,0.033208258246792965,0.7436952842934641
CNA,Financial Services,A,0.293453028800678,0.035817425204068644,0.6707295459952534
CNC,Healthcare,A,0.034365323263133324,0.009963622966095473,0.9556710537707712
CNH,Industrials,A,0.42554332615517865,0.04741338958569693,0.5270432842591244
CNI,Industrials,A,0.347989971093232,0.006669145072279686,0.6453408838344884
CNK,Communication Services,A,0.1630504585907615,0.06006269427595253,0.7768868471332859
CNOB,Financial Services,A,0.5004586730098532,0.25928084384001976,0.240260483150127
CNS,Financial Services,A,0.5368356500277185,0.0035244640613383837,0.4596398859109431
CNXN,Technology,A,0.2821735485532211,0.002694692494378989,0.7151317589523999
CODI,Industrials,A,0.10082869267031366,0.0038596254960035297,0.8953116818336828
COKE,Consumer Defensive,A,0.09390895134970384,0.07757278214343236,0.8285182665068639
COLB,Financial Services,A,0.48101576918875383,0.19269192476941321,0.326292306041833
CORT,Healthcare,A,0.05894629611943886,0.039662473350126654,0.9013912305304345
COTY,Consumer Defensive,A,0.28867336443440067,0.007697040648289059,0.7036295949173104
CPB,Consumer Defensive,A,0.021007884007013946,0.5313066595695928,0.4476854564233933
CQP,Energy,A,0.12533834452100276,0.19716943155446096,0.6774922239245362
CRAI,Industrials,A,0.1897487626484944,0.000126017190945022,0.8101252201605605
CRMD,Healthcare,A,0.04872423498586709,0.0631122160535179,0.888163548960615
CRS,Industrials,A,0.35460695507641576,0.07104418247077976,0.5743488624528046
CRUS,Technology,A,0.28570772917025794,0.15852195643230088,0.5557703143974413
CRVS,Healthcare,A,0.04528293723163878,0.08638183010232463,0.8683352326660366
CSGP,Real Estate,A,0.21513378815532888,0.004381714711030006,0.7804844971336411
CSL,Industrials,A,0.3969661960842471,0.05747295966940552,0.5455608442463473
CSR,Real Estate,A,0.24435506549771546,0.25207657881725426,0.5035683556850303
CSW,Industrials,A,0.3824008241394806,0.09736251686273444,0.5202366589977849
CSWC,Financial Services,A,0.30660329660634933,0.008378994866496908,0.6850177085271537
CTBI,Financial Services,A,0.4438106987242843,0.34345202715795214,0.2127372741177636
CTRE,Real Estate,A,0.17018950815755934,0.2540862041994595,0.5757242876429812
CUBI,Financial Services,A,0.44130969644582646,0.12997563970162457,0.4287146638525489
CUZ,Real Estate,A,0.4848727517070389,0.15552228560024542,0.3596049626927157
CVBF,Financial Services,A,0.431751525585452,0.34501393905461464,0.22323453535993332
CVEO,Consumer Cyclical,A,0.16235479063025549,0.007167266848527222,0.8304779425212173
CVS,Healthcare,A,0.08508983752196375,0.00026619850020911164,0.9146439639778271
CWEN,Utilities,A,0.2122540767551904,0.15595532919256364,0.631790594052246
CWH,Consumer Cyclical,A,0.357241432527235,0.07036211563474704,0.5723964518380179
CYD,Consumer Cyclical,A,0.05336608809229678,0.0024062724499108183,0.9442276394577923
CYRX,Industrials,A,0.20559301965799606,0.0007117569576798921,0.7936952233843241
CZNC,Financial Services,A,0.27728095269355646,0.17951153975099932,0.5432075075554442
CZR,Consumer Cyclical,A,0.4648936452140084,0.02806779005697572,0.5070385647290159
D,Utilities,A,0.10924918800509778,0.5182675572222983,0.3724832547726039
DAKT,Technology,A,0.14313386723156718,0.006436441271011286,0.8504296914974215
DAR,Consumer Defensive,A,0.28174029174596604,0.00029349190160290415,0.7179662163524311
DBI,Consumer Cyclical,A,0.23207989434739118,0.06832222979193521,0.6995978758606736
DBVT,Healthcare,A,0.007880315767778888,0.005739278881677027,0.986380405350544
DCH,Consumer Cyclical,A,0.3955507604141363,0.0263666771839403,0.5780825624019235
DCO,Industrials,A,0.33558280370965526,0.04545649651328291,0.6189606997770618
DCOM,Financial Services,A,0.4635113115012687,0.24140905104941146,0.29507963744931986
DEA,Real Estate,A,0.30401015058918596,0.2135372002116025,0.4824526491992116
DECK,Consumer Cyclical,A,0.2598225479506559,0.10749768347982025,0.6326797685695238
DHC,Real Estate,A,0.20929407687678694,0.05545602335335886,0.7352498997698542
DIOD,Technology,A,0.4041346259040667,0.19332481788286873,0.4025405562130646
DK,Energy,A,0.13086040611078975,0.32263066312210803,0.5465089307671023
DKS,Consumer Cyclical,A,0.27543544101515643,0.14344712527571843,0.581117433709125
DLB,Industrials,A,0.2889032999223367,0.002994838848807649,0.7081018612288557
DMLP,Energy,A,0.09145889397926811,0.3199130472436388,0.5886280587770931
DNN,Energy,A,0.1594995621844992,0.07200232864680746,0.7684981091686933
DOC,Real Estate,A,0.31309950280726107,0.3210000807837107,0.36590041640902826
DORM,Consumer Cyclical,A,0.27514822795281124,0.027876426298655277,0.6969753457485335
DQ,Technology,A,0.09674742204491592,0.07490747802308642,0.8283450999319977
DRD,Basic Materials,A,0.05188205013651979,0.6168834525653146,0.33123449729816556
DRH,Real Estate,A,0.5059007330134406,0.005774211519162372,0.488325055467397
DSGX,Technology,A,0.18262295366869793,0.09056253608776839,0.7268145102435336
DVA,Healthcare,A,0.0886216773966303,0.003816120756814157,0.9075622018465556
DXPE,Industrials,A,0.2792636257890783,0.057798324845938095,0.6629380493649836
EBS,Healthcare,A,0.12437630348743865,0.05754207750557197,0.8180816190069894
ECC,Financial Services,A,0.13476084450348788,0.010119436500598442,0.8551197189959137
ECL,Basic Materials,A,0.34239918700256045,0.000497801549550216,0.6571030114478893
ED,Utilities,A,0.03916821894296804,0.7135267304484281,0.24730505060860386
EEX,Communication Services,A,0.12927839913530828,0.002445656780789004,0.8682759440839027
EFOR,Technology,A,0.22511199066124146,0.002254922056405683,0.7726330872823529
EGBN,Financial Services,A,0.36502437607228705,0.24677566056559314,0.38819996336211976
EGP,Real Estate,A,0.414363781118016,0.22483127420612325,0.3608049446758608
EIX,Utilities,A,0.17842063607050723,0.3250678182067547,0.49651154572273815
EMBJ,Industrials,A,0.23252779655895722,0.0030668223417559537,0.7644053810992869
EMR,Industrials,A,0.49158204525495214,0.1143822792103084,0.3940356755347394
ENPH,Technology,A,0.15576981930777814,0.06648052677387202,0.7777496539183498
ENSG,Healthcare,A,0.19546131807817005,0.015440910761058472,0.7890977711607715
ENVA,Financial Services,A,0.4702096636597217,0.02267676786557617,0.5071135684747021
EPD,Energy,A,0.21941366503673618,0.2591964843756253,0.5213898505876384
EPR,Real Estate,A,0.36708413003920376,0.1265929577939222,0.506322912166874
EQBK,Financial Services,A,0.40889945497983965,0.23840397889317477,0.3526965661269855
EQIX,Real Estate,A,0.18845705764269152,0.11851537113335937,0.6930275712239491
EQT,Energy,A,0.1425697091920874,0.22037307355047522,0.6370572172574374
ERIC,Technology,A,0.17731345282111732,0.015022172891942447,0.8076643742869403
ESE,Technology,A,0.3897683225863986,0.0016727777925869556,0.6085588996210144
ESLT,Industrials,A,0.04193333064269351,0.009840034205296503,0.9482266351520099
ETD,Consumer Cyclical,A,0.3691447907602355,0.08816273497545465,0.5426924742643099
EVRG,Utilities,A,0.12679480824597886,0.6112019049142932,0.26200328683972796
EW,Healthcare,A,0.11242010337826266,0.07617717236049673,0.8114027242612406
EXK,Basic Materials,A,0.11684164706041116,0.584178563783406,0.29897978915618284
EXLS,Technology,A,0.26645268449312365,0.0002553527672541415,0.7332919627396222
EXP,Basic Materials,A,0.5205957892305076,1.3131411064463667e-05,0.4793910793584279
EXPD,Industrials,A,0.2753915287093714,0.008687086658310816,0.7159213846323178
EXR,Real Estate,A,0.25420743729367523,0.23523142285362872,0.510561139852696
EXTR,Technology,A,0.2761386271687834,0.07451694633957422,0.6493444264916425
EYE,Consumer Cyclical,A,0.21290553670100296,0.037866211470221636,0.7492282518287754
F,Consumer Cyclical,A,0.3648466570886715,0.022304358935824924,0.6128489839755036
FCBC,Financial Services,A,0.41716312154820967,0.3216452891116607,0.26119158934012965
FCF,Financial Services,A,0.5183941919916021,0.30866730056329417,0.17293850744510375
FELE,Industrials,A,0.5028125881197449,0.06632106906313306,0.430866342817122
FFBC,Financial Services,A,0.5714487426300919,0.2674666866791592,0.16108457069074889
FFIV,Technology,A,0.3032517713160085,0.0925767039801998,0.6041715247037917
FHB,Financial Services,A,0.5536541718883137,0.2084986654134206,0.23784716269826572
FHI,Financial Services,A,0.37018075018209495,0.004876834827159718,0.6249424149907453
FHN,Financial Services,A,0.30319411318467965,0.15824283647974904,0.5385630503355714
FINV,Financial Services,A,0.062043130872807814,0.02082350130287124,0.917133367824321
FIS,Technology,A,0.21579286007043647,0.004259027268767103,0.7799481126607964
FISI,Financial Services,A,0.4290602179728737,0.278978240957984,0.29196154106914224
FITB,Financial Services,A,0.6033943333552906,0.13000669478810514,0.2665989718566043
FIVE,Consumer Cyclical,A,0.24258330123670133,0.10932639417484478,0.6480903045884538
FIVN,Technology,A,0.18169600841275751,0.08946958043264737,0.7288344111545951
FLEX,Technology,A,0.3215678715137679,0.15234971764756064,0.5260824108386714
FLG,Financial Services,A,0.21714482435766677,0.07225270790042428,0.7106024677419089
FLO,Consumer Defensive,A,0.08933371222779829,0.3913058755461277,0.519360412226074
FMC,Basic Materials,A,0.13341529240499028,0.012288639922134668,0.854296067672875
FMNB,Financial Services,A,0.39967761598053714,0.25401760271378526,0.34630478130567766
FMS,Healthcare,A,0.09566165421174055,0.012197539679488016,0.8921408061087714
FN,Technology,A,0.1784344137109637,0.21416235308733347,0.6074032332017029
FND,Consumer Cyclical,A,0.40481137938817235,0.19777212470945768,0.39741649590236994
FPI,Real Estate,A,0.19777138797931182,0.04507569541685255,0.7571529166038357
FRBA,Financial Services,A,0.32738015140094145,0.14282842521074718,0.5297914233883114
FRPT,Consumer Defensive,A,0.16306834641995344,0.0007017139839595321,0.836229939596087
FRST,Financial Services,A,0.38004958286988566,0.1867595093975638,0.43319090773255053
FSM,Basic Materials,A,0.1008789070582182,0.5635677620890245,0.3355533308527573
FTAI,Industrials,A,0.18328175816546047,0.026746020578186116,0.7899722212563535
FTS,Utilities,A,0.0951786180698449,0.5014296090825064,0.4033917728476487
FTV,Technology,A,0.47539819326177574,0.006655278793301015,0.5179465279449234
FUN,Consumer Cyclical,A,0.21879597307952925,0.019296974275141612,0.7619070526453291
FWRD,Industrials,A,0.19549093639243384,0.01637167695624027,0.7881373866513258
GABC,Financial Services,A,0.42069735980754774,0.2999448626606923,0.27935777753175994
GAP,Consumer Cyclical,A,0.303500952999977,0.09940849929456275,0.5970905477054602
GASS,Industrials,A,0.0635206726302932,0.0015163103626475508,0.9349630170070592
GATX,Industrials,A,0.41171333792800646,0.02630900093488443,0.5619776611371091
GBDC,Financial Services,A,0.2930204991195572,0.008852918451620935,0.6981265824288219
GD,Industrials,A,0.2534643259867392,0.028710900806069726,0.7178247732071911
GDDY,Technology,A,0.16043971780862962,0.04297992727228477,0.7965803549190856
GE,Industrials,A,0.3318183248468847,0.08698639695572197,0.5811952781973934
GEO,Industrials,A,0.09849852795331732,0.0006444559032917673,0.900857016143391
GEVO,Basic Materials,A,0.16846197290534365,0.015455792119086134,0.8160822349755703
GGAL,Financial Services,A,0.11900858280321103,0.013631605790234959,0.867359811406554
GIC,Industrials,A,0.22502864479633694,0.003805706042821116,0.7711656491608418
GIL,Consumer Cyclical,A,0.3184779151512248,0.01835031109294723,0.6631717737558279
GKOS,Healthcare,A,0.18169561230935188,0.08333073729154838,0.7349736503990998
GM,Consumer Cyclical,A,0.4042746145353609,0.01993104456856823,0.575794340896071
GME,Consumer Cyclical,A,0.0268372069614268,0.014518463560738137,0.9586443294778351
GMED,Healthcare,A,0.23517825447738047,0.03226672218058849,0.732555023342031
GNL,Real Estate,A,0.36635474574312954,0.2244044129751012,0.4092408412817693
GNRC,Industrials,A,0.28962947399778105,0.024565144816234327,0.6858053811859847
GNTX,Consumer Cyclical,A,0.41456773335045144,0.0529380079027404,0.5324942587468082
GNW,Financial Services,A,0.33798077747738325,0.015357682541099111,0.6466615399815175
GOLF,Consumer Cyclical,A,0.33471755774733536,0.078012828897123,0.5872696133555416
GOOD,Real Estate,A,0.36827404832869376,0.16884154720847516,0.46288440446283113
GOOGL,Communication Services,A,0.230700200450619,0.12514250228296758,0.6441572972664134
GPI,Consumer Cyclical,A,0.38928270222888867,0.06405927933043938,0.5466580184406719
GPRK,Energy,A,0.12319199629701896,0.27147895438065484,0.6053290493223262
GRBK,Consumer Cyclical,A,0.3836637052675647,0.1365989119773541,0.47973738275508127
GRMN,Technology,A,0.34016669229292007,0.015283340813177579,0.6445499668939023
GSBC,Financial Services,A,0.4544006752574731,0.3267669032671966,0.21883242147533033
GT,Consumer Cyclical,A,0.33474763843685545,0.020570709238391823,0.6446816523247527
GTLS,Industrials,A,0.2978277142616831,0.007146098611282401,0.6950261871270346
GTN,Communication Services,A,0.22323395933268006,0.011263706451367714,0.7655023342159522
GTY,Real Estate,A,0.2581549645921435,0.3086184261328279,0.4332266092750286
GVA,Industrials,A,0.3737677526497411,0.050256029856461736,0.5759762174937971
GYRE,Healthcare,A,0.031383296280346584,0.013385195043806326,0.955231508675847
HAE,Healthcare,A,0.11486446367228556,0.038640484939681835,0.8464950513880326
HALO,Healthcare,A,0.14380109031985452,0.12771872570725845,0.7284801839728869
HAPN,Financial Services,A,0.3706879106868506,0.0004386774624723666,0.628873411850677
HAS,Consumer Cyclical,A,0.26264316060809606,0.044424610997973984,0.6929322283939299
HBAN,Financial Services,A,0.5697657210651227,0.13324979172075435,0.29698448721412296
HBM,Basic Materials,A,0.2610636089814402,0.30824379674296376,0.43069259427559603
HD,Consumer Cyclical,A,0.39062167055796676,0.13994902861999053,0.46942930082204265
HDB,Financial Services,A,0.1716332219322632,0.007969874962302293,0.8203969031054346
HEI-A,Industrials,A,0.2942779465364433,0.05774940803188935,0.6479726454316673
HFWA,Financial Services,A,0.432052406376615,0.3454094320050674,0.22253816161831758
HII,Industrials,A,0.14170842778531925,0.04704387300078706,0.8112476992138937
HIMX,Technology,A,0.14546452093191847,0.20042681592753045,0.654108663140551
HIVE,Financial Services,A,0.21664117349876424,0.03559179029367352,0.7477670362075622
HLIT,Technology,A,0.17803462263037298,0.04325399316640717,0.7787113842032198
HLNE,Financial Services,A,0.43955783839146384,0.005408440471256845,0.5550337211372793
HLX,Energy,A,0.22527814882874567,0.35255964455688277,0.4221622066143716
HMN,Financial Services,A,0.20746728474323042,0.11208985649031614,0.6804428587664535
HON,Industrials,A,0.4111548146504552,0.03565215267325722,0.5531930326762875
HP,Energy,A,0.24177664122273793,0.38394010378478166,0.37428325499248044
HR,Real Estate,A,0.1755544014463746,0.2862001783478291,0.5382454202057962
HRB,Consumer Cyclical,A,0.10592961668298732,0.0004826606759289056,0.8935877226410838
HRTG,Financial Services,A,0.06681117539165267,0.0020691770462124373,0.9311196475621348
HRZN,Financial Services,A,0.15081650509505456,0.0035376900219211294,0.8456458048830243
HSBC,Financial Services,A,0.2730449599380931,0.0004819898740824633,0.7264730501878245
HSIC,Healthcare,A,0.2480658741811257,8.028664968882846e-05,0.7518538391691855
HTB,Financial Services,A,0.3881313128818999,0.2594394496826884,0.35242923743541166
HTLD,Industrials,A,0.29521569592724783,0.014955257660095155,0.689829046412657
HTO,Utilities,A,0.11273121121487174,0.340335330238059,0.5469334585470693
HTT,Financial Services,A,0.06956200767672055,0.018471390053039216,0.9119666022702403
HUBS,Technology,A,0.18820962435944774,0.1200424941292198,0.6917478815113325
HWC,Financial Services,A,0.6170029552432534,0.20519949612175173,0.17779754863499483
HWKN,Basic Materials,A,0.24521333450623684,0.0067103889831327665,0.7480762765106304
HZO,Consumer Cyclical,A,0.35648333152221534,0.0774772072885736,0.566039461189211
IBOC,Financial Services,A,0.5491499828020754,0.253574498975945,0.19727551822197964
IBP,Consumer Cyclical,A,0.3700106341978091,0.1333718811848692,0.4966174846173217
ICFI,Industrials,A,0.15014295493161886,0.00233706376697713,0.8475199813014039
IDT,Communication Services,A,0.17321647456699416,0.02237137238424177,0.804412153048764
IIIN,Industrials,A,0.3328360558379269,0.0277157672802122,0.639448176881861
ILMN,Healthcare,A,0.21403596777075598,0.15480392043159494,0.6311601117976491
IMKTA,Consumer Defensive,A,0.15953141731821077,0.10995511993889394,0.7305134627428953
IMO,Energy,A,0.18951657382111553,0.4314958554616339,0.3789875707172506
INSM,Healthcare,A,0.08245675853691206,0.13841418126992608,0.7791290601931619
INVA,Healthcare,A,0.08945911013101848,0.04508932698642032,0.8654515628825612
INVX,Energy,A,0.20163645066346914,0.3148687005572318,0.48349484877929905
IOSP,Basic Materials,A,0.5082105945769326,0.00021091323562763046,0.49157849218743976
IPGP,Technology,A,0.24452073474135944,0.12220623812998693,0.6332730271286537
IPI,Basic Materials,A,0.17445410578813905,0.0572593252707037,0.7682865689411573
IQV,Healthcare,A,0.33491139207603976,0.10076683751444786,0.5643217704095124
IRS,Real Estate,A,0.10811408847755591,0.00102640207958797,0.8908595094428562
IRT,Real Estate,A,0.34306322983802784,0.28424933775045824,0.3726874324115139
IRTC,Healthcare,A,0.104639139014526,0.08695207005881182,0.8084087909266622
IRWD,Healthcare,A,0.0515632538946482,0.02460090582638742,0.9238358402789644
ITGR,Healthcare,A,0.23785283427804801,0.009258648238819186,0.7528885174831328
ITT,Industrials,A,0.586409840526879,0.10678419038953522,0.3068059690835858
ITW,Industrials,A,0.5277647972293694,0.05593820892898301,0.4162969938416476
IVZ,Financial Services,A,0.5904443828454469,7.490883428856944e-06,0.40954812627112425
IX,Financial Services,A,0.2784249457912433,0.010327846389052228,0.7112472078197044
JBHT,Industrials,A,0.33936672300800574,0.04232778046803898,0.6183054965239553
JBSS,Consumer Defensive,A,0.12021659418659018,0.12552048825798864,0.7542629175554212
JBTM,Industrials,A,0.42215685391408986,0.017184269882271414,0.5606588762036387
JHX,Basic Materials,A,0.2405836353438562,0.006723877340394728,0.7526924873157491
JKHY,Technology,A,0.17004156713295446,0.015438746290451404,0.8145196865765941
JLL,Real Estate,A,0.4953147254326006,0.0127205858226652,0.4919646887447342
JNJ,Healthcare,A,0.05108500210100399,0.02989606170555902,0.919018936193437
JOYY,Communication Services,A,0.08619212244747576,0.2555094369411263,0.6582984406113979
JPM,Financial Services,A,0.44539336393895174,0.02234753991659418,0.532259096144454
KBH,Consumer Cyclical,A,0.38925953558967297,0.2248741978961959,0.38586626651413114
KBR,Industrials,A,0.2584981174515405,0.012193873802648221,0.7293080087458113
KE,Industrials,A,0.2960125573694418,0.002899925744581268,0.7010875168859768
KEP,Utilities,A,0.07366083456529686,0.0031248967433649224,0.9232142686913383
KFRC,Industrials,A,0.2160057682897331,0.02211902091087325,0.7618752107993936
KGC,Basic Materials,A,0.09782127093227347,0.6596625225764736,0.24251620649125294
KHC,Consumer Defensive,A,0.0662467468414694,0.47255737223903227,0.46119588091949837
KLIC,Technology,A,0.3574488324996657,0.17896538932904307,0.4635857781712913
KMPR,Financial Services,A,0.2111098107168765,0.01157118634821553,0.777319002934908
KN,Technology,A,0.3988731971847,0.08707364847143394,0.5140531543438661
KNOP,Energy,A,0.051231797120464724,0.06655557181964601,0.8822126310598892
KNX,Industrials,A,0.32913872310420045,0.029387407908136473,0.6414738689876631
KODK,Industrials,A,0.17768774871663437,0.005932332939493828,0.8163799183438718
KOF,Consumer Defensive,A,0.14230058467128184,0.027077424601571944,0.8306219907271463
KOP,Basic Materials,A,0.3968557984830761,0.00012665083996142977,0.6030175506769625
KOPN,Technology,A,0.1647729318987723,0.10481255914447618,0.7304145089567515
KOS,Energy,A,0.13899232698666228,0.41741245292516754,0.44359522008817015
KR,Consumer Defensive,A,0.010593737531154206,0.23034199747056847,0.7590642649982773
KRC,Real Estate,A,0.44196076890699787,0.11746881257861727,0.44057041851438483
KREF,Real Estate,A,0.37721503144728735,0.04048120691072743,0.5823037616419853
KRNY,Financial Services,A,0.392998665232979,0.269729021896111,0.33727231287091003
L,Financial Services,A,0.4406961234010498,0.024862960425448406,0.5344409161735018
LAMR,Real Estate,A,0.5038132826466439,0.04265886952618255,0.45352784782717354
LAND,Real Estate,A,0.28909164025888023,0.11938713562301752,0.5915212241181023
LAUR,Consumer Defensive,A,0.14584659231546124,0.004154131600689104,0.8499992760838496
LAZ,Financial Services,A,0.49813108418064495,0.0009358503075238937,0.5009330655118311
LBRDA,Communication Services,A,0.16540348688044615,0.0031844875239038515,0.83141202559565
LBTYK,Communication Services,A,0.2356328668335309,0.019628046575036445,0.7447390865914326
LCII,Consumer Cyclical,A,0.4601971488956862,0.0652990280064079,0.4745038230979059
LEA,Consumer Cyclical,A,0.49525844998705043,0.038928389314696735,0.4658131606982528
LECO,Industrials,A,0.5002025644621118,0.10815177527798082,0.39164566025990744
LGIH,Consumer Cyclical,A,0.38546424606305224,0.20611044113696203,0.4084253127999858
LH,Healthcare,A,0.22282457956488458,0.0496787464089107,0.7274966740262048
LII,Industrials,A,0.37433038193872753,0.1039294789914973,0.5217401390697751
LILA,Communication Services,A,0.26137643455774456,0.0020106029850157432,0.7366129624572397
LIN,Basic Materials,A,0.3292671095857387,0.004874783302429222,0.6658581071118321
LITE,Technology,A,0.16566877493996565,0.21703703995401924,0.6172941851060151
LKFN,Financial Services,A,0.3885722639999666,0.29420281855275254,0.3172249174472809
LLY,Healthcare,A,0.043151104945954706,0.08372232202305936,0.8731265730309858
LNC,Financial Services,A,0.46369371870993453,0.02780388273293121,0.5085023985571342
LOB,Financial Services,A,0.4626552749133946,0.07510847850174464,0.46223624658486084
LOMA,Basic Materials,A,0.1455558972242395,0.025625789465212257,0.8288183133105483
LQDT,Consumer Cyclical,A,0.1536261199971098,0.0010655014810570607,0.845308378521833
LRCX,Technology,A,0.3159257848009959,0.37099565803754186,0.31307855716146216
LRN,Consumer Defensive,A,0.03977728479853525,0.0023860231650986866,0.957836692036366
LSCC,Technology,A,0.3486263515197099,0.2738183548715888,0.3775552936087013
LULU,Consumer Cyclical,A,0.2283441842968903,0.09776657276825292,0.6738892429348567
LW,Consumer Defensive,A,0.11008678839994371,0.06630454522889125,0.823608666371165
LXFR,Industrials,A,0.3038748293043578,0.022677092088265897,0.6734480786073763
LXP,Real Estate,A,0.3875557411755232,0.18348751276590528,0.4289567460585715
LYTS,Technology,A,0.16208535423591172,0.0012438370681928865,0.8366708086958954
LYV,Communication Services,A,0.2955696533221664,0.04388886639380719,0.6605414802840265
MAA,Real Estate,A,0.2949802514780887,0.34793568293292776,0.35708406558898353
MAN,Industrials,A,0.33438895752350944,0.034794829970124355,0.6308162125063661
MAR,Consumer Cyclical,A,0.46871628249691005,0.013814972795461181,0.5174687447076288
MAS,Industrials,A,0.4781307287463286,0.03165327387729703,0.4902159973763744
MATW,Industrials,A,0.3624951970290089,0.0020476986804328252,0.6354571042905582
MCK,Healthcare,A,0.028552814071449224,2.211944727531343e-05,0.9714250664812755
MCRI,Consumer Cyclical,A,0.31961250177536166,0.006423382015703646,0.6739641162089346
MDT,Healthcare,A,0.2155579497384337,0.03615879336470432,0.748283256896862
MDU,Utilities,A,0.337039449099363,0.15776315952258604,0.505197391378051
MDXG,Healthcare,A,0.11574638389606706,0.05756768465527159,0.8266859314486613
MEDP,Healthcare,A,0.16134462984782427,0.10047579763082136,0.7381795725213544
META,Communication Services,A,0.18997356680814828,0.19959804076533535,0.6104283924265164
METC,Basic Materials,A,0.06288774336807083,0.04642821184290842,0.8906840447890207
MFA,Real Estate,A,0.4253192347633451,0.05995518411545091,0.514725581121204
MFIC,Financial Services,A,0.3818693146259454,0.0036191508871289977,0.6145115344869255
MGA,Consumer Cyclical,A,0.4646272487492318,0.02613090677518164,0.5092418444755866
MGM,Consumer Cyclical,A,0.4229069243586173,0.03180202680629687,0.5452910488350858
MGNI,Communication Services,A,0.23316745549797158,0.23950425890248286,0.5273282855995456
MHK,Consumer Cyclical,A,0.4894453372265487,0.09687617780093516,0.41367848497251614
MHO,Consumer Cyclical,A,0.4560100034048372,0.16212551715628945,0.38186447943887336
MKC,Consumer Defensive,A,0.07199099579481487,0.40569122098505317,0.522317783220132
MKL,Financial Services,A,0.2803166251255481,0.0042151743715336315,0.7154682005029183
MKSI,Technology,A,0.4093715453351908,0.2803190482437553,0.31030940642105387
MLKN,Consumer Cyclical,A,0.3684084307131847,0.028468214098648133,0.6031233551881672
MLM,Basic Materials,A,0.4306499037553393,0.00017898504896987099,0.5691711111956909
MMM,Industrials,A,0.3128757754405831,0.02430806918893894,0.662816155370478
MMSI,Healthcare,A,0.2619600206076099,0.05175151112208574,0.6862884682703043
MOH,Healthcare,A,0.03662765267971049,0.013238509138400783,0.9501338381818888
MOS,Basic Materials,A,0.21790159749273963,0.05644249262868063,0.7256559098785798
MRSH,Financial Services,A,0.2104956390572213,0.013715943622536473,0.7757884173202423
MRVL,Technology,A,0.2505063889768909,0.33787220750523245,0.4116214035178766
MSI,Technology,A,0.22372919768906807,0.006987531685233858,0.7692832706256981
MSM,Industrials,A,0.4172957516877594,0.07340584444027062,0.50929840387197
MTDR,Energy,A,0.22240793386631338,0.5085201836226957,0.2690718825109909
MTH,Consumer Cyclical,A,0.40925180139117634,0.1926288434855872,0.3981193551232365
MTLS,Technology,A,0.18712377488698592,0.08051853486960982,0.7323576902434042
MTUS,Basic Materials,A,0.3514267566836076,0.00811666237385222,0.6404565809425402
MUR,Energy,A,0.2127771883125713,0.5225632217161382,0.26465958997129047
MXL,Technology,A,0.20951761235233296,0.2103696840711714,0.5801127035764956
MYGN,Healthcare,A,0.14266987023129377,0.07365132750900898,0.7836788022596973
MYRG,Industrials,A,0.27383065091834785,0.09866616513145726,0.6275031839501948
MZTI,Consumer Defensive,A,0.10775905485638873,0.1572344633498108,0.7350064817938005
NAVI,Financial Services,A,0.401811559636144,0.015811989973901604,0.5823764503899543
NBTB,Financial Services,A,0.45357626605053764,0.33304898077646256,0.21337475317299986
NC,Energy,A,0.13718531700366876,0.038374226590421404,0.8244404564059098
NEOG,Healthcare,A,0.14623857378592883,0.03161443556509762,0.8221469906489736
NEU,Basic Materials,A,0.21232249423676539,0.0028519660867752225,0.7848255396764594
NEXA,Basic Materials,A,0.0980996222912879,0.14698446873908308,0.754915908969629
NFBK,Financial Services,A,0.3895259052762462,0.2936417492168006,0.3168323455069532
NFG,Energy,A,0.23765998906717895,0.11391410884620934,0.6484259020866118
NGG,Utilities,A,0.09893790921392841,0.32540975290548985,0.5756523378805818
NHC,Healthcare,A,0.19284392997373556,0.002107912766354757,0.8050481572599096
NHI,Real Estate,A,0.1881765469914695,0.31394330440077944,0.4978801486077511
NI,Utilities,A,0.16983081193615376,0.5364506983928093,0.29371848967103686
NIC,Financial Services,A,0.42400353714914435,0.22222282391296114,0.3537736389378945
NICE,Technology,A,0.15262546346881856,0.07386998270082819,0.7735045538303532
NKTR,Healthcare,A,0.07338537373473629,0.08419633087342736,0.8424182953918363
NLY,Real Estate,A,0.4269190339143856,0.0690142275583259,0.5040667385272886
NMM,Industrials,A,0.1514566510073324,1.1744362168350443e-05,0.8485316046304993
NMR,Financial Services,A,0.2477628058403891,0.0018601884549000619,0.7503770057047108
NNN,Real Estate,A,0.284524854125987,0.38906995161200036,0.3264051942620126
NOA,Energy,A,0.13182681119700876,0.09391689026467352,0.7742562985383177
NOAH,Financial Services,A,0.1336353222328847,0.02442174523319638,0.8419429325339188
NOC,Industrials,A,0.037465205408956245,0.021761666080361862,0.9407731285106818
NODK,Financial Services,A,0.1515904229886845,0.008211394199601658,0.8401981828117138
NOMD,Consumer Defensive,A,0.11712035679917197,0.13582563873871503,0.747054004462113
NOV,Energy,A,0.25261056580090385,0.36538296920948854,0.38200646498960755
NOVT,Technology,A,0.427398007408544,0.06211523873143622,0.5104867538600198
NOW,Technology,A,0.1758028538176449,0.14732882589898655,0.6768683202833685
NPKI,Industrials,A,0.2148825349119686,0.023161703559938653,0.7619557615280927
NPO,Industrials,A,0.49098928732488617,0.10639514000823755,0.4026155726668762
NRC,Healthcare,A,0.11543307766430871,0.0052223796407438695,0.8793445426949474
NRG,Utilities,A,0.17241525917489445,0.012926995146806229,0.8146577456782994
NRIM,Financial Services,A,0.3251046873980761,0.20639180114732147,0.46850351145460245
NSSC,Industrials,A,0.13600903672623302,0.008464893699736109,0.8555260695740309
NTCT,Technology,A,0.25609772254068786,0.02780951746367758,0.7160927599956346
NTES,Communication Services,A,0.08083546749732654,0.21480017859001077,0.7043643539126627
NTGR,Technology,A,0.1831511482086992,0.03797322464304416,0.7788756271482566
NTLA,Healthcare,A,0.195614334783502,0.17360707054114938,0.6307785946753486
NTRA,Healthcare,A,0.15522530349276764,0.18233954483103873,0.6624351516761936
NVMI,Technology,A,0.24037879157027636,0.3704228920571729,0.3891983163725507
NVO,Healthcare,A,0.0564826352394615,0.052829213478021046,0.8906881512825174
NVR,Consumer Cyclical,A,0.3607886324979784,0.2067129090977256,0.43249845840429607
NVS,Healthcare,A,0.11413565259294058,0.06464545204874413,0.8212188953583153
NWN,Utilities,A,0.12257488005129893,0.3504199758987986,0.5270051440499025
NWPX,Basic Materials,A,0.2507544017838292,0.0011344865408116785,0.748111111675359
NWSA,Communication Services,A,0.38373582138012075,0.06325747685696607,0.5530067017629132
OC,Industrials,A,0.5124748455055937,0.056881937398458315,0.43064321709594794
OCSL,Financial Services,A,0.3023772972760263,0.004924480732751336,0.6926982219912223
OFG,Financial Services,A,0.48817155108530996,0.1972152683625848,0.31461318055210524
OHI,Real Estate,A,0.13422658409719632,0.25872056551901235,0.6070528503837913
OII,Energy,A,0.2549713085018905,0.345608379398549,0.39942031209956047
OKTA,Technology,A,0.14967990096138223,0.13654730250379382,0.713772796534824
OLP,Real Estate,A,0.4331938213839115,0.16194939161979072,0.4048567869962978
OMAB,Industrials,A,0.14119955230680603,0.007889158816448017,0.8509112888767459
OMF,Financial Services,A,0.5426426406461863,0.008843006669060642,0.4485143526847531
ONB,Financial Services,A,0.5665455470205552,0.23277876052586138,0.20067569245358347
ONC,Healthcare,A,0.07923390281707075,0.17944673394462404,0.7413193632383052
ONIT,Financial Services,A,0.22982980188014226,0.005044263632777874,0.7651259344870799
OPCH,Healthcare,A,0.13883637266656673,0.0347712846046118,0.8263923427288216
ORA,Utilities,A,0.21509051368746887,0.045992563479533365,0.7389169228329977
ORC,Real Estate,A,0.3054655447659508,0.039156263230828665,0.6553781920032206
ORCL,Technology,A,0.10721626690231549,0.09100207959185395,0.8017816535058306
OSG,Financial Services,A,0.10489221824947052,0.005969296478548844,0.8891384852719807
OSUR,Healthcare,A,0.11765272131595542,0.08343060121514612,0.7989166774688985
OTEX,Technology,A,0.28344585917929493,0.03878583734125794,0.677768303479447
OTTR,Industrials,A,0.2480332561896699,0.008447889320860309,0.7435188544894699
OVID,Healthcare,A,0.04000966625777779,0.03578269519134869,0.9242076385508735
OXM,Consumer Cyclical,A,0.30194452571952407,0.061364902515552475,0.6366905717649234
OXY,Energy,A,0.1544983087951818,0.5114362213278224,0.3340654698769958
P,Technology,A,0.16623395677934044,0.25040311850151564,0.5833629247191439
PAA,Energy,A,0.2462704048604391,0.31454039955694024,0.4391891955826206
PAG,Consumer Cyclical,A,0.4461272218547215,0.08007592548570051,0.47379685265957805
PAGP,Energy,A,0.25459130614893843,0.333594501762063,0.41181419208899855
PANW,Technology,A,0.12057324864537457,0.11851036881684192,0.7609163825377835
PARR,Energy,A,0.1490305277304219,0.26231080817554286,0.5886586640940352
PAYC,Technology,A,0.19827850087828794,0.04078579329655409,0.760935705825158
PAYS,Technology,A,0.16147279830093036,0.011326176668315981,0.8272010250307537
PBH,Healthcare,A,0.14892825684491787,5.916059586844306e-05,0.8510125825592137
PBYI,Healthcare,A,0.07902046994715654,0.075485240573124,0.8454942894797195
PCAR,Industrials,A,0.38418584191384564,0.0713092682015693,0.544504889884585
PCG,Utilities,A,0.18472396618390488,0.1498874179803652,0.66538861583573
PCTY,Technology,A,0.2240287641628145,0.0587633662177909,0.7172078696193946
PDFS,Technology,A,0.24332670077890206,0.21260836279981207,0.5440649364212858
PEB,Real Estate,A,0.5194869509689973,0.0037355129499539647,0.4767775360810487
PFBC,Financial Services,A,0.4627624313382973,0.27078223155117964,0.26645533711052305
PFG,Financial Services,A,0.5865504209712761,0.025337154798385903,0.38811242423033804
PFGC,Consumer Defensive,A,0.35566257892812536,0.009647212754568183,0.6346902083173065
PFIS,Financial Services,A,0.3653928131221283,0.17174897031626304,0.46285821656160875
PFLT,Financial Services,A,0.31045412575978765,0.013552850314577215,0.6759930239256351
PGC,Financial Services,A,0.4685924505742437,0.24663986769057855,0.28476768173517775
PGEN,Healthcare,A,0.13947696317581615,0.120164415895187,0.7403586209289968
PHG,Healthcare,A,0.1937413481063903,0.037801893794823745,0.7684567580987859
PII,Consumer Cyclical,A,0.4058095817642323,0.09406821224182012,0.5001222059939475
PIPR,Financial Services,A,0.5523252738465797,0.02144455829162685,0.42623016786179346
PJT,Financial Services,A,0.3339901591159326,0.010961751509728258,0.6550480893743391
PKE,Industrials,A,0.23980421904222246,0.0221708413155849,0.7380249396421926
PKG,Consumer Cyclical,A,0.34729120316663536,0.005345291764133615,0.6473635050692311
PLAB,Technology,A,0.2847942154642131,0.1275794543924884,0.5876263301432985
PLAY,Communication Services,A,0.27267987154770307,0.013257994844561102,0.7140621336077358
PLD,Real Estate,A,0.3871257600033107,0.2078388070782888,0.4050354329184005
PLOW,Consumer Cyclical,A,0.36917775140517006,1.1513687641725094e-05,0.6308107349071882
PLPC,Industrials,A,0.1919743690277525,0.047240363680051176,0.7607852672921964
PLSE,Healthcare,A,0.07055146591452598,0.06448259510128888,0.8649659389841852
PLUS,Technology,A,0.34870073661124606,0.0030785372312309004,0.6482207261575231
PLXS,Technology,A,0.38923803571051746,0.047779819176626465,0.5629821451128562
PNC,Financial Services,A,0.5769079267508409,0.09944088480187838,0.3236511884472807
PNR,Industrials,A,0.5212449737575936,0.035155216529207674,0.44359980971319873
PODD,Healthcare,A,0.15830575914562284,0.1176587470252613,0.7240354938291158
POOL,Industrials,A,0.345404268987538,0.0014557565701375946,0.6531399744423243
POWL,Industrials,A,0.13769825772498973,0.15072085210460576,0.7115808901704046
PRGS,Technology,A,0.20008007380687068,0.0048088545157914915,0.7951110716773379
PRK,Financial Services,A,0.4916916456034599,0.28278316010707794,0.22552519428946216
PRKS,Consumer Cyclical,A,0.3733395432709305,0.02668115492289341,0.5999793018061761
PRLB,Industrials,A,0.23391396466933168,0.005938422781411349,0.760147612549257
PRTA,Healthcare,A,0.13066759785041024,0.1310236854765422,0.7383087166730475
PRU,Financial Services,A,0.5758216367567461,0.037251742361946796,0.3869266208813071
PSKY,Communication Services,A,0.13096674168550768,0.0921827217051873,0.776850536609305
PTC,Technology,A,0.2710182564799337,0.07242910645866847,0.6565526370613978
PUK,Financial Services,A,0.35811424116887186,0.01529087771089575,0.6265948811202324
PZZA,Consumer Cyclical,A,0.1323138914279956,0.007806450703404924,0.8598796578685995
QCRH,Financial Services,A,0.4990600107854356,0.24231132724825427,0.2586286619663101
QGEN,Healthcare,A,0.15939084830257794,0.14697209952812354,0.6936370521692986
QRVO,Technology,A,0.32614746243166387,0.17315688867023962,0.5006956488980966
QSR,Consumer Cyclical,A,0.21998776880068677,0.0051579832804696584,0.7748542479188435
QUIK,Technology,A,0.0927345318033521,0.15340003325186893,0.753865434944779
QURE,Healthcare,A,0.03614762774618611,0.07815506516394873,0.8856973070898652
R,Industrials,A,0.42521807091742464,0.04435595510992529,0.53042597397265
RACE,Consumer Cyclical,A,0.2368160052669169,0.02694895077198332,0.7362350439610997
RBB,Financial Services,A,0.41696574145234694,0.19430977623965623,0.3887244823079969
RBBN,Technology,A,0.21321247223383655,0.048698076002264896,0.7380894517638985
RBCAA,Financial Services,A,0.4136156733264018,0.2640156227610183,0.3223687039125799
RCI,Communication Services,A,0.11414762563860543,1.1598608200635378e-05,0.8858407757531939
RCKT,Healthcare,A,0.1267713782985099,0.1748940655614661,0.6983345561400239
RCKY,Consumer Cyclical,A,0.19210066638083098,0.010204012205927435,0.7976953214132415
RDN,Financial Services,A,0.3979930322504663,0.025777211987313715,0.5762297557622199
RDWR,Technology,A,0.15133504104849696,0.07759912833145913,0.771065830620044
RES,Energy,A,0.16494145777459474,0.4207986859708931,0.4142598562545122
REX,Basic Materials,A,0.17921118592096846,0.006465440304470379,0.8143233737745612
RGLD,Basic Materials,A,0.09864789399741171,0.6080900990061551,0.29326200699643323
RGNX,Healthcare,A,0.15060445874016626,0.1680000701636335,0.6813954710962002
RHI,Industrials,A,0.31593070580410015,0.032185685615894626,0.6518836085800053
RIGL,Healthcare,A,0.08224188530430145,0.08978242402923846,0.8279756906664602
RIOT,Financial Services,A,0.2153449422839652,0.030491592881415338,0.7541634648346195
RITM,Real Estate,A,0.5185789794187609,0.015510996922170069,0.4659100236590691
RLJ,Real Estate,A,0.5178405103710151,0.004879864536539235,0.4772796250924457
RM,Financial Services,A,0.3351863886101944,0.013228339051021727,0.6515852723387838
RMAX,Real Estate,A,0.3022817362262024,0.008280789357940856,0.6894374744158567
RNG,Technology,A,0.21705724278329316,0.06880280532779728,0.7141399518889096
RNR,Financial Services,A,0.08681101836502136,0.0013450883009891858,0.9118438933339894
ROKU,Communication Services,A,0.23644247239291732,0.27258522512178207,0.49097230248530066
ROP,Technology,A,0.24965296198644085,0.00028634652748719524,0.750060691486072
RPD,Technology,A,0.16110893679704016,0.051948273491790486,0.7869427897111694
RRC,Energy,A,0.1534941772249283,0.3348180635842092,0.5116877591908625
RRX,Industrials,A,0.4454853681531516,0.11406660166981368,0.44044803017703466
RS,Basic Materials,A,0.4050837509449068,0.006632320552283801,0.5882839285028094
RYN,Real Estate,A,0.3650035132173182,0.07646215042991063,0.5585343363527712
RYTM,Healthcare,A,0.09505570771529183,0.09396378582329268,0.8109805064614155
SA,Basic Materials,A,0.10135191180459485,0.6308550320348403,0.2677930561605648
SAM,Consumer Defensive,A,0.13045800101263458,0.05093867549433911,0.8186033234930263
SAN,Financial Services,A,0.3333500175448652,2.926005350260409e-05,0.6666207224016323
SAP,Technology,A,0.21658386696910262,0.059880022971576595,0.7235361100593208
SAR,Financial Services,A,0.22385334123226353,0.0020389322834803584,0.7741077264842561
SBLK,Industrials,A,0.11596914213224208,4.507533441582861e-05,0.8839857825333421
SBR,Energy,A,0.0990708053956858,0.3496627301795059,0.5512664644248083
SBS,Utilities,A,0.08959272593019244,0.028834621318711166,0.8815726527510964
SBSI,Financial Services,A,0.4271072780783505,0.3259839791295375,0.246908742792112
SBUX,Consumer Cyclical,A,0.2583881664610518,0.02345318605783795,0.7181586474811102
SCCO,Basic Materials,A,0.26274185404054706,0.2630064715858339,0.47425167437361904
SCHL,Communication Services,A,0.12471490486266142,0.011791833144343306,0.8634932619929953
SEI,Energy,A,0.14999443289616188,0.13503542647840266,0.7149701406254354
SFBS,Financial Services,A,0.4590135314059794,0.20220923417146702,0.33877723442255364
SFIX,Consumer Cyclical,A,0.23295068731041127,0.045232257508908504,0.7218170551806803
SFM,Consumer Defensive,A,0.05172676435748064,0.0598385273066269,0.8884347083358926
SHBI,Financial Services,A,0.4053437945686384,0.2374156424082043,0.3572405630231572
SHOO,Consumer Cyclical,A,0.40341050081067503,0.11833578994861764,0.47825370924070737
SHOP,Technology,A,0.2532154549004026,0.14032954375875364,0.6064550013408437
SIGI,Financial Services,A,0.19074165585726852,0.04755043456061167,0.7617079095821198
SIRI,Communication Services,A,0.1287299866620769,0.002179731834970324,0.8690902815029528
SITE,Industrials,A,0.4414338677198711,0.024593301615415196,0.5339728306647138
SKM,Communication Services,A,0.0957853331110712,0.00035800598830822427,0.9038566609006206
SKT,Real Estate,A,0.3125542315666642,0.03378543680936623,0.6536603316239696
SLAB,Technology,A,0.335618163058887,0.1400278674826499,0.5243539694584631
SLF,Financial Services,A,0.40154105233676884,0.002011815428013765,0.5964471322352174
SLG,Real Estate,A,0.4271135185506464,0.09553874991509577,0.47734773153425786
SLM,Financial Services,A,0.40700091921623116,0.012628257092082141,0.5803708236916867
SLRC,Financial Services,A,0.3046792411495631,0.004325707973901002,0.6909950508765359
SM,Energy,A,0.19738154921708495,0.4796566393593284,0.32296181142358665
SMCI,Technology,A,0.0988084932149436,0.1298918123803696,0.7712996944046868
SMFG,Financial Services,A,0.24835542913246267,0.0017399036543818925,0.7499046672131554
SMP,Consumer Cyclical,A,0.30682448427005543,0.012502921867545327,0.6806725938623993
SMPL,Consumer Defensive,A,0.14942537637854697,0.0925310239968318,0.7580435996246213
SMTC,Technology,A,0.23920578436217482,0.19322167056349665,0.5675725450743285
SNA,Industrials,A,0.41876289276495204,0.06471030451705878,0.5165268027179892
SNAP,Communication Services,A,0.1526049172891479,0.2536467022077761,0.593748380503076
SNN,Healthcare,A,0.20269481613441764,0.038762977998772416,0.75854220586681
SO,Utilities,A,0.08007963745639216,0.6464836817357339,0.273436680807874
SONY,Technology,A,0.2469044290042809,0.04985841650858034,0.7032371544871387
SPG,Real Estate,A,0.5154546960741592,0.08176392143838809,0.40278138248745277
SPH,Utilities,A,0.09577391323962066,0.024744611419343535,0.8794814753410357
SQM,Basic Materials,A,0.20527984493754092,0.07316708103638794,0.7215530740260712
SSTK,Communication Services,A,0.2523594652849796,0.07021966685892726,0.6774208678560931
SSYS,Technology,A,0.20280810428988624,0.07994643354237839,0.7172454621677353
ST,Technology,A,0.5071648186342891,0.04932749771639577,0.44350768364931514
STAA,Healthcare,A,0.1514272885107716,0.09637704444948277,0.7521956670397456
STBA,Financial Services,A,0.5102760521147389,0.31874474404304165,0.17097920384221943
STGW,Communication Services,A,0.19805080791161828,0.023434209788683175,0.7785149822996985
STLA,Consumer Cyclical,A,0.3241104976988536,0.022146964283905696,0.6537425380172407
STM,Technology,A,0.32963262919158964,0.22496288085606964,0.4454044899523407
STNG,Energy,A,0.0673834062084044,0.17314845295914652,0.7594681408324491
STZ,Consumer Defensive,A,0.15918262919464282,0.14748412730673727,0.6933332434986199
SU,Energy,A,0.17963822093893414,0.5219301940671673,0.29843158499389855
SUI,Real Estate,A,0.24424072059008067,0.2808840159104701,0.4748752634994492
SUPN,Healthcare,A,0.12327660685125373,0.061850882409337476,0.8148725107394088
SVM,Basic Materials,A,0.11136276154826856,0.6017348610296062,0.2869023774221253
SWBI,Industrials,A,0.12931570596198527,0.0006925343107254613,0.8699917597272893
SWX,Utilities,A,0.146184780663579,0.22958386331790828,0.6242313560185128
SYNA,Technology,A,0.4126499628793938,0.20869315469361355,0.37865688242699264
SYY,Consumer Defensive,A,0.2580612361691321,0.11300428151893543,0.6289344823119325
TAC,Utilities,A,0.10661553092711155,0.021675995712715335,0.8717084733601732
TAK,Healthcare,A,0.10774229312108902,0.042401818719079096,0.8498558881598319
TAP,Consumer Defensive,A,0.13903689258906612,0.23461220793357337,0.6263508994773604
TBPH,Healthcare,A,0.04646325576463019,0.05943106716925952,0.8941056770661103
TCBI,Financial Services,A,0.514401729688715,0.18171078325506082,0.30388748705622415
TCBK,Financial Services,A,0.4766568516807403,0.329049935140511,0.19429321317874865
TD,Financial Services,A,0.4135505002162884,0.0010049601704973875,0.5854445396132142
TDAY,Communication Services,A,0.2209872214424782,0.03154360485776879,0.7474691736997531
TDC,Technology,A,0.14939616074540113,0.044412759999496794,0.8061910792551021
TDOC,Healthcare,A,0.22360270460424606,0.11527206226096683,0.6611252331347871
TECH,Healthcare,A,0.2875524742812348,0.14428897833734294,0.5681585473814224
TEO,Communication Services,A,0.07228995923898426,0.0061156313756190826,0.9215944093853966
TFSL,Financial Services,A,0.4575070079695593,0.15489584140819354,0.3875971506222471
TGB,Basic Materials,A,0.22538013406771354,0.2839459389052848,0.4906739270270017
TGLS,Basic Materials,A,0.21980349384993908,0.0002331224186592062,0.7799633837314016
TGTX,Healthcare,A,0.13596352662760874,0.14097842799737376,0.7230580453750175
THC,Healthcare,A,0.21741701007145056,0.014026523717446743,0.7685564662111027
THFF,Financial Services,A,0.4285340956658976,0.36575380226423676,0.20571210206986562
TITN,Industrials,A,0.32077000951231893,0.020400062455880864,0.6588299280318002
TJX,Consumer Cyclical,A,0.29007183231672434,0.040551677103141844,0.6693764905801337
TKC,Communication Services,A,0.045013783082677145,0.004823212889056542,0.9501630040282664
TMO,Healthcare,A,0.2515576597163425,0.1327071010395213,0.6157352392441362
TMUS,Communication Services,A,0.08040081034740265,0.007818529504025472,0.9117806601485718
TNET,Industrials,A,0.21507350128031244,0.026847588204306667,0.7580789105153809
TOL,Consumer Cyclical,A,0.45977612966782333,0.1979068297031879,0.34231704062898877
TOWN,Financial Services,A,0.5408298409369485,0.2855790338718553,0.17359112519119618
TPR,Consumer Cyclical,A,0.38022666601629784,0.06867148350386792,0.5511018504798342
TREE,Financial Services,A,0.26394111564649114,0.0018458135784058612,0.734213070775103
TRGP,Energy,A,0.2869701427141396,0.3682362628159996,0.34479359446986085
TRIP,Consumer Cyclical,A,0.2607126407354728,0.004539871727884584,0.7347474875366427
TRMK,Financial Services,A,0.5043572304437283,0.2670011056070774,0.22864166394919433
TRP,Energy,A,0.18977776783150319,0.094646519563771,0.7155757126047259
TRST,Financial Services,A,0.4296634411094838,0.32497459421166286,0.2453619646788534
TRV,Financial Services,A,0.20849176771772918,0.04030851347396802,0.7511997188083028
TRVG,Communication Services,A,0.07434653857337724,0.08565365814818478,0.8399998032784379
TSEM,Technology,A,0.1386826817129934,0.21515644305197892,0.6461608752350277
TSLX,Financial Services,A,0.28291976169490124,0.007580435498229264,0.7094998028068694
TSN,Consumer Defensive,A,0.12882655166658782,0.15374818084594555,0.7174252674874666
TTC,Industrials,A,0.3358547412311211,0.036997933643401176,0.6271473251254778
TTD,Communication Services,A,0.17834183844418044,0.2688594348368384,0.5527987267189812
TWLO,Technology,A,0.1581519292920448,0.13744969590914974,0.7043983747988054
TX,Basic Materials,A,0.2628257426452836,0.05968521422377082,0.6774890431309456
TXT,Industrials,A,0.5408265443417545,0.03199252038578004,0.4271809352724655
UA,Consumer Cyclical,A,0.31086076544595687,0.07968372143535955,0.6094555131186836
UAL,Industrials,A,0.39655578404790875,0.0066559606975644,0.5967882552545268
UAN,Basic Materials,A,0.08480042305052832,0.024575897384964428,0.8906236795645072
UBS,Financial Services,A,0.3873138332092438,0.0023557022499352685,0.6103304645408208
UDR,Real Estate,A,0.3562225574721964,0.35052745269556523,0.2932499898322383
UFPT,Healthcare,A,0.1879548020570525,0.005717172752453718,0.8063280251904937
UGP,Energy,A,0.10483928544111612,0.026681777213135593,0.8684789373457483
UHAL,Industrials,A,0.3952712446890683,0.002526564444253147,0.6022021908666786
UHS,Healthcare,A,0.22798871685397204,0.0005415674408824557,0.7714697157051456
UHT,Real Estate,A,0.2973236561894444,0.20349630711685232,0.49918003669370337
UNFI,Consumer Defensive,A,0.127656332030985,0.02436690232552104,0.8479767656434939
UNH,Healthcare,A,0.04405893619428859,0.009676970009412695,0.9462640937962987
UNIT,Real Estate,A,0.2577451785046921,0.03584868378130155,0.7064061377140064
UNM,Financial Services,A,0.2723534836498234,0.038835955492050954,0.6888105608581256
URI,Industrials,A,0.49892761348134446,0.07217199853371752,0.42890038798493796
USAC,Energy,A,0.20740292180729958,0.1279145246131752,0.6646825535795252
USB,Financial Services,A,0.5302787277023095,0.12538060573715334,0.3443406665605371
USPH,Healthcare,A,0.2197884522013043,0.0014939444929679897,0.7787176033057277
UTHR,Healthcare,A,0.0519074461838627,0.04493005796053256,0.9031624958556048
UTL,Utilities,A,0.13578154403998063,0.3116197498474989,0.5525987061125204
UUUU,Energy,A,0.1540726784674709,0.05726951276689845,0.7886578087656307
VAC,Consumer Cyclical,A,0.4301994869466148,0.03202470302656325,0.537775810026822
VCEL,Healthcare,A,0.25096679444100256,0.1431927842433174,0.6058404213156801
VCYT,Healthcare,A,0.26117968815408277,0.21342985764349737,0.5253904542024199
VEON,Communication Services,A,0.03726355486222854,0.016721354706384136,0.9460150904313873
VFC,Consumer Cyclical,A,0.3427859556717877,0.06577141439551852,0.5914426299326938
VKTX,Healthcare,A,0.055625546673473004,0.11566490822088793,0.8287095451056391
VLGEA,Consumer Defensive,A,0.09639444633285264,0.06285270509381304,0.8407528485733343
VLO,Energy,A,0.17381360947157845,0.37972078654421615,0.44646560398420543
VLY,Financial Services,A,0.5226722058624454,0.18787607582758467,0.28945171830996985
VMC,Basic Materials,A,0.401707886073363,0.00013337919816004082,0.598158734728477
VNDA,Healthcare,A,0.06472270004413135,0.07314668617449024,0.8621306137813783
VNET,Technology,A,0.07731717561347162,0.04812148133269605,0.8745613430538324
VNOM,Energy,A,0.16632396943849445,0.4399849615107736,0.3936910690507319
VOD,Communication Services,A,0.15335633460975168,0.001832771371779306,0.844810894018469
VRSK,Industrials,A,0.10529666066819339,0.06436533018484827,0.8303380091469583
VSAT,Technology,A,0.1741498193666006,0.012977407593880358,0.8128727730395191
VSH,Technology,A,0.4065163079271402,0.12374800629099951,0.46973568578186026
VSTM,Healthcare,A,0.06057778144972547,0.0736493155955969,0.8657729029546777
VTOL,Energy,A,0.2912119679339835,0.1852938010852176,0.5234942309807988
VTR,Real Estate,A,0.2193833865177302,0.33219793979647927,0.4484186736857906
VYX,Technology,A,0.360709478471968,0.0006031104681760602,0.6386874110598559
WAL,Financial Services,A,0.3650348435777614,0.12193946912505103,0.5130256872971876
WAT,Healthcare,A,0.2695300993650235,0.05973409725717078,0.6707358033778057
WBD,Communication Services,A,0.20875970763538265,0.07881174273969555,0.7124285496249219
WBS,Financial Services,A,0.5687543859939426,0.15777204840783107,0.27347356559822633
WCN,Industrials,A,0.1258629225843382,0.006898711049390262,0.8672383663662716
WD,Financial Services,A,0.4648052396128918,0.0024642876723004804,0.5327304727148078
WDC,Technology,A,0.230000989617986,0.16542210550603584,0.6045769048759781
WELL,Real Estate,A,0.19543787865264126,0.3230899245751388,0.4814721967722199
WEN,Consumer Cyclical,A,0.1440857606835569,0.0531703906133694,0.8027438487030737
WERN,Industrials,A,0.29618179852626736,0.029434962486320954,0.6743832389874117
WINA,Consumer Cyclical,A,0.22769853667438708,0.035865991632958824,0.7364354716926541
WKC,Energy,A,0.25474138533348534,0.1119112021654786,0.6333474125010361
WLFC,Industrials,A,0.1622333617405884,0.03151531064055041,0.8062513276188612
WLK,Basic Materials,A,0.3952689850744309,0.008044138369091246,0.5966868765564779
WLKP,Basic Materials,A,0.1665829137234232,0.02316251507248325,0.8102545712040936
WLY,Communication Services,A,0.24422464740634786,0.0005345046681514295,0.7552408479255007
WMS,Industrials,A,0.3753746778180889,0.038899540679061706,0.5857257815028494
WNC,Industrials,A,0.2969426947896848,0.04599149897496479,0.6570658062353504
WPC,Real Estate,A,0.22880263317457128,0.3670946178969267,0.404102748928502
WPP,Communication Services,A,0.263623370823133,0.021680148640196382,0.7146964805366706
WRB,Financial Services,A,0.15680518513082148,0.02281916041181984,0.8203756544573587
WRLD,Financial Services,A,0.2289641634980906,0.001216414742907331,0.7698194217590021
WSBC,Financial Services,A,0.5044756977620656,0.31620122784100924,0.1793230743969252
WSM,Consumer Cyclical,A,0.30907468415009615,0.12772181757155096,0.5632034982783528
WSO,Industrials,A,0.35093806432215274,0.0995137044907975,0.5495482311870499
WST,Healthcare,A,0.09332032916983776,0.06370218484470383,0.8429774859854584
WVE,Healthcare,A,0.06092459609905415,0.047938936806367294,0.8911364670945786
WWD,Industrials,A,0.3292389716376909,0.11401952904097468,0.5567414993213344
WWW,Consumer Cyclical,A,0.29040136496156516,0.06751299448437297,0.6420856405540619
WYNN,Consumer Cyclical,A,0.30458864099487704,0.029478806702065756,0.6659325523030573
XENE,Healthcare,A,0.08136112358456118,0.08783091902589821,0.8308079573895406
XHR,Real Estate,A,0.5348062311693683,0.0018994110080955556,0.46329435782253614
XIFR,Utilities,A,0.14438041361314677,0.07385561906051247,0.7817639673263408
XRX,Industrials,A,0.23751315573886336,0.00014203072464217924,0.7623448135364945
XYL,Industrials,A,0.4394434772701518,0.053774509756505225,0.5067820129733429
XYZ,Technology,A,0.33590013009879655,0.09275378185793337,0.5713460880432701
YELP,Communication Services,A,0.25984352135744226,0.1357115825830601,0.6044448960594977
YEXT,Technology,A,0.15007992634334863,0.04056157996806997,0.8093584936885814
YUM,Consumer Cyclical,A,0.2055066215564533,0.009459233268845312,0.7850341451747014
YUMC,Consumer Cyclical,A,0.12944117861182017,0.001143665744459866,0.86941515564372
ZBH,Healthcare,A,0.21106807443274694,0.021188763442459405,0.7677431621247937
ZD,Communication Services,A,0.29265594354280966,0.05177889364953109,0.6555651628076593
ZION,Financial Services,A,0.5056021767217344,0.19733779695557582,0.2970600263226898
ZVRA,Healthcare,A,0.06755434231305152,0.06589886370840657,0.8665467939785418
ZYME,Healthcare,A,0.07708835522304228,0.15693816647869854,0.7659734782982592
A,Healthcare,B,0.33997681351235237,0.13410387112163347,0.5259193153660141
AA,Basic Materials,B,0.3248759264575153,0.14564733835948218,0.5294767351830025
AAOI,Technology,B,0.13768307255065643,0.06194466192274002,0.8003722655266036
AAON,Industrials,B,0.24282281082283627,0.03592024158414636,0.7212569475930173
AAP,Consumer Cyclical,B,0.1720986479958961,0.03297846582496467,0.7949228861791392
AAT,Real Estate,B,0.46256771005934744,0.16895819483395272,0.3684740951066998
ABBV,Healthcare,B,0.09222783744479475,0.03637927510040136,0.8713928874548038
ABEO,Healthcare,B,0.053308009955731726,0.021027347197589003,0.9256646428466793
ACAD,Healthcare,B,0.13124278289160762,0.05176872228641324,0.8169884948219791
ACHC,Healthcare,B,0.10699149967981948,0.0422028024086163,0.8508056979115642
ACIW,Technology,B,0.20640821568966156,0.09286462672648373,0.7007271575838546
ACM,Industrials,B,0.418265426521347,0.061873079864413844,0.5198614936142392
ACMR,Technology,B,0.21879414720940438,0.09843715155742395,0.6827687012331717
ACN,Technology,B,0.19636254519409135,0.0883450031365439,0.7152924516693647
ADC,Real Estate,B,0.3224184561888805,0.11776706232225755,0.5598144814888619
ADP,Technology,B,0.15052969564390759,0.06772445539784223,0.7817458489582502
ADSK,Technology,B,0.3092695648545687,0.13914273035169739,0.5515877047937339
AEHR,Technology,B,0.17165694376191232,0.07722976507595203,0.7511132911621357
AEM,Basic Materials,B,0.272992166626824,0.12238697676291121,0.6046208566102648
AER,Industrials,B,0.3458690483456616,0.051163643691281145,0.6029673079630572
AES,Utilities,B,0.10761076356162261,0.16816446873626792,0.7242247677021095
AFG,Financial Services,B,0.2685245319929553,0.0976377609163065,0.6338377070907383
AFL,Financial Services,B,0.2706720128547102,0.09841860288033931,0.6309093842649505
AGI,Basic Materials,B,0.2725616565758456,0.12219397187102604,0.6052443715531284
AGO,Financial Services,B,0.285420792675486,0.10378138231527727,0.6107978250092368
AGX,Industrials,B,0.10732907439105975,0.01587695269676498,0.8767939729121752
AHRT,Real Estate,B,0.39780902003975993,0.1453043358905405,0.4568866440696996
AIG,Financial Services,B,0.32725471113538,0.11899254420973891,0.553752744654881
AIR,Industrials,B,0.4130579341149406,0.06110274702520541,0.525839318859854
AIV,Real Estate,B,0.3611378063028627,0.13190975183156828,0.506952441865569
AJG,Financial Services,B,0.10624042472370422,0.038629905103389324,0.8551296701729064
ALB,Basic Materials,B,0.2299429086223203,0.10308727082570769,0.666969820551972
ALLT,Technology,B,0.10996384288124773,0.04947356958857844,0.8405625875301739
ALLY,Financial Services,B,0.38692113631209385,0.14068775437507128,0.4723911093128348
ALNT,Technology,B,0.18588565504950116,0.08363137054551098,0.7304829744049879
ALNY,Healthcare,B,0.14257011861108743,0.056236790428423174,0.8011930909604893
ALRM,Technology,B,0.2698223987873393,0.12139515019840241,0.6087824510142582
ALSN,Consumer Cyclical,B,0.27059308975187063,0.05185249894041271,0.6775544113077167
ALV,Consumer Cyclical,B,0.42766560053176267,0.08195157577290232,0.4903828236953349
AMAT,Technology,B,0.4061186405829871,0.18271586641255527,0.41116549300445765
AMBA,Technology,B,0.33524147553745576,0.15082769057908574,0.5139308338834585
AMC,Communication Services,B,0.07342789068141324,0.022265493094966577,0.9043066162236202
AMD,Technology,B,0.3245343835300903,0.14601048841846492,0.5294551280514448
AMH,Real Estate,B,0.384539660386914,0.1404575491287501,0.4750027904843359
AMN,Healthcare,B,0.08630769722357129,0.0340440754935608,0.879648227282868
AMPH,Healthcare,B,0.09106725944807595,0.0359214850514546,0.8730112555004694
AMRN,Healthcare,B,0.1018526921626493,0.040175799526031696,0.8579715083113191
AMT,Real Estate,B,0.23345392296503306,0.08527173977625023,0.6812743372587167
AN,Consumer Cyclical,B,0.36970071885588823,0.07084403430377044,0.5594552468403413
ANAB,Healthcare,B,0.09907658966481926,0.03908076575668931,0.8618426445784915
ANET,Technology,B,0.25966859131586767,0.11682687496022819,0.6235045337239042
ANF,Consumer Cyclical,B,0.22063636840633552,0.042279524098330856,0.7370841074953336
AON,Financial Services,B,0.09247607934797399,0.0336250742486789,0.8738988464033471
AORT,Healthcare,B,0.17529767025342138,0.06914617481328121,0.7555561549332974
AOS,Industrials,B,0.4187010111138383,0.06193751493021182,0.5193614739559499
APAM,Financial Services,B,0.36119967152460314,0.13133521510910914,0.5074651133662877
APD,Basic Materials,B,0.15909244794769448,0.0713238184476754,0.7695837336046301
APH,Technology,B,0.32987507775128594,0.1484133073840497,0.5217116148646643
APO,Financial Services,B,0.2551591403486437,0.09277799296797494,0.6520628666833813
APPF,Technology,B,0.13436184343121807,0.06045041567183742,0.8051877408969446
APPN,Technology,B,0.19317279906988502,0.0869099120856042,0.7199172888445108
AQN,Utilities,B,0.13572391474748757,0.2120971849181963,0.6521789003343161
ARCC,Financial Services,B,0.23833812391654977,0.08666173100644536,0.6750001450770049
ARE,Real Estate,B,0.3716055497922563,0.13573321595474688,0.4926612342529968
AROC,Energy,B,0.23341364233030326,0.34065615296132173,0.425930204708375
ARR,Real Estate,B,0.3006922948646632,0.10983133114564766,0.5894763739896891
ASA,Financial Services,B,0.02370291914618824,0.008618579224168567,0.9676785016296432
ASB,Financial Services,B,0.5896608875444936,0.2144056199724679,0.19593349248303846
ASML,Technology,B,0.3932532366950949,0.17692762331504763,0.42981913998985743
ASND,Healthcare,B,0.11779761365124641,0.046465274605995345,0.8357371117427582
ASYS,Technology,B,0.08365702742469422,0.03763793315534464,0.8787050394199611
ATEN,Technology,B,0.16391693492071696,0.07374747620728617,0.7623355888719968
ATI,Industrials,B,0.325957403567658,0.0482181580989682,0.6258244383333738
ATNI,Communication Services,B,0.058763464204393934,0.01781880828030435,0.9234177275153017
ATR,Healthcare,B,0.19867123470588308,0.07836587848249109,0.7229628868116258
ATRC,Healthcare,B,0.2241304228118419,0.08840825650630559,0.6874613206818525
ATRO,Industrials,B,0.20916814680744938,0.030941781538446712,0.7598900716541039
AUPH,Healthcare,B,0.11663792616338053,0.04600783581831024,0.8373542380183092
AVA,Utilities,B,0.22524494042751225,0.35199263055906316,0.42276242901342453
AVB,Real Estate,B,0.4678258385006261,0.1708787869339277,0.36129537456544625
AVGO,Technology,B,0.318023277280526,0.14308109217606263,0.5388956305434114
AVNS,Healthcare,B,0.1589172646929053,0.06268492301933284,0.7783978122877618
AVNT,Basic Materials,B,0.34980540776068614,0.15682364384349015,0.49337094839582374
AVT,Technology,B,0.31300122099805255,0.14082163084351332,0.5461771481584341
AWK,Utilities,B,0.2113786332330011,0.33032360688966456,0.45829775987733434
AXON,Industrials,B,0.11361064458809284,0.0168061714890218,0.8695831839228854
AXS,Financial Services,B,0.21877122185289966,0.0795470421123462,0.7016817360347541
AZN,Healthcare,B,0.12746842116218798,0.050279925113160914,0.8222516537246511
AZO,Consumer Cyclical,B,0.09260183367571805,0.017744859955416692,0.8896533063688652
BA,Industrials,B,0.26741129347038195,0.03955756146317467,0.6930311450664434
BABA,Consumer Cyclical,B,0.10248077418254833,0.019637915512129317,0.8778813103053223
BAH,Industrials,B,0.08044179363436793,0.011899576695521889,0.9076586296701101
BANC,Financial Services,B,0.487749815736573,0.177349903721681,0.33490028054174603
BANF,Financial Services,B,0.45544873355062715,0.1656049606566947,0.3789463057926781
BAP,Financial Services,B,0.1156275722680794,0.042043150294885805,0.8423292774370348
BBAR,Financial Services,B,0.06667778231159613,0.024244598135785785,0.909077619552618
BBD,Financial Services,B,0.07190290738273375,0.026144497220115692,0.9019525953971506
BBSI,Industrials,B,0.21912120300343332,0.03241411513778542,0.7484646818587812
BBW,Consumer Cyclical,B,0.14817467032537818,0.02839402492904776,0.8234313047455741
BBWI,Consumer Cyclical,B,0.32509947577653686,0.06229730492633569,0.6126032192971275
BCC,Basic Materials,B,0.22602176767136611,0.10132935743068877,0.6726488748979451
BEN,Financial Services,B,0.34136161154794414,0.12412193093477833,0.5345164575172776
BFAM,Consumer Cyclical,B,0.12443330372950356,0.02384457694652393,0.8517221193239725
BFH,Financial Services,B,0.367351686808978,0.13357213921072164,0.49907617398030035
BFS,Real Estate,B,0.4387055804791393,0.16024227659952048,0.40105214292134017
BG,Consumer Defensive,B,0.08283721638414185,0.07339229719250595,0.8437704864233522
BGS,Consumer Defensive,B,0.08242299768409381,0.07302530680746401,0.8445516955084422
BHC,Healthcare,B,0.12200972233902786,0.0481267410889031,0.829863536572069
BHE,Technology,B,0.27293622022517583,0.12279608215526006,0.6042676976195641
BHF,Financial Services,B,0.3187526196086571,0.11590111277286555,0.5653462676184774
BIDU,Communication Services,B,0.1877070096600445,0.05691827844539284,0.7553747118945626
BKD,Healthcare,B,0.10063509827185357,0.03969551955480998,0.8596693821733364
BKH,Utilities,B,0.2568617823537426,0.40140060100430996,0.34173761664194746
BKNG,Consumer Cyclical,B,0.27433664508665623,0.05256985908884941,0.6730934958244944
BLBD,Industrials,B,0.15555797558915327,0.023011347428886754,0.8214306769819599
BLDR,Industrials,B,0.4168376687090323,0.061661874807655746,0.521500456483312
BLK,Financial Services,B,0.3351642721278029,0.12186852659912967,0.5429672012730673
BLMN,Consumer Cyclical,B,0.273085218798351,0.052330054072587326,0.6745847271290617
BLX,Financial Services,B,0.2604211514903165,0.09469130413539956,0.6448875443742839
BMA,Financial Services,B,0.0700641395968013,0.02547590590694589,0.9044599544962527
BMO,Financial Services,B,0.34562045163515936,0.125670480734419,0.5287090676304217
BMRN,Healthcare,B,0.2035974752564033,0.08030903431443175,0.716093490429165
BN,Financial Services,B,0.34615369062661777,0.12586437088208205,0.5279819384913002
BNS,Financial Services,B,0.281208970352494,0.10224992856711451,0.6165411010803914
BNY,Financial Services,B,0.37006197699424714,0.1345576233419446,0.49538039966380826
BOH,Financial Services,B,0.49189169610551803,0.17885592599162248,0.32925237790285955
BOX,Technology,B,0.12587202849894585,0.05663078333778457,0.8174971881632696
BPOP,Financial Services,B,0.5120968682829614,0.18620269522604674,0.3017004364909919
BRK-B,Financial Services,B,0.2942909893587806,0.10700665985925545,0.598702350781964
BRO,Financial Services,B,0.116108883691467,0.04221815914541511,0.8416729571631179
BRSL,Consumer Cyclical,B,0.3246344604327521,0.06220819619246897,0.6131573433747789
BTG,Basic Materials,B,0.2888109827079989,0.1294788178954446,0.5817101993965565
BTI,Consumer Defensive,B,0.12161478618872558,0.10774853285237514,0.7706366809588993
BUD,Consumer Defensive,B,0.18270605553636046,0.1618743085790373,0.6554196358846023
BUSE,Financial Services,B,0.567221320948649,0.2062464062794408,0.22653227277191024
BWXT,Industrials,B,0.21881141287510522,0.03236828856897081,0.748820298555924
BXC,Industrials,B,0.3979157590697072,0.05886279854634914,0.5432214423839437
BY,Financial Services,B,0.5131000207255605,0.18656744982640355,0.30033252944803596
CACC,Financial Services,B,0.17835360072527875,0.06485085774820014,0.7567955415265212
CACI,Technology,B,0.04703929807545588,0.02116333810966523,0.9317973638148789
CAG,Consumer Defensive,B,0.24298791409927195,0.21528296077769776,0.5417291251230303
CAKE,Consumer Cyclical,B,0.3206408360027352,0.061442916462983825,0.617916247534281
CALX,Technology,B,0.23676602355975154,0.10652283546914774,0.6567111409711007
CALY,Consumer Cyclical,B,0.32169581544758036,0.061645077281636484,0.6166591072707831
CAMT,Technology,B,0.30218924189390306,0.13595723918000027,0.5618535189260967
CARG,Consumer Cyclical,B,0.22167325648806083,0.04247821815296578,0.7358485253589734
CARS,Communication Services,B,0.27050687463799533,0.08202562941002288,0.6474674959519818
CAT,Industrials,B,0.4371176205903518,0.06466184325552676,0.4982205361541215
CBU,Financial Services,B,0.5200630451348329,0.18909926361444435,0.29083769125072273
CBZ,Industrials,B,0.15329107234444037,0.02267600944345596,0.8240329182121037
CCEP,Consumer Defensive,B,0.18138623286179562,0.16070496921442273,0.6579087979237817
CCJ,Energy,B,0.08874122919796147,0.12951361988027119,0.7817451509217673
CCOI,Communication Services,B,0.08767208991365318,0.026584752666575753,0.885743157419771
CCRN,Healthcare,B,0.048127868880108414,0.018984040290801876,0.9328880908290896
CCS,Real Estate,B,0.23840270996649274,0.08707934134506075,0.6745179486884465
CDNA,Healthcare,B,0.18267572920588743,0.0720564505366972,0.7452678202574154
CDW,Technology,B,0.26329839053744764,0.11845994924788598,0.6182416602146664
CECO,Industrials,B,0.16793721107526693,0.024842580366935017,0.8072202085577981
CELH,Consumer Defensive,B,0.06049259195464197,0.05359535822753698,0.885912049817821
CET,Financial Services,B,0.3221348279900032,0.1171309119679561,0.5607342600420407
CEVA,Technology,B,0.36060807157752095,0.16224031514304169,0.47715161327943734
CFFN,Financial Services,B,0.40846523369725546,0.14852136798958163,0.443013398313163
CGAU,Basic Materials,B,0.21570735905619098,0.09670523468348106,0.687587406260328
CGC,Healthcare,B,0.07676697681610158,0.030280737850876614,0.8929522853330218
CHCT,Real Estate,B,0.28701544773463256,0.10483570487979044,0.6081488473855771
CHD,Consumer Defensive,B,0.15944809939729956,0.1412681739989888,0.6992837266037116
CHDN,Consumer Cyclical,B,0.289126605316037,0.05540399058062526,0.6554694041033376
CHKP,Technology,B,0.07441856045131531,0.033481476571767144,0.8920999629769175
CHRW,Industrials,B,0.16151220410687284,0.023892143290193808,0.8145956526029333
CHT,Communication Services,B,0.07291230957927636,0.022109153761737846,0.9049785366589859
CI,Healthcare,B,0.05666203159468052,0.022350341201097468,0.920987627204222
CIA,Financial Services,B,0.036553976543928196,0.013291330947855335,0.9501546925082165
CIEN,Technology,B,0.23097193357877766,0.10391603030150949,0.6651120361197128
CIVB,Financial Services,B,0.3593280359673687,0.1306546727999822,0.510017291232649
CL,Consumer Defensive,B,0.195117575292835,0.1728706938553564,0.6320117308518086
CLDX,Healthcare,B,0.19365161270223868,0.0763858883316875,0.7299624989660738
CLF,Basic Materials,B,0.2535863745733009,0.11368703401192731,0.6327265914147717
CLFD,Technology,B,0.21719261584042746,0.09771661040903089,0.6850907737505416
CLS,Technology,B,0.2391218805598483,0.10758275345838075,0.653295365981771
CMBT,Energy,B,0.07224842466605558,0.10544315301599269,0.8223084223179518
CME,Financial Services,B,0.027114583210082612,0.009859088751268352,0.963026328038649
CMG,Consumer Cyclical,B,0.19968994792898287,0.03826565867921271,0.7620443933918044
CMP,Basic Materials,B,0.18695481034421266,0.08381498382182287,0.7292302058339645
CNA,Financial Services,B,0.27168566541496764,0.09878717541110983,0.6295271591739225
CNC,Healthcare,B,0.04700065318841143,0.018539410004742313,0.9344599368068462
CNH,Industrials,B,0.4047304863018758,0.05987088608013589,0.5353986276179883
CNI,Industrials,B,0.30795376672860103,0.04555491990293235,0.6464913133684667
CNK,Communication Services,B,0.1846723709847685,0.0559980868690988,0.7593295421461327
CNOB,Financial Services,B,0.5204193697164318,0.1892288262061693,0.2903518040773989
CNS,Financial Services,B,0.3502494101540385,0.12735360868479073,0.5223969811611707
CNXN,Technology,B,0.16979823253827747,0.07639351675415706,0.7538082507075655
CODI,Industrials,B,0.07270932482753278,0.010755729679493224,0.916534945492974
COKE,Consumer Defensive,B,0.09904034058491837,0.08774797642339487,0.8132116829916868
COLB,Financial Services,B,0.48017337158413426,0.1745950453954743,0.34523158302039136
CORT,Healthcare,B,0.06910836851657885,0.027259799423459567,0.9036318320599616
COTY,Consumer Defensive,B,0.1138799600598142,0.10089561477080981,0.7852244251693761
CPB,Consumer Defensive,B,0.18082124016115014,0.1602043957523079,0.6589743640865419
CQP,Energy,B,0.1324993741179933,0.19337655933985906,0.6741240665421476
CRAI,Industrials,B,0.17097272190136695,0.025291616772680103,0.803735661325953
CRMD,Healthcare,B,0.06536473323723631,0.025783122299979453,0.9088521444627842
CRS,Industrials,B,0.3420471198559691,0.0505982742591348,0.6073546058848961
CRUS,Technology,B,0.3011802154933975,0.13550327052508493,0.5633165139815175
CRVS,Healthcare,B,0.07200762353802924,0.02840341071191352,0.8995889657500572
CSGP,Real Estate,B,0.1339371723689217,0.04892209804638889,0.8171407295846894
CSL,Industrials,B,0.4026746658076089,0.05956677309932707,0.537758561093064
CSR,Real Estate,B,0.3402063916534757,0.12426431105052535,0.535529297295999
CSW,Industrials,B,0.40419216108409833,0.059791252820773313,0.5360165860951283
CSWC,Financial Services,B,0.186876114706791,0.067949714960079,0.74517417033313
CTBI,Financial Services,B,0.5008275713039592,0.1821050847918554,0.31706734390418545
CTRE,Real Estate,B,0.2679955893148911,0.09788848207389124,0.6341159286112177
CUBI,Financial Services,B,0.42135526013439945,0.1532082891812281,0.4254364506843724
CUZ,Real Estate,B,0.4822408938314259,0.17614405226516108,0.34161505390341307
CVBF,Financial Services,B,0.49562163294482586,0.18021216215614097,0.32416620489903314
CVEO,Consumer Cyclical,B,0.10890804786539589,0.020869544162126254,0.8702224079724779
CVS,Healthcare,B,0.0531771039564227,0.020975711319603612,0.9258471847239736
CWEN,Utilities,B,0.1456256127142427,0.22757067217035992,0.6268037151153973
CWH,Consumer Cyclical,B,0.3507602391032233,0.06721455800337214,0.5820252028934045
CYD,Consumer Cyclical,B,0.03756601646227,0.007198601525972322,0.9552353820117577
CYRX,Industrials,B,0.16627617886096485,0.02459686754360265,0.8091269535954325
CZNC,Financial Services,B,0.2913932327703136,0.10595301137925058,0.6026537558504358
CZR,Consumer Cyclical,B,0.4286044961783082,0.08213149199161399,0.48926401183007784
D,Utilities,B,0.23327174697404943,0.3645362053267885,0.4021920476991621
DAKT,Technology,B,0.08840406609272852,0.03977366197064523,0.8718222719366262
DAR,Consumer Defensive,B,0.08395633089584839,0.07438381270233103,0.8416598564018205
DBI,Consumer Cyclical,B,0.24568911710794933,0.04708026615237245,0.7072306167396781
DBVT,Healthcare,B,0.008489661241801437,0.0033487473021318313,0.9881615914560667
DCH,Consumer Cyclical,B,0.3686792548759972,0.07064829589824229,0.5606724492257605
DCO,Industrials,B,0.31564473878409377,0.04669262839627395,0.6376626328196323
DCOM,Financial Services,B,0.479776415545131,0.17445070886673023,0.34577287558813885
DEA,Real Estate,B,0.37864633281307797,0.13830494321444464,0.48304872397247733
DECK,Consumer Cyclical,B,0.2954268312992107,0.05661127366910487,0.6479618950316843
DHC,Real Estate,B,0.19613608553703807,0.07164096895108393,0.7322229455118779
DIOD,Technology,B,0.3975358192882126,0.17885438980835985,0.42360979090342754
DK,Energy,B,0.17882392045964976,0.2609850400905079,0.5601910394498424
DKS,Consumer Cyclical,B,0.3215111311579157,0.06160968708766319,0.616879181754421
DLB,Industrials,B,0.23778634427104792,0.03517520822151594,0.7270384475074361
DMLP,Energy,B,0.16043845876481147,0.23415232976195555,0.605409211473233
DNN,Energy,B,0.09139160679523128,0.13338172042129767,0.775226672783471
DOC,Real Estate,B,0.432909741990415,0.15812527969872434,0.40896497831086065
DORM,Consumer Cyclical,B,0.25525408517925335,0.048913156627281365,0.6958327581934654
DQ,Technology,B,0.11041464117678979,0.04967638717170889,0.8399089716515014
DRD,Basic Materials,B,0.23148130828540178,0.10377696125215499,0.6647417304624432
DRH,Real Estate,B,0.33065888496393026,0.12077697403942332,0.5485641409966464
DSGX,Technology,B,0.21482328828805777,0.09665063191583757,0.6885260797961047
DVA,Healthcare,B,0.07495646211538202,0.02956658023647715,0.8954769576481408
DXPE,Industrials,B,0.2793005642046085,0.04131631499866656,0.6793831207967249
EBS,Healthcare,B,0.12017931445679313,0.047404736608058384,0.8324159489351486
ECC,Financial Services,B,0.0723489484576844,0.0263066814775899,0.9013443700647258
ECL,Basic Materials,B,0.178960251125283,0.08023088855108067,0.7408088603236364
ED,Utilities,B,0.2445882128517613,0.3822205652301337,0.37319122191810494
EEX,Communication Services,B,0.10552604680805538,0.031998596783042656,0.8624753564089019
EFOR,Technology,B,0.11667913516449581,0.052494830681115,0.8308260341543892
EGBN,Financial Services,B,0.40245334373721925,0.14633539462537312,0.45121126163740755
EGP,Real Estate,B,0.4547598896423074,0.1661062983125083,0.37913381204518426
EIX,Utilities,B,0.20001597181868355,0.3125670567368111,0.4874169714445053
EMBJ,Industrials,B,0.19193640301913123,0.028392727774943,0.7796708692059258
EMR,Industrials,B,0.5072954465565955,0.07504309390498422,0.41766145953842027
ENPH,Technology,B,0.15111013105948165,0.06798559770763846,0.7809042712328799
ENSG,Healthcare,B,0.16943221728645416,0.06683254659662169,0.7637352361169241
ENVA,Financial Services,B,0.36059573364147235,0.13111561825438686,0.5082886481041408
EPD,Energy,B,0.1956342233098896,0.28551888070884607,0.5188468959812644
EPR,Real Estate,B,0.37036600194243635,0.13528045679633308,0.49435354126123054
EQBK,Financial Services,B,0.43470606165550507,0.15806275203899398,0.4072311863055009
EQIX,Real Estate,B,0.21480582693838812,0.07846030747513287,0.706733865586479
EQT,Energy,B,0.14893772752623904,0.21736755736878882,0.6336947151049721
ERIC,Technology,B,0.12559790076382746,0.05650745118401302,0.8178946480521595
ESE,Technology,B,0.2075661253482995,0.09338557909203335,0.6990482955596672
ESLT,Industrials,B,0.04082477381839699,0.006039118537528446,0.9531361076440745
ETD,Consumer Cyclical,B,0.37219040860662045,0.07132112200501285,0.5564884693883667
EVRG,Utilities,B,0.2755350778293102,0.4305815556716001,0.2938833664990897
EW,Healthcare,B,0.14842964074563136,0.05854807922793623,0.7930222800264324
EXK,Basic Materials,B,0.3091028036371484,0.13857598228378334,0.5523212140790683
EXLS,Technology,B,0.1521026737582064,0.06843215021970393,0.7794651760220896
EXP,Basic Materials,B,0.29887080089362783,0.1339888034739198,0.5671403956324523
EXPD,Industrials,B,0.2734455523230953,0.040450196035010176,0.6861042516418945
EXR,Real Estate,B,0.3350278174744343,0.12237277706300967,0.542599405462556
EXTR,Technology,B,0.25056502403429354,0.1127311107743981,0.6367038651913083
EYE,Consumer Cyclical,B,0.20655076806633343,0.03958036582575717,0.7538688661079094
F,Consumer Cyclical,B,0.33698858629780565,0.06457556004095018,0.5984358536612441
FCBC,Financial Services,B,0.46490328495009814,0.1690427144524511,0.36605400059745075
FCF,Financial Services,B,0.5575904911032328,0.20274455616953332,0.2396649527272339
FELE,Industrials,B,0.5077105698476083,0.07510450217568933,0.41718492797670237
FFBC,Financial Services,B,0.5788085543323397,0.21045962104384794,0.21073182462381237
FFIV,Technology,B,0.28864734591917235,0.129864637145433,0.5814880169353946
FHB,Financial Services,B,0.5517624329838201,0.20062542559682095,0.24761214141935894
FHI,Financial Services,B,0.27127738709297067,0.09863872200577446,0.6300838909012548
FHN,Financial Services,B,0.327857317210445,0.11921165680793329,0.5529310259816217
FINV,Financial Services,B,0.026302394533868775,0.009563770170137084,0.9641338352959942
FIS,Technology,B,0.10526715836368093,0.04736049548870022,0.8473723461476188
FISI,Financial Services,B,0.47092761825094753,0.17123321231923033,0.35783916942982213
FITB,Financial Services,B,0.558633792808244,0.20312390937678568,0.23824229781497033
FIVE,Consumer Cyclical,B,0.2764680249033483,0.05297828551905862,0.6705536895775931
FIVN,Technology,B,0.20834086505746544,0.09373414038190976,0.6979249945606248
FLEX,Technology,B,0.30377375838874665,0.1366701252070606,0.5595561164041928
FLG,Financial Services,B,0.2078634101042359,0.07558087072483194,0.7165557191709322
FLO,Consumer Defensive,B,0.21532826184871237,0.19077700190046232,0.5938947362508253
FMC,Basic Materials,B,0.11389429139248546,0.051060725171411206,0.8350449834361033
FMNB,Financial Services,B,0.42920455695115206,0.15606235901338528,0.4147330840354627
FMS,Healthcare,B,0.08537551512822389,0.03367637621935186,0.8809481086524243
FN,Technology,B,0.23441663728968345,0.10546582871058816,0.6601175339997284
FND,Consumer Cyclical,B,0.46087034262355225,0.08831444651623879,0.4508152108602089
FPI,Real Estate,B,0.17918465660559543,0.06544926388860749,0.755366079505797
FRBA,Financial Services,B,0.3261279106904402,0.11858283016377491,0.5552892591457849
FRPT,Consumer Defensive,B,0.06066924773720547,0.05375187210210456,0.88557888016069
FRST,Financial Services,B,0.3917204931281701,0.14243284056843403,0.46584666630339583
FSM,Basic Materials,B,0.27816167907932454,0.12470455608475538,0.5971337648359201
FTAI,Industrials,B,0.1683236477333983,0.024899745087456997,0.8067766071791448
FTS,Utilities,B,0.22050160601047633,0.34458017212201725,0.43491822186750645
FTV,Technology,B,0.2835438450553892,0.12756853327606915,0.5888876216685417
FUN,Consumer Cyclical,B,0.2048786803041318,0.0392599514020284,0.7558613682938398
FWRD,Industrials,B,0.1954753823727716,0.028916241166923356,0.775608376460305
GABC,Financial Services,B,0.4630949215380286,0.16838517842337022,0.36851990003860113
GAP,Consumer Cyclical,B,0.3291828300569604,0.06307977917094092,0.6077373907720988
GASS,Industrials,B,0.05415008198461154,0.008010301915612503,0.937839616099776
GATX,Industrials,B,0.37593202353818456,0.05561079314974574,0.5684571833120697
GBDC,Financial Services,B,0.18327653904805863,0.06664087920880142,0.7500825817431399
GD,Industrials,B,0.2587578576268465,0.038277477829436114,0.7029646645437173
GDDY,Technology,B,0.1618325202814414,0.07280968220149632,0.7653577975170622
GE,Industrials,B,0.33875104108566473,0.050110692613454536,0.6111382663008808
GEO,Industrials,B,0.0837682251447223,0.012391648354935404,0.9038401265003423
GEVO,Basic Materials,B,0.11329947787410308,0.05079406027346913,0.8359064618524278
GGAL,Financial Services,B,0.06742798088792219,0.02451737659923358,0.9080546425128442
GIC,Industrials,B,0.21136638447797773,0.031266961977290904,0.7573666535447313
GIL,Consumer Cyclical,B,0.2858931140611188,0.05478437164644176,0.6593225142924395
GKOS,Healthcare,B,0.18894141449617186,0.07452795041333948,0.7365306350904887
GM,Consumer Cyclical,B,0.3701838226194664,0.07093660923763893,0.5588795681428946
GME,Consumer Cyclical,B,0.030186842746566987,0.005784564687021721,0.9640285925664113
GMED,Healthcare,B,0.20360090223354316,0.08031038608573625,0.7160887116807205
GNL,Real Estate,B,0.43196304752010345,0.1577794886171493,0.4102574638627472
GNRC,Industrials,B,0.2692084854045188,0.039823416092846904,0.6909680985026343
GNTX,Consumer Cyclical,B,0.40647872236177757,0.07789163256124385,0.5156296450769785
GNW,Financial Services,B,0.26801691992646814,0.0974531889324432,0.6345298911410886
GOLF,Consumer Cyclical,B,0.33979410105884966,0.06511316782431131,0.595092731116839
GOOD,Real Estate,B,0.3966701082446341,0.14488833521259675,0.45844155654276914
GOOGL,Communication Services,B,0.23710632839245147,0.0718976027855768,0.6909960688219717
GPI,Consumer Cyclical,B,0.382372251048572,0.07327222125487495,0.544355527696553
GPRK,Energy,B,0.15746670815670763,0.22981520053672996,0.6127180913065624
GRBK,Consumer Cyclical,B,0.39973497130969815,0.07659935882061356,0.5236656698696883
GRMN,Technology,B,0.22480102154042814,0.10113969002315112,0.6740592884364207
GSBC,Financial Services,B,0.500143364795451,0.18185630159503058,0.31800033360951846
GT,Consumer Cyclical,B,0.31109667296967,0.05961401276107131,0.6292893142692586
GTLS,Industrials,B,0.2564222249076802,0.037931972844793216,0.7056458022475266
GTN,Communication Services,B,0.1975539217707266,0.059904151409637375,0.742541926819636
GTY,Real Estate,B,0.3807056491906676,0.13905713228900177,0.48023721852033063
GVA,Industrials,B,0.3594103294522888,0.05316677546897795,0.5874228950787332
GYRE,Healthcare,B,0.027899084457807054,0.011004795262031568,0.9610961202801613
HAE,Healthcare,B,0.11499242481786835,0.045358767730138916,0.8396488074519928
HALO,Healthcare,B,0.19056076727899948,0.07516670419964991,0.7342725285213506
HAPN,Financial Services,B,0.2271069930491231,0.08257799808895414,0.6903150088619228
HAS,Consumer Cyclical,B,0.2609321568624745,0.05000121917244018,0.6890666239650853
HBAN,Financial Services,B,0.5380597109326642,0.19564300149722902,0.26629728757010673
HBM,Basic Materials,B,0.3922311208119101,0.17584380409756795,0.431925075090522
HD,Consumer Cyclical,B,0.4080989756217396,0.07820211417968584,0.5136989101985746
HDB,Financial Services,B,0.09808084683148954,0.03566301448261379,0.8662561386858967
HEI-A,Industrials,B,0.2956893098882237,0.043740665916200815,0.6605700241955755
HFWA,Financial Services,B,0.4974070374411413,0.18086135013184043,0.3217316124270183
HII,Industrials,B,0.15237832083998312,0.022540988131268286,0.8250806910287486
HIMX,Technology,B,0.20661649692764625,0.09295833404019194,0.7004251690321618
HIVE,Financial Services,B,0.0957191457701969,0.03480428026616489,0.8694765739636382
HLIT,Technology,B,0.1527415796628484,0.06871959884741326,0.7785388214897383
HLNE,Financial Services,B,0.26007539790552087,0.09456558524633688,0.6453590168481423
HLX,Energy,B,0.23491794810484495,0.34285161597246694,0.42223043592268816
HMN,Financial Services,B,0.23099181947510664,0.08399055339988372,0.6850176271250097
HON,Industrials,B,0.3971238494907717,0.058745653113052444,0.5441304973961759
HP,Energy,B,0.2527369104187697,0.3688575472926018,0.37840554228862844
HR,Real Estate,B,0.2912261978578658,0.10637372996076085,0.6024000721813733
HRB,Consumer Cyclical,B,0.07678137487726933,0.014713258801685695,0.908505366321045
HRTG,Financial Services,B,0.053854014922284255,0.019581769286923626,0.9265642157907921
HRZN,Financial Services,B,0.09340585650224575,0.03396314898181581,0.8726309945159384
HSBC,Financial Services,B,0.2051780535341839,0.07460445266419588,0.7202174938016203
HSIC,Healthcare,B,0.15666857807013482,0.06179792846832945,0.7815334934615358
HTB,Financial Services,B,0.42468577617636905,0.15441929261030132,0.42089493121332966
HTLD,Industrials,B,0.29585387409606445,0.043765009535656145,0.6603811163682795
HTO,Utilities,B,0.1690241908596641,0.26413587562006496,0.566839933520271
HTT,Financial Services,B,0.03090402572252914,0.01123696167516958,0.9578590126023012
HUBS,Technology,B,0.236485435245074,0.10639659665147626,0.6571179681034497
HWC,Financial Services,B,0.5925270482296213,0.21544777991832179,0.1920251718520569
HWKN,Basic Materials,B,0.16168211027111556,0.07248480759442105,0.7658330821344634
HZO,Consumer Cyclical,B,0.35668693744542523,0.06835026372220988,0.5749627988323649
IBOC,Financial Services,B,0.5532851910156379,0.20117911312600328,0.24553569585835883
IBP,Consumer Cyclical,B,0.38653849650249295,0.07407057955065785,0.5393909239468492
ICFI,Industrials,B,0.14288154166602007,0.02113615058308206,0.8359823077508979
IDT,Communication Services,B,0.16227652727828748,0.04920700927208391,0.7885164634496287
IIIN,Industrials,B,0.3190905714110817,0.047202362798904864,0.6337070657900135
ILMN,Healthcare,B,0.25807039009198574,0.10179587830023566,0.6401337316077786
IMKTA,Consumer Defensive,B,0.14091343384274838,0.12484679068698587,0.7342397754702658
IMO,Energy,B,0.24802047969114968,0.3619741400875251,0.3900053802213252
INSM,Healthcare,B,0.12530502647740863,0.04942657397137096,0.8252683995512204
INVA,Healthcare,B,0.09846808965945196,0.03884074289908838,0.8626911674414597
INVX,Energy,B,0.21081693404272814,0.3076773277393514,0.4815057382179204
IOSP,Basic Materials,B,0.265235372691263,0.11890947566507235,0.6158551516436646
IPGP,Technology,B,0.24371256544074915,0.10964813751520888,0.646639297044042
IPI,Basic Materials,B,0.18901607472998816,0.08473908329178668,0.7262448419782251
IQV,Healthcare,B,0.3261397165603368,0.12864582753571926,0.5452144559039439
IRS,Real Estate,B,0.05246899967200527,0.019164907702242946,0.9283660926257518
IRT,Real Estate,B,0.44290189823694054,0.16177503009244543,0.395323071670614
IRTC,Healthcare,B,0.1291549351368929,0.05094517063497192,0.8198998942281351
IRWD,Healthcare,B,0.051022300932628134,0.02012574915891951,0.9288519499084523
ITGR,Healthcare,B,0.17430970136106866,0.06875647043419879,0.7569338282047327
ITT,Industrials,B,0.5822845675528794,0.08613606879165817,0.3315793636554625
ITW,Industrials,B,0.5243954869516303,0.07757266507668299,0.3980318479716867
IVZ,Financial Services,B,0.3815282913586714,0.13872687094176625,0.47974483769956233
IX,Financial Services,B,0.15636768551903416,0.0568565954865688,0.786775718994397
JBHT,Industrials,B,0.35418588300143367,0.05239393465545542,0.5934201823431109
JBSS,Consumer Defensive,B,0.12937157797017948,0.1146209121105685,0.756007509919252
JBTM,Industrials,B,0.39175969088856555,0.057952144989849394,0.5502881641215851
JHX,Basic Materials,B,0.1536440131811728,0.06888119356431725,0.77747479325451
JKHY,Technology,B,0.07347640693014741,0.03305759453407807,0.8934659985357745
JLL,Real Estate,B,0.3254518285011071,0.11887503656902745,0.5556731349298655
JNJ,Healthcare,B,0.07757632258257104,0.030599984329005975,0.8918236930884229
JOYY,Communication Services,B,0.15041799203000525,0.045611153089415685,0.8039708548805791
JPM,Financial Services,B,0.37169554273786726,0.13515160147993022,0.4931528557822026
KBH,Consumer Cyclical,B,0.4447853702946545,0.08523215786132324,0.4699824718440223
KBR,Industrials,B,0.25838279377260925,0.03822199546265175,0.703395210764739
KE,Industrials,B,0.24735636313874954,0.03659087995568216,0.7160527569055684
KEP,Utilities,B,0.01799015438540236,0.028113402921560053,0.9538964426930375
KFRC,Industrials,B,0.18599026748982575,0.02751312909152046,0.7864966034186538
KGC,Basic Materials,B,0.30245423531868293,0.13559531735719232,0.5619504473241247
KHC,Consumer Defensive,B,0.2207349154493801,0.1955672006202868,0.5836978839303332
KLIC,Technology,B,0.35333907260492053,0.15896993719800553,0.48769099019707385
KMPR,Financial Services,B,0.16932051356307318,0.06156635186661936,0.7691131345703074
KN,Technology,B,0.3211596788539501,0.14449218310772546,0.5343481380383244
KNOP,Energy,B,0.04816948134995699,0.07030107599108457,0.8815294426589584
KNX,Industrials,B,0.3352576107965392,0.04959391719389018,0.6151484720095706
KODK,Industrials,B,0.12989763515719877,0.01921546999742198,0.8508868948453793
KOF,Consumer Defensive,B,0.08886426575693965,0.078732155508254,0.8324035787348064
KOP,Basic Materials,B,0.22499698510839428,0.10086993018311902,0.6741330847084868
KOPN,Technology,B,0.17565178928272446,0.07902707647114358,0.7453211342461319
KOS,Energy,B,0.21750282772949575,0.3174350728295875,0.4650620994409168
KR,Consumer Defensive,B,0.08622283990901576,0.07639189928882957,0.8373852608021546
KRC,Real Estate,B,0.4225973134695546,0.15435854616037337,0.423044140370072
KREF,Real Estate,B,0.302390234468247,0.11045152318266166,0.5871582423490913
KRNY,Financial Services,B,0.4223483192098821,0.15356937374906296,0.424082307041055
L,Financial Services,B,0.36470434482651803,0.13260954357140067,0.5026861116020813
LAMR,Real Estate,B,0.3755223200220579,0.13716386148666643,0.4873138184912757
LAND,Real Estate,B,0.30244540433104966,0.11047167461179444,0.587082921057156
LAUR,Consumer Defensive,B,0.03250481604036403,0.02879868763285514,0.9386964963267809
LAZ,Financial Services,B,0.3350633196925997,0.12183181945114903,0.5431048608562512
LBRDA,Communication Services,B,0.15574188185283133,0.0472255128509239,0.7970326052962448
LBTYK,Communication Services,B,0.231870731126461,0.07031001592052957,0.6978192529530095
LCII,Consumer Cyclical,B,0.44271727848527026,0.08483585901846251,0.4724468624962673
LEA,Consumer Cyclical,B,0.47163502838954086,0.09037723332940772,0.4379877382810514
LECO,Industrials,B,0.5195545621612517,0.07685655777452369,0.40358888006422455
LGIH,Consumer Cyclical,B,0.4332048990334205,0.0830130458568251,0.48378205510975436
LH,Healthcare,B,0.22083384345940926,0.08710792061559108,0.6920582359249996
LII,Industrials,B,0.4135848020144535,0.061180685428806406,0.5252345125567401
LILA,Communication Services,B,0.21685952697094274,0.0657581779285875,0.7173822951004697
LIN,Basic Materials,B,0.2069537514805142,0.09278084527629168,0.7002654032431941
LITE,Technology,B,0.22289279452523658,0.10028116416998649,0.676826041304777
LKFN,Financial Services,B,0.43465467809917124,0.15804406854906808,0.4073012533517607
LLY,Healthcare,B,0.0824826564478898,0.03253528796797166,0.8849820555841386
LNC,Financial Services,B,0.38163899964932696,0.1387671254002109,0.4795938749504621
LOB,Financial Services,B,0.3870572026899682,0.14073722924566517,0.4722055680643667
LOMA,Basic Materials,B,0.1174159663575723,0.052639551250724274,0.8299444823917034
LQDT,Consumer Cyclical,B,0.12212640563159832,0.023402516762034524,0.8544710776063672
LRCX,Technology,B,0.4137559947069424,0.18615197014287113,0.40009203515018643
LRN,Consumer Defensive,B,0.019934507753649897,0.017661618549054337,0.9624038736972957
LSCC,Technology,B,0.4006516352740625,0.18025621912754458,0.41909214559839286
LULU,Consumer Cyclical,B,0.25958950972098704,0.0497439339271105,0.6906665563519024
LW,Consumer Defensive,B,0.10023698305328116,0.0888081803209279,0.8109548366257909
LXFR,Industrials,B,0.28105833191836677,0.04157633769057533,0.6773653303910578
LXP,Real Estate,B,0.4153628241806047,0.15171606545057692,0.4329211103688184
LYTS,Technology,B,0.0895107970495203,0.040271588648833456,0.8702176143016462
LYV,Communication Services,B,0.2626375919509995,0.07963943177171869,0.6577229762772817
MAA,Real Estate,B,0.42948793477054176,0.156875425118807,0.41363664011065115
MAN,Industrials,B,0.26837059434824184,0.0396994687212607,0.6919299369304974
MAR,Consumer Cyclical,B,0.4144952702867872,0.07942780646416389,0.5060769232490488
MAS,Industrials,B,0.46576027822433297,0.06889888827752533,0.4653408334981417
MATW,Industrials,B,0.3178368359882958,0.04701690048950954,0.6351462635221946
MCK,Healthcare,B,0.024692091838144976,0.009739796862546399,0.9655681112993085
MCRI,Consumer Cyclical,B,0.2766795217507865,0.05301881367913745,0.6703016645700761
MDT,Healthcare,B,0.21139878381437557,0.08338626086594303,0.7052149553196814
MDU,Utilities,B,0.17216273549424504,0.26904051223457176,0.5587967522711832
MDXG,Healthcare,B,0.12039194908131635,0.04748861034635384,0.8321194405723298
MEDP,Healthcare,B,0.1897257665354358,0.07483733811452052,0.7354368953500436
META,Communication Services,B,0.23824399036608404,0.07224257531009377,0.6895134343238222
METC,Basic Materials,B,0.09335000568978123,0.04185037658164909,0.8647996177285696
MFA,Real Estate,B,0.3622449882415787,0.1323141628132475,0.5054408489451738
MFIC,Financial Services,B,0.24512405009255844,0.08912915039882409,0.6657467995086175
MGA,Consumer Cyclical,B,0.4297993682381338,0.08236045978333717,0.487840171978529
MGM,Consumer Cyclical,B,0.4062074338410427,0.07783964680008913,0.5159529193588682
MGNI,Communication Services,B,0.298287459355459,0.09044951863604682,0.6112630220084943
MHK,Consumer Cyclical,B,0.4835142743404776,0.0926535981421555,0.4238321275173668
MHO,Consumer Cyclical,B,0.4741388750458918,0.09085703385282262,0.4350040911012856
MKC,Consumer Defensive,B,0.20682829449386844,0.18324618233090553,0.6099255231752261
MKL,Financial Services,B,0.21693104491938603,0.07887793842135525,0.7041910166592588
MKSI,Technology,B,0.4435021455324689,0.19953498972730216,0.3569628647402289
MLKN,Consumer Cyclical,B,0.33087092251395606,0.0634032605001129,0.605725816985931
MLM,Basic Materials,B,0.24481179981951817,0.10975324466637579,0.645434955514106
MMM,Industrials,B,0.2947915027548662,0.04360785529179164,0.6616006419533421
MMSI,Healthcare,B,0.2470883036740715,0.09746399376252407,0.6554477025634045
MOH,Healthcare,B,0.053847316602649076,0.021240076731482982,0.9249126066658679
MOS,Basic Materials,B,0.2217163694354647,0.09939917503621501,0.6788844555283203
MRSH,Financial Services,B,0.12207233778998118,0.044386520826132494,0.8335411413838864
MRVL,Technology,B,0.35271750748257136,0.15869029032018966,0.488592202197239
MSI,Technology,B,0.1496975741672691,0.06735007761418217,0.7829523482185488
MSM,Industrials,B,0.43644744772962274,0.06456270606582472,0.49898984620455256
MTDR,Energy,B,0.2898877698472632,0.423077466598811,0.2870347635539257
MTH,Consumer Cyclical,B,0.445853826362669,0.08543690114277734,0.46870927249455363
MTLS,Technology,B,0.1887695942999824,0.08492887675718458,0.726301528942833
MTUS,Basic Materials,B,0.2556759607371562,0.11462383061103801,0.6297002086518059
MUR,Energy,B,0.2902767454505363,0.4236451580639882,0.2860780964854755
MXL,Technology,B,0.26335058862537075,0.11848343356479954,0.6181659778098297
MYGN,Healthcare,B,0.14516542534805277,0.05726050930083521,0.797574065351112
MYRG,Industrials,B,0.28190986380340727,0.041702302919804035,0.6763878332767888
MZTI,Consumer Defensive,B,0.13916653264101464,0.12329906735971904,0.7375343999992663
NAVI,Financial Services,B,0.30183000713071095,0.10974790964115184,0.5884220832281372
NBTB,Financial Services,B,0.5076109599019,0.18457158149967026,0.3078174585984298
NC,Energy,B,0.0622226741566392,0.09081104511951098,0.8469662807238498
NEOG,Healthcare,B,0.13666872170366276,0.05390898412264953,0.8094222941736877
NEU,Basic Materials,B,0.13319489909262205,0.059713512008828754,0.8070915888985492
NEXA,Basic Materials,B,0.16744348634741907,0.07506772932688538,0.7574887843256957
NFBK,Financial Services,B,0.433374553221968,0.1575786044599,0.40904684231813204
NFG,Energy,B,0.1343155006472752,0.19602710996997466,0.6696573893827502
NGG,Utilities,B,0.16273917286736156,0.25431421209225064,0.5829466150403879
NHC,Healthcare,B,0.1046165893820957,0.0412660189227042,0.8541173916952001
NHI,Real Estate,B,0.31451094601285196,0.11487875296577116,0.570610301021377
NI,Utilities,B,0.2729255859406105,0.4265036753312799,0.3005707387281095
NIC,Financial Services,B,0.4357569332332289,0.1584448577151422,0.4057982090516289
NICE,Technology,B,0.17669838539336866,0.07949794802450506,0.7438036665821263
NKTR,Healthcare,B,0.09919105715397959,0.03912591746352303,0.8616830253824974
NLY,Real Estate,B,0.3687302754558768,0.13468298881834617,0.49658673572577705
NMM,Industrials,B,0.118560548328247,0.017538399806296043,0.863901051865457
NMR,Financial Services,B,0.15609769218258626,0.056758423656094154,0.7871438841613195
NNN,Real Estate,B,0.4414814050593043,0.16125617856466246,0.3972624163760332
NOA,Energy,B,0.08958287006060614,0.1307419548463905,0.7796751750930033
NOAH,Financial Services,B,0.05777733183473455,0.021008320059970963,0.9212143481052945
NOC,Industrials,B,0.047923240920549844,0.007089179083003634,0.9449875799964464
NODK,Financial Services,B,0.11280771589689209,0.04101782698403265,0.8461744571190752
NOMD,Consumer Defensive,B,0.1358109670892549,0.12032609609180915,0.743862936818936
NOV,Energy,B,0.2508055453167359,0.3660388114250061,0.38315564325825796
NOVT,Technology,B,0.3306845653765003,0.14877750202574103,0.5205379325977587
NOW,Technology,B,0.2470944215862116,0.1111696603264095,0.6417359180873788
NPKI,Industrials,B,0.1927650434876677,0.028515306727535508,0.7787196497847967
NPO,Industrials,B,0.4952787653672554,0.07326549282254025,0.4314557418102043
NRC,Healthcare,B,0.08641503130223677,0.03408641342626747,0.8794985552714958
NRG,Utilities,B,0.05011193670611379,0.07831044901659319,0.871577614277293
NRIM,Financial Services,B,0.3478121502550621,0.12646740064435213,0.5257204491005857
NSSC,Industrials,B,0.12681583019373313,0.018759585402281235,0.8544245844039856
NTCT,Technology,B,0.19603159454726296,0.08819610592244845,0.7157722995302886
NTES,Communication Services,B,0.1359985287557156,0.04123874831260125,0.8227627229316832
NTGR,Technology,B,0.15491238847997021,0.06969626225115913,0.7753913492688707
NTLA,Healthcare,B,0.22894857671934826,0.09030877755649465,0.6807426457241571
NTRA,Healthcare,B,0.21243255046522455,0.0837940301731586,0.7037734193616169
NVMI,Technology,B,0.3504368536244815,0.1576642067967399,0.4918989395787786
NVO,Healthcare,B,0.07696635125457663,0.030359381108121093,0.8926742676373023
NVR,Consumer Cyclical,B,0.41050658886249725,0.07866347393994352,0.5108299371975592
NVS,Healthcare,B,0.1467269210603068,0.05787644136275947,0.7953966375769337
NWN,Utilities,B,0.17834813834595095,0.2787065061375077,0.5429453555165413
NWPX,Basic Materials,B,0.1458330966550474,0.06537942839943355,0.788787474945519
NWSA,Communication Services,B,0.37280386927447207,0.11304508273460077,0.5141510479909271
OC,Industrials,B,0.5101658772196908,0.07546771036716723,0.414366412413142
OCSL,Financial Services,B,0.197113767294139,0.07167221088344557,0.7312140218224155
OFG,Financial Services,B,0.48457360637283414,0.1761950074886433,0.3392313861385226
OHI,Real Estate,B,0.24018212432055616,0.08772929297502992,0.6720885827044139
OII,Energy,B,0.2445670762015245,0.35693406130012434,0.39849886249835115
OKTA,Technology,B,0.20760942550198194,0.09340506016063076,0.6989855143373873
OLP,Real Estate,B,0.4370083936904388,0.15962235953683127,0.40336924677273
OMAB,Industrials,B,0.12195006933702249,0.018039804155735792,0.8600101265072417
OMF,Financial Services,B,0.3959542803991359,0.14397228095499767,0.4600734386458665
ONB,Financial Services,B,0.5647512976034551,0.20534828517651654,0.22990041722002835
ONC,Healthcare,B,0.1368783567723815,0.053991674686007636,0.8091299685416109
ONIT,Financial Services,B,0.16611323113956164,0.06040015720971513,0.7734866116507232
OPCH,Healthcare,B,0.1405127371191063,0.05542525619584337,0.8040620066850503
ORA,Utilities,B,0.08343693811980914,0.13038777820644062,0.7861752836737502
ORC,Real Estate,B,0.2573297704849544,0.09399266864648864,0.6486775608685569
ORCL,Technology,B,0.1365308022321634,0.06142624673922938,0.8020429510286072
OSG,Financial Services,B,0.0821093580931492,0.029855647880621287,0.8880349940262294
OSUR,Healthcare,B,0.14227924077687784,0.05612205365214721,0.801598705570975
OTEX,Technology,B,0.23576240854809474,0.1060713014392488,0.6581662900126565
OTTR,Industrials,B,0.23026893775334248,0.034063174894468966,0.7356678873521886
OVID,Healthcare,B,0.04664780863916042,0.018400230454613937,0.9349519609062257
OXM,Consumer Cyclical,B,0.30401161081223815,0.058256335156118895,0.6377320540316429
OXY,Energy,B,0.25764995160444654,0.3760278981467511,0.3663221502488023
P,Technology,B,0.25209404761828985,0.1134190301186421,0.6344869222630681
PAA,Energy,B,0.22948431127575633,0.3349214804400848,0.4355942082841589
PAG,Consumer Cyclical,B,0.44525097993899304,0.08532138047824908,0.4694276395827579
PAGP,Energy,B,0.24072825529408295,0.3513314840506507,0.4079402606552664
PANW,Technology,B,0.1698543690730013,0.07641877300825249,0.7537268579187462
PARR,Energy,B,0.16458016690135277,0.24019695657295492,0.5952228765256923
PAYC,Technology,B,0.18635483067539108,0.08384245622939163,0.7298027130952174
PAYS,Technology,B,0.11538935118011101,0.05191454705302639,0.8326961017668627
PBH,Healthcare,B,0.09101527851709466,0.03590098117062497,0.8730837403122803
PBYI,Healthcare,B,0.09689759201397177,0.03822126002415212,0.8648811479618761
PCAR,Industrials,B,0.3956155157389998,0.058522528635703834,0.5458619556252964
PCG,Utilities,B,0.12871272421446897,0.2011407239456036,0.6701465518399274
PCTY,Technology,B,0.22255007829563497,0.10012697353068116,0.6773229481736839
PDFS,Technology,B,0.292176825280588,0.13145257676470423,0.5763705979547077
PEB,Real Estate,B,0.3294958703452735,0.12035216952700171,0.5501519601277248
PFBC,Financial Services,B,0.4964888323598086,0.18052748310100378,0.3229836845391876
PFG,Financial Services,B,0.4668650030789146,0.16975601153642697,0.3633789853846585
PFGC,Consumer Defensive,B,0.14938209091716664,0.13234986990617256,0.7182680391766608
PFIS,Financial Services,B,0.357800630773656,0.1300992955239501,0.512100073702394
PFLT,Financial Services,B,0.1877712633031958,0.06827519846056838,0.7439535382362358
PGC,Financial Services,B,0.484162076693915,0.17604537186279545,0.33979255144328957
PGEN,Healthcare,B,0.15583576975544383,0.06146942718687872,0.7826948030576775
PHG,Healthcare,B,0.17376098520993905,0.0685400293208969,0.757698985469164
PII,Consumer Cyclical,B,0.4149955919842645,0.07952368079085899,0.5054807272248765
PIPR,Financial Services,B,0.41370786749422017,0.15042763339274862,0.4358644991130312
PJT,Financial Services,B,0.2451118860084612,0.08912472743632588,0.6657633865552128
PKE,Industrials,B,0.2227077450651894,0.03294466437602801,0.7443475905587825
PKG,Consumer Cyclical,B,0.28072161707861176,0.0537933816619906,0.6654850012593976
PLAB,Technology,B,0.2692100122720916,0.12111963284575827,0.60967035488215
PLAY,Communication Services,B,0.22298514142651565,0.06761564414608719,0.7093992144273972
PLD,Real Estate,B,0.4248139269727401,0.15516818982550246,0.4200178832017574
PLOW,Consumer Cyclical,B,0.2758201278379722,0.05285413200897929,0.6713257401530486
PLPC,Industrials,B,0.1897849220489998,0.02807446395142108,0.7821406139995791
PLSE,Healthcare,B,0.08411479092477732,0.033179083494144355,0.8827061255810783
PLUS,Technology,B,0.20337266810139368,0.09149891077010527,0.705128421128501
PLXS,Technology,B,0.280053884331402,0.1259983733924605,0.5939477422761374
PNC,Financial Services,B,0.5206867786939006,0.1893260583421503,0.2899871629639491
PNR,Industrials,B,0.5002681330512649,0.07400355895378403,0.42572830799495104
PODD,Healthcare,B,0.19982532796875957,0.0788211106278489,0.7213535614033915
POOL,Industrials,B,0.31607855939633794,0.046756802520373696,0.6371646380832883
POWL,Industrials,B,0.16614194255201775,0.024577010263183218,0.809281047184799
PRGS,Technology,B,0.14380225127636964,0.0646977269901227,0.7915000217335076
PRK,Financial Services,B,0.511851231017525,0.1861133794662657,0.30203538951620923
PRKS,Consumer Cyclical,B,0.3503324489106504,0.0671325825526042,0.5825349685367454
PRLB,Industrials,B,0.20539928280343986,0.03038426181835507,0.764216455378205
PRTA,Healthcare,B,0.1607639811933458,0.06341336043544585,0.7758226583712083
PRU,Financial Services,B,0.4833489322784991,0.1757497057669138,0.34090136195458703
PSKY,Communication Services,B,0.19406462461294724,0.058846094027737286,0.7470892813593154
PTC,Technology,B,0.25935330414951774,0.11668502486517794,0.6239616709853043
PUK,Financial Services,B,0.20473559105208405,0.07444356961294889,0.7208208393349671
PZZA,Consumer Cyclical,B,0.11781392416114084,0.022576135936557804,0.8596099399023013
QCRH,Financial Services,B,0.5069959669694862,0.18434796493676414,0.3086560680937496
QGEN,Healthcare,B,0.2223552439130349,0.08770803710074072,0.6899367189862243
QRVO,Technology,B,0.3377341377787447,0.15194915828723415,0.5103167039340211
QSR,Consumer Cyclical,B,0.18855973519791827,0.036132827628821466,0.7753074371732603
QUIK,Technology,B,0.138362583400295,0.06225037902415209,0.7993870375755529
QURE,Healthcare,B,0.05779468149177532,0.022797115009748438,0.9194082034984762
R,Industrials,B,0.4199055609976025,0.0621157013315567,0.5179787376708407
RACE,Consumer Cyclical,B,0.22895000346445454,0.043872627430856424,0.7271773691046891
RBB,Financial Services,B,0.4193836324442456,0.15249138889804553,0.4281249786577089
RBBN,Technology,B,0.17714161846172874,0.07969736195436518,0.7431610195839061
RBCAA,Financial Services,B,0.44463514657372977,0.1616730501825869,0.39369180324368336
RCI,Communication Services,B,0.10018438741512677,0.030378848765971782,0.8694367638189014
RCKT,Healthcare,B,0.17265866880404526,0.06810522055936978,0.759236110636585
RCKY,Consumer Cyclical,B,0.16906428694184786,0.03239700528772721,0.7985387077704249
RDN,Financial Services,B,0.31293871268663925,0.11378712769363068,0.5732741596197302
RDWR,Technology,B,0.17061301825691508,0.0767600950483908,0.7526268866946941
RES,Energy,B,0.2331214653441273,0.34022973449194327,0.42664880016392936
REX,Basic Materials,B,0.12072839196143684,0.0541245673243291,0.8251470407142341
RGLD,Basic Materials,B,0.29157478991285357,0.13071787911957158,0.5777073309675749
RGNX,Healthcare,B,0.19147211652830468,0.07552618595669386,0.7330016975150015
RHI,Industrials,B,0.2579904160764324,0.03816395189750587,0.7038456320260618
RIGL,Healthcare,B,0.1058053035911306,0.04173490730200857,0.8524597891068608
RIOT,Financial Services,B,0.09678282260277649,0.035191042039850226,0.8680261353573733
RITM,Real Estate,B,0.3489823674261845,0.1274698374896128,0.5235477950842027
RLJ,Real Estate,B,0.33460297617428597,0.12221759887481588,0.5431794249508982
RM,Financial Services,B,0.2506637639550406,0.09114343659321907,0.6581927994517403
RMAX,Real Estate,B,0.20203899596302316,0.07379707511273752,0.7241639289242394
RNG,Technology,B,0.2180414200329761,0.09809849387351187,0.683860086093512
RNR,Financial Services,B,0.07338240710238196,0.02668245566596282,0.8999351372316552
ROKU,Communication Services,B,0.32097341490118547,0.09732856666355541,0.5816980184352591
ROP,Technology,B,0.15713220156531224,0.07069497304803357,0.7721728253866542
RPD,Technology,B,0.1703904208322518,0.0766599467733691,0.7529496323943792
RRC,Energy,B,0.1968570707438033,0.2873035686059921,0.5158393606502045
RRX,Industrials,B,0.4619593845794218,0.0683366304834647,0.4697039849371134
RS,Basic Materials,B,0.276041453830496,0.12375402346886814,0.6002045227006358
RYN,Real Estate,B,0.3179341697994896,0.11612912496304856,0.565936705237462
RYTM,Healthcare,B,0.11352231725719686,0.04477888372918464,0.8416987990136185
SA,Basic Materials,B,0.30778447497887623,0.137984953387755,0.5542305716333688
SAM,Consumer Defensive,B,0.10318037711889147,0.09141597499881962,0.8054036478822889
SAN,Financial Services,B,0.2355228853218277,0.08563808675765455,0.6788390279205179
SAP,Technology,B,0.21059663598956876,0.09474902888763276,0.6946543351227985
SAR,Financial Services,B,0.14862886140317305,0.05404269445045185,0.7973284441463752
SBLK,Industrials,B,0.08946333952712773,0.01323411403504238,0.8973025464378299
SBR,Energy,B,0.17514599610726073,0.2556172837406258,0.5692367201521134
SBS,Utilities,B,0.04078737781398806,0.06373886304883424,0.8954737591371777
SBSI,Financial Services,B,0.4833951923268363,0.17576652630657175,0.340838281366592
SBUX,Consumer Cyclical,B,0.2442161572745543,0.04679800969020477,0.708985833035241
SCCO,Basic Materials,B,0.3793362754212538,0.1700628281718194,0.4506008964069268
SCHL,Communication Services,B,0.08194910681884242,0.024849376103288825,0.8932015170778688
SEI,Energy,B,0.1168567044115885,0.17054682397808557,0.7125964716103259
SFBS,Financial Services,B,0.4524094423853798,0.16449984902333656,0.3830907085912837
SFIX,Consumer Cyclical,B,0.22990453748049622,0.04405554035779324,0.7260399221617105
SFM,Consumer Defensive,B,0.05904220407972151,0.05231034042265395,0.8886474554976246
SHBI,Financial Services,B,0.4317514487402429,0.15698843012404817,0.41126012113570887
SHOO,Consumer Cyclical,B,0.4226415986571083,0.080988849591975,0.4963695517509166
SHOP,Technology,B,0.28107821395305094,0.12645922708300508,0.592462558963944
SIGI,Financial Services,B,0.1798421024913183,0.06539208941324548,0.7547658080954363
SIRI,Communication Services,B,0.10802062975870308,0.03275502760172783,0.859224342639569
SITE,Industrials,B,0.41866549557583654,0.06193226119519125,0.5194022432289722
SKM,Communication Services,B,0.07041318444848568,0.021351345620625573,0.9082354699308888
SKT,Real Estate,B,0.25114399077418753,0.09173324121382678,0.6571227680119858
SLAB,Technology,B,0.3318277831544084,0.1492918444023649,0.5188803724432267
SLF,Financial Services,B,0.2610344758574716,0.09491431399405191,0.6440512101484764
SLG,Real Estate,B,0.3964405372976559,0.1448044817746152,0.458754980927729
SLM,Financial Services,B,0.30838223292735145,0.11213035362514816,0.5794874134475004
SLRC,Financial Services,B,0.19698702920398709,0.07162612785612066,0.7313868429398923
SM,Energy,B,0.26745785382288295,0.39034206678315564,0.34220007939396146
SMCI,Technology,B,0.13396408936782014,0.06027146309234356,0.8057644475398363
SMFG,Financial Services,B,0.18285931595840454,0.06648917341129358,0.7506515106303019
SMP,Consumer Cyclical,B,0.2665566039878974,0.051079005892266716,0.682364390119836
SMPL,Consumer Defensive,B,0.13593576000338045,0.12043666038936535,0.7436275796072542
SMTC,Technology,B,0.2737746836491794,0.1231733132292933,0.6030520031215273
SNA,Industrials,B,0.42986327385090795,0.06358872377991825,0.5065480023691737
SNAP,Communication Services,B,0.2245547520738398,0.06809159619517183,0.7073536517309884
SNN,Healthcare,B,0.19449162208870913,0.07671723007626241,0.7287911478350284
SO,Utilities,B,0.2570766986166254,0.4017364529021527,0.3411868484812219
SONY,Technology,B,0.20180549338076176,0.0907938269392103,0.7074006796800278
SPG,Real Estate,B,0.4322807813383171,0.15789554456138324,0.40982367410029963
SPH,Utilities,B,0.03860678781830248,0.06033123219463906,0.9010619799870584
SQM,Basic Materials,B,0.22850403432745162,0.10244219929465687,0.6690537663778915
SSTK,Communication Services,B,0.2461240887988866,0.0746320526001943,0.6792438586009191
SSYS,Technology,B,0.19295976834663817,0.08681406794233941,0.7202261637110224
ST,Technology,B,0.34557257116437234,0.15547572910731797,0.49895169972830966
STAA,Healthcare,B,0.17263038137523765,0.06809406258165951,0.7592755560431028
STBA,Financial Services,B,0.5484155954270777,0.19940848752875834,0.2521759170441639
STGW,Communication Services,B,0.18785118338491463,0.05696199615327989,0.7551868204618055
STLA,Consumer Cyclical,B,0.30545733850348994,0.05853337324917405,0.6360092882473359
STM,Technology,B,0.3602671254218129,0.1620869208734489,0.4776459537047383
STNG,Energy,B,0.09597758498099392,0.14007473832174974,0.7639476766972563
STZ,Consumer Defensive,B,0.16542449175076562,0.14656315109854007,0.6880123571506942
SU,Energy,B,0.27659799270964314,0.40368166647240517,0.3197203408179517
SUI,Real Estate,B,0.35058469782382445,0.12805510716068022,0.5213601950154952
SUPN,Healthcare,B,0.13057580603857452,0.05150563323332105,0.8179185607281044
SVM,Basic Materials,B,0.3162804726114348,0.14179385192752547,0.5419256754610398
SWBI,Industrials,B,0.10533816354098785,0.015582441656122851,0.8790793948028893
SWX,Utilities,B,0.14531057439372796,0.22707835848307167,0.6276110671232004
SYNA,Technology,B,0.41963895019948066,0.1887987565803087,0.3915622932202107
SYY,Consumer Defensive,B,0.20838061220276302,0.1846215081518513,0.6069978796453857
TAC,Utilities,B,0.04324424458359921,0.06757823451496882,0.889177520901432
TAK,Healthcare,B,0.11379523084417172,0.044886534507238916,0.8413182346485893
TAP,Consumer Defensive,B,0.1949361792072079,0.17270998015676758,0.6323538406360245
TBPH,Healthcare,B,0.06454595535960743,0.025460155325130747,0.9099938893152618
TCBI,Financial Services,B,0.5028178911507797,0.1828287816992052,0.3143533271500151
TCBK,Financial Services,B,0.526543203422481,0.19145550325070146,0.28200129332681756
TD,Financial Services,B,0.2885165593488187,0.10490702891471519,0.6065764117364661
TDAY,Communication Services,B,0.20649916799931478,0.06261661279572786,0.7308842192049574
TDC,Technology,B,0.14171400431293826,0.06375820879253634,0.7945277868945254
TDOC,Healthcare,B,0.2277652801812042,0.08984202617774459,0.6823926936410512
TECH,Healthcare,B,0.31781200234697166,0.12536096024706714,0.5568270374059612
TEO,Communication Services,B,0.06264767776424333,0.01899661591434679,0.91835570632141
TFSL,Financial Services,B,0.43419963505800996,0.15787861110155002,0.40792175384044005
TGB,Basic Materials,B,0.3466429215548173,0.15540584812219463,0.49795123032298816
TGLS,Basic Materials,B,0.12038302563760656,0.053969733796423947,0.8256472405659694
TGTX,Healthcare,B,0.17623939809876407,0.069517639409054,0.7542429624921819
THC,Healthcare,B,0.17365983509694172,0.06850013065375783,0.7578400342493005
THFF,Financial Services,B,0.4989663659034118,0.18142833497474914,0.31960529912183905
TITN,Industrials,B,0.30035671660941543,0.04443110507399063,0.655212178316594
TJX,Consumer Cyclical,B,0.28195431386765907,0.05402959763116609,0.6640160885011749
TKC,Communication Services,B,0.04146937206946812,0.012574731602620662,0.9459558963279112
TMO,Healthcare,B,0.29505430616936906,0.11638418584972834,0.5885615079809026
TMUS,Communication Services,B,0.057064286632814626,0.01730356773429343,0.925632145632892
TNET,Industrials,B,0.17940401026513483,0.026538838620849495,0.7940571511140156
TOL,Consumer Cyclical,B,0.49331951417258235,0.09453253078035007,0.4121479550470676
TOWN,Financial Services,B,0.5613555063820983,0.20411354714743682,0.23453094647046488
TPR,Consumer Cyclical,B,0.38596928514403794,0.07396150421769862,0.5400692106382634
TREE,Financial Services,B,0.14918243818933322,0.05424397959000604,0.7965735822206608
TRGP,Energy,B,0.2670979032907863,0.38981673603429173,0.34308536067492196
TRIP,Consumer Cyclical,B,0.22788002058170648,0.043667591572975395,0.7284523878453182
TRMK,Financial Services,B,0.5228378847051867,0.19010821844080783,0.2870538968540055
TRP,Energy,B,0.1107465310986422,0.16162931549856943,0.7276241534027884
TRST,Financial Services,B,0.4797180840340785,0.1744294990424815,0.34585241692344004
TRV,Financial Services,B,0.20768982927542293,0.07551775528678423,0.7167924154377929
TRVG,Communication Services,B,0.09670644491417443,0.02932423444951768,0.8739693206363078
TSEM,Technology,B,0.19719690002778645,0.0887203857245366,0.714082714247677
TSLX,Financial Services,B,0.18095570811173747,0.06579700571089084,0.7532472861773717
TSN,Consumer Defensive,B,0.14829655596768537,0.1313881052899434,0.7203153387423712
TTC,Industrials,B,0.3427909934925862,0.05070831384167986,0.606500692665734
TTD,Communication Services,B,0.2569360734755983,0.0779105639114711,0.6651533626129306
TWLO,Technology,B,0.21155665365533202,0.09518094813989728,0.6932623982047706
TX,Basic Materials,B,0.2667012010723672,0.11956663116602798,0.6137321677616048
TXT,Industrials,B,0.5020505365192643,0.0742672259583542,0.42368223752238143
UA,Consumer Cyclical,B,0.3261254799471642,0.06249391334755993,0.6113806067052758
UAL,Industrials,B,0.3349386989636637,0.04954674127148769,0.6155145597648486
UAN,Basic Materials,B,0.08990152080158272,0.040304362843987016,0.8697941163544303
UBS,Financial Services,B,0.2532168560966519,0.09207176220380606,0.654711381699542
UDR,Real Estate,B,0.48682212043306433,0.17781739815573094,0.3353604814112048
UFPT,Healthcare,B,0.12747507816062192,0.050282550966526694,0.8222423708728513
UGP,Energy,B,0.046394733717851064,0.06771091590106341,0.8858943503810855
UHAL,Industrials,B,0.3536192258379075,0.05231011031399311,0.5940706638480994
UHS,Healthcare,B,0.15894123320388412,0.06269437739968917,0.7783643893964267
UHT,Real Estate,B,0.35771732157295383,0.13066038030637395,0.5116222981206722
UNFI,Consumer Defensive,B,0.07699015402643235,0.06821190416396519,0.8547979418096024
UNH,Healthcare,B,0.052650295725622395,0.020767911786573126,0.9265817924878045
UNIT,Real Estate,B,0.208869510746959,0.0762919994720975,0.7148384897809434
UNM,Financial Services,B,0.25707500954720086,0.09347461899825713,0.649450371454542
URI,Industrials,B,0.494637962006666,0.0731707001980652,0.4321913377952688
USAC,Energy,B,0.13261958514756403,0.19355200164249503,0.673828413209941
USB,Financial Services,B,0.5015047541242205,0.18235131411701455,0.316143931758765
USPH,Healthcare,B,0.14081290361736082,0.05554365688611719,0.803643439496522
UTHR,Healthcare,B,0.06918010530292217,0.027288096002426453,0.9035317986946514
UTL,Utilities,B,0.1701335620392669,0.2658695015964516,0.5639969363642815
UUUU,Energy,B,0.08127427702002993,0.11861595692498944,0.8001097660549807
VAC,Consumer Cyclical,B,0.4032400117324087,0.07727101346253867,0.5194889748050526
VCEL,Healthcare,B,0.2803040385457572,0.11056594204665625,0.6091300194075866
VCYT,Healthcare,B,0.31295152361353307,0.12344374416716879,0.5636047322192982
VEON,Communication Services,B,0.04208598545582975,0.012761706891831497,0.9451523076523387
VFC,Consumer Cyclical,B,0.3441982128430409,0.0659571073418823,0.5898446798150767
VKTX,Healthcare,B,0.09000831293493644,0.03550378354629709,0.8744879035187664
VLGEA,Consumer Defensive,B,0.08398897324070079,0.07441273323803997,0.8415982935212593
VLO,Energy,B,0.21987983683509166,0.32090420500790495,0.45921595815700345
VLY,Financial Services,B,0.5010042748438135,0.18216933567369964,0.31682638948248687
VMC,Basic Materials,B,0.2289217628181059,0.10262947399821569,0.6684487631836784
VNDA,Healthcare,B,0.08772540342166507,0.034603289774421175,0.8776713068039138
VNET,Technology,B,0.08042230316621933,0.03618260609957465,0.883395090734206
VNOM,Energy,B,0.2402860202312441,0.3506860629274153,0.4090279168413406
VOD,Communication Services,B,0.11994005183521393,0.03636934645901354,0.8436906017057725
VRSK,Industrials,B,0.07227950299857305,0.010692147086564435,0.9170283499148626
VSAT,Technology,B,0.11537423533034563,0.05190774631720574,0.8327180183524486
VSH,Technology,B,0.3497933651836513,0.15737469645113258,0.4928319383652161
VSTM,Healthcare,B,0.0774605828170927,0.03055433077271488,0.8919850864101925
VTOL,Energy,B,0.1867287733087966,0.2725217983297932,0.5407494283614103
VTR,Real Estate,B,0.35377859581586496,0.1292217152647126,0.5169996889194224
VYX,Technology,B,0.20214492702301717,0.09094654071749253,0.7069085322594904
WAL,Financial Services,B,0.3641462947016264,0.1324066318885496,0.503447073409824
WAT,Healthcare,B,0.25501154858064984,0.10058931811285161,0.6443991333064985
WBD,Communication Services,B,0.24616533171861515,0.07464455866479605,0.6791901096165888
WBS,Financial Services,B,0.5403967747330944,0.1964927774000077,0.26311044786689786
WCN,Industrials,B,0.10122755581027801,0.01497436854205085,0.8837980756476712
WD,Financial Services,B,0.29830917005645113,0.10846770389633421,0.5932231260472147
WDC,Technology,B,0.24208747230169742,0.1089169957471859,0.6489955319511166
WELL,Real Estate,B,0.3233901778218791,0.11812199486385556,0.5584878273142654
WEN,Consumer Cyclical,B,0.16063722373353417,0.030782166244791683,0.8085806100216741
WERN,Industrials,B,0.3125745854550048,0.046238467401647665,0.6411869471433476
WINA,Consumer Cyclical,B,0.2160629943104119,0.041403149628899856,0.7425338560606882
WKC,Energy,B,0.13724599039289537,0.2003040209211473,0.6624499886859574
WLFC,Industrials,B,0.1587186336552612,0.02347889658917677,0.817802469755562
WLK,Basic Materials,B,0.279272376839139,0.12520250055913604,0.595525122601725
WLKP,Basic Materials,B,0.1412014335518231,0.06330297598106498,0.7954955904671119
WLY,Communication Services,B,0.17065433535641594,0.051747406744808024,0.777598257898776
WMS,Industrials,B,0.366939611864471,0.05428056557084023,0.5787798225646887
WNC,Industrials,B,0.30077695391062503,0.04449326984891836,0.6547297762404566
WPC,Real Estate,B,0.37706122992333185,0.13772596608946716,0.485212803987201
WPP,Communication Services,B,0.23840688841056534,0.0722919707816363,0.6893011408077984
WRB,Financial Services,B,0.15452124156323704,0.056185213053971506,0.7892935453827914
WRLD,Financial Services,B,0.14963017942324566,0.05440678203946813,0.7959630385372862
WSBC,Financial Services,B,0.5495929686583287,0.19983659026190137,0.2505704410797699
WSM,Consumer Cyclical,B,0.33663531812892356,0.06450786489999355,0.5988568169710828
WSO,Industrials,B,0.39390826507682347,0.05826997881955494,0.5478217561036215
WST,Healthcare,B,0.11780476417170317,0.04646809512914772,0.8357271406991491
WVE,Healthcare,B,0.06600690721487568,0.02603642785763004,0.9079566649274943
WWD,Industrials,B,0.34392850576949874,0.05087658351804664,0.6051949107124546
WWW,Consumer Cyclical,B,0.29619025078418143,0.05675756420472732,0.6470521850110913
WYNN,Consumer Cyclical,B,0.31027614346263427,0.05945677849676263,0.6302670780406031
XENE,Healthcare,B,0.1004597211177209,0.039626342027576554,0.8599139368547025
XHR,Real Estate,B,0.327959294817704,0.11979091758113877,0.5522497876011573
XIFR,Utilities,B,0.08331511967412959,0.13019741124386208,0.7864874690820083
XRX,Industrials,B,0.19469973919190756,0.02880150198593241,0.77649875882216
XYL,Industrials,B,0.43978396604291914,0.06505626984369804,0.4951597641133828
XYZ,Technology,B,0.3052697380425424,0.1373431778356877,0.5573870841217698
YELP,Communication Services,B,0.3032328390594578,0.09194910301235856,0.6048180579281836
YEXT,Technology,B,0.1404969456399723,0.06321064483539646,0.7962924095246313
YUM,Consumer Cyclical,B,0.1865161522915495,0.035741225313387984,0.7777426223950625
YUMC,Consumer Cyclical,B,0.11587249445159328,0.022204108764505806,0.8619233967839008
ZBH,Healthcare,B,0.19050986149955365,0.0751466244123973,0.7343435140880491
ZD,Communication Services,B,0.2736527616444341,0.08297955474778473,0.6433676836077812
ZION,Financial Services,B,0.5213001375619766,0.18954908074562543,0.289150781692398
ZVRA,Healthcare,B,0.07851825368694675,0.030971529100314525,0.8905102172127387
ZYME,Healthcare,B,0.12365251500911892,0.048774740739918866,0.8275727442509623
