date,price,momentum_short_raw_rsi,momentum_short_position,momentum_short_velocity,momentum_short_acceleration,momentum_long_raw_rsi,momentum_long_position,momentum_long_velocity,momentum_long_acceleration,momentum_contrast_raw_short_minus_long,momentum_contrast_position_short_minus_long,momentum_contrast_velocity_short_minus_long,momentum_contrast_acceleration_short_minus_long
2012-02-13,0.02865612648221344,0.12549407114624506,0.21640316205533597,0.2648221343873518,0.38241106719367585,0.16996047430830039,,,,-0.06818181818181818,0.21640316205533597,0.2648221343873518,0.38241106719367585
2012-02-14,0.03952569169960475,0.13932806324110672,0.2005928853754941,0.21047430830039524,0.27964426877470355,0.10968379446640317,-0.16304347826086957,-0.16304347826086957,-0.16304347826086957,0.04743083003952569,0.23616600790513834,0.19466403162055337,0.2737154150197629
2012-02-15,-0.06620553359683795,0.04743083003952569,0.10375494071146245,-0.01383399209486166,0.24308300395256918,0.17588932806324112,-0.09387351778656126,-0.2509881422924901,-0.0899209486166008,0.02964426877470356,0.15612648221343872,0.008893280632411068,0.2608695652173913
2012-02-16,0.09288537549407114,0.11561264822134389,0.1373517786561265,0.048418972332015815,0.36462450592885376,0.20454545454545459,-0.001976284584980237,-0.12252964426877472,0.022727272727272724,-0.0009881422924901185,0.17391304347826086,0.07411067193675888,0.34584980237154156
2012-02-17,0.04743083003952569,0.0909090909090909,0.15019762845849804,0.06818181818181818,0.24308300395256918,0.0,0.017786561264822136,-0.017786561264822136,0.04644268774703557,0.0800395256916996,0.2766798418972332,0.10177865612648221,0.3053359683794466
2012-02-21,-0.08794466403162056,0.13438735177865613,0.10177865612648221,0.1600790513833992,0.23616600790513834,0.10770750988142294,-0.2707509881422925,-0.19367588932806326,-0.17588932806324112,0.08201581027667984,0.19071146245059292,0.2015810276679842,0.30632411067193677
2012-02-22,-0.009881422924901188,0.15711462450592886,-0.07015810276679843,0.08399209486166008,-0.03853754940711463,0.1057312252964427,-0.016798418972332016,-0.06620553359683795,-0.044466403162055336,-0.05237154150197629,-0.02075098814229249,0.10375494071146245,-0.017786561264822136
2012-02-23,0.3112648221343874,0.3043478260869565,0.06620553359683795,0.09683794466403163,0.191699604743083,0.1956521739130435,-0.1442687747035573,-0.11264822134387352,-0.14624505928853757,0.021739130434782608,0.13438735177865613,0.16996047430830039,0.2114624505928854
2012-02-24,0.38636363636363635,0.06225296442687748,-0.026679841897233204,0.025691699604743084,0.12154150197628459,-0.05039525691699605,-0.1660079051383399,-0.10671936758893281,-0.1314229249011858,-0.08893280632411067,0.012845849802371542,-0.019762845849802375,0.0958498023715415
2012-02-27,0.34584980237154156,0.1956521739130435,0.22134387351778656,0.15513833992094864,0.29545454545454547,0.015810276679841896,-0.0909090909090909,-0.12944664031620554,-0.1324110671936759,0.1314229249011858,0.22628458498023715,0.1373517786561265,0.34782608695652173
2012-02-28,0.3102766798418973,0.11561264822134389,-0.08596837944664032,-0.010869565217391304,-0.048418972332015815,0.0790513833992095,-0.2628458498023716,-0.21739130434782608,-0.26679841897233203,0.049407114624505935,0.05237154150197629,0.05731225296442688,0.0
2012-02-29,0.34288537549407117,-0.08399209486166008,-0.3636363636363636,-0.21739130434782608,-0.23517786561264822,0.05237154150197629,-0.2549407114624506,-0.27865612648221344,-0.3577075098814229,-0.18675889328063244,-0.3201581027667984,-0.12055335968379448,-0.22430830039525693
2012-03-01,0.24901185770750991,-0.07707509881422926,-0.2885375494071146,-0.3043478260869565,-0.3211462450592885,0.08498023715415019,-0.11857707509881424,-0.2124505928853755,-0.17885375494071146,-0.23517786561264822,-0.3073122529644269,-0.25691699604743085,-0.2964426877470355
2012-03-02,0.23320158102766803,-0.16106719367588934,-0.28260869565217395,-0.3567193675889328,-0.32806324110671936,0.13043478260869565,-0.08201581027667984,-0.10671936758893281,-0.09683794466403163,-0.3270750988142293,-0.32411067193675897,-0.3745059288537549,-0.26383399209486164
2012-03-05,0.1847826086956522,-0.12549407114624506,-0.30138339920948615,-0.40513833992094866,-0.21343873517786563,0.017786561264822136,-0.2776679841897233,-0.2618577075098814,-0.3211462450592885,-0.32806324110671936,-0.2065217391304348,-0.37055335968379455,-0.20355731225296442
2012-03-06,0.2223320158102767,-0.09387351778656126,-0.18873517786561267,-0.3053359683794466,-0.19960474308300394,0.05335968379446641,-0.2075098814229249,-0.13043478260869565,-0.23517786561264822,-0.22529644268774704,-0.12351778656126483,-0.24802371541501977,-0.1660079051383399
2012-03-07,0.2015810276679842,-0.31521739130434784,-0.39624505928853754,-0.4258893280632411,-0.20454545454545459,-0.017786561264822136,-0.19762845849802374,-0.20256916996047433,-0.2766798418972332,-0.42687747035573126,-0.3053359683794466,-0.37055335968379455,-0.1422924901185771
2012-03-08,0.21047430830039524,-0.23616600790513834,-0.291501976284585,-0.30830039525691705,-0.1057312252964427,0.03359683794466403,0.024703557312252968,-0.03754940711462451,-0.0790513833992095,-0.3201581027667984,-0.3379446640316206,-0.3725296442687747,-0.09387351778656126
2012-03-09,0.22529644268774704,-0.09288537549407114,-0.10770750988142294,-0.18379446640316205,-0.0029644268774703555,0.191699604743083,0.19762845849802374,0.023715415019762844,0.10177865612648221,-0.34683794466403167,-0.26383399209486164,-0.3379446640316206,-0.005928853754940711
2012-03-12,0.15019762845849804,0.08201581027667984,0.07312252964426878,-0.05237154150197629,0.10869565217391304,0.3695652173913044,0.20256916996047433,0.1274703557312253,0.09189723320158102,-0.3102766798418973,-0.15217391304347824,-0.3359683794466403,-0.024703557312252968
2012-03-13,0.06818181818181818,0.28952569169960474,0.32806324110671936,0.15019762845849804,0.2114624505928854,0.34980237154150196,0.20553359683794467,0.21343873517786563,0.283596837944664,0.19466403162055337,0.15415019762845852,-0.03359683794466403,0.14822134387351776
2012-03-14,0.004940711462450594,0.22430830039525693,0.11758893280632411,0.12252964426877472,0.1492094861660079,0.3053359683794466,0.2658102766798419,0.24110671936758896,0.13537549407114624,0.10869565217391304,0.12450592885375496,0.06818181818181818,0.1383399209486166
2012-03-15,-0.12845849802371542,0.2727272727272727,0.16403162055335968,0.20355731225296442,0.22134387351778656,0.2391304347826087,0.2509881422924901,0.29249011857707513,0.2075098814229249,0.2845849802371542,0.19960474308300394,0.17885375494071146,0.22924901185770752
2012-03-16,-0.1116600790513834,0.34189723320158105,0.23122529644268777,0.2549407114624506,0.1324110671936759,0.18873517786561267,0.2341897233201581,0.3488142292490119,0.07411067193675888,0.31719367588932806,0.23616600790513834,0.23517786561264822,0.18873517786561267
2012-03-19,-0.05731225296442688,0.408102766798419,0.12845849802371542,0.2509881422924901,0.00691699604743083,0.32806324110671936,0.22628458498023715,0.31719367588932806,-0.017786561264822136,0.2519762845849803,0.10770750988142294,0.26778656126482214,0.024703557312252968
2012-03-20,0.05039525691699605,0.4367588932806324,0.13932806324110672,0.24308300395256918,0.11956521739130435,0.4644268774703557,0.12944664031620554,0.21343873517786563,-0.06521739130434782,0.208498023715415,0.1324110671936759,0.26679841897233203,0.17094861660079053
2012-03-21,0.023715415019762844,0.4011857707509882,-0.044466403162055336,0.15019762845849804,-0.04743083003952569,0.6126482213438735,0.044466403162055336,0.2124505928853755,-0.16304347826086957,0.0691699604743083,-0.05928853754940712,0.09486166007905138,-0.018774703557312256
2012-03-22,-0.05138339920948617,0.18379446640316205,-0.19071146245059292,-0.0790513833992095,-0.16798418972332016,0.4911067193675889,0.009881422924901188,0.05632411067193676,-0.015810276679841896,-0.1274703557312253,-0.12944664031620554,-0.07213438735177866,-0.17094861660079053
2012-03-23,0.04051383399209487,0.1057312252964427,-0.3221343873517787,-0.17588932806324112,-0.33695652173913043,0.49011857707509887,-0.02865612648221344,-0.018774703557312256,-0.13636363636363635,-0.25592885375494073,-0.3764822134387352,-0.12944664031620554,-0.33498023715415026
2012-03-26,-0.010869565217391304,-0.07608695652173912,-0.41996047430830047,-0.358695652173913,-0.5029644268774703,0.3389328063241107,-0.1314229249011858,-0.06620553359683795,-0.12845849802371542,-0.43873517786561267,-0.45553359683794475,-0.3685770750988142,-0.4011857707509882
2012-03-27,0.03458498023715415,0.16106719367588934,-0.13339920948616601,-0.18577075098814227,-0.391304347826087,0.42193675889328064,0.32806324110671936,0.09486166007905138,0.02964426877470356,-0.2776679841897233,-0.2549407114624506,-0.25395256916996045,-0.35474308300395263
2012-03-28,-0.06027667984189724,0.17193675889328064,-0.12450592885375496,-0.22529644268774704,-0.274703557312253,0.41600790513833996,-0.042490118577075096,0.012845849802371542,-0.24604743083003952,-0.06225296442687748,-0.03952569169960475,-0.22430830039525693,-0.03853754940711463
2012-03-29,0.07411067193675888,0.3231225296442688,0.18774703557312253,-0.05039525691699605,0.018774703557312256,0.3972332015810277,0.11956521739130435,0.026679841897233204,-0.016798418972332016,0.0899209486166008,0.10869565217391304,-0.025691699604743084,0.0899209486166008
2012-03-30,0.12154150197628459,0.3300395256916996,0.10177865612648221,-0.0029644268774703555,0.0800395256916996,0.4614624505928854,0.02865612648221344,0.05632411067193676,-0.05138339920948617,0.08794466403162056,0.2114624505928854,-0.007905138339920948,0.20256916996047433
2012-04-02,0.35474308300395263,0.5632411067193676,0.09288537549407114,0.16798418972332016,0.03359683794466403,0.5879446640316206,0.07015810276679843,0.1383399209486166,0.011857707509881422,0.08201581027667984,-0.008893280632411068,0.1373517786561265,0.09486166007905138
2012-04-03,0.3695652173913044,0.4130434782608696,-0.026679841897233204,0.0009881422924901185,0.05039525691699605,0.5128458498023715,0.22628458498023715,0.18972332015810275,0.03458498023715415,-0.20256916996047433,-0.17490118577075098,-0.0909090909090909,0.12549407114624506
2012-04-04,0.358695652173913,0.17094861660079053,-0.10276679841897234,-0.10474308300395258,0.11067193675889328,0.3191699604743083,0.07608695652173912,0.023715415019762844,-0.025691699604743084,-0.18577075098814227,0.02075098814229249,-0.04545454545454545,0.1808300395256917
2012-04-05,0.2005928853754941,-0.06422924901185771,-0.06719367588932806,-0.25691699604743085,-0.03260869565217391,0.024703557312252968,-0.026679841897233204,-0.02865612648221344,0.08102766798418974,-0.2183794466403162,-0.06620553359683795,-0.2618577075098814,-0.06126482213438736
2012-04-09,0.06126482213438736,0.11067193675889328,0.12549407114624506,0.08893280632411067,0.16403162055335968,0.04051383399209487,0.03853754940711463,0.1373517786561265,0.08102766798418974,0.011857707509881422,0.11857707509881424,-0.015810276679841896,0.14525691699604742
2012-04-10,0.018774703557312256,-0.06225296442687748,-0.05731225296442688,0.011857707509881422,-0.08399209486166008,-0.022727272727272724,0.03458498023715415,0.2124505928853755,-0.058300395256917006,-0.02964426877470356,-0.06324110671936758,-0.14130434782608697,-0.07806324110671936
2012-04-11,0.00691699604743083,-0.1926877470355731,-0.1007905138339921,0.09881422924901187,-0.05928853754940712,-0.0909090909090909,-0.008893280632411068,0.03656126482213439,-0.14624505928853757,-0.10276679841897234,-0.08201581027667984,0.017786561264822136,-0.017786561264822136
2012-04-12,0.16699604743083005,-0.21047430830039524,-0.26679841897233203,-0.15118577075098816,-0.2865612648221344,0.06324110671936758,-0.18675889328063244,0.02075098814229249,-0.24703557312252966,-0.2707509881422925,-0.24901185770750991,-0.191699604743083,-0.2341897233201581
2012-04-13,0.01383399209486166,-0.1847826086956522,-0.0790513833992095,-0.1383399209486166,0.042490118577075096,-0.1442687747035573,-0.3784584980237154,-0.3231225296442688,-0.35474308300395263,0.05731225296442688,0.15118577075098816,0.0,0.1007905138339921
2012-04-16,0.05533596837944664,-0.10474308300395258,-0.03063241106719368,-0.04644268774703557,0.17094861660079053,-0.1274703557312253,-0.3577075098814229,-0.3725296442687747,-0.2549407114624506,0.04644268774703557,0.19664031620553357,0.07806324110671936,0.2381422924901186
2012-04-17,-0.0909090909090909,0.191699604743083,0.17786561264822134,0.18774703557312253,0.12450592885375496,-0.017786561264822136,-0.2756916996047431,-0.2272727272727273,-0.2628458498023716,0.2766798418972332,0.3191699604743083,0.25790513833992096,0.17193675889328064
2012-04-18,-0.08201581027667984,0.14723320158102768,0.23122529644268777,0.22035573122529645,0.20355731225296442,0.019762845849802375,-0.08399209486166008,-0.21442687747035571,-0.13339920948616601,0.29051383399209485,0.26976284584980237,0.33498023715415026,0.14525691699604742
2012-04-19,-0.19466403162055337,-0.2658102766798419,-0.2114624505928854,-0.22134387351778656,-0.25889328063241107,-0.158102766798419,-0.09486166007905138,-0.06521739130434782,-0.09486166007905138,-0.23122529644268777,-0.22529644268774704,-0.23023715415019763,-0.3043478260869565
2012-04-20,-0.1116600790513834,-0.1007905138339921,-0.11462450592885376,-0.042490118577075096,-0.18280632411067196,-0.15019762845849804,-0.06324110671936758,-0.011857707509881422,-0.12845849802371542,-0.11363636363636365,-0.1324110671936759,-0.07608695652173912,-0.15513833992094864
2012-04-23,-0.2223320158102767,-0.27964426877470355,-0.10671936758893281,-0.1324110671936759,0.04545454545454545,-0.37055335968379455,-0.011857707509881422,-0.08498023715415019,-0.03063241106719368,-0.1798418972332016,0.0,-0.09683794466403163,0.09683794466403163
2012-04-24,-0.13932806324110672,-0.14525691699604742,-0.08498023715415019,-0.18577075098814227,0.09288537549407114,-0.19861660079051385,-0.07411067193675888,-0.042490118577075096,-0.04743083003952569,-0.23023715415019763,-0.07806324110671936,-0.14525691699604742,0.08794466403162056
2012-04-25,-0.048418972332015815,-0.2964426877470355,-0.13438735177865613,-0.17193675889328064,0.07509881422924902,-0.20454545454545459,-0.03260869565217391,-0.019762845849802375,0.005928853754940711,-0.33300395256917,-0.23221343873517786,-0.25790513833992096,0.02075098814229249
2012-04-26,-0.10671936758893281,-0.06422924901185771,0.26976284584980237,0.05335968379446641,0.43577075098814233,-0.17193675889328064,0.3300395256916996,0.1926877470355731,0.3092885375494071,0.17687747035573123,0.0800395256916996,0.03063241106719368,0.06027667984189724
2012-04-27,-0.05928853754940712,-0.03458498023715415,0.10177865612648221,-0.05434782608695652,0.21640316205533597,-0.12154150197628459,0.09486166007905138,0.0899209486166008,0.04644268774703557,-0.04051383399209487,0.003952569169960474,0.024703557312252968,0.03557312252964427
2012-04-30,-0.08893280632411067,-0.03063241106719368,0.049407114624505935,-0.06818181818181818,0.23320158102766803,-0.11264822134387352,-0.0958498023715415,0.0009881422924901185,-0.1590909090909091,-0.03260869565217391,0.11660079051383401,-0.01383399209486166,0.21047430830039524
2012-05-01,-0.2075098814229249,-0.4031620553359684,-0.25889328063241107,-0.09288537549407114,-0.011857707509881422,-0.2707509881422925,-0.24604743083003952,-0.003952569169960474,-0.22529644268774704,-0.17687747035573123,-0.16798418972332016,-0.19367588932806326,0.13339920948616601
2012-05-02,-0.2005928853754941,-0.3626482213438736,-0.2272727272727273,-0.16996047430830039,-0.19664031620553357,-0.39328063241106714,-0.3053359683794466,-0.13043478260869565,-0.42094861660079047,-0.1650197628458498,-0.19466403162055337,-0.20256916996047433,0.03162055335968379
2012-05-03,-0.2737154150197629,-0.21640316205533597,-0.1116600790513834,-0.02766798418972332,-0.26976284584980237,-0.4337944664031621,-0.10177865612648221,0.05434782608695652,-0.3023715415019763,0.05237154150197629,-0.10474308300395258,-0.12154150197628459,-0.2065217391304348
2012-05-04,-0.46245059288537554,-0.1432806324110672,0.015810276679841896,0.06818181818181818,-0.2124505928853755,-0.3596837944664032,0.09486166007905138,0.09288537549407114,-0.04150197628458498,0.10968379446640317,-0.03853754940711463,-0.049407114624505935,-0.18873517786561267
2012-05-07,-0.4792490118577075,-0.05731225296442688,0.14822134387351776,0.12648221343873517,0.08201581027667984,-0.1432806324110672,0.13339920948616601,0.16304347826086957,0.058300395256917006,0.14723320158102768,0.06225296442687748,0.009881422924901188,0.04644268774703557
2012-05-08,-0.40513833992094866,-0.08596837944664032,-0.05039525691699605,0.03853754940711463,-0.03260869565217391,-0.09980237154150197,-0.010869565217391304,0.009881422924901188,-0.1818181818181818,-0.01383399209486166,-0.005928853754940711,-0.07312252964426878,0.042490118577075096
2012-05-09,-0.475296442687747,-0.042490118577075096,0.05335968379446641,0.03853754940711463,0.058300395256917006,-0.18280632411067196,0.004940711462450594,0.017786561264822136,-0.11758893280632411,0.09288537549407114,0.05335968379446641,-0.025691699604743084,-0.022727272727272724
2012-05-10,-0.4575098814229249,-0.00691699604743083,-0.05731225296442688,-0.022727272727272724,0.044466403162055336,-0.09980237154150197,-0.01482213438735178,0.001976284584980237,-0.13636363636363635,0.10968379446640317,0.13339920948616601,-0.015810276679841896,0.11857707509881424
2012-05-11,-0.4061264822134388,0.14624505928853757,0.26976284584980237,0.18379446640316205,0.23320158102766803,0.007905138339920948,0.32411067193675897,0.24802371541501977,0.010869565217391304,0.26976284584980237,0.2549407114624506,0.2183794466403162,0.22529644268774704
2012-05-14,-0.40217391304347827,0.3448616600790514,0.45652173913043476,0.3735177865612649,0.38241106719367585,0.21640316205533597,0.35079051383399207,0.2766798418972332,0.1818181818181818,0.42786561264822137,0.24110671936758896,0.3409090909090909,0.30632411067193677
2012-05-15,-0.4535573122529644,0.05928853754940712,0.1492094861660079,0.1847826086956522,0.18873517786561267,0.1116600790513834,0.3745059288537549,0.2756916996047431,0.08201581027667984,0.009881422924901188,-0.07015810276679843,0.03557312252964427,-0.00691699604743083
2012-05-16,-0.38932806324110675,0.2608695652173913,0.2885375494071146,0.2223320158102767,0.24604743083003952,0.2509881422924901,0.36462450592885376,0.2845849802371542,0.22826086956521738,0.13339920948616601,0.07411067193675888,-0.05533596837944664,0.017786561264822136
2012-05-17,-0.10869565217391304,0.25395256916996045,0.25889328063241107,0.10671936758893281,0.2845849802371542,0.17687747035573123,0.12252964426877472,0.12252964426877472,0.0029644268774703555,0.29446640316205536,0.2934782608695652,0.13043478260869565,0.325098814229249
2012-05-18,0.03162055335968379,0.24505928853754944,0.37549407114624506,0.30138339920948615,0.47430830039525695,-0.0009881422924901185,0.04644268774703557,0.06521739130434782,0.1660079051383399,0.42094861660079047,0.46245059288537554,0.4258893280632411,0.4683794466403162
2012-05-21,-0.048418972332015815,0.20948616600790515,0.20948616600790515,0.23616600790513834,0.4189723320158103,0.06818181818181818,0.07015810276679843,0.07608695652173912,0.08596837944664032,0.3784584980237154,0.3409090909090909,0.39624505928853754,0.47430830039525695
2012-05-22,-0.004940711462450594,0.33695652173913043,0.2776679841897233,0.283596837944664,0.21640316205533597,0.16304347826086957,0.18280632411067196,0.1818181818181818,0.02964426877470356,0.31225296442687744,0.18379446640316205,0.34980237154150196,0.24703557312252966
2012-05-23,0.07509881422924902,-0.02075098814229249,-0.2233201581027668,0.08498023715415019,-0.10375494071146245,0.07213438735177866,-0.08596837944664032,0.007905138339920948,-0.11462450592885376,-0.07411067193675888,-0.10770750988142294,0.08300395256916995,-0.03853754940711463
2012-05-24,-0.03260869565217391,0.10474308300395258,-0.18873517786561267,0.05632411067193676,-0.2440711462450593,0.16304347826086957,0.024703557312252968,0.11264822134387352,-0.06521739130434782,-0.05928853754940712,-0.17292490118577078,-0.08893280632411067,-0.1383399209486166
2012-05-25,-0.20553359683794467,0.06324110671936758,-0.03952569169960475,0.03359683794466403,-0.29249011857707513,0.15415019762845852,0.03952569169960475,0.08102766798418974,-0.08201581027667984,-0.05731225296442688,-0.12845849802371542,-0.1422924901185771,-0.14031620553359686
2012-05-29,-0.21936758893280633,0.004940711462450594,-0.05138339920948617,0.007905138339920948,-0.08596837944664032,0.1442687747035573,0.20355731225296442,0.1492094861660079,0.08794466403162056,-0.023715415019762844,0.017786561264822136,-0.03557312252964427,-0.15217391304347824
2012-05-30,-0.21343873517786563,0.24703557312252966,0.24901185770750991,0.20948616600790515,-0.04150197628458498,0.42687747035573126,0.4140316205533597,0.3359683794466403,0.17193675889328064,0.07608695652173912,-0.07608695652173912,0.025691699604743084,-0.15415019762845852
2012-05-31,-0.30138339920948615,0.3270750988142293,0.07509881422924902,0.2756916996047431,-0.11067193675889328,0.43083003952569177,0.33300395256917,0.366600790513834,0.019762845849802375,0.14822134387351776,-0.011857707509881422,0.07213438735177866,-0.08794466403162056
2012-06-01,-0.30138339920948615,-0.208498023715415,-0.11067193675889328,-0.0790513833992095,-0.04644268774703557,-0.01482213438735178,-0.2440711462450593,-0.1314229249011858,-0.1798418972332016,-0.1689723320158103,-0.09189723320158102,-0.03063241106719368,0.048418972332015815
2012-06-04,-0.3488142292490119,-0.11561264822134389,-0.31719367588932806,-0.09683794466403163,-0.27964426877470355,0.17588932806324112,-0.1650197628458498,-0.06324110671936758,-0.26976284584980237,-0.2440711462450593,-0.2845849802371542,-0.10375494071146245,-0.1847826086956522
2012-06-05,-0.21739130434782608,-0.24110671936758896,-0.4229249011857708,-0.283596837944664,-0.4130434782608696,-0.06422924901185771,-0.24802371541501977,-0.14723320158102768,-0.23616600790513834,-0.33498023715415026,-0.24011857707509882,-0.2519762845849803,-0.2806324110671937
2012-06-06,-0.15019762845849804,-0.24308300395256918,-0.07707509881422926,-0.13339920948616601,-0.1422924901185771,-0.10474308300395258,-0.26877470355731226,-0.3270750988142293,-0.13043478260869565,-0.10375494071146245,0.012845849802371542,-0.024703557312252968,-0.11660079051383401
2012-06-07,-0.2272727272727273,-0.21640316205533597,-0.11561264822134389,-0.07015810276679843,-0.1492094861660079,0.001976284584980237,-0.11857707509881424,-0.10671936758893281,-0.06719367588932806,-0.06719367588932806,-0.048418972332015815,-0.023715415019762844,-0.17687747035573123
2012-06-08,-0.12252964426877472,-0.274703557312253,0.03656126482213439,-0.1373517786561265,0.04644268774703557,-0.10671936758893281,-0.11264822134387352,-0.20355731225296442,0.11067193675889328,-0.08201581027667984,0.1373517786561265,0.048418972332015815,-0.04150197628458498
2012-06-11,-0.09980237154150197,-0.45158102766798425,-0.06521739130434782,-0.15118577075098816,0.21739130434782608,-0.17094861660079053,-0.12845849802371542,-0.24802371541501977,0.15711462450592886,-0.2855731225296443,-0.03359683794466403,-0.009881422924901188,0.1600790513833992
2012-06-12,0.001976284584980237,-0.32608695652173914,0.012845849802371542,-0.13339920948616601,0.23517786561264822,-0.08498023715415019,-0.11758893280632411,-0.14031620553359686,0.24703557312252966,-0.21343873517786563,0.13537549407114624,-0.03952569169960475,0.22826086956521738
2012-06-13,-0.18379446640316205,-0.11462450592885376,0.2233201581027668,-0.005928853754940711,0.2865612648221344,-0.16798418972332016,-0.11264822134387352,-0.191699604743083,0.04150197628458498,0.09881422924901187,0.2519762845849803,0.0909090909090909,0.41798418972332013
2012-06-14,-0.4130434782608696,-0.2598814229249012,0.22826086956521738,0.04545454545454545,0.46245059288537554,-0.2984189723320158,-0.12450592885375496,-0.14624505928853757,0.04051383399209487,0.09782608695652174,0.4337944664031621,0.22826086956521738,0.5978260869565217
2012-06-15,-0.17193675889328064,-0.06324110671936758,0.2183794466403162,0.07806324110671936,0.39031620553359686,-0.16699604743083005,-0.017786561264822136,-0.11956521739130435,0.20553359683794467,0.10671936758893281,0.38241106719367585,0.20454545454545459,0.47332015810276684
2012-06-18,-0.11660079051383401,-0.1818181818181818,0.24011857707509882,0.19071146245059292,0.7045454545454546,-0.3073122529644269,-0.2114624505928854,-0.2727272727272727,0.05533596837944664,0.11758893280632411,0.5375494071146245,0.42193675889328064,0.75
2012-06-19,0.04150197628458498,0.008893280632411068,0.3181818181818182,0.2065217391304348,0.6314229249011858,-0.2658102766798419,-0.1590909090909091,-0.2934782608695652,0.07015810276679843,0.21739130434782608,0.4545454545454546,0.4535573122529644,0.5681818181818182
2012-06-20,0.12648221343873517,-0.049407114624505935,0.30830039525691705,0.18577075098814227,0.5276679841897233,-0.25889328063241107,-0.31521739130434784,-0.21936758893280633,-0.11067193675889328,0.41699604743083,0.5454545454545454,0.4466403162055336,0.5909090909090909
2012-06-21,0.1798418972332016,-0.25790513833992096,0.04545454545454545,0.02766798418972332,0.2233201581027668,-0.2855731225296443,-0.5296442687747036,-0.5592885375494071,-0.1798418972332016,0.16304347826086957,0.2934782608695652,0.358695652173913,0.4318181818181818
2012-06-22,-0.10770750988142294,-0.22035573122529645,0.12351778656126483,0.12154150197628459,0.2391304347826087,-0.2984189723320158,-0.5069169960474309,-0.5217391304347826,-0.11956521739130435,0.11758893280632411,0.23616600790513834,0.3972332015810277,0.3843873517786562
2012-06-25,-0.23023715415019763,-0.2124505928853755,-0.022727272727272724,-0.044466403162055336,0.2005928853754941,-0.3043478260869565,-0.5197628458498024,-0.5800395256916997,-0.15415019762845852,0.03063241106719368,0.19466403162055337,0.23715415019762848,0.3438735177865613
2012-06-26,-0.25889328063241107,-0.41996047430830047,-0.2015810276679842,-0.17193675889328064,-0.1116600790513834,-0.3942687747035573,-0.5,-0.5335968379446641,-0.1324110671936759,-0.18577075098814227,-0.1660079051383399,-0.008893280632411068,0.016798418972332016
2012-06-27,-0.20948616600790515,-0.40019762845849804,-0.1492094861660079,-0.18873517786561267,-0.1274703557312253,-0.24110671936758896,-0.0899209486166008,-0.44861660079051385,0.0958498023715415,-0.16304347826086957,-0.06719367588932806,0.048418972332015815,-0.05434782608695652
2012-06-28,-0.08300395256916995,-0.27964426877470355,-0.12154150197628459,-0.18873517786561267,-0.10671936758893281,-0.3557312252964427,-0.1798418972332016,-0.3883399209486166,0.04743083003952569,-0.08399209486166008,-0.01482213438735178,0.02865612648221344,-0.05928853754940712
2012-06-29,-0.24110671936758896,-0.21739130434782608,-0.10474308300395258,-0.16205533596837948,-0.08498023715415019,-0.21343873517786563,-0.2855731225296443,-0.3191699604743083,-0.04743083003952569,-0.1600790513833992,-0.04545454545454545,-0.023715415019762844,0.03853754940711463
2012-07-02,-0.07806324110671936,-0.2223320158102767,-0.05237154150197629,-0.19367588932806326,0.20454545454545459,-0.208498023715415,-0.07015810276679843,-0.14031620553359686,0.1422924901185771,-0.1324110671936759,0.13932806324110672,-0.0909090909090909,0.10474308300395258
2012-07-03,-0.19071146245059292,-0.21343873517786563,-0.02865612648221344,-0.23616600790513834,0.31225296442687744,-0.20553359683794467,0.03557312252964427,-0.05928853754940712,0.19466403162055337,-0.2509881422924901,-0.021739130434782608,-0.14525691699604742,0.03260869565217391
2012-07-05,-0.2776679841897233,-0.1956521739130435,0.0,0.0029644268774703555,0.1689723320158103,-0.39624505928853754,-0.00691699604743083,0.008893280632411068,0.17687747035573123,0.0009881422924901185,0.009881422924901188,-0.025691699604743084,0.07312252964426878
2012-07-06,-0.22430830039525693,-0.14624505928853757,0.23221343873517786,0.07707509881422926,0.22529644268774704,-0.28952569169960474,0.12648221343873517,0.12944664031620554,0.18774703557312253,0.1590909090909091,0.03952569169960475,0.0790513833992095,0.06324110671936758
2012-07-09,-0.18280632411067196,-0.05237154150197629,0.17786561264822134,0.09881422924901187,0.2075098814229249,-0.09881422924901187,0.27865612648221344,0.24308300395256918,0.3092885375494071,-0.03162055335968379,-0.05533596837944664,-0.04545454545454545,-0.08596837944664032
2012-07-10,-0.10671936758893281,-0.12252964426877472,-0.04051383399209487,0.0958498023715415,-0.06818181818181818,-0.3181818181818182,0.07015810276679843,0.20355731225296442,-0.005928853754940711,0.015810276679841896,-0.19664031620553357,-0.15415019762845852,-0.2272727272727273
2012-07-11,0.14130434782608697,-0.316205533596838,-0.23023715415019763,-0.14822134387351776,-0.2816205533596838,-0.44565217391304346,-0.14031620553359686,-0.10474308300395258,-0.23616600790513834,-0.16205533596837948,-0.3527667984189723,-0.32411067193675897,-0.2509881422924901
2012-07-12,0.15019762845849804,-0.48023715415019763,-0.3685770750988142,-0.3339920948616601,-0.5187747035573123,-0.4466403162055336,-0.15711462450592886,-0.1432806324110672,-0.34288537549407117,-0.19861660079051385,-0.316205533596838,-0.40711462450592883,-0.37055335968379455
2012-07-13,0.13438735177865613,-0.4723320158102767,-0.47332015810276684,-0.3656126482213439,-0.5266798418972332,-0.3853754940711462,-0.27964426877470355,-0.22529644268774704,-0.45553359683794475,-0.34189723320158105,-0.4298418972332016,-0.40711462450592883,-0.28952569169960474
2012-07-16,0.10968379446640317,-0.27964426877470355,-0.31521739130434784,-0.2648221343873518,-0.2707509881422925,-0.3092885375494071,-0.13537549407114624,-0.12252964426877472,-0.4545454545454546,-0.25,-0.14822134387351776,-0.21343873517786563,-0.1373517786561265
2012-07-17,-0.06818181818181818,-0.33102766798418976,-0.3300395256916996,-0.37154150197628455,-0.3092885375494071,-0.291501976284585,-0.15711462450592886,-0.2005928853754941,-0.4407114624505929,-0.3142292490118577,-0.25790513833992096,-0.3142292490118577,-0.1422924901185771
2012-07-18,-0.1798418972332016,-0.23221343873517786,-0.1492094861660079,-0.2608695652173913,-0.1007905138339921,-0.16996047430830039,-0.0958498023715415,-0.17588932806324112,-0.2608695652173913,-0.15316205533596838,-0.14723320158102768,-0.1324110671936759,-0.009881422924901188
2012-07-19,-0.29051383399209485,0.2233201581027668,0.2015810276679842,0.14130434782608697,0.08893280632411067,0.33498023715415026,0.2806324110671937,0.2233201581027668,-0.1600790513833992,0.20355731225296442,0.04051383399209487,0.12648221343873517,0.1818181818181818
2012-07-20,-0.15612648221343872,0.12252964426877472,0.0800395256916996,-0.00691699604743083,0.06422924901185771,0.2391304347826087,0.24209486166007904,0.22430830039525693,-0.07213438735177866,0.001976284584980237,-0.0958498023715415,-0.0958498023715415,0.16403162055335968
2012-07-23,-0.10770750988142294,0.019762845849802375,-0.008893280632411068,0.03754940711462451,0.0909090909090909,0.15316205533596838,0.11561264822134389,0.1116600790513834,-0.1007905138339921,-0.06225296442687748,-0.1324110671936759,-0.05434782608695652,0.08596837944664032
2012-07-24,0.07509881422924902,-0.17391304347826086,-0.3270750988142293,-0.09387351778656126,-0.03952569169960475,0.11758893280632411,0.12351778656126483,0.1660079051383399,0.042490118577075096,-0.48320158102766797,-0.39328063241106714,-0.366600790513834,-0.03656126482213439
2012-07-25,0.05138339920948617,-0.25296442687747034,-0.22826086956521738,-0.17687747035573123,-0.06324110671936758,-0.03952569169960475,-0.08893280632411067,0.0009881422924901185,-0.15513833992094864,-0.3448616600790514,-0.2183794466403162,-0.3112648221343874,0.024703557312252968
2012-07-26,-0.05533596837944664,-0.16699604743083005,-0.03359683794466403,-0.25296442687747034,-0.048418972332015815,-0.00691699604743083,-0.20553359683794467,-0.09288537549407114,-0.25296442687747034,-0.18972332015810275,0.042490118577075096,-0.25395256916996045,0.07509881422924902
2012-07-27,-0.05039525691699605,0.04150197628458498,0.08300395256916995,-0.03359683794466403,0.09189723320158102,0.12450592885375496,0.05138339920948617,-0.016798418972332016,-0.026679841897233204,-0.08399209486166008,0.10968379446640317,-0.17193675889328064,0.10474308300395258
2012-07-30,-0.05731225296442688,0.16106719367588934,0.3675889328063241,0.17786561264822134,0.3320158102766798,0.07114624505928854,0.08102766798418974,0.04051383399209487,0.20256916996047433,0.30830039525691705,0.35177865612648224,0.18774703557312253,0.3221343873517787
2012-07-31,0.08893280632411067,0.2855731225296443,0.26976284584980237,0.26778656126482214,0.2272727272727273,0.11956521739130435,0.06027667984189724,0.09288537549407114,0.1600790513833992,0.20553359683794467,0.14525691699604742,0.2124505928853755,0.20355731225296442
2012-08-01,0.2223320158102767,0.2658102766798419,0.26877470355731226,0.3221343873517787,0.13932806324110672,0.10276679841897234,0.1956521739130435,0.24011857707509882,0.07312252964426878,0.17885375494071146,0.11462450592885376,0.10869565217391304,0.14031620553359686
2012-08-02,0.274703557312253,0.06719367588932806,0.1274703557312253,0.3142292490118577,0.07213438735177866,-0.16798418972332016,-0.09189723320158102,0.16798418972332016,-0.05237154150197629,0.2391304347826087,0.09782608695652174,0.17687747035573123,0.1422924901185771
2012-08-03,0.2875494071146245,0.10474308300395258,0.1373517786561265,0.2381422924901186,-0.06719367588932806,-0.11264822134387352,0.0,0.1116600790513834,-0.0899209486166008,0.23715415019762848,0.07806324110671936,0.1492094861660079,0.08300395256916995
2012-08-06,0.2717391304347826,-0.018774703557312256,0.06719367588932806,0.15316205533596838,-0.05731225296442688,-0.03754940711462451,0.06521739130434782,0.06620553359683795,-0.017786561264822136,0.09980237154150197,0.03063241106719368,0.10474308300395258,-0.042490118577075096
2012-08-07,0.2509881422924901,0.03063241106719368,0.1116600790513834,0.08399209486166008,-0.015810276679841896,-0.09980237154150197,0.2015810276679842,0.03359683794466403,0.283596837944664,0.1383399209486166,0.009881422924901188,0.05237154150197629,-0.08201581027667984
2012-08-08,0.25296442687747034,0.03952569169960475,0.19960474308300394,0.09189723320158102,0.015810276679841896,-0.05138339920948617,0.18972332015810275,0.07312252964426878,0.3389328063241107,0.0958498023715415,0.009881422924901188,-0.024703557312252968,-0.12944664031620554
2012-08-09,0.3527667984189723,-0.05533596837944664,0.07015810276679843,-0.02964426877470356,0.00691699604743083,-0.21047430830039524,0.08201581027667984,0.023715415019762844,0.17786561264822134,0.048418972332015815,0.00691699604743083,-0.058300395256917006,-0.1600790513833992
2012-08-10,0.21541501976284588,-0.05237154150197629,0.15217391304347824,-0.05237154150197629,0.11660079051383401,-0.06027667984189724,0.17588932806324112,0.12252964426877472,0.17885375494071146,-0.07707509881422926,0.024703557312252968,-0.09980237154150197,-0.007905138339920948
2012-08-13,0.2381422924901186,0.0009881422924901185,0.07707509881422926,0.001976284584980237,0.03853754940711463,0.05335968379446641,0.21640316205533597,0.11462450592885376,0.04743083003952569,-0.012845849802371542,0.03557312252964427,-0.04644268774703557,0.10474308300395258
2012-08-14,0.23122529644268777,0.009881422924901188,0.06027667984189724,-0.008893280632411068,0.11956521739130435,0.04545454545454545,0.06225296442687748,0.058300395256917006,-0.1432806324110672,0.010869565217391304,0.06719367588932806,-0.023715415019762844,0.22134387351778656
2012-08-15,-0.025691699604743084,-0.1818181818181818,-0.049407114624505935,-0.1926877470355731,0.13438735177865613,-0.14031620553359686,-0.2964426877470355,-0.2381422924901186,-0.33102766798418976,-0.09288537549407114,0.1057312252964427,-0.06027667984189724,0.23122529644268777
2012-08-16,-0.044466403162055336,-0.22924901185770752,-0.08201581027667984,-0.1798418972332016,0.2855731225296443,-0.04051383399209487,-0.2806324110671937,-0.2015810276679842,-0.1116600790513834,-0.1422924901185771,0.05928853754940712,-0.10276679841897234,0.25296442687747034
2012-08-17,0.03260869565217391,-0.1007905138339921,0.043478260869565216,-0.018774703557312256,0.2964426877470355,-0.0909090909090909,-0.14525691699604742,-0.08794466403162056,0.003952569169960474,0.0029644268774703555,0.06818181818181818,0.03458498023715415,0.25889328063241107
2012-08-20,-0.06126482213438736,0.2183794466403162,0.14130434782608697,0.044466403162055336,0.13438735177865613,0.15612648221343872,-0.009881422924901188,0.048418972332015815,-0.24209486166007904,0.12648221343873517,0.05632411067193676,0.07509881422924902,0.1492094861660079
2012-08-21,0.03557312252964427,0.43280632411067194,0.3053359683794466,0.23122529644268777,0.2776679841897233,0.1926877470355731,-0.0909090909090909,-0.02964426877470356,-0.2005928853754941,0.4466403162055336,0.47134387351778656,0.32806324110671936,0.31521739130434784
2012-08-22,0.06620553359683795,0.0800395256916996,-0.21936758893280633,0.06719367588932806,-0.1808300395256917,0.24703557312252966,-0.22134387351778656,-0.11264822134387352,-0.4644268774703557,-0.10671936758893281,-0.20355731225296442,0.08300395256916995,0.05434782608695652
2012-08-23,0.04545454545454545,0.1057312252964427,-0.14624505928853757,-0.07707509881422926,-0.23221343873517786,0.1847826086956522,-0.11067193675889328,-0.017786561264822136,-0.3339920948616601,-0.12845849802371542,-0.1373517786561265,-0.1274703557312253,-0.06324110671936758
2012-08-24,0.2233201581027668,-0.14723320158102768,-0.35177865612648224,-0.2984189723320158,-0.2885375494071146,0.10474308300395258,-0.15118577075098816,0.007905138339920948,-0.19367588932806326,-0.34980237154150196,-0.3438735177865613,-0.3488142292490119,-0.19466403162055337
2012-08-27,0.07312252964426878,-0.24604743083003952,-0.4061264822134388,-0.3300395256916996,-0.358695652173913,0.22035573122529645,-0.017786561264822136,0.05928853754940712,-0.21343873517786563,-0.36067193675889325,-0.4318181818181818,-0.37747035573122534,-0.3132411067193676
2012-08-28,0.15019762845849804,-0.18675889328063244,-0.30830039525691705,-0.22529644268774704,-0.25592885375494073,0.2065217391304348,-0.02766798418972332,0.11363636363636365,-0.2519762845849803,-0.3409090909090909,-0.34189723320158105,-0.3527667984189723,-0.22826086956521738
2012-08-29,0.15217391304347824,-0.2381422924901186,-0.41798418972332013,-0.26679841897233203,-0.42786561264822137,0.24209486166007904,0.11758893280632411,0.2223320158102767,-0.29249011857707513,-0.41600790513833996,-0.475296442687747,-0.366600790513834,-0.3952569169960475
2012-08-30,0.09683794466403163,-0.34584980237154156,-0.4140316205533597,-0.4229249011857708,-0.45158102766798425,0.1818181818181818,0.23122529644268777,0.1383399209486166,-0.3231225296442688,-0.5276679841897233,-0.5,-0.5079051383399209,-0.30632411067193677
2012-08-31,0.07806324110671936,-0.2549407114624506,-0.2114624505928854,-0.3567193675889328,-0.22134387351778656,0.08300395256916995,0.10869565217391304,0.0691699604743083,-0.1422924901185771,-0.3488142292490119,-0.18774703557312253,-0.38241106719367585,-0.14031620553359686
2012-09-04,-0.21442687747035571,-0.3389328063241107,-0.21047430830039524,-0.2509881422924901,-0.03359683794466403,-0.03557312252964427,-0.16106719367588934,-0.11857707509881424,-0.08893280632411067,-0.26679841897233203,-0.12351778656126483,-0.2707509881422925,-0.011857707509881422
2012-09-05,-0.17490118577075098,-0.3942687747035573,-0.2618577075098814,-0.1660079051383399,-0.021739130434782608,-0.31719367588932806,-0.4881422924901186,-0.29446640316205536,-0.2974308300395257,-0.043478260869565216,0.011857707509881422,-0.05731225296442688,0.14130434782608697
2012-09-06,-0.23023715415019763,-0.15019762845849804,-0.07806324110671936,-0.16106719367588934,0.09288537549407114,-0.20948616600790515,-0.5266798418972332,-0.3784584980237154,-0.3656126482213439,0.025691699604743084,0.18280632411067196,0.025691699604743084,0.25691699604743085
2012-09-07,-0.17094861660079053,-0.1324110671936759,0.02964426877470356,-0.022727272727272724,0.33695652173913043,-0.09980237154150197,-0.31719367588932806,-0.366600790513834,-0.13537549407114624,0.03359683794466403,0.29051383399209485,0.14624505928853757,0.4407114624505929
2012-09-10,-0.25,-0.06719367588932806,0.25592885375494073,0.07707509881422926,0.3764822134387352,-0.03557312252964427,-0.2223320158102767,-0.25592885375494073,-0.03557312252964427,0.25592885375494073,0.5029644268774703,0.29545454545454547,0.4525691699604743
2012-09-11,-0.17687747035573123,0.21936758893280633,0.358695652173913,0.274703557312253,0.36462450592885376,0.044466403162055336,-0.004940711462450594,-0.15118577075098816,0.03458498023715415,0.3685770750988142,0.4575098814229249,0.34980237154150196,0.3557312252964427
2012-09-12,-0.18774703557312253,0.2865612648221344,0.38636363636363635,0.4337944664031621,0.391304347826087,-0.18873517786561267,-0.2776679841897233,-0.21936758893280633,0.023715415019762844,0.4871541501976285,0.47134387351778656,0.46739130434782605,0.391304347826087
2012-09-13,-0.01482213438735178,0.23221343873517786,0.16304347826086957,0.2341897233201581,0.3053359683794466,-0.025691699604743084,-0.3181818181818182,-0.3073122529644269,-0.15711462450592886,0.2648221343873518,0.2865612648221344,0.36462450592885376,0.29249011857707513
2012-09-14,0.23616600790513834,0.27865612648221344,0.07213438735177866,0.1442687747035573,0.0790513833992095,0.06027667984189724,-0.21442687747035571,-0.21343873517786563,-0.1383399209486166,0.12450592885375496,0.12845849802371542,0.20553359683794467,0.1808300395256917
2012-09-17,0.08596837944664032,0.3883399209486166,0.07411067193675888,0.09189723320158102,0.08201581027667984,0.12154150197628459,-0.20355731225296442,-0.2114624505928854,-0.2717391304347826,0.2233201581027668,0.2737154150197629,0.22529644268774704,0.1818181818181818
2012-09-18,0.15415019762845852,0.1057312252964427,-0.16106719367588934,-0.11857707509881424,-0.20454545454545459,0.158102766798419,-0.18972332015810275,-0.20948616600790515,-0.2934782608695652,-0.05434782608695652,-0.015810276679841896,0.04051383399209487,-0.04051383399209487
2012-09-19,0.2618577075098814,0.03063241106719368,-0.30335968379446643,-0.2628458498023716,-0.2717391304347826,0.15118577075098816,-0.274703557312253,-0.2964426877470355,-0.391304347826087,-0.11264822134387352,-0.07509881422924902,0.0,-0.09189723320158102
2012-09-20,0.2707509881422925,-0.03458498023715415,-0.31521739130434784,-0.41106719367588934,-0.26778656126482214,0.3073122529644269,-0.2865612648221344,-0.2776679841897233,-0.3725296442687747,-0.23517786561264822,-0.2075098814229249,-0.191699604743083,-0.1590909090909091
2012-09-21,0.2984189723320158,-0.07114624505928854,-0.2549407114624506,-0.38142292490118584,-0.24011857707509882,0.30830039525691705,-0.1422924901185771,-0.2658102766798419,-0.20948616600790515,-0.37747035573122534,-0.3102766798418973,-0.2776679841897233,-0.07608695652173912
2012-09-24,0.4189723320158103,-0.10375494071146245,-0.24604743083003952,-0.3843873517786562,-0.07213438735177866,0.25296442687747034,-0.17094861660079053,-0.2223320158102767,-0.22529644268774704,-0.3073122529644269,-0.18280632411067196,-0.2628458498023716,-0.05632411067193676
2012-09-25,0.3527667984189723,-0.19466403162055337,-0.2628458498023716,-0.3853754940711462,-0.07806324110671936,0.26679841897233203,-0.1274703557312253,-0.21047430830039524,-0.25,-0.40513833992094866,-0.299407114624506,-0.316205533596838,0.0800395256916996
2012-09-26,0.3112648221343874,-0.15217391304347824,-0.19367588932806326,-0.4229249011857708,0.10968379446640317,0.18972332015810275,-0.3102766798418973,-0.2727272727272727,-0.23023715415019763,-0.3725296442687747,-0.05039525691699605,-0.3132411067193676,0.31719367588932806
2012-09-27,0.2717391304347826,-0.14031620553359686,-0.1650197628458498,-0.3339920948616601,0.283596837944664,0.18280632411067196,-0.3231225296442688,-0.283596837944664,-0.19367588932806326,-0.30632411067193677,-0.019762845849802375,-0.2519762845849803,0.40513833992094866
2012-09-28,0.1422924901185771,-0.025691699604743084,0.023715415019762844,-0.07213438735177866,0.18774703557312253,0.22035573122529645,-0.19367588932806326,-0.0958498023715415,-0.09980237154150197,-0.09782608695652174,0.06027667984189724,-0.13043478260869565,0.25
2012-10-01,0.03359683794466403,-0.2183794466403162,-0.05237154150197629,-0.2727272727272727,0.49209486166007904,-0.05632411067193676,-0.30830039525691705,-0.325098814229249,-0.15415019762845852,-0.27865612648221344,0.1808300395256917,-0.18972332015810275,0.4792490118577075
2012-10-02,0.15019762845849804,-0.2648221343873518,-0.13932806324110672,-0.325098814229249,0.2727272727272727,-0.07608695652173912,-0.30335968379446643,-0.34189723320158105,-0.21541501976284588,-0.15513833992094864,0.12845849802371542,0.024703557312252968,0.38636363636363635
2012-10-03,0.08794466403162056,-0.3181818181818182,-0.24703557312252966,-0.3231225296442688,0.06620553359683795,-0.13932806324110672,-0.1600790513833992,-0.21640316205533597,-0.08794466403162056,-0.34683794466403167,-0.1492094861660079,-0.208498023715415,0.06225296442687748
2012-10-04,-0.07707509881422926,-0.09288537549407114,0.09683794466403163,-0.19071146245059292,0.2124505928853755,-0.22134387351778656,-0.3053359683794466,-0.37747035573122534,-0.06126482213438736,0.07312252964426878,0.2658102766798419,0.06620553359683795,0.283596837944664
2012-10-05,-0.0800395256916996,-0.05731225296442688,0.19071146245059292,-0.02865612648221344,0.3784584980237154,-0.25691699604743085,-0.21343873517786563,-0.325098814229249,0.09387351778656126,0.17687747035573123,0.32411067193675897,0.2648221343873518,0.3132411067193676
2012-10-08,-0.25395256916996045,-0.00691699604743083,0.14624505928853757,0.009881422924901188,0.25889328063241107,-0.10276679841897234,-0.09288537549407114,-0.15612648221343872,0.0790513833992095,0.024703557312252968,0.20256916996047433,0.1116600790513834,0.22430830039525693
2012-10-09,-0.07411067193675888,0.06818181818181818,0.1818181818181818,0.15217391304347824,0.22924901185770752,-0.03359683794466403,0.1798418972332016,0.04150197628458498,0.23715415019762848,0.15612648221343872,0.19762845849802374,0.1432806324110672,0.23122529644268777
2012-10-10,0.010869565217391304,0.08498023715415019,0.21442687747035571,0.13636363636363635,0.23715415019762848,0.02964426877470356,-0.05434782608695652,0.10869565217391304,0.25296442687747034,0.10770750988142294,0.24011857707509882,0.12351778656126483,0.2628458498023716
2012-10-11,-0.015810276679841896,0.08399209486166008,0.03359683794466403,-0.03162055335968379,0.017786561264822136,-0.0790513833992095,0.08695652173913043,0.10869565217391304,-0.04743083003952569,0.07411067193675888,-0.019762845849802375,-0.008893280632411068,0.02766798418972332
2012-10-12,-0.18379446640316205,-0.23320158102766803,-0.15019762845849804,-0.12648221343873517,-0.07509881422924902,-0.17094861660079053,0.06620553359683795,0.0,0.07509881422924902,-0.15019762845849804,-0.208498023715415,-0.12351778656126483,-0.1432806324110672
2012-10-15,-0.18774703557312253,-0.1808300395256917,-0.03557312252964427,-0.21343873517786563,-0.1324110671936759,-0.08893280632411067,-0.017786561264822136,-0.11660079051383401,-0.026679841897233204,-0.16798418972332016,-0.1116600790513834,-0.17490118577075098,-0.2005928853754941
2012-10-16,-0.2015810276679842,-0.2223320158102767,-0.1274703557312253,-0.03656126482213439,-0.03458498023715415,-0.12944664031620554,-0.16699604743083005,-0.22134387351778656,0.21442687747035571,-0.08596837944664032,-0.08794466403162056,-0.07509881422924902,-0.15019762845849804
2012-10-17,-0.24604743083003952,-0.2628458498023716,-0.2233201581027668,-0.2065217391304348,-0.12351778656126483,-0.21442687747035571,-0.15711462450592886,-0.18675889328063244,0.1274703557312253,-0.20355731225296442,-0.1808300395256917,-0.26679841897233203,-0.1324110671936759
2012-10-18,-0.17193675889328064,-0.3409090909090909,-0.36462450592885376,-0.43774703557312256,-0.21047430830039524,-0.10671936758893281,-0.04644268774703557,-0.08102766798418974,-0.12055335968379448,-0.4446640316205534,-0.3191699604743083,-0.45652173913043476,-0.09683794466403163
2012-10-19,-0.14822134387351776,-0.47727272727272735,-0.42094861660079047,-0.5009881422924901,-0.3320158102766798,-0.2727272727272727,-0.18972332015810275,-0.18379446640316205,-0.31225296442687744,-0.43478260869565216,-0.33992094861660077,-0.4505928853754941,-0.1600790513833992
2012-10-22,-0.19071146245059292,-0.4683794466403162,-0.42193675889328064,-0.44960474308300397,-0.13537549407114624,-0.39328063241106714,-0.408102766798419,-0.23023715415019763,-0.3764822134387352,-0.2934782608695652,-0.17588932806324112,-0.2885375494071146,-0.05928853754940712
2012-10-23,-0.06620553359683795,-0.1432806324110672,-0.18280632411067196,-0.3320158102766798,-0.042490118577075096,-0.25395256916996045,-0.4318181818181818,-0.4535573122529644,-0.3942687747035573,-0.08399209486166008,0.1442687747035573,-0.11561264822134389,0.09683794466403163
2012-10-24,-0.2598814229249012,-0.4407114624505929,-0.1492094861660079,-0.2341897233201581,0.20454545454545459,-0.48320158102766797,-0.47332015810276684,-0.4337944664031621,-0.3409090909090909,-0.13043478260869565,0.20256916996047433,0.024703557312252968,0.2816205533596838
2012-10-25,-0.15217391304347824,-0.4644268774703557,-0.13339920948616601,-0.26778656126482214,0.043478260869565216,-0.26877470355731226,-0.27865612648221344,-0.34980237154150196,-0.1432806324110672,-0.21343873517786563,-0.0800395256916996,-0.0909090909090909,-0.009881422924901188
2012-10-26,-0.1590909090909091,-0.2005928853754941,0.08201581027667984,-0.019762845849802375,0.2124505928853755,-0.2509881422924901,-0.06225296442687748,-0.3053359683794466,0.11956521739130435,0.003952569169960474,0.14031620553359686,0.12450592885375496,0.12845849802371542
2012-10-31,-0.18577075098814227,-0.08695652173913043,0.05335968379446641,0.08794466403162056,0.07707509881422926,-0.2183794466403162,-0.03952569169960475,-0.10968379446640317,0.12648221343873517,0.15612648221343872,0.10177865612648221,0.1422924901185771,0.09288537549407114
2012-11-01,-0.13537549407114624,0.12351778656126483,0.25,0.0958498023715415,0.0,-0.17885375494071146,0.07806324110671936,-0.0909090909090909,0.07114624505928854,0.26877470355731226,0.23320158102766803,0.16205533596837948,0.19861660079051385
2012-11-02,0.06324110671936758,-0.11857707509881424,0.015810276679841896,-0.09980237154150197,-0.03458498023715415,-0.03458498023715415,0.0790513833992095,-0.0958498023715415,0.18873517786561267,-0.043478260869565216,-0.08300395256916995,-0.03260869565217391,-0.12845849802371542
2012-11-05,0.1442687747035573,0.0029644268774703555,0.04644268774703557,-0.06027667984189724,0.13636363636363635,0.02865612648221344,0.20454545454545459,-0.04051383399209487,0.26976284584980237,-0.02865612648221344,0.019762845849802375,-0.03557312252964427,-0.011857707509881422
2012-11-06,0.20256916996047433,0.11264822134387352,0.07806324110671936,0.012845849802371542,0.09288537549407114,0.07509881422924902,0.07213438735177866,0.04545454545454545,0.2934782608695652,0.06126482213438736,0.07806324110671936,-0.0800395256916996,0.001976284584980237
2012-11-07,0.15711462450592886,-0.17193675889328064,-0.1689723320158103,-0.09288537549407114,0.025691699604743084,-0.17292490118577078,-0.08695652173913043,-0.1007905138339921,0.058300395256917006,-0.14130434782608697,-0.11758893280632411,-0.06620553359683795,-0.07806324110671936
2012-11-08,0.25790513833992096,-0.0800395256916996,-0.1590909090909091,-0.10375494071146245,0.0009881422924901185,-0.03359683794466403,-0.08300395256916995,-0.09486166007905138,0.03656126482213439,-0.09486166007905138,-0.019762845849802375,-0.05928853754940712,-0.1057312252964427
2012-11-09,0.1798418972332016,-0.06521739130434782,-0.11561264822134389,-0.18675889328063244,-0.11758893280632411,0.07213438735177866,0.011857707509881422,0.005928853754940711,-0.08300395256916995,-0.16205533596837948,-0.17588932806324112,-0.2015810276679842,-0.22134387351778656
2012-11-12,0.03557312252964427,-0.05632411067193676,-0.16304347826086957,-0.18280632411067196,-0.17094861660079053,0.05434782608695652,0.03557312252964427,-0.00691699604743083,-0.16699604743083005,-0.17094861660079053,-0.1600790513833992,-0.21739130434782608,-0.18972332015810275
2012-11-13,-0.02766798418972332,-0.1660079051383399,-0.17490118577075098,-0.2075098814229249,-0.2608695652173913,-0.09980237154150197,0.003952569169960474,-0.008893280632411068,0.0,-0.191699604743083,-0.3448616600790514,-0.2608695652173913,-0.23616600790513834
2012-11-14,0.026679841897233204,-0.23023715415019763,-0.33102766798418976,-0.3112648221343874,-0.21739130434782608,-0.22430830039525693,-0.21936758893280633,-0.22035573122529645,-0.18379446640316205,-0.21739130434782608,-0.1600790513833992,-0.3221343873517787,-0.12055335968379448
2012-11-15,-0.0790513833992095,-0.16304347826086957,-0.18379446640316205,-0.14525691699604742,-0.09881422924901187,-0.2717391304347826,-0.16996047430830039,-0.1057312252964427,-0.005928853754940711,-0.1600790513833992,-0.24011857707509882,-0.1660079051383399,-0.19367588932806326
2012-11-16,-0.10671936758893281,0.05928853754940712,0.00691699604743083,-0.03952569169960475,0.10375494071146245,-0.018774703557312256,0.08102766798418974,0.008893280632411068,0.07312252964426878,-0.05237154150197629,-0.2183794466403162,-0.11462450592885376,-0.026679841897233204
2012-11-19,-0.03952569169960475,-0.2075098814229249,-0.19367588932806326,-0.07015810276679843,-0.07114624505928854,-0.10375494071146245,0.04743083003952569,0.04545454545454545,0.15019762845849804,-0.26778656126482214,-0.4061264822134388,-0.34782608695652173,-0.1422924901185771
2012-11-20,-0.0958498023715415,-0.14031620553359686,-0.017786561264822136,-0.1057312252964427,-0.022727272727272724,-0.1956521739130435,0.003952569169960474,0.03359683794466403,0.003952569169960474,-0.1600790513833992,-0.12351778656126483,-0.3488142292490119,0.05138339920948617
2012-11-21,-0.20256916996047433,0.17490118577075098,-0.07509881422924902,0.11660079051383401,-0.14525691699604742,0.1373517786561265,0.1600790513833992,0.24703557312252966,0.1600790513833992,-0.21343873517786563,-0.2776679841897233,-0.2075098814229249,-0.12549407114624506
2012-11-23,-0.14031620553359686,-0.11561264822134389,-0.08399209486166008,-0.11857707509881424,-0.10474308300395258,0.0790513833992095,0.02766798418972332,0.10375494071146245,-0.019762845849802375,-0.13537549407114624,-0.2381422924901186,-0.25296442687747034,-0.07806324110671936
2012-11-26,-0.08300395256916995,0.2075098814229249,0.0029644268774703555,-0.09387351778656126,-0.08794466403162056,0.21541501976284588,0.15118577075098816,0.1007905138339921,0.11660079051383401,-0.18675889328063244,-0.2519762845849803,-0.3102766798418973,-0.06719367588932806
2012-11-27,0.025691699604743084,0.2549407114624506,0.17094861660079053,0.08596837944664032,0.11363636363636365,0.1057312252964427,0.0899209486166008,0.07312252964426878,0.03359683794466403,0.0800395256916996,0.03557312252964427,-0.10474308300395258,0.12845849802371542
2012-11-28,-0.10276679841897234,0.26877470355731226,0.2618577075098814,0.042490118577075096,0.3053359683794466,0.044466403162055336,-0.08794466403162056,-0.1116600790513834,0.003952569169960474,0.2015810276679842,0.3201581027667984,0.022727272727272724,0.325098814229249
2012-11-29,-0.015810276679841896,0.13438735177865613,0.18379446640316205,0.04545454545454545,0.2381422924901186,0.049407114624505935,-0.13043478260869565,-0.05138339920948617,-0.19960474308300394,0.1926877470355731,0.2233201581027668,0.0958498023715415,0.366600790513834
2012-11-30,0.003952569169960474,0.2223320158102767,0.14130434782608697,0.08695652173913043,0.23023715415019763,0.024703557312252968,-0.09881422924901187,-0.1432806324110672,-0.274703557312253,0.10869565217391304,0.12845849802371542,0.0909090909090909,0.3231225296442688
2012-12-03,-0.09782608695652174,0.22035573122529645,0.14624505928853757,0.1274703557312253,0.2440711462450593,0.07411067193675888,0.05335968379446641,-0.0909090909090909,-0.1442687747035573,0.13043478260869565,0.11067193675889328,0.10770750988142294,0.3231225296442688
2012-12-04,-0.17588932806324112,0.23616600790513834,0.1432806324110672,0.07806324110671936,0.08102766798418974,0.21640316205533597,0.09881422924901187,0.07312252964426878,-0.12055335968379448,0.06324110671936758,-0.001976284584980237,-0.03458498023715415,0.14031620553359686
2012-12-05,-0.26877470355731226,0.1600790513833992,-0.04150197628458498,0.004940711462450594,0.009881422924901188,0.27865612648221344,0.1422924901185771,0.09387351778656126,-0.03162055335968379,-0.09486166007905138,-0.05533596837944664,-0.08794466403162056,0.03162055335968379
2012-12-06,-0.15711462450592886,0.16106719367588934,-0.003952569169960474,0.09782608695652174,-0.008893280632411068,0.2608695652173913,0.23023715415019763,0.11758893280632411,-0.021739130434782608,-0.0790513833992095,-0.12351778656126483,-0.05434782608695652,-0.02865612648221344
2012-12-07,-0.30830039525691705,0.14031620553359686,0.14130434782608697,-0.007905138339920948,0.044466403162055336,0.16205533596837948,0.16798418972332016,0.10375494071146245,-0.17885375494071146,0.08695652173913043,0.11758893280632411,-0.048418972332015815,0.07509881422924902
2012-12-10,-0.3379446640316206,0.08695652173913043,0.14624505928853757,0.14624505928853757,0.15612648221343872,0.0,-0.005928853754940711,-0.005928853754940711,0.001976284584980237,0.2608695652173913,0.19762845849802374,0.191699604743083,0.09387351778656126
2012-12-11,-0.38241106719367585,0.022727272727272724,0.15316205533596838,0.1689723320158103,0.19664031620553357,-0.11561264822134389,0.05237154150197629,0.008893280632411068,0.1314229249011858,0.20355731225296442,0.19664031620553357,0.26976284584980237,0.048418972332015815
2012-12-12,-0.25,-0.009881422924901188,0.07707509881422926,-0.01482213438735178,0.04743083003952569,0.21442687747035571,0.25296442687747034,0.10474308300395258,0.1798418972332016,-0.05335968379446641,-0.05533596837944664,0.042490118577075096,-0.04150197628458498
2012-12-13,-0.17193675889328064,0.018774703557312256,0.28952569169960474,0.09486166007905138,0.16205533596837948,0.1590909090909091,0.30138339920948615,0.14822134387351776,0.4723320158102767,0.0909090909090909,0.11561264822134389,0.019762845849802375,-0.09387351778656126
2012-12-14,-0.27865612648221344,-0.24901185770750991,0.05039525691699605,-0.14130434782608697,0.03063241106719368,-0.22628458498023715,-0.17588932806324112,-0.09486166007905138,0.05138339920948617,-0.03656126482213439,-0.043478260869565216,-0.07213438735177866,-0.10177865612648221
2012-12-17,-0.5800395256916997,0.11857707509881424,0.2065217391304348,0.2519762845849803,0.10474308300395258,0.04644268774703557,0.06324110671936758,0.02865612648221344,0.18280632411067196,0.2391304347826087,0.12549407114624506,0.16205533596837948,0.023715415019762844
2012-12-18,-0.49802371541501983,0.12845849802371542,0.40711462450592883,0.3488142292490119,0.42391304347826086,-0.08596837944664032,-0.001976284584980237,-0.06422924901185771,0.299407114624506,0.30830039525691705,0.41996047430830047,0.26877470355731226,0.3290513833992095
2012-12-19,-0.4930830039525692,0.011857707509881422,0.30138339920948615,0.2717391304347826,0.3290513833992095,-0.3438735177865613,-0.158102766798419,-0.13339920948616601,0.2005928853754941,0.2855731225296443,0.299407114624506,0.3804347826086957,0.22035573122529645
2012-12-20,-0.33695652173913043,-0.16205533596837948,0.325098814229249,0.21739130434782608,0.408102766798419,-0.43280632411067194,-0.39031620553359686,-0.35177865612648224,-0.1847826086956522,0.36462450592885376,0.5256916996047432,0.4397233201581028,0.43577075098814233
2012-12-21,-0.24505928853754944,-0.07806324110671936,0.2885375494071146,0.29446640316205536,0.4120553359683795,-0.44565217391304346,-0.3527667984189723,-0.3735177865612649,-0.024703557312252968,0.4100790513833992,0.45849802371541504,0.5108695652173914,0.45553359683794475
2012-12-24,-0.2628458498023716,0.05632411067193676,0.21640316205533597,0.3784584980237154,0.37549407114624506,-0.3596837944664032,-0.34980237154150196,-0.3053359683794466,-0.07015810276679843,0.34980237154150196,0.3883399209486166,0.5306324110671937,0.43873517786561267
2012-12-26,-0.1689723320158103,0.05632411067193676,0.10276679841897234,0.1847826086956522,0.17391304347826086,-0.24505928853754944,-0.34288537549407117,-0.325098814229249,-0.0009881422924901185,0.19960474308300394,0.3389328063241107,0.33498023715415026,0.37549407114624506
2012-12-27,-0.20355731225296442,0.0958498023715415,0.01383399209486166,0.21047430830039524,0.04743083003952569,-0.16699604743083005,-0.21343873517786563,-0.18577075098814227,0.03162055335968379,0.08498023715415019,0.19466403162055337,0.2875494071146245,0.18280632411067196
2012-12-28,-0.1373517786561265,-0.04644268774703557,-0.018774703557312256,0.10671936758893281,0.025691699604743084,-0.1926877470355731,-0.4446640316205534,-0.2628458498023716,-0.12549407114624506,0.2756916996047431,0.2934782608695652,0.3626482213438736,0.10375494071146245
2012-12-31,0.03260869565217391,0.07411067193675888,-0.003952569169960474,-0.05731225296442688,-0.03359683794466403,-0.15316205533596838,-0.45652173913043476,-0.408102766798419,-0.36462450592885376,0.15019762845849804,0.22430830039525693,0.24604743083003952,0.18379446640316205
2013-01-02,0.16798418972332016,0.02075098814229249,0.09486166007905138,0.17490118577075098,0.2124505928853755,-0.22628458498023715,-0.5691699604743083,-0.4426877470355731,-0.4011857707509882,0.3794466403162055,0.37055335968379455,0.3972332015810277,0.3725296442687747
2013-01-03,0.33300395256917,0.11857707509881424,0.3379446640316206,0.14525691699604742,0.36462450592885376,-0.19071146245059292,-0.191699604743083,-0.4841897233201581,-0.34189723320158105,0.3873517786561265,0.45652173913043476,0.44762845849802374,0.5741106719367589
2013-01-04,0.26679841897233203,0.25889328063241107,0.316205533596838,0.2618577075098814,0.2124505928853755,-0.02964426877470356,0.0029644268774703555,-0.23616600790513834,-0.11660079051383401,0.25395256916996045,0.34189723320158105,0.35474308300395263,0.3577075098814229
2013-01-07,0.2964426877470355,0.2183794466403162,0.3132411067193676,0.2598814229249012,0.36462450592885376,-0.10375494071146245,0.1324110671936759,-0.05237154150197629,0.07608695652173912,0.23715415019762848,0.25296442687747034,0.3231225296442688,0.3656126482213439
2013-01-08,0.383399209486166,-0.2381422924901186,-0.05434782608695652,0.015810276679841896,0.17292490118577078,-0.34782608695652173,-0.24110671936758896,-0.1956521739130435,-0.1590909090909091,0.17786561264822134,0.18873517786561267,0.22035573122529645,0.18280632411067196
2013-01-09,0.5355731225296443,-0.14525691699604742,0.01482213438735178,0.02075098814229249,0.22529644268774704,-0.37154150197628455,-0.3320158102766798,-0.3181818181818182,-0.14822134387351776,0.1007905138339921,0.25395256916996045,0.24802371541501977,0.25889328063241107
2013-01-10,0.5978260869565217,-0.2124505928853755,-0.0029644268774703555,-0.02766798418972332,0.1442687747035573,-0.3003952569169961,-0.18280632411067196,-0.25,-0.016798418972332016,0.06027667984189724,0.10770750988142294,0.16798418972332016,0.05434782608695652
2013-01-11,0.5612648221343874,-0.007905138339920948,0.07411067193675888,0.07015810276679843,0.22924901185770752,-0.05237154150197629,0.05039525691699605,-0.05335968379446641,0.16403162055335968,-0.06324110671936758,0.05533596837944664,0.1600790513833992,-0.07411067193675888
2013-01-14,0.4407114624505929,0.2608695652173913,0.15217391304347824,0.15019762845849804,0.11857707509881424,0.08102766798418974,0.24802371541501977,0.22134387351778656,0.45849802371541504,0.13537549407114624,0.02865612648221344,0.11857707509881424,-0.31719367588932806
2013-01-15,0.2737154150197629,0.24604743083003952,-0.12648221343873517,0.05928853754940712,-0.17391304347826086,0.2737154150197629,0.10968379446640317,0.2183794466403162,0.12648221343873517,-0.08893280632411067,-0.19861660079051385,-0.06521739130434782,-0.24011857707509882
2013-01-16,0.5118577075098815,0.07114624505928854,0.016798418972332016,0.15217391304347824,0.017786561264822136,0.07806324110671936,-0.02075098814229249,0.06126482213438736,-0.05138339920948617,0.1590909090909091,0.12845849802371542,0.11561264822134389,0.02964426877470356
2013-01-17,0.3339920948616601,0.3102766798418973,0.17786561264822134,0.11363636363636365,0.019762845849802375,0.20355731225296442,0.13043478260869565,0.21047430830039524,-0.023715415019762844,0.12154150197628459,0.05434782608695652,-0.008893280632411068,0.15316205533596838
2013-01-18,0.3300395256916996,0.36462450592885376,0.12252964426877472,0.06027667984189724,0.03557312252964427,0.191699604743083,-0.05533596837944664,0.05039525691699605,-0.004940711462450594,0.158102766798419,0.09980237154150197,0.007905138339920948,0.09782608695652174
2013-01-22,0.2440711462450593,-0.12154150197628459,-0.2391304347826087,-0.15217391304347824,-0.1274703557312253,0.012845849802371542,-0.2549407114624506,-0.0899209486166008,-0.22628458498023715,-0.22529644268774704,-0.18873517786561267,-0.11462450592885376,0.09189723320158102
2013-01-23,0.191699604743083,0.1007905138339921,-0.043478260869565216,0.024703557312252968,-0.14822134387351776,0.2934782608695652,-0.09683794466403163,0.07213438735177866,-0.3527667984189723,0.04743083003952569,-0.008893280632411068,0.00691699604743083,0.024703557312252968
2013-01-24,0.17490118577075098,0.1808300395256917,0.1057312252964427,0.11956521739130435,-0.021739130434782608,0.24308300395256918,0.10375494071146245,0.09881422924901187,-0.2855731225296443,0.17094861660079053,0.06324110671936758,0.04051383399209487,0.049407114624505935
2013-01-25,-0.001976284584980237,0.08893280632411067,-0.06027667984189724,0.016798418972332016,-0.27964426877470355,0.3656126482213439,0.13339920948616601,0.2974308300395257,-0.3003952569169961,-0.10375494071146245,-0.21541501976284588,-0.2658102766798419,-0.1492094861660079
2013-01-28,-0.26877470355731226,-0.05138339920948617,0.07509881422924902,-0.00691699604743083,0.003952569169960474,0.08893280632411067,0.2075098814229249,0.16996047430830039,-0.1274703557312253,-0.022727272727272724,-0.0029644268774703555,-0.12055335968379448,0.13438735177865613
2013-01-29,-0.19762845849802374,0.023715415019762844,0.13537549407114624,0.20355731225296442,0.1432806324110672,-0.043478260869565216,0.08893280632411067,0.18675889328063244,-0.058300395256917006,0.16403162055335968,0.15019762845849804,0.12351778656126483,0.17588932806324112
2013-01-30,-0.2341897233201581,-0.18774703557312253,-0.10177865612648221,0.005928853754940711,-0.05632411067193676,-0.12252964426877472,0.02766798418972332,0.18774703557312253,-0.16205533596837948,0.008893280632411068,-0.07806324110671936,-0.10671936758893281,0.019762845849802375
2013-01-31,-0.3191699604743083,-0.17094861660079053,-0.07707509881422926,-0.13438735177865613,0.06422924901185771,-0.22529644268774704,-0.09189723320158102,-0.009881422924901188,-0.33992094861660077,-0.08201581027667984,0.07806324110671936,-0.08695652173913043,0.30632411067193677
2013-02-01,-0.316205533596838,-0.11660079051383401,0.1314229249011858,-0.022727272727272724,0.17391304347826086,-0.191699604743083,-0.06225296442687748,-0.058300395256917006,-0.3764822134387352,0.0958498023715415,0.32411067193675897,0.0790513833992095,0.38142292490118584
2013-02-04,-0.36067193675889325,-0.16798418972332016,-0.07608695652173912,-0.09980237154150197,0.03359683794466403,-0.08794466403162056,-0.1314229249011858,-0.06719367588932806,-0.34980237154150196,-0.1324110671936759,0.09189723320158102,-0.003952569169960474,0.1314229249011858
2013-02-05,-0.42094861660079047,-0.20355731225296442,-0.042490118577075096,-0.11264822134387352,0.09881422924901187,-0.1689723320158103,-0.06818181818181818,-0.1818181818181818,-0.27964426877470355,-0.13438735177865613,0.07707509881422926,0.08498023715415019,0.2509881422924901
2013-02-06,-0.33695652173913043,-0.2065217391304348,-0.06818181818181818,-0.09387351778656126,-0.05632411067193676,-0.0800395256916996,-0.07213438735177866,-0.08102766798418974,-0.20553359683794467,-0.011857707509881422,-0.03162055335968379,0.03853754940711463,0.049407114624505935
2013-02-07,-0.3577075098814229,-0.005928853754940711,0.18379446640316205,0.05138339920948617,0.0958498023715415,-0.09288537549407114,-0.06521739130434782,-0.06719367588932806,-0.1442687747035573,0.17490118577075098,0.2341897233201581,0.17391304347826086,0.21739130434782608
2013-02-08,-0.34189723320158105,-0.012845849802371542,0.1660079051383399,0.1057312252964427,0.18577075098814227,-0.0691699604743083,-0.058300395256917006,-0.11067193675889328,-0.08300395256916995,0.21442687747035571,0.2658102766798419,0.22529644268774704,0.26877470355731226
2013-02-11,-0.46047430830039526,-0.0009881422924901185,0.07312252964426878,0.06620553359683795,0.24802371541501977,-0.003952569169960474,0.04644268774703557,-0.06818181818181818,0.02964426877470356,0.022727272727272724,0.10869565217391304,0.19367588932806326,0.3023715415019763
2013-02-12,-0.532608695652174,0.06620553359683795,0.18675889328063244,0.09881422924901187,0.22924901185770752,0.2114624505928854,0.17094861660079053,0.04051383399209487,0.25790513833992096,0.04644268774703557,0.03656126482213439,0.15612648221343872,0.0958498023715415
2013-02-13,-0.47134387351778656,0.34980237154150196,0.31719367588932806,0.2065217391304348,0.2855731225296443,0.2875494071146245,0.16699604743083005,0.08102766798418974,0.1660079051383399,0.2865612648221344,0.27964426877470355,0.28952569169960474,0.15612648221343872
2013-02-14,-0.43577075098814233,0.3290513833992095,0.09387351778656126,0.07509881422924902,0.20355731225296442,0.43774703557312256,0.05533596837944664,0.04545454545454545,0.08201581027667984,0.021739130434782608,0.09683794466403163,0.10375494071146245,0.17193675889328064
2013-02-15,-0.299975299496279,0.2174450276414543,-0.05534964339964291,-0.076105759674509,0.06226834882459827,0.4185816782097995,-0.06869286100491397,-0.00444773920175702,0.03360514063549748,-0.10674574084216847,0.029651594678380133,-0.03063998116765947,0.07215221371739165
2013-02-19,-0.17490118577075098,0.3942687747035573,0.15316205533596838,0.07213438735177866,0.10770750988142294,0.46640316205533605,0.18280632411067196,0.12944664031620554,0.07806324110671936,0.07015810276679843,0.25889328063241107,0.07806324110671936,0.1007905138339921
2013-02-20,-0.25592885375494073,0.23320158102766803,-0.0009881422924901185,0.11264822134387352,-0.009881422924901188,0.33695652173913043,0.05237154150197629,0.16996047430830039,0.05632411067193676,0.03754940711462451,0.05632411067193676,0.1926877470355731,0.03557312252964427
2013-02-21,-0.044466403162055336,0.1373517786561265,-0.16205533596837948,-0.06521739130434782,-0.14822134387351776,0.30138339920948615,-0.004940711462450594,0.11857707509881424,-0.1600790513833992,-0.10770750988142294,-0.13932806324110672,-0.043478260869565216,-0.13339920948616601
2013-02-22,-0.06521739130434782,-0.11462450592885376,-0.47430830039525695,-0.24505928853754944,-0.33498023715415026,0.06324110671936758,-0.24901185770750991,-0.05731225296442688,-0.3320158102766798,-0.28260869565217395,-0.316205533596838,-0.1116600790513834,-0.2885375494071146
2013-02-25,0.004940711462450594,-0.20553359683794467,-0.5701581027667983,-0.4397233201581028,-0.5859683794466404,-0.08498023715415019,-0.3794466403162055,-0.1057312252964427,-0.5148221343873518,-0.4041501976284585,-0.4782608695652174,-0.3221343873517787,-0.46640316205533605
2013-02-26,0.06818181818181818,-0.208498023715415,-0.6264822134387352,-0.47430830039525695,-0.6254940711462451,-0.19071146245059292,-0.5444664031620554,-0.24703557312252966,-0.6590909090909092,-0.3320158102766798,-0.3745059288537549,-0.358695652173913,-0.4041501976284585
2013-02-27,0.08399209486166008,0.04644268774703557,-0.3389328063241107,-0.391304347826087,-0.5513833992094862,0.22035573122529645,-0.24011857707509882,-0.23023715415019763,-0.46739130434782605,-0.1926877470355731,-0.1689723320158103,-0.2766798418972332,-0.36462450592885376
2013-02-28,-0.11857707509881424,0.011857707509881422,-0.2124505928853755,-0.2964426877470355,-0.47430830039525695,0.05335968379446641,0.04743083003952569,-0.024703557312252968,-0.24209486166007904,-0.21541501976284588,-0.3003952569169961,-0.3794466403162055,-0.3527667984189723
2013-03-01,-0.1116600790513834,-0.14723320158102768,-0.2974308300395257,-0.3043478260869565,-0.34584980237154156,-0.07411067193675888,-0.009881422924901188,0.019762845849802375,-0.2608695652173913,-0.2974308300395257,-0.3300395256916996,-0.3843873517786562,-0.283596837944664
2013-03-04,-0.13043478260869565,-0.48320158102766797,-0.4298418972332016,-0.32608695652173914,-0.34189723320158105,-0.18873517786561267,0.09288537549407114,0.06719367588932806,-0.11758893280632411,-0.42193675889328064,-0.4466403162055336,-0.408102766798419,-0.4258893280632411
2013-03-05,-0.24209486166007904,-0.27964426877470355,-0.27964426877470355,-0.23616600790513834,-0.2855731225296443,-0.1590909090909091,-0.19071146245059292,0.02865612648221344,-0.0899209486166008,-0.16304347826086957,-0.26877470355731226,-0.23221343873517786,-0.3300395256916996
2013-03-06,0.0,-0.09288537549407114,-0.1926877470355731,-0.11462450592885376,-0.1660079051383399,-0.08102766798418974,-0.1600790513833992,0.10276679841897234,-0.14723320158102768,-0.08300395256916995,-0.14822134387351776,-0.14130434782608697,-0.07411067193675888
2013-03-07,-0.08102766798418974,-0.1116600790513834,0.07213438735177866,-0.004940711462450594,-0.04150197628458498,-0.20355731225296442,-0.22529644268774704,-0.11857707509881424,-0.12845849802371542,0.0958498023715415,0.0899209486166008,0.06126482213438736,-0.0009881422924901185
2013-03-08,0.10276679841897234,0.04150197628458498,0.1689723320158103,0.25691699604743085,0.0909090909090909,0.04545454545454545,0.042490118577075096,-0.03260869565217391,0.02964426877470356,0.10671936758893281,0.13636363636363635,0.19861660079051385,0.10177865612648221
2013-03-11,0.16304347826086957,-0.03260869565217391,-0.1590909090909091,0.1600790513833992,-0.06225296442687748,0.10276679841897234,-0.21936758893280633,-0.16106719367588934,-0.2233201581027668,0.08596837944664032,-0.01482213438735178,0.2114624505928854,0.03162055335968379
2013-03-12,0.1274703557312253,0.1116600790513834,-0.04545454545454545,0.023715415019762844,-0.1274703557312253,0.2005928853754941,-0.03557312252964427,-0.08695652173913043,-0.2005928853754941,0.017786561264822136,0.02964426877470356,0.025691699604743084,-0.11857707509881424
2013-03-13,0.08201581027667984,0.06324110671936758,0.06324110671936758,0.15612648221343872,-0.07312252964426878,0.049407114624505935,-0.05632411067193676,-0.07015810276679843,0.03359683794466403,0.17687747035573123,0.07509881422924902,0.23517786561264822,-0.09782608695652174
2013-03-14,0.24901185770750991,-0.1057312252964427,-0.015810276679841896,0.1007905138339921,-0.0691699604743083,0.06225296442687748,0.02865612648221344,-0.13438735177865613,0.11956521739130435,0.05138339920948617,-0.02964426877470356,0.09189723320158102,-0.1600790513833992
2013-03-15,0.11660079051383401,-0.05731225296442688,-0.08794466403162056,-0.021739130434782608,-0.29249011857707513,0.22628458498023715,0.08102766798418974,0.04743083003952569,0.158102766798419,-0.19762845849802374,-0.2272727272727273,-0.11264822134387352,-0.3883399209486166
2013-03-18,0.17786561264822134,0.0899209486166008,-0.14031620553359686,-0.16798418972332016,-0.20454545454545459,0.26679841897233203,-0.1492094861660079,-0.1956521739130435,-0.13438735177865613,-0.08102766798418974,-0.04743083003952569,-0.10671936758893281,-0.21936758893280633
2013-03-19,0.13043478260869562,-0.03739130434782608,-0.23913043478260865,-0.27652173913043476,-0.23739130434782607,0.1217391304347826,-0.09478260869565217,-0.16695652173913042,0.04,-0.2434782608695652,-0.2695652173913043,-0.24086956521739128,-0.2713043478260869
2013-03-20,0.11565217391304347,-0.1660869565217391,-0.33304347826086955,-0.2834782608695652,-0.2721739130434782,0.04521739130434782,-0.16695652173913042,-0.22608695652173913,0.0017391304347826085,-0.3017391304347826,-0.2643478260869565,-0.2617391304347826,-0.33652173913043476
2013-03-21,0.027826086956521737,-0.3834782608695652,-0.4626086956521739,-0.40869565217391296,-0.3739130434782608,-0.01217391304347826,-0.5208695652173913,-0.368695652173913,-0.31652173913043474,-0.43478260869565216,-0.3782608695652173,-0.35913043478260864,-0.3426086956521739
2013-03-22,-0.11043478260869564,-0.5408695652173913,-0.5834782608695652,-0.4956521739130434,-0.5139130434782608,-0.06608695652173913,-0.3426086956521739,-0.48,-0.2208695652173913,-0.5591304347826086,-0.5652173913043478,-0.47391304347826085,-0.5191304347826087
2013-03-25,-0.21565217391304345,-0.3756521739130434,-0.37217391304347824,-0.4539130434782608,-0.45652173913043476,-0.07217391304347825,-0.1252173913043478,-0.3173913043478261,-0.09565217391304347,-0.40869565217391296,-0.47130434782608693,-0.5095652173913043,-0.42869565217391303
2013-03-26,-0.15739130434782608,-0.2452173913043478,-0.2026086956521739,-0.328695652173913,-0.20347826086956516,-0.10521739130434782,-0.1391304347826087,-0.21565217391304345,0.013913043478260868,-0.2626086956521739,-0.25913043478260867,-0.437391304347826,-0.25217391304347825
2013-03-27,-0.08782608695652173,-0.3652173913043478,-0.33304347826086955,-0.40347826086956523,-0.19304347826086957,-0.11043478260869564,-0.13565217391304346,-0.18,0.02260869565217391,-0.2965217391304348,-0.3556521739130434,-0.3808695652173913,-0.23652173913043475
2013-03-28,-0.11913043478260868,-0.3,-0.3052173913043478,-0.45217391304347826,-0.23652173913043475,-0.1452173913043478,-0.10869565217391304,-0.17739130434782607,-0.05130434782608695,-0.4165217391304347,-0.41913043478260864,-0.37043478260869556,-0.17565217391304347
2013-04-01,-0.19043478260869565,-0.03043478260869565,0.03913043478260869,-0.24,0.09652173913043478,0.1408695652173913,0.03739130434782608,-0.09739130434782609,-0.06608695652173913,-0.04347826086956521,0.05391304347826086,-0.20956521739130432,0.1269565217391304
2013-04-02,-0.17217391304347823,0.09999999999999999,-0.01217391304347826,-0.13478260869565215,-0.019130434782608695,0.21739130434782608,-0.05565217391304347,-0.03217391304347826,-0.13652173913043478,-0.06,-0.047826086956521734,-0.13130434782608694,0.034782608695652174
2013-04-03,0.06782608695652173,0.23913043478260865,-0.054782608695652164,0.015652173913043476,0.06521739130434781,0.3678260869565217,0.2452173913043478,0.2860869565217391,0.0608695652173913,-0.18347826086956517,-0.25652173913043474,-0.19999999999999998,-0.10695652173913042
2013-04-04,-0.00608695652173913,0.20956521739130432,-0.02608695652173913,0.04,-0.020869565217391303,0.3104347826086956,0.22347826086956518,0.39999999999999997,0.2295652173913043,-0.033913043478260865,-0.09565217391304347,-0.1452173913043478,-0.10869565217391304
2013-04-05,0.1060869565217391,0.3182608695652174,0.22,0.3208695652173913,0.1208695652173913,0.17913043478260868,0.04869565217391304,0.22869565217391302,-0.003478260869565217,0.07652173913043478,0.05565217391304347,0.11913043478260868,0.14782608695652172
2013-04-08,0.017391304347826087,0.29217391304347823,-0.01217391304347826,0.09217391304347824,-0.1252173913043478,0.24695652173913044,0.008695652173913044,0.08695652173913042,-0.17652173913043476,-0.03304347826086956,-0.11130434782608695,-0.04608695652173912,-0.08086956521739129
2013-04-09,0.11304347826086956,0.3095652173913043,-0.13826086956521738,0.11826086956521738,-0.18956521739130433,0.3043478260869565,-0.09130434782608696,0.05913043478260869,-0.25304347826086954,0.04608695652173912,-0.12347826086956522,0.0608695652173913,-0.13130434782608694
2013-04-10,0.1026086956521739,0.2582608695652174,0.01217391304347826,0.10695652173913042,-0.09217391304347824,0.44434782608695644,0.23043478260869563,0.27478260869565213,0.10869565217391304,-0.046956521739130425,-0.15043478260869564,-0.0826086956521739,-0.1443478260869565
2013-04-11,0.03130434782608695,0.13999999999999999,-0.09652173913043478,-0.04521739130434782,-0.21304347826086956,0.4956521739130434,0.38869565217391305,0.3530434782608695,0.12,-0.16,-0.25130434782608696,-0.23304347826086955,-0.3173913043478261
2013-04-12,0.15130434782608695,0.3565217391304348,0.07739130434782608,0.1060869565217391,-0.12608695652173912,0.5582608695652173,0.3660869565217391,0.40347826086956523,0.015652173913043476,0.04347826086956521,-0.05304347826086955,-0.12869565217391304,-0.15217391304347824
2013-04-15,0.18956521739130433,0.15043478260869564,-0.1660869565217391,-0.13304347826086957,-0.2052173913043478,0.43478260869565216,0.0008695652173913043,0.18173913043478263,-0.17652173913043476,-0.17304347826086955,-0.2504347826086956,-0.25130434782608696,-0.09391304347826085
2013-04-16,0.002608695652173913,0.007826086956521738,-0.19826086956521738,-0.2539130434782608,-0.21913043478260866,0.2904347826086956,0.025217391304347827,0.06695652173913043,-0.041739130434782605,-0.2695652173913043,-0.2278260869565217,-0.3356521739130434,-0.11391304347826085
2013-04-17,-0.013043478260869565,0.007826086956521738,-0.21565217391304345,-0.13217391304347825,-0.1443478260869565,0.06869565217391303,-0.12347826086956522,0.03130434782608695,-0.26347826086956516,-0.18173913043478263,-0.1026086956521739,-0.18956521739130433,0.009565217391304347
2013-04-18,-0.03739130434782608,-0.03043478260869565,-0.14782608695652172,-0.03565217391304347,-0.13739130434782607,-0.1208695652173913,-0.40086956521739125,-0.23739130434782607,-0.44434782608695644,0.04,0.033913043478260865,0.1208695652173913,0.07478260869565216
2013-04-19,-0.14956521739130432,-0.09652173913043478,0.1026086956521739,0.03913043478260869,-0.05304347826086955,-0.29130434782608694,-0.49478260869565216,-0.35130434782608694,-0.5878260869565216,0.268695652173913,0.3947826086956522,0.3217391304347825,0.25304347826086954
2013-04-22,-0.20608695652173914,-0.37217391304347824,-0.03652173913043478,0.07913043478260869,-0.09130434782608696,-0.41913043478260864,-0.39391304347826084,-0.268695652173913,-0.4278260869565217,0.09999999999999999,0.16173913043478258,0.3304347826086956,0.06695652173913043
2013-04-23,-0.28086956521739126,-0.32347826086956516,0.014782608695652172,0.17043478260869566,-0.07130434782608694,-0.4165217391304347,-0.32,-0.27304347826086955,-0.28782608695652173,0.2678260869565217,0.15478260869565216,0.3930434782608695,0.007826086956521738
2013-04-24,-0.33391304347826084,-0.2939130434782608,-0.06173913043478261,0.06,-0.09478260869565217,-0.4495652173913043,-0.3347826086956522,-0.3695652173913043,-0.2026086956521739,0.23043478260869563,0.10173913043478258,0.23739130434782607,-0.04347826086956521
2013-04-25,-0.2773913043478261,-0.36260869565217385,-0.12608695652173912,-0.02434782608695652,-0.20173913043478262,-0.3852173913043478,-0.16869565217391302,-0.31478260869565217,-0.04869565217391304,0.09217391304347824,0.007826086956521738,0.10434782608695652,-0.1217391304347826
2013-04-26,-0.3321739130434782,-0.4452173913043478,-0.26608695652173914,-0.15739130434782608,-0.21043478260869564,-0.38260869565217387,-0.18086956521739128,-0.28086956521739126,0.09999999999999999,-0.0634782608695652,-0.07739130434782608,0.03043478260869565,-0.19043478260869565
2013-04-29,-0.30347826086956514,-0.24086956521739128,-0.08347826086956521,-0.23304347826086955,-0.3182608695652174,-0.2026086956521739,0.13826086956521738,-0.11130434782608695,0.2452173913043478,-0.16,-0.19391304347826085,-0.15043478260869564,-0.3026086956521739
2013-04-30,-0.24608695652173912,-0.33304347826086955,-0.1591304347826087,-0.2504347826086956,-0.31652173913043474,-0.09826086956521737,0.009565217391304347,-0.08956521739130434,0.24608695652173912,-0.2869565217391304,-0.2434782608695652,-0.25217391304347825,-0.36695652173913035
2013-05-01,-0.22434782608695653,-0.3321739130434782,-0.1826086956521739,-0.29478260869565215,-0.23652173913043475,-0.01652173913043478,0.15565217391304348,0.007826086956521738,0.3304347826086956,-0.3478260869565217,-0.24260869565217388,-0.23391304347826083,-0.3869565217391304
2013-05-02,-0.29565217391304344,-0.2278260869565217,-0.15043478260869564,-0.2417391304347826,-0.0634782608695652,0.08347826086956521,0.0608695652173913,0.006956521739130434,0.2078260869565217,-0.28521739130434776,-0.21826086956521737,-0.23130434782608694,-0.21391304347826084
2013-05-03,-0.32347826086956516,-0.14260869565217388,-0.19043478260869565,-0.2495652173913043,-0.10869565217391304,0.18347826086956517,0.09826086956521737,0.04521739130434782,0.15826086956521737,-0.4156521739130434,-0.43478260869565216,-0.39652173913043476,-0.24086956521739128
2013-05-06,-0.26086956521739124,0.019130434782608695,0.010434782608695651,-0.10695652173913042,-0.06,0.3817391304347826,0.2791304347826086,0.18347826086956517,0.14869565217391303,-0.27652173913043476,-0.26608695652173914,-0.3991304347826086,-0.1208695652173913
2013-05-07,-0.11130434782608695,0.1782608695652174,-0.017391304347826087,-0.047826086956521734,0.020869565217391303,0.4208695652173913,0.26608695652173914,0.25999999999999995,0.07652173913043478,-0.21478260869565213,-0.2582608695652174,-0.33391304347826084,0.11565217391304347
2013-05-08,-0.04869565217391304,0.13217391304347825,-0.05130434782608695,-0.1408695652173913,0.0017391304347826085,0.2695652173913043,0.033913043478260865,0.06173913043478261,-0.09130434782608696,-0.19652173913043475,-0.05826086956521739,-0.23043478260869563,-0.011304347826086955
2013-05-09,-0.01826086956521739,0.11826086956521738,-0.09130434782608696,-0.15478260869565216,0.007826086956521738,0.33739130434782605,0.07478260869565216,0.05217391304347826,-0.1469565217391304,-0.2626086956521739,-0.1243478260869565,-0.2504347826086956,-0.06869565217391303
2013-05-10,0.03652173913043478,0.09043478260869564,-0.08,-0.1678260869565217,-0.050434782608695654,0.23130434782608694,-0.09739130434782609,-0.05913043478260869,-0.25478260869565217,-0.14869565217391303,-0.08956521739130434,-0.15826086956521737,-0.05652173913043478
2013-05-13,0.0626086956521739,0.17391304347826084,-0.06695652173913043,-0.04521739130434782,-0.11826086956521738,0.4313043478260869,0.3104347826086956,0.14956521739130432,0.0008695652173913043,-0.21130434782608692,-0.23739130434782607,-0.14869565217391303,-0.17739130434782607
2013-05-14,0.03826086956521739,0.11391304347826085,0.0008695652173913043,-0.05130434782608695,-0.11565217391304347,0.3304347826086956,0.3565217391304348,0.25130434782608696,0.18347826086956517,-0.16086956521739126,-0.24,-0.16869565217391302,-0.21478260869565213
2013-05-15,0.02,-0.08869565217391304,-0.2252173913043478,-0.18521739130434778,-0.1417391304347826,0.03826086956521739,0.10956521739130433,0.10173913043478258,0.19565217391304346,-0.22,-0.2008695652173913,-0.24434782608695652,-0.2208695652173913
2013-05-16,0.03565217391304347,-0.2495652173913043,-0.42260869565217385,-0.3460869565217391,-0.2860869565217391,-0.1591304347826087,-0.13739130434782607,-0.015652173913043476,0.002608695652173913,-0.4269565217391304,-0.43478260869565216,-0.40869565217391296,-0.2965217391304348
2013-05-17,-0.07478260869565216,-0.28086956521739126,-0.3608695652173913,-0.2895652173913043,-0.2939130434782608,-0.1826086956521739,-0.17652173913043476,-0.16173913043478258,-0.09913043478260869,-0.36695652173913035,-0.34434782608695647,-0.33652173913043476,-0.3408695652173913
2013-05-20,0.020869565217391303,-0.32608695652173914,-0.4591304347826086,-0.3869565217391304,-0.4269565217391304,-0.2826086956521739,-0.3095652173913043,-0.18956521739130433,-0.2904347826086956,-0.4321739130434783,-0.3756521739130434,-0.4060869565217391,-0.41826086956521735
2013-05-21,-0.007826086956521738,-0.23565217391304347,-0.2478260869565217,-0.31130434782608696,-0.2843478260869565,-0.15391304347826085,-0.15130434782608695,-0.13739130434782607,-0.23391304347826083,-0.3017391304347826,-0.2078260869565217,-0.2434782608695652,-0.18956521739130433
2013-05-22,0.08521739130434783,-0.2434782608695652,-0.18956521739130433,-0.31304347826086953,-0.15130434782608695,-0.2078260869565217,-0.17391304347826084,-0.31652173913043474,-0.1843478260869565,-0.19652173913043475,-0.09043478260869564,-0.2226086956521739,-0.0826086956521739
2013-05-23,0.2539130434782608,-0.18,-0.07217391304347825,-0.3052173913043478,-0.09478260869565217,-0.050434782608695654,-0.01217391304347826,-0.15478260869565216,0.05565217391304347,-0.20347826086956516,-0.05826086956521739,-0.24,-0.13826086956521738
2013-05-24,0.28782608695652173,-0.09913043478260869,-0.11739130434782606,-0.1026086956521739,-0.14782608695652172,0.08782608695652173,0.13217391304347825,0.03652173913043478,0.06173913043478261,-0.15217391304347824,-0.21913043478260866,-0.09652173913043478,-0.21739130434782608
2013-05-28,-0.1843478260869565,-0.3695652173913043,-0.4721739130434783,-0.3930434782608695,-0.37304347826086953,-0.18608695652173912,-0.16869565217391302,-0.009565217391304347,-0.2826086956521739,-0.5269565217391303,-0.5339130434782609,-0.46173913043478254,-0.3739130434782608
2013-05-29,-0.20608695652173914,-0.19652173913043475,-0.3521739130434782,-0.3417391304347826,-0.2904347826086956,-0.005217391304347826,-0.06869565217391303,-0.11652173913043477,-0.11043478260869564,-0.34956521739130436,-0.32695652173913037,-0.40695652173913033,-0.3008695652173913
2013-05-30,-0.24608695652173912,-0.14782608695652172,-0.3947826086956522,-0.25913043478260867,-0.3026086956521739,0.11913043478260868,-0.27043478260869563,-0.06521739130434781,-0.3017391304347826,-0.3521739130434782,-0.29565217391304344,-0.29913043478260865,-0.2026086956521739
2013-05-31,-0.2756521739130435,-0.20608695652173914,-0.39739130434782605,-0.37652173913043474,-0.29739130434782607,0.17565217391304347,-0.11826086956521738,-0.07652173913043478,-0.2869565217391304,-0.47043478260869553,-0.3852173913043478,-0.37130434782608696,-0.25913043478260867
2013-06-03,-0.1034782608695652,-0.01652173913043478,-0.34521739130434775,-0.348695652173913,-0.2791304347826086,0.40869565217391296,0.05304347826086955,0.047826086956521734,-0.1826086956521739,-0.3991304347826086,-0.3660869565217391,-0.4504347826086956,-0.20869565217391303
2013-06-04,0.0634782608695652,-0.021739130434782605,-0.20347826086956516,-0.1208695652173913,-0.2026086956521739,0.16347826086956518,-0.06,0.013043478260869565,-0.22434782608695653,-0.22608695652173913,-0.2069565217391304,-0.1878260869565217,-0.14260869565217388
2013-06-05,0.13652173913043478,0.09652173913043478,0.0008695652173913043,0.06869565217391303,-0.1408695652173913,0.18,0.05304347826086955,0.09913043478260869,-0.21391304347826084,0.03739130434782608,-0.09826086956521737,-0.041739130434782605,-0.07391304347826086
2013-06-06,0.006956521739130434,0.15739130434782608,0.07478260869565216,0.2582608695652174,-0.050434782608695654,0.20956521739130432,0.27304347826086955,0.23565217391304347,-0.005217391304347826,0.08,0.014782608695652172,0.07478260869565216,-0.10695652173913042
2013-06-07,-0.1782608695652174,0.15130434782608695,-0.014782608695652172,0.19391304347826085,-0.3313043478260869,0.26086956521739124,0.3,0.3104347826086956,0.03913043478260869,-0.017391304347826087,-0.18608695652173912,-0.05739130434782608,-0.35826086956521735
2013-06-10,-0.21391304347826084,0.38434782608695645,0.13739130434782607,0.2713043478260869,-0.2069565217391304,0.23304347826086955,0.07130434782608694,0.1678260869565217,-0.029565217391304344,0.23391304347826083,0.12782608695652173,0.1217391304347826,-0.14956521739130432
2013-06-11,-0.23913043478260865,0.25304347826086954,0.06956521739130435,0.13999999999999999,-0.22869565217391302,0.2756521739130435,0.2417391304347826,0.2678260869565217,0.18956521739130433,0.1026086956521739,-0.040869565217391296,-0.02695652173913043,-0.3478260869565217
2013-06-12,-0.37304347826086953,0.2843478260869565,0.11739130434782606,0.09478260869565217,-0.12608695652173912,0.3104347826086956,0.21565217391304345,0.21391304347826084,0.1408695652173913,0.02869565217391304,-0.15043478260869564,-0.09826086956521737,-0.22869565217391302
2013-06-13,-0.38869565217391305,0.28782608695652173,0.0608695652173913,0.01652173913043478,-0.12,0.39739130434782605,0.2817391304347826,0.28521739130434776,0.1034782608695652,-0.05130434782608695,-0.12869565217391304,-0.1660869565217391,-0.18869565217391301
2013-06-14,-0.3530434782608695,0.3208695652173913,-0.07565217391304348,0.11739130434782606,-0.17913043478260868,0.47391304347826085,0.348695652173913,0.3930434782608695,0.10086956521739131,-0.006956521739130434,-0.19043478260869565,-0.17043478260869566,-0.13130434782608694
2013-06-17,-0.22434782608695653,0.07565217391304348,-0.2626086956521739,-0.14782608695652172,-0.2417391304347826,0.5182608695652173,0.3321739130434782,0.31130434782608696,0.05304347826086955,-0.20956521739130432,-0.2869565217391304,-0.38434782608695645,-0.23652173913043475
2013-06-18,-0.19478260869565217,0.31565217391304345,-0.014782608695652172,-0.13130434782608694,-0.1252173913043478,0.4660869565217391,0.15652173913043477,0.34521739130434775,-0.03739130434782608,-0.12608695652173912,-0.03304347826086956,-0.2078260869565217,-0.04
2013-06-19,-0.37304347826086953,0.2826086956521739,0.11304347826086956,-0.07652173913043478,-0.013913043478260868,0.38869565217391305,0.12,0.16347826086956518,-0.08347826086956521,0.00608695652173913,0.10782608695652172,-0.07391304347826086,0.09652173913043478
2013-06-20,-0.2860869565217391,0.3817391304347826,0.021739130434782605,-0.01217391304347826,0.09043478260869564,0.34521739130434775,-0.1034782608695652,0.07913043478260869,-0.34956521739130436,0.12608695652173912,0.1417391304347826,0.07739130434782608,0.17478260869565218
2013-06-21,-0.19565217391304346,0.38956521739130434,-0.05565217391304347,0.09999999999999999,0.05913043478260869,0.3478260869565217,-0.17913043478260868,-0.09565217391304347,-0.3956521739130434,0.07130434782608694,0.09826086956521737,0.18347826086956517,0.25478260869565217
2013-06-24,-0.11826086956521738,0.24086956521739128,-0.1208695652173913,-0.0017391304347826085,0.02695652173913043,0.25478260869565217,-0.4017391304347826,-0.17652173913043476,-0.5156521739130434,0.0017391304347826085,0.12347826086956522,0.22608695652173913,0.308695652173913
2013-06-25,-0.029565217391304344,0.17478260869565218,-0.18,-0.19130434782608693,-0.17391304347826084,0.3139130434782608,-0.288695652173913,-0.16695652173913042,-0.2721739130434782,-0.21130434782608692,-0.2121739130434782,-0.1469565217391304,-0.02608695652173913
2013-06-26,-0.04869565217391304,0.02434782608695652,-0.2478260869565217,-0.12,-0.20869565217391303,0.06956521739130435,-0.15130434782608695,-0.13130434782608694,-0.35478260869565215,-0.1208695652173913,-0.16086956521739126,-0.10173913043478258,-0.05913043478260869
2013-06-27,0.17043478260869566,-0.18347826086956517,-0.45999999999999996,-0.18956521739130433,-0.4843478260869564,-0.03304347826086956,-0.30347826086956514,-0.18173913043478263,-0.4504347826086956,-0.26608695652173914,-0.34434782608695647,-0.13217391304347825,-0.23826086956521736
2013-06-28,0.18173913043478263,-0.1843478260869565,-0.3556521739130434,-0.06608695652173913,-0.28086956521739126,-0.13217391304347825,-0.3739130434782608,-0.3060869565217391,-0.4626086956521739,-0.16173913043478258,-0.2678260869565217,0.011304347826086955,-0.13565217391304346
2013-07-01,-0.07565217391304348,-0.2226086956521739,-0.3904347826086956,0.013913043478260868,-0.4530434782608695,-0.27304347826086955,-0.29739130434782607,-0.3078260869565217,-0.2965217391304348,-0.15217391304347824,-0.32608695652173914,-0.02434782608695652,-0.36695652173913035
2013-07-02,-0.13739130434782607,-0.32,-0.27304347826086955,-0.1417391304347826,-0.46956521739130425,-0.32347826086956516,-0.2834782608695652,-0.29304347826086957,-0.2478260869565217,-0.11217391304347826,-0.25130434782608696,-0.06695652173913043,-0.3878260869565217
2013-07-03,-0.020869565217391303,-0.4539130434782608,-0.4417391304347826,-0.2895652173913043,-0.528695652173913,-0.40086956521739125,-0.41913043478260864,-0.21130434782608692,-0.3756521739130434,-0.2617391304347826,-0.38608695652173913,-0.24434782608695652,-0.41739130434782606
2013-07-05,-0.07913043478260869,-0.6043478260869565,-0.5991304347826086,-0.4060869565217391,-0.528695652173913,-0.5191304347826087,-0.38608695652173913,-0.1973913043478261,-0.3278260869565217,-0.37043478260869556,-0.4878260869565217,-0.3460869565217391,-0.40695652173913033
2013-07-08,-0.15652173913043477,-0.5965217391304348,-0.6373913043478261,-0.5582608695652173,-0.5721739130434782,-0.5791304347826086,-0.49217391304347824,-0.4408695652173913,-0.4626086956521739,-0.4121739130434783,-0.4139130434782608,-0.3539130434782608,-0.27043478260869563
2013-07-09,-0.13478260869565215,-0.6556521739130434,-0.5956521739130434,-0.6547826086956522,-0.5182608695652173,-0.58,-0.3678260869565217,-0.46434782608695646,-0.3347826086956522,-0.49304347826086947,-0.4530434782608695,-0.49217391304347824,-0.26347826086956516
2013-07-10,-0.05739130434782608,-0.5860869565217391,-0.4460869565217391,-0.5860869565217391,-0.3043478260869565,-0.5756521739130435,-0.4869565217391304,-0.5556521739130434,-0.2826086956521739,-0.4017391304347826,-0.29565217391304344,-0.3217391304347825,-0.2217391304347826
2013-07-11,-0.013043478260869565,-0.24695652173913044,-0.08956521739130434,-0.35913043478260864,0.03043478260869565,-0.17043478260869566,-0.42173913043478256,-0.49217391304347824,-0.27304347826086955,-0.049565217391304345,0.1417391304347826,-0.06,0.1678260869565217
2013-07-12,0.017391304347826087,-0.32434782608695645,0.15217391304347824,-0.17217391304347823,0.25999999999999995,-0.4260869565217391,-0.20869565217391303,-0.4060869565217391,0.034782608695652174,0.10956521739130433,0.33304347826086955,0.13217391304347825,0.2504347826086956
2013-07-15,0.05217391304347826,-0.35130434782608694,-0.014782608695652172,-0.041739130434782605,0.1843478260869565,-0.44434782608695644,-0.3869565217391304,-0.5182608695652173,0.01826086956521739,0.19826086956521738,0.2678260869565217,0.3321739130434782,0.2217391304347826
2013-07-16,0.07391304347826086,-0.17652173913043476,0.1434782608695652,0.009565217391304347,0.26086956521739124,-0.3678260869565217,-0.3565217391304348,-0.528695652173913,-0.08347826086956521,0.2652173913043478,0.4626086956521739,0.45217391304347826,0.35478260869565215
2013-07-17,0.24260869565217388,-0.14260869565217388,0.0,-0.03043478260869565,0.033913043478260865,-0.26347826086956516,-0.3460869565217391,-0.48,-0.2226086956521739,0.308695652173913,0.17913043478260868,0.35739130434782607,0.0
2013-07-18,0.09739130434782609,-0.2269565217391304,-0.2078260869565217,-0.1408695652173913,-0.25999999999999995,-0.25913043478260867,-0.5504347826086956,-0.5095652173913043,-0.3852173913043478,0.06956521739130435,0.07043478260869565,0.2008695652173913,-0.07652173913043478
2013-07-19,0.16869565217391302,-0.1678260869565217,-0.31913043478260866,-0.3121739130434782,-0.3834782608695652,-0.09913043478260869,-0.41913043478260864,-0.5139130434782608,-0.3313043478260869,-0.1391304347826087,-0.23391304347826083,-0.12,-0.3043478260869565
2013-07-22,0.11217391304347826,-0.21304347826086956,-0.39739130434782605,-0.37304347826086953,-0.4495652173913043,0.18347826086956517,-0.25999999999999995,-0.3026086956521739,-0.18869565217391301,-0.3556521739130434,-0.4626086956521739,-0.34695652173913033,-0.528695652173913
2013-07-23,0.17913043478260868,-0.4869565217391304,-0.5469565217391303,-0.45999999999999996,-0.5913043478260869,0.11913043478260868,-0.1452173913043478,-0.2843478260869565,-0.14782608695652172,-0.528695652173913,-0.6130434782608695,-0.5113043478260869,-0.6139130434782608
2013-07-24,0.13999999999999999,-0.4452173913043478,-0.4843478260869564,-0.47391304347826085,-0.5408695652173913,0.10869565217391304,-0.07217391304347825,-0.19826086956521738,-0.008695652173913044,-0.4834782608695652,-0.5226086956521738,-0.49652173913043474,-0.6391304347826086
2013-07-25,0.1417391304347826,-0.2643478260869565,-0.2617391304347826,-0.3643478260869565,-0.3391304347826086,-0.023478260869565212,-0.10521739130434782,-0.2208695652173913,0.1269565217391304,-0.25913043478260867,-0.3121739130434782,-0.3852173913043478,-0.47391304347826085
2013-07-26,0.19043478260869565,-0.29739130434782607,-0.3539130434782608,-0.38,-0.2052173913043478,0.029565217391304344,-0.08956521739130434,-0.20869565217391303,0.28521739130434776,-0.40782608695652167,-0.39391304347826084,-0.3756521739130434,-0.42869565217391303
2013-07-29,0.10434782608695652,-0.24695652173913044,-0.1469565217391304,-0.2826086956521739,0.019130434782608695,0.05826086956521739,0.12782608695652173,-0.049565217391304345,0.3391304347826086,-0.3,-0.2721739130434782,-0.31913043478260866,-0.2008695652173913
2013-07-30,0.15391304347826085,-0.13739130434782607,-0.09826086956521737,-0.17217391304347823,0.07826086956521738,0.0634782608695652,0.09999999999999999,0.046956521739130425,0.39391304347826084,-0.248695652173913,-0.1643478260869565,-0.2756521739130435,-0.029565217391304344
2013-07-31,0.08695652173913042,0.002608695652173913,0.11739130434782606,-0.0608695652173913,0.32695652173913037,-0.04869565217391304,0.01826086956521739,0.03652173913043478,0.24608695652173912,-0.12,0.1869565217391304,-0.05304347826086955,0.2495652173913043
2013-08-01,-0.05391304347826086,-0.10086956521739131,0.007826086956521738,-0.002608695652173913,0.12,-0.15304347826086956,-0.047826086956521734,0.047826086956521734,0.013043478260869565,-0.08608695652173912,0.1243478260869565,0.12608695652173912,0.05304347826086955
2013-08-02,-0.09391304347826085,-0.0634782608695652,-0.029565217391304344,0.05913043478260869,0.07826086956521738,-0.19217391304347822,-0.16086956521739126,-0.017391304347826087,-0.0826086956521739,0.15565217391304348,0.13478260869565215,0.19478260869565217,0.014782608695652172
2013-08-05,-0.12869565217391304,-0.05739130434782608,-0.05565217391304347,0.12869565217391304,0.07565217391304348,-0.10173913043478258,-0.19043478260869565,-0.08347826086956521,-0.12,0.07043478260869565,0.10086956521739131,0.21130434782608692,0.05217391304347826
2013-08-06,-0.040869565217391296,0.33999999999999997,0.3921739130434782,0.25217391304347825,0.2278260869565217,0.1591304347826087,0.1678260869565217,0.05826086956521739,0.15304347826086956,0.40347826086956523,0.31565217391304345,0.31652173913043474,0.1878260869565217
2013-08-07,-0.11565217391304347,0.25478260869565217,0.24,0.23652173913043475,0.1417391304347826,0.11913043478260868,0.16347826086956518,0.04347826086956521,0.19652173913043475,0.28086956521739126,0.21565217391304345,0.27391304347826084,0.11652173913043477
2013-08-08,-0.39739130434782605,0.17913043478260868,0.24086956521739128,0.1591304347826087,0.2252173913043478,-0.1252173913043478,-0.09391304347826085,-0.15478260869565216,0.021739130434782605,0.39391304347826084,0.2817391304347826,0.2573913043478261,0.1652173913043478
2013-08-09,-0.37130434782608696,0.17652173913043476,0.22,0.22,0.23130434782608694,0.015652173913043476,-0.05391304347826086,-0.2026086956521739,0.14608695652173911,0.28521739130434776,0.24434782608695652,0.3208695652173913,0.1826086956521739
2013-08-12,-0.268695652173913,0.2278260869565217,0.13391304347826086,0.1878260869565217,0.15391304347826085,0.14956521739130432,0.18869565217391301,0.1252173913043478,0.477391304347826,0.17565217391304347,0.10521739130434782,0.17565217391304347,-0.005217391304347826
2013-08-13,-0.5408695652173913,0.011304347826086955,0.05826086956521739,0.03130434782608695,0.16173913043478258,0.03913043478260869,0.11565217391304347,0.05391304347826086,0.3930434782608695,-0.017391304347826087,0.05652173913043478,0.01652173913043478,0.029565217391304344
2013-08-14,-0.3678260869565217,0.23913043478260865,0.2652173913043478,0.18347826086956517,0.3695652173913043,0.2278260869565217,0.2834782608695652,0.24086956521739128,0.5408695652173913,0.11478260869565216,0.1469565217391304,0.06521739130434781,0.004347826086956522
2013-08-15,-0.20608695652173914,0.1826086956521739,0.16347826086956518,0.11478260869565216,0.15652173913043477,0.08521739130434783,0.05565217391304347,-0.07478260869565216,0.19652173913043475,0.21130434782608692,0.1034782608695652,0.24086956521739128,-0.05391304347826086
2013-08-16,-0.15043478260869564,-0.047826086956521734,-0.02434782608695652,-0.017391304347826087,0.04608695652173912,-0.1243478260869565,-0.11130434782608695,-0.15478260869565216,0.03739130434782608,0.034782608695652174,0.06782608695652173,0.15304347826086956,-0.011304347826086955
2013-08-19,0.00608695652173913,0.05565217391304347,0.029565217391304344,0.06608695652173913,-0.014782608695652172,0.11565217391304347,0.14782608695652172,0.025217391304347827,0.0,0.09999999999999999,0.08,0.13130434782608694,-0.13391304347826086
2013-08-20,0.040869565217391296,0.16086956521739126,0.11391304347826085,0.16086956521739126,0.1469565217391304,0.06608695652173913,-0.003478260869565217,0.019130434782608695,0.16869565217391302,0.22869565217391302,0.2417391304347826,0.19478260869565217,0.04347826086956521
2013-08-21,0.12956521739130433,0.19304347826086957,0.1591304347826087,0.13565217391304346,0.20347826086956516,0.13130434782608694,0.1452173913043478,0.09478260869565217,0.17478260869565218,0.15826086956521737,0.26608695652173914,0.2295652173913043,0.15652173913043477
2013-08-22,0.3756521739130434,0.18956521739130433,0.0,0.15043478260869564,0.06695652173913043,0.28782608695652173,0.09391304347826085,0.2434782608695652,-0.05652173913043478,0.08086956521739129,0.07391304347826086,0.08,0.15739130434782608
2013-08-23,0.1252173913043478,-0.006956521739130434,-0.09999999999999999,-0.05304347826086955,0.015652173913043476,0.08869565217391304,0.002608695652173913,-0.020869565217391303,-0.034782608695652174,-0.11478260869565216,-0.047826086956521734,0.025217391304347827,-0.02869565217391304
2013-08-26,-0.07217391304347825,-0.19043478260869565,-0.13565217391304346,-0.16869565217391302,0.08,-0.16173913043478258,-0.13391304347826086,-0.2217391304347826,0.21043478260869564,-0.17652173913043476,-0.004347826086956522,0.021739130434782605,-0.008695652173913044
2013-08-27,0.17304347826086955,-0.17217391304347823,-0.19913043478260867,-0.15130434782608695,-0.1226086956521739,-0.09043478260869564,-0.02434782608695652,-0.09478260869565217,0.29739130434782607,-0.17130434782608694,-0.1408695652173913,-0.05565217391304347,-0.25913043478260867
2013-08-28,0.1678260869565217,-0.2904347826086956,-0.23043478260869563,-0.1591304347826087,-0.2678260869565217,-0.11739130434782606,-0.06869565217391303,-0.1026086956521739,0.24,-0.20869565217391303,-0.21652173913043476,-0.09130434782608696,-0.3
2013-08-29,0.11913043478260868,-0.43043478260869555,-0.09913043478260869,-0.2504347826086956,-0.14608695652173911,-0.23913043478260865,-0.21739130434782608,-0.248695652173913,0.05739130434782608,-0.19217391304347822,-0.06608695652173913,-0.13565217391304346,-0.13130434782608694
2013-08-30,0.11652173913043477,-0.16086956521739126,0.18173913043478263,-0.0626086956521739,0.15565217391304348,-0.22869565217391302,-0.0626086956521739,-0.11913043478260868,0.08,0.05130434782608695,0.17304347826086955,-0.03304347826086956,0.10782608695652172
2013-09-03,0.08956521739130434,-0.06521739130434781,0.32347826086956516,0.11565217391304347,0.3347826086956522,-0.3556521739130434,-0.06521739130434781,-0.17565217391304347,0.21652173913043476,0.20956521739130432,0.3356521739130434,0.1252173913043478,0.2834782608695652
2013-09-04,-0.042608695652173914,-0.09913043478260869,0.19043478260869565,0.10869565217391304,0.3921739130434782,-0.3,0.013913043478260868,-0.23130434782608694,0.13739130434782607,0.1652173913043478,0.3,0.1878260869565217,0.36347826086956525
2013-09-05,-0.10086956521739131,-0.1643478260869565,-0.03130434782608695,0.01826086956521739,0.11130434782608695,-0.21478260869565213,-0.05217391304347826,-0.019130434782608695,-0.046956521739130425,0.03130434782608695,0.06869565217391303,0.11217391304347826,0.06173913043478261
2013-09-06,0.03304347826086956,0.09913043478260869,0.27304347826086955,0.3104347826086956,0.15478260869565216,-0.17565217391304347,0.07913043478260869,0.06782608695652173,0.015652173913043476,0.3313043478260869,0.3139130434782608,0.3565217391304348,0.17391304347826084
2013-09-09,0.01217391304347826,0.02,0.1443478260869565,0.24086956521739128,0.1026086956521739,-0.2217391304347826,0.01826086956521739,0.03739130434782608,0.04608695652173912,0.28521739130434776,0.2504347826086956,0.29304347826086957,0.14608695652173911
2013-09-10,0.18521739130434778,0.03913043478260869,-0.03739130434782608,0.0008695652173913043,-0.0634782608695652,0.017391304347826087,0.10173913043478258,0.13826086956521738,0.09391304347826085,0.004347826086956522,-0.07217391304347825,0.047826086956521734,-0.05217391304347826
2013-09-11,0.06434782608695652,-0.04521739130434782,-0.04434782608695652,-0.041739130434782605,-0.09304347826086956,-0.02608695652173913,0.1973913043478261,0.10173913043478258,0.17217391304347823,0.041739130434782605,-0.02260869565217391,0.010434782608695651,-0.11478260869565216
2013-09-12,0.11304347826086956,0.1217391304347826,-0.09478260869565217,-0.050434782608695654,-0.08,0.029565217391304344,0.32695652173913037,0.17391304347826084,0.25304347826086954,-0.1034782608695652,-0.1060869565217391,-0.08521739130434783,-0.21739130434782608
2013-09-13,0.17913043478260868,0.08086956521739129,0.04347826086956521,-0.03304347826086956,0.09130434782608696,0.1217391304347826,0.23826086956521736,0.17565217391304347,0.14608695652173911,-0.09913043478260869,-0.03739130434782608,-0.12608695652173912,0.03826086956521739
2013-09-16,0.3313043478260869,0.40869565217391296,0.1869565217391304,0.14608695652173911,0.23391304347826083,0.3060869565217391,0.38608695652173913,0.3947826086956522,0.25565217391304346,-0.033913043478260865,0.05739130434782608,-0.06,0.046956521739130425
2013-09-17,0.25652173913043474,0.2295652173913043,0.23913043478260865,0.16695652173913042,0.34347826086956523,0.11826086956521738,0.13999999999999999,0.3304347826086956,0.13304347826086957,0.16260869565217392,0.23391304347826083,0.09999999999999999,0.1591304347826087
2013-09-18,0.32521739130434785,0.1243478260869565,0.040869565217391296,0.033913043478260865,0.05913043478260869,0.08608695652173912,0.08782608695652173,0.21130434782608692,0.06173913043478261,0.11652173913043477,0.07304347826086956,0.12608695652173912,-0.06434782608695652
2013-09-19,0.2478260869565217,0.1826086956521739,0.0008695652173913043,0.0608695652173913,0.004347826086956522,0.22869565217391302,0.23739130434782607,0.2278260869565217,0.11826086956521738,-0.049565217391304345,-0.021739130434782605,0.07652173913043478,-0.06608695652173913
2013-09-20,0.25130434782608696,0.1417391304347826,0.02695652173913043,-0.020869565217391303,0.07304347826086956,0.27391304347826084,0.25999999999999995,0.1469565217391304,0.05391304347826086,0.09826086956521737,0.050434782608695654,0.10695652173913042,0.02608695652173913
2013-09-23,0.17217391304347823,0.06782608695652173,-0.049565217391304345,-0.03739130434782608,0.11913043478260868,0.25652173913043474,0.12869565217391304,0.16695652173913042,-0.06695652173913043,0.00608695652173913,0.02260869565217391,0.04,0.10956521739130433
2013-09-24,0.05739130434782608,0.08695652173913042,-0.1408695652173913,-0.08086956521739129,-0.14782608695652172,0.33826086956521734,0.33391304347826084,0.36173913043478256,-0.013043478260869565,-0.10434782608695652,-0.2478260869565217,-0.1026086956521739,-0.18
2013-09-25,0.07565217391304348,0.2504347826086956,-0.11913043478260868,0.004347826086956522,-0.12782608695652173,0.2965217391304348,0.23130434782608694,0.34521739130434775,-0.00608695652173913,-0.15043478260869564,-0.29304347826086957,-0.13652173913043478,-0.11652173913043477
2013-09-26,0.08347826086956521,0.2791304347826086,0.11565217391304347,0.007826086956521738,0.034782608695652174,0.18173913043478263,0.14782608695652172,0.21304347826086956,0.03043478260869565,-0.010434782608695651,-0.01652173913043478,-0.16086956521739126,-0.04869565217391304
2013-09-27,-0.12608695652173912,0.25478260869565217,0.06173913043478261,-0.014782608695652172,-0.04347826086956521,0.21826086956521737,0.11217391304347826,0.23478260869565212,-0.01826086956521739,-0.017391304347826087,-0.11478260869565216,-0.26608695652173914,0.014782608695652172
2013-09-30,-0.1643478260869565,0.24,0.1026086956521739,0.054782608695652164,0.04,0.09130434782608696,0.04521739130434782,0.09130434782608696,0.04521739130434782,0.09304347826086956,0.054782608695652164,-0.08347826086956521,0.07913043478260869
2013-10-01,-0.21478260869565213,0.2756521739130435,-0.09826086956521737,-0.12347826086956522,0.0634782608695652,0.20608695652173914,-0.11913043478260868,-0.08695652173913042,-0.18086956521739128,-0.13739130434782607,0.042608695652173914,-0.11739130434782606,0.21652173913043476
2013-10-02,-0.18608695652173912,-0.054782608695652164,-0.2269565217391304,-0.04608695652173912,-0.002608695652173913,-0.21391304347826084,-0.39999999999999997,-0.21391304347826084,-0.1826086956521739,0.0017391304347826085,0.07043478260869565,0.10434782608695652,0.09999999999999999
2013-10-03,-0.25913043478260867,-0.07217391304347825,-0.16260869565217392,-0.1208695652173913,-0.03826086956521739,-0.26347826086956516,-0.33826086956521734,-0.3139130434782608,-0.19043478260869565,-0.05130434782608695,0.07217391304347825,0.17304347826086955,0.06608695652173913
2013-10-04,-0.2452173913043478,-0.002608695652173913,-0.05565217391304347,-0.10956521739130433,0.002608695652173913,-0.17130434782608694,-0.2495652173913043,-0.23304347826086955,-0.10869565217391304,-0.004347826086956522,0.08956521739130434,0.19999999999999998,0.07217391304347825
2013-10-07,-0.26608695652173914,-0.015652173913043476,0.034782608695652174,-0.04347826086956521,0.027826086956521737,-0.18869565217391301,-0.2791304347826086,-0.23043478260869563,-0.10782608695652172,0.1469565217391304,0.13565217391304346,0.1452173913043478,0.05913043478260869
2013-10-08,-0.2026086956521739,-0.21391304347826084,-0.1243478260869565,-0.06956521739130435,-0.06956521739130435,-0.2678260869565217,-0.12347826086956522,-0.23130434782608694,0.19217391304347822,-0.16260869565217392,-0.13304347826086957,-0.013043478260869565,-0.08347826086956521
2013-10-09,-0.08521739130434783,-0.08173913043478259,-0.07652173913043478,-0.05826086956521739,-0.2269565217391304,-0.033913043478260865,0.11739130434782606,0.03826086956521739,0.14956521739130432,-0.12782608695652173,-0.10434782608695652,-0.03739130434782608,-0.2773913043478261
2013-10-10,-0.0634782608695652,0.06173913043478261,0.21913043478260866,0.15565217391304348,0.04608695652173912,0.03826086956521739,0.18521739130434778,0.08347826086956521,0.3852173913043478,0.22,0.10521739130434782,0.07913043478260869,-0.1243478260869565
2013-10-11,-0.025217391304347827,-0.01217391304347826,-0.002608695652173913,-0.002608695652173913,0.06869565217391303,-0.02434782608695652,0.06695652173913043,-0.027826086956521737,0.20869565217391303,0.10956521739130433,0.08695652173913042,0.18347826086956517,0.06782608695652173
2013-10-14,-0.09999999999999999,0.049565217391304345,0.07217391304347825,0.1034782608695652,0.14608695652173911,-0.034782608695652174,0.18521739130434778,0.1434782608695652,0.41826086956521735,0.11652173913043477,0.17913043478260868,0.24260869565217388,0.03565217391304347
2013-10-15,-0.07043478260869565,-0.15826086956521737,-0.1243478260869565,-0.008695652173913044,0.021739130434782605,-0.19478260869565217,-0.042608695652173914,0.02260869565217391,0.24434782608695652,-0.00608695652173913,-0.042608695652173914,0.21739130434782608,-0.15478260869565216
2013-10-16,-0.3139130434782608,0.08608695652173912,0.1269565217391304,0.14608695652173911,0.12956521739130433,-0.02434782608695652,0.002608695652173913,0.05565217391304347,0.23478260869565212,0.18173913043478263,0.10521739130434782,0.12,-0.003478260869565217
2013-10-17,-0.2026086956521739,0.06695652173913043,0.04434782608695652,0.019130434782608695,0.008695652173913044,0.0017391304347826085,-0.050434782608695654,0.020869565217391303,-0.0008695652173913043,0.04521739130434782,0.0626086956521739,0.07304347826086956,-0.046956521739130425
2013-10-18,0.04,0.12782608695652173,-0.05565217391304347,-0.06521739130434781,-0.15217391304347824,0.18956521739130433,-0.05304347826086955,-0.03652173913043478,-0.13217391304347825,-0.07826086956521738,-0.17652173913043476,-0.12,-0.07565217391304348
2013-10-21,0.20173913043478262,0.08521739130434783,-0.31478260869565217,-0.16869565217391302,-0.25565217391304346,0.2295652173913043,-0.2278260869565217,-0.013043478260869565,-0.2539130434782608,-0.1782608695652174,-0.2539130434782608,-0.16869565217391302,-0.10521739130434782
2013-10-22,0.11391304347826085,0.19217391304347822,-0.13565217391304346,-0.07217391304347825,-0.25999999999999995,0.24434782608695652,-0.14956521739130432,-0.1026086956521739,-0.30347826086956514,-0.02695652173913043,-0.16260869565217392,-0.10956521739130433,0.004347826086956522
2013-10-23,-0.06,0.2669565217391304,-0.11913043478260868,-0.07391304347826086,-0.2860869565217391,0.30347826086956514,-0.1269565217391304,-0.0634782608695652,-0.09565217391304347,0.014782608695652172,-0.09391304347826085,-0.03217391304347826,-0.2121739130434782
2013-10-24,-0.15478260869565216,0.19826086956521738,-0.31565217391304345,-0.2008695652173913,-0.4269565217391304,0.24086956521739128,-0.17130434782608694,-0.12782608695652173,-0.23391304347826083,-0.16260869565217392,-0.3878260869565217,-0.3026086956521739,-0.3460869565217391
2013-10-25,-0.08869565217391304,-0.00608695652173913,-0.39391304347826084,-0.437391304347826,-0.37043478260869556,0.21304347826086956,-0.14608695652173911,-0.20956521739130432,-0.27391304347826084,-0.36695652173913035,-0.38608695652173913,-0.47391304347826085,-0.2208695652173913
2013-10-28,0.02869565217391304,-0.20173913043478262,-0.5452173913043478,-0.58,-0.4408695652173913,0.31913043478260866,-0.006956521739130434,-0.17391304347826084,-0.11304347826086956,-0.588695652173913,-0.5304347826086956,-0.5556521739130434,-0.30347826086956514
2013-10-29,0.03826086956521739,0.011304347826086955,-0.42260869565217385,-0.4139130434782608,-0.24086956521739128,0.3313043478260869,-0.06,0.010434782608695651,-0.040869565217391296,-0.5156521739130434,-0.38608695652173913,-0.5060869565217391,-0.25565217391304346
2013-10-30,0.040869565217391296,-0.23652173913043475,-0.328695652173913,-0.5052173913043477,-0.0634782608695652,0.1652173913043478,-0.23739130434782607,-0.24260869565217388,-0.10173913043478258,-0.4991304347826086,-0.2669565217391304,-0.48260869565217385,0.07130434782608694
2013-10-31,0.01652173913043478,-0.24,-0.31652173913043474,-0.40695652173913033,0.040869565217391296,0.020869565217391303,-0.3139130434782608,-0.3304347826086956,-0.10521739130434782,-0.3878260869565217,-0.3,-0.3408695652173913,0.042608695652173914
2013-11-01,-0.1226086956521739,-0.16695652173913042,-0.1973913043478261,-0.35913043478260864,0.03565217391304347,0.1252173913043478,-0.13217391304347825,-0.19826086956521738,0.10782608695652172,-0.3782608695652173,-0.29130434782608694,-0.3,-0.019130434782608695
2013-11-04,-0.09130434782608696,-0.09391304347826085,-0.09043478260869564,-0.15739130434782608,0.023478260869565212,0.08782608695652173,-0.05130434782608695,-0.08869565217391304,-0.03217391304347826,-0.1208695652173913,-0.00608695652173913,-0.13478260869565215,0.08521739130434783
2013-11-05,-0.09478260869565217,-0.1652173913043478,-0.29913043478260865,-0.3069565217391304,-0.12782608695652173,-0.05652173913043478,-0.27304347826086955,-0.20869565217391303,-0.29913043478260865,-0.23304347826086955,-0.15739130434782608,-0.24434782608695652,0.0608695652173913
2013-11-06,0.02869565217391304,-0.16086956521739126,-0.14608695652173911,-0.04608695652173912,0.13043478260869562,-0.08695652173913042,-0.0826086956521739,-0.019130434782608695,0.19478260869565217,-0.1652173913043478,-0.09652173913043478,-0.007826086956521738,0.07217391304347825
2013-11-07,0.09826086956521737,-0.013913043478260868,-0.027826086956521737,-0.06,0.12347826086956522,0.00608695652173913,0.03652173913043478,-0.11130434782608695,0.10782608695652172,0.01652173913043478,0.02608695652173913,0.09739130434782609,0.1269565217391304
2013-11-08,0.22608695652173913,0.2121739130434782,0.30347826086956514,0.15043478260869564,0.2843478260869565,0.2495652173913043,0.4513043478260869,0.08956521739130434,0.5156521739130434,0.12,0.25304347826086954,0.10695652173913042,0.2269565217391304
2013-11-11,0.20956521739130432,0.2695652173913043,0.24086956521739128,0.16173913043478258,0.21913043478260866,0.2817391304347826,0.1243478260869565,0.1226086956521739,0.25304347826086954,0.19217391304347822,0.2965217391304348,0.11913043478260868,0.1652173913043478
2013-11-12,0.26347826086956516,0.2026086956521739,0.15826086956521737,0.1252173913043478,0.12782608695652173,0.1252173913043478,0.03217391304347826,0.0017391304347826085,0.1208695652173913,0.16173913043478258,0.21391304347826084,0.19043478260869565,0.13652173913043478
2013-11-13,0.2478260869565217,0.23391304347826083,0.1226086956521739,0.1217391304347826,0.11565217391304347,0.21913043478260866,-0.041739130434782605,-0.05913043478260869,0.05826086956521739,0.08782608695652173,0.1243478260869565,0.14260869565217388,0.17478260869565218
2013-11-14,0.268695652173913,0.12,0.020869565217391303,0.08782608695652173,0.05913043478260869,0.23130434782608694,-0.13565217391304346,-0.07217391304347825,0.005217391304347826,-0.03217391304347826,0.11043478260869564,0.13739130434782607,0.10869565217391304
2013-11-15,0.3139130434782608,-0.023478260869565212,-0.1643478260869565,-0.13652173913043478,-0.21304347826086956,0.029565217391304344,-0.2860869565217391,-0.21478260869565213,-0.2834782608695652,-0.14956521739130432,-0.1660869565217391,-0.1252173913043478,-0.14782608695652172
2013-11-18,0.33739130434782605,0.1782608695652174,-0.008695652173913044,0.023478260869565212,-0.18869565217391301,0.15130434782608695,-0.12608695652173912,-0.021739130434782605,-0.21565217391304345,0.12869565217391304,0.04521739130434782,0.06521739130434781,-0.1652173913043478
2013-11-19,0.1869565217391304,0.10869565217391304,-0.1243478260869565,0.07130434782608694,-0.31565217391304345,0.05217391304347826,-0.1652173913043478,-0.11826086956521738,-0.1843478260869565,0.04869565217391304,-0.1252173913043478,0.11565217391304347,-0.41826086956521735
2013-11-20,0.1843478260869565,0.10869565217391304,-0.04,0.014782608695652172,-0.23304347826086955,0.12956521739130433,-0.017391304347826087,-0.07217391304347825,0.014782608695652172,0.03652173913043478,-0.03913043478260869,0.03913043478260869,-0.40695652173913033
2013-11-21,0.05652173913043478,0.21739130434782608,0.04347826086956521,-0.011304347826086955,-0.03652173913043478,0.13565217391304346,-0.13304347826086957,-0.14782608695652172,0.03130434782608695,0.19652173913043475,0.17739130434782607,0.07217391304347825,-0.10695652173913042
2013-11-22,-0.03217391304347826,-0.07130434782608694,-0.1226086956521739,-0.18086956521739128,0.04608695652173912,-0.015652173913043476,-0.1026086956521739,-0.20173913043478262,0.18086956521739128,-0.21043478260869564,-0.12,-0.07739130434782608,-0.11913043478260868
2013-11-25,-0.03739130434782608,-0.10869565217391304,0.03913043478260869,-0.08956521739130434,0.18869565217391301,-0.013913043478260868,-0.08608695652173912,-0.17217391304347823,0.2052173913043478,-0.03913043478260869,0.09739130434782609,-0.008695652173913044,0.0008695652173913043
2013-11-26,-0.1243478260869565,-0.049565217391304345,0.19999999999999998,0.0634782608695652,0.2434782608695652,0.03826086956521739,0.19391304347826085,-0.04434782608695652,0.3008695652173913,0.09999999999999999,0.15217391304347824,0.07478260869565216,0.07826086956521738
2013-11-27,-0.0008695652173913043,0.19652173913043475,0.3313043478260869,0.22869565217391302,0.30347826086956514,0.02869565217391304,0.11739130434782606,0.021739130434782605,0.27391304347826084,0.2452173913043478,0.30347826086956514,0.25304347826086954,0.21130434782608692
2013-11-29,0.10434782608695652,0.19999999999999998,0.2582608695652174,0.1678260869565217,0.3173913043478261,0.020869565217391303,0.06695652173913043,0.0608695652173913,0.3139130434782608,0.15565217391304348,0.25304347826086954,0.23478260869565212,0.2069565217391304
2013-12-02,0.05304347826086955,0.35478260869565215,0.40956521739130425,0.24086956521739128,0.37217391304347824,0.08869565217391304,0.18869565217391301,0.11130434782608695,0.5243478260869565,0.2269565217391304,0.23913043478260865,0.2078260869565217,0.14608695652173911
2013-12-03,-0.11130434782608695,0.1869565217391304,0.3278260869565217,0.29478260869565215,0.3869565217391304,-0.04608695652173912,-0.07565217391304348,0.020869565217391303,0.37913043478260866,0.2817391304347826,0.33391304347826084,0.2269565217391304,0.2495652173913043
2013-12-04,0.18869565217391301,0.3608695652173913,0.37217391304347824,0.5043478260869565,0.45739130434782604,0.014782608695652172,-0.07130434782608694,0.01217391304347826,0.23913043478260865,0.48,0.3391304347826086,0.44,0.33826086956521734
2013-12-05,0.1878260869565217,0.33304347826086955,0.34956521739130436,0.4252173913043478,0.35130434782608694,-0.07739130434782608,-0.0634782608695652,-0.019130434782608695,0.08086956521739129,0.44,0.38434782608695645,0.43304347826086953,0.2626086956521739
2013-12-06,-0.005217391304347826,0.2860869565217391,0.27999999999999997,0.2121739130434782,0.37652173913043474,0.05130434782608695,0.06695652173913043,0.008695652173913044,0.09652173913043478,0.328695652173913,0.23478260869565212,0.27999999999999997,0.2208695652173913
2013-12-09,-0.006956521739130434,0.2869565217391304,0.26086956521739124,0.18086956521739128,0.3504347826086956,0.0608695652173913,0.00608695652173913,0.010434782608695651,0.09652173913043478,0.1678260869565217,0.2452173913043478,0.23913043478260865,0.2495652173913043
2013-12-10,-0.033913043478260865,0.13739130434782607,0.002608695652173913,0.06782608695652173,0.08086956521739129,0.04434782608695652,0.040869565217391296,0.1269565217391304,0.05565217391304347,0.04347826086956521,0.03652173913043478,0.08608695652173912,0.05652173913043478
2013-12-11,0.01826086956521739,0.288695652173913,0.1243478260869565,0.14782608695652172,0.08608695652173912,0.27391304347826084,0.2617391304347826,0.1434782608695652,0.15304347826086956,0.0626086956521739,0.02869565217391304,0.08782608695652173,0.014782608695652172
2013-12-12,-0.17652173913043476,0.23130434782608694,0.13043478260869562,0.11565217391304347,0.1034782608695652,0.26086956521739124,0.12,0.14608695652173911,0.047826086956521734,0.14782608695652172,0.10434782608695652,0.049565217391304345,0.09565217391304347
2013-12-13,-0.27999999999999997,0.03043478260869565,-0.07565217391304348,-0.02608695652173913,-0.013043478260869565,0.03130434782608695,-0.05391304347826086,-0.03739130434782608,0.015652173913043476,-0.02608695652173913,-0.008695652173913044,0.027826086956521737,0.041739130434782605
2013-12-16,-0.16260869565217392,0.2826086956521739,0.22608695652173913,0.10434782608695652,0.17913043478260868,0.1434782608695652,0.06,0.11565217391304347,0.05217391304347826,0.26347826086956516,0.27304347826086955,0.13130434782608694,0.23565217391304347
2013-12-17,-0.1226086956521739,0.19130434782608693,0.33826086956521734,0.11130434782608695,0.3078260869565217,0.00608695652173913,0.03217391304347826,0.03130434782608695,0.2478260869565217,0.3408695652173913,0.34347826086956523,0.23217391304347823,0.19913043478260867
2013-12-18,-0.05391304347826086,-0.07913043478260869,0.042608695652173914,0.09478260869565217,0.19826086956521738,-0.09217391304347824,-0.025217391304347827,-0.04869565217391304,0.21304347826086956,-0.021739130434782605,0.08521739130434783,0.24695652173913044,0.08
2013-12-19,-0.3208695652173913,-0.2652173913043478,-0.01217391304347826,0.049565217391304345,0.24695652173913044,-0.3408695652173913,-0.20956521739130432,-0.3913043478260869,0.03652173913043478,0.08,0.3304347826086956,0.3921739130434782,0.2252173913043478
2013-12-20,-0.02608695652173913,-0.18521739130434778,-0.12956521739130433,0.0626086956521739,-0.013913043478260868,-0.22434782608695653,-0.10173913043478258,-0.1469565217391304,0.08434782608695651,-0.023478260869565212,-0.009565217391304347,0.03739130434782608,-0.1060869565217391
2013-12-23,0.007826086956521738,0.19565217391304346,0.12869565217391304,0.13652173913043478,0.00608695652173913,0.16869565217391302,0.12347826086956522,0.1443478260869565,0.16347826086956518,0.23043478260869563,0.08521739130434783,0.07043478260869565,-0.15217391304347824
2013-12-24,0.03826086956521739,0.22434782608695653,0.029565217391304344,-0.005217391304347826,-0.16,0.27999999999999997,0.21826086956521737,0.23304347826086955,0.05130434782608695,0.13043478260869562,-0.1060869565217391,-0.15217391304347824,-0.21304347826086956
2013-12-26,0.09217391304347824,-0.07043478260869565,-0.1252173913043478,-0.17739130434782607,-0.22347826086956518,0.033913043478260865,0.0017391304347826085,-0.003478260869565217,-0.042608695652173914,0.033913043478260865,-0.12956521739130433,-0.13391304347826086,-0.21565217391304345
2013-12-27,0.08695652173913042,-0.1843478260869565,-0.19565217391304346,-0.3217391304347825,-0.13304347826086957,-0.07826086956521738,-0.050434782608695654,-0.09739130434782609,-0.015652173913043476,-0.11130434782608695,-0.1252173913043478,-0.14869565217391303,-0.1269565217391304
2013-12-30,0.011304347826086955,-0.08695652173913042,-0.36173913043478256,-0.3043478260869565,-0.35130434782608694,0.12608695652173912,0.06173913043478261,0.07043478260869565,0.017391304347826087,-0.3052173913043478,-0.4591304347826086,-0.3060869565217391,-0.33826086956521734
2013-12-31,0.0826086956521739,-0.20608695652173914,-0.37130434782608696,-0.34347826086956523,-0.2939130434782608,0.13130434782608694,0.04608695652173912,-0.009565217391304347,0.09999999999999999,-0.32695652173913037,-0.37043478260869556,-0.32956521739130434,-0.28782608695652173
2014-01-02,0.0826086956521739,-0.07217391304347825,-0.3347826086956522,-0.36347826086956525,-0.2434782608695652,0.3208695652173913,0.11217391304347826,0.02869565217391304,0.08086956521739129,-0.30347826086956514,-0.3521739130434782,-0.4017391304347826,-0.27043478260869563
2014-01-03,0.017391304347826087,0.01652173913043478,-0.2773913043478261,-0.3052173913043478,-0.29739130434782607,0.3878260869565217,0.14608695652173911,0.1843478260869565,0.05391304347826086,-0.33999999999999997,-0.31652173913043474,-0.41913043478260864,-0.36
2014-01-06,0.09217391304347824,-0.08521739130434783,-0.25565217391304346,-0.2669565217391304,-0.16869565217391302,0.37913043478260866,0.13043478260869562,0.13999999999999999,-0.0008695652173913043,-0.33826086956521734,-0.2504347826086956,-0.3182608695652174,-0.20608695652173914
2014-01-07,0.004347826086956522,0.2217391304347826,0.13826086956521738,-0.17304347826086955,-0.033913043478260865,0.45826086956521733,0.2721739130434782,0.26086956521739124,0.06956521739130435,-0.27652173913043476,-0.21304347826086956,-0.2573913043478261,-0.07130434782608694
2014-01-08,-0.14782608695652172,0.32956521739130434,0.29217391304347823,0.22608695652173913,0.11739130434782606,0.288695652173913,0.4765217391304347,0.42260869565217385,0.33999999999999997,-0.040869565217391296,0.04434782608695652,-0.017391304347826087,-0.033913043478260865
2014-01-09,-0.15304347826086956,0.10434782608695652,0.18,0.25478260869565217,0.04869565217391304,-0.027826086956521737,0.13304347826086957,0.26086956521739124,0.32695652173913037,0.09130434782608696,0.12869565217391304,0.10695652173913042,-0.15217391304347824
2014-01-10,-0.15826086956521737,-0.20434782608695648,-0.1434782608695652,-0.11304347826086956,-0.3069565217391304,0.03217391304347826,-0.03739130434782608,0.19217391304347822,-0.049565217391304345,-0.19999999999999998,-0.2295652173913043,-0.2495652173913043,-0.4313043478260869
2014-01-13,-0.07217391304347825,0.1226086956521739,-0.014782608695652172,-0.03217391304347826,-0.09130434782608696,0.46173913043478254,0.32347826086956516,0.40869565217391296,-0.0634782608695652,-0.02,-0.10434782608695652,-0.23043478260869563,-0.1434782608695652
2014-01-14,-0.10086956521739131,-0.1434782608695652,0.003478260869565217,0.02869565217391304,-0.2052173913043478,-0.03304347826086956,0.07304347826086956,0.23826086956521736,-0.05130434782608695,0.04,-0.13739130434782607,-0.10782608695652172,-0.2269565217391304
2014-01-15,0.08347826086956521,-0.248695652173913,-0.15565217391304348,-0.01826086956521739,-0.13652173913043478,-0.1217391304347826,-0.06434782608695652,0.03043478260869565,-0.248695652173913,-0.006956521739130434,-0.15304347826086956,-0.07913043478260869,-0.09565217391304347
2014-01-16,-0.1417391304347826,-0.07304347826086956,0.06173913043478261,-0.04,-0.18521739130434778,-0.049565217391304345,0.07826086956521738,0.12,-0.3069565217391304,0.07304347826086956,-0.040869565217391296,-0.1226086956521739,-0.05826086956521739
2014-01-17,-0.18956521739130433,-0.10782608695652172,-0.16086956521739126,-0.1243478260869565,-0.33304347826086955,0.049565217391304345,0.15478260869565216,0.17652173913043476,-0.30347826086956514,-0.16,-0.3678260869565217,-0.3530434782608695,-0.17217391304347823
2014-01-21,-0.17739130434782607,-0.07043478260869565,-0.034782608695652174,-0.07217391304347825,-0.25478260869565217,0.1026086956521739,0.18869565217391301,0.1826086956521739,-0.29913043478260865,-0.09652173913043478,-0.21043478260869564,-0.24434782608695652,-0.023478260869565212
2014-01-22,-0.13652173913043478,-0.1869565217391304,-0.12782608695652173,-0.12,-0.17391304347826084,0.011304347826086955,0.07130434782608694,0.16869565217391302,-0.34521739130434775,-0.0826086956521739,-0.248695652173913,-0.26608695652173914,-0.042608695652173914
2014-01-23,0.08608695652173912,-0.29913043478260865,-0.20173913043478262,-0.11739130434782606,-0.10782608695652172,-0.11130434782608695,-0.1243478260869565,-0.09130434782608696,-0.16695652173913042,-0.05652173913043478,-0.27304347826086955,-0.08521739130434783,-0.050434782608695654
2014-01-24,0.07478260869565216,-0.23217391304347823,-0.15130434782608695,-0.2208695652173913,-0.054782608695652164,-0.008695652173913044,-0.11391304347826085,-0.22434782608695653,-0.24086956521739128,-0.07130434782608694,0.004347826086956522,-0.09043478260869564,0.11391304347826085
2014-01-27,0.014782608695652172,-0.27304347826086955,0.05913043478260869,-0.17565217391304347,-0.20347826086956516,-0.11565217391304347,-0.04869565217391304,-0.14608695652173911,-0.11913043478260868,-0.15130434782608695,-0.05391304347826086,-0.17130434782608694,0.002608695652173913
2014-01-28,-0.047826086956521734,-0.16086956521739126,0.03913043478260869,-0.040869565217391296,-0.1973913043478261,-0.11652173913043477,0.12,0.041739130434782605,0.01217391304347826,-0.06695652173913043,-0.2052173913043478,-0.15391304347826085,-0.07913043478260869
2014-01-29,-0.05739130434782608,-0.040869565217391296,0.019130434782608695,-0.02608695652173913,-0.12782608695652173,-0.07130434782608694,0.11304347826086956,0.09652173913043478,0.09652173913043478,0.04434782608695652,-0.03739130434782608,-0.15652173913043477,-0.10521739130434782
2014-01-30,-0.07846153846153846,0.039999999999999994,0.08846153846153845,0.08461538461538462,-0.07769230769230769,0.050769230769230775,0.15153846153846154,0.20846153846153848,-0.019999999999999997,0.06461538461538462,-0.07384615384615385,-0.26,-0.10846153846153846
2014-01-31,0.016923076923076923,0.08615384615384615,0.3069230769230769,0.19846153846153847,0.20230769230769227,0.059230769230769226,0.30538461538461537,0.21769230769230768,0.16384615384615386,0.06230769230769231,-0.04461538461538461,-0.03846153846153846,0.03769230769230769
2014-02-03,0.07615384615384616,-0.1476923076923077,-0.09307692307692307,-0.10153846153846155,-0.04692307692307692,-0.04923076923076923,0.11692307692307692,0.06846153846153846,0.059230769230769226,-0.30923076923076925,-0.31076923076923074,-0.34307692307692306,-0.07153846153846154
2014-02-04,0.08230769230769232,-0.04692307692307692,0.002307692307692308,-0.07923076923076922,-0.1346153846153846,0.08230769230769232,0.29692307692307696,0.37615384615384617,0.19538461538461538,-0.15846153846153843,-0.22384615384615386,-0.3776923076923077,-0.21923076923076923
2014-02-05,0.08153846153846152,-0.03846153846153846,-0.13999999999999999,-0.1723076923076923,-0.2784615384615384,0.22538461538461538,0.09769230769230769,0.18615384615384614,-0.23076923076923078,-0.2553846153846154,-0.27307692307692305,-0.4115384615384615,-0.25076923076923074
2014-02-06,0.006923076923076924,0.23384615384615384,-0.10153846153846155,0.061538461538461535,-0.16076923076923075,0.4115384615384615,0.08461538461538462,0.26384615384615384,-0.1992307692307692,-0.048461538461538466,-0.22846153846153847,-0.12615384615384617,-0.12230769230769231
2014-02-07,0.046153846153846156,0.19,-0.13,0.003076923076923077,-0.2538461538461539,0.30153846153846153,-0.07153846153846154,0.05461538461538461,-0.40076923076923077,-0.08538461538461539,-0.2376923076923077,-0.20615384615384616,-0.14384615384615382
2014-02-10,0.039999999999999994,0.050769230769230775,-0.16615384615384618,0.023076923076923078,-0.3446153846153846,0.15538461538461537,-0.06923076923076923,0.02923076923076923,-0.5161538461538462,-0.09846153846153846,-0.22615384615384618,-0.16846153846153847,-0.19615384615384615
2014-02-11,0.08076923076923077,-0.09230769230769231,-0.26384615384615384,-0.17923076923076922,-0.45615384615384613,0.15999999999999998,-0.1623076923076923,0.013846153846153848,-0.5269230769230769,-0.30230769230769233,-0.3453846153846154,-0.3638461538461538,-0.3646153846153847
2014-02-12,0.07307692307692308,-0.2369230769230769,-0.40307692307692305,-0.2623076923076923,-0.4823076923076923,0.13615384615384615,-0.22461538461538463,-0.09538461538461537,-0.6384615384615384,-0.3792307692307692,-0.42846153846153845,-0.41692307692307695,-0.3769230769230769
2014-02-13,0.11076923076923079,-0.2561538461538462,-0.45230769230769236,-0.21538461538461537,-0.4123076923076923,0.08230769230769232,-0.06999999999999999,-0.03846153846153846,-0.42000000000000004,-0.32615384615384607,-0.3653846153846153,-0.2753846153846154,-0.2823076923076923
2014-02-14,0.03615384615384615,-0.13615384615384615,-0.22153846153846157,-0.12923076923076923,-0.42615384615384616,0.17384615384615384,0.08846153846153845,0.06769230769230769,-0.33615384615384614,-0.21461538461538462,-0.2553846153846154,-0.2592307692307692,-0.3538461538461538
2014-02-18,0.004615384615384616,-0.057692307692307696,-0.18769230769230769,-0.14692307692307693,-0.3423076923076923,0.22076923076923075,0.16846153846153847,0.16999999999999998,-0.22923076923076924,-0.1815384615384615,-0.24,-0.23153846153846153,-0.33999999999999997
2014-02-19,-0.005384615384615384,0.04230769230769231,-0.023076923076923078,-0.14692307692307693,-0.18,0.2323076923076923,0.3215384615384615,0.2369230769230769,-0.10307692307692308,-0.18692307692307694,-0.1476923076923077,-0.24846153846153846,-0.20615384615384616
2014-02-20,0.07076923076923076,-0.04538461538461538,-0.11615384615384615,-0.18692307692307694,-0.11923076923076922,0.19384615384615386,0.2923076923076923,0.26,0.1392307692307692,-0.24230769230769234,-0.31153846153846154,-0.32076923076923075,-0.23153846153846153
2014-02-21,0.12230769230769231,0.027692307692307697,0.11076923076923079,-0.12,0.08230769230769232,0.1392307692307692,0.22923076923076924,0.2407692307692308,0.10384615384615385,-0.12461538461538461,0.003846153846153846,-0.27384615384615385,0.027692307692307697
2014-02-24,0.11153846153846154,0.2792307692307692,0.31692307692307686,0.13307692307692306,0.2069230769230769,0.19384615384615386,0.3776923076923077,0.3123076923076923,0.20615384615384616,0.18230769230769234,0.16692307692307692,-0.061538461538461535,0.1276923076923077
2014-02-25,0.14846153846153848,0.37538461538461537,0.4753846153846154,0.30999999999999994,0.41692307692307695,0.23076923076923078,0.45999999999999996,0.3853846153846154,0.2915384615384616,0.24846153846153846,0.18230769230769234,0.13,0.18923076923076923
2014-02-26,-0.13692307692307693,-0.016923076923076923,-0.03923076923076923,0.15307692307692308,-0.19846153846153847,-0.04230769230769231,0.16461538461538464,0.29384615384615387,0.09999999999999999,0.10307692307692308,-0.16307692307692304,0.06923076923076923,-0.17153846153846153
2014-02-27,-0.19230769230769232,-0.005384615384615384,-0.10384615384615385,0.06076923076923077,-0.2776923076923077,0.18692307692307694,0.33615384615384614,0.42153846153846153,0.08153846153846152,-0.11076923076923079,-0.4130769230769231,-0.13999999999999999,-0.31076923076923074
2014-02-28,-0.27692307692307694,0.03538461538461538,-0.12846153846153846,-0.14923076923076922,-0.33153846153846156,0.1676923076923077,0.1992307692307692,0.2746153846153846,-0.09538461538461537,-0.15153846153846154,-0.32846153846153847,-0.25769230769230766,-0.28538461538461535
2014-03-03,-0.020769230769230772,0.15923076923076923,0.052307692307692305,0.005384615384615384,-0.1623076923076923,-0.003846153846153846,0.10692307692307691,0.14615384615384616,-0.11692307692307692,0.15999999999999998,0.030769230769230767,0.003076923076923077,-0.09307692307692307
2014-03-04,0.06307692307692309,-0.2915384615384616,-0.33692307692307694,-0.30923076923076925,-0.33230769230769236,-0.3230769230769231,-0.2353846153846154,-0.21846153846153843,-0.45153846153846156,-0.12846153846153846,-0.18384615384615385,-0.14692307692307693,-0.2076923076923077
2014-03-05,-0.06307692307692309,-0.09461538461538462,-0.07076923076923076,-0.08615384615384615,-0.2946153846153846,-0.11692307692307692,0.030769230769230767,0.06384615384615384,-0.1346153846153846,-0.009999999999999998,-0.17615384615384613,-0.11230769230769232,-0.28076923076923077
2014-03-06,-0.1576923076923077,-0.2123076923076923,-0.2923076923076923,-0.17153846153846153,-0.3646153846153847,-0.15153846153846154,-0.006153846153846154,-0.03615384615384615,-0.12384615384615384,-0.21153846153846154,-0.4138461538461538,-0.15538461538461537,-0.38384615384615384
2014-03-07,-0.3238461538461538,0.07153846153846154,-0.06307692307692309,0.015384615384615384,-0.22999999999999998,0.21461538461538462,0.25769230769230766,0.2684615384615385,-0.11230769230769232,-0.14846153846153848,-0.31153846153846154,-0.1723076923076923,-0.32692307692307687
2014-03-10,-0.24923076923076923,0.24384615384615385,0.22538461538461538,0.18384615384615385,-0.08538461538461539,0.2946153846153846,0.5015384615384615,0.45692307692307693,0.019999999999999997,0.12923076923076923,-0.14307692307692307,-0.11615384615384615,-0.19153846153846155
2014-03-11,-0.3046153846153846,0.22384615384615386,-0.011538461538461539,0.19230769230769232,-0.24384615384615385,0.3992307692307692,0.33692307692307694,0.44076923076923075,-0.024615384615384615,0.03,-0.3253846153846154,-0.10230769230769231,-0.3538461538461538
2014-03-12,0.0007692307692307692,0.43769230769230766,0.29846153846153844,0.363076923076923,-0.13846153846153847,0.4130769230769231,0.3823076923076923,0.4753846153846154,-0.036923076923076927,0.32846153846153847,0.05692307692307692,0.09307692307692307,-0.23846153846153845
2014-03-13,-0.07384615384615385,0.21076923076923076,0.11461538461538462,0.3246153846153846,0.041538461538461545,0.17923076923076922,0.3661538461538461,0.4338461538461538,0.11461538461538462,0.18615384615384614,-0.06615384615384615,-0.010769230769230769,-0.03153846153846154
2014-03-14,0.06923076923076923,0.2069230769230769,0.007692307692307692,0.2907692307692308,-0.14692307692307693,0.24384615384615385,0.2630769230769231,0.39076923076923076,0.004615384615384616,0.11153846153846154,-0.10076923076923076,-0.002307692307692308,-0.08615384615384615
2014-03-17,0.004615384615384616,0.15538461538461537,0.20153846153846153,0.25076923076923074,-0.13,0.1776923076923077,0.24384615384615385,0.34153846153846157,0.03461538461538462,0.15384615384615383,-0.052307692307692305,-0.005384615384615384,-0.06384615384615384
2014-03-18,0.14615384615384616,0.13076923076923078,-0.17076923076923078,0.16384615384615386,-0.2538461538461539,0.22999999999999998,0.18230769230769234,0.2784615384615384,-0.24461538461538462,-0.0015384615384615385,-0.24615384615384614,-0.16692307692307692,-0.18615384615384614
2014-03-19,0.11076923076923079,0.3069230769230769,-0.08692307692307692,0.08153846153846152,-0.3576923076923077,0.2630769230769231,-0.013076923076923076,0.19769230769230767,-0.4230769230769231,0.14153846153846153,-0.12,-0.18,-0.13615384615384615
2014-03-20,0.024615384615384615,0.09,-0.13307692307692306,0.07923076923076922,-0.2653846153846154,0.27153846153846156,0.08846153846153845,0.20461538461538462,-0.34384615384615386,-0.04538461538461538,-0.18307692307692305,-0.2169230769230769,-0.15384615384615383
2014-03-21,-0.06538461538461539,0.3215384615384615,0.07692307692307691,0.06076923076923077,-0.2169230769230769,0.28538461538461535,0.17307692307692307,0.14692307692307693,-0.21153846153846154,0.11153846153846154,-0.10230769230769231,-0.10923076923076921,-0.1176923076923077
2014-03-24,-0.3030769230769231,0.53,0.2723076923076923,0.1576923076923077,-0.003846153846153846,0.24615384615384614,0.14384615384615382,0.057692307692307696,-0.24615384615384614,0.30615384615384617,0.17923076923076922,0.061538461538461535,0.04230769230769231
2014-03-25,-0.16846153846153847,0.5984615384615385,0.29846153846153844,0.2646153846153846,0.061538461538461535,0.18769230769230769,0.12692307692307694,0.07538461538461538,-0.22615384615384618,0.2946153846153846,0.12230769230769231,0.12153846153846154,0.07923076923076922
2014-03-26,-0.09153846153846153,0.27307692307692305,0.19307692307692306,0.1676923076923077,0.052307692307692305,0.03461538461538462,0.06692307692307692,-0.03846153846153846,-0.26384615384615384,0.21846153846153843,0.09692307692307693,0.19,0.05307692307692308
2014-03-27,-0.20076923076923076,0.48307692307692307,0.16153846153846155,0.1176923076923077,-0.046153846153846156,0.17076923076923078,0.19538461538461538,0.12923076923076923,-0.1476923076923077,0.24307692307692308,0.12307692307692307,0.027692307692307697,-0.012307692307692308
2014-03-28,-0.10153846153846155,0.6084615384615384,0.33384615384615385,0.24769230769230768,0.07153846153846154,0.33307692307692305,0.3484615384615385,0.27,0.05153846153846154,0.3776923076923077,0.10307692307692308,0.05384615384615384,0.052307692307692305
2014-03-31,-0.24692307692307694,0.45076923076923076,0.010769230769230769,0.18692307692307694,-0.08538461538461539,0.3123076923076923,0.3623076923076923,0.2746153846153846,0.0723076923076923,0.04538461538461538,-0.23384615384615384,-0.024615384615384615,-0.15999999999999998
2014-04-01,-0.31769230769230766,0.3830769230769231,0.015384615384615384,0.19538461538461538,-0.21846153846153843,0.30153846153846153,0.4646153846153846,0.39692307692307693,-0.024615384615384615,-0.03,-0.3423076923076923,-0.10923076923076921,-0.3623076923076923
2014-04-02,-0.28615384615384615,0.3823076923076923,0.08538461538461539,0.3223076923076923,-0.2892307692307692,0.24230769230769234,0.3253846153846154,0.40923076923076923,0.14153846153846153,0.1523076923076923,-0.08230769230769232,0.03,-0.41692307692307695
2014-04-03,-0.041538461538461545,0.49538461538461537,0.18923076923076923,0.2753846153846154,-0.2353846153846154,0.3992307692307692,0.4392307692307692,0.48307692307692307,0.28615384615384615,0.2169230769230769,-0.08846153846153845,-0.03846153846153846,-0.3823076923076923
2014-04-04,0.3230769230769231,0.2369230769230769,0.003076923076923077,0.09999999999999999,-0.15615384615384614,0.2976923076923077,0.3069230769230769,0.24307692307692308,0.30769230769230765,0.10923076923076921,-0.2076923076923077,-0.09,-0.3253846153846154
2014-04-07,0.3046153846153846,-0.03,-0.20846153846153848,-0.07846153846153846,-0.2815384615384615,0.05615384615384616,0.0723076923076923,0.039999999999999994,-0.05307692307692308,-0.2230769230769231,-0.3807692307692308,-0.15153846153846154,-0.13307692307692306
2014-04-08,0.0723076923076923,-0.1676923076923077,-0.26615384615384613,-0.0723076923076923,-0.2553846153846154,-0.049999999999999996,-0.06615384615384615,0.009999999999999998,-0.12692307692307694,-0.16538461538461538,-0.3192307692307692,-0.16384615384615386,-0.19692307692307692
2014-04-09,-0.09230769230769231,0.21461538461538462,-0.06307692307692309,0.06692307692307692,-0.12153846153846154,0.3046153846153846,0.21076923076923076,0.19230769230769232,0.050769230769230775,-0.15461538461538463,-0.4076923076923077,-0.1946153846153846,-0.30769230769230765
2014-04-10,-0.1992307692307692,-0.04384615384615385,-0.024615384615384615,-0.03,-0.15846153846153843,0.01923076923076923,0.09230769230769231,0.09,0.1576923076923077,-0.12307692307692307,-0.1453846153846154,-0.04076923076923076,-0.3192307692307692
2014-04-11,-0.12461538461538461,0.06230769230769231,-0.021538461538461538,0.04769230769230769,-0.019999999999999997,-0.016923076923076923,-0.05615384615384616,0.03769230769230769,-0.010769230769230769,0.021538461538461538,0.04692307692307692,0.13615384615384615,-0.041538461538461545
2014-04-14,-0.08538461538461539,-0.08461538461538462,-0.13076923076923078,0.06,-0.12153846153846154,-0.11076923076923079,-0.13615384615384615,-0.05461538461538461,-0.06692307692307692,0.03,-0.036923076923076927,0.2230769230769231,-0.06923076923076923
2014-04-15,0.043076923076923075,0.052307692307692305,-0.011538461538461539,0.04769230769230769,-0.048461538461538466,0.016153846153846154,-0.09230769230769231,-0.039999999999999994,-0.06461538461538462,0.048461538461538466,-0.06999999999999999,0.2030769230769231,-0.09230769230769231
2014-04-16,0.08153846153846152,0.10461538461538461,0.09230769230769231,0.19615384615384615,-0.013846153846153848,-0.011538461538461539,-0.06538461538461539,-0.06769230769230769,-0.006153846153846154,0.42076923076923073,0.19846153846153847,0.37461538461538463,-0.006153846153846154
2014-04-17,0.02923076923076923,-0.01769230769230769,-0.06230769230769231,0.11076923076923079,-0.14615384615384616,-0.03846153846153846,-0.13615384615384615,-0.06769230769230769,-0.07538461538461538,0.04769230769230769,0.0,0.29000000000000004,-0.14384615384615382
2014-04-21,-0.18384615384615385,0.13999999999999999,0.20923076923076922,0.18461538461538463,0.003846153846153846,0.048461538461538466,-0.049999999999999996,0.013076923076923076,-0.05615384615384616,0.29923076923076924,0.30153846153846153,0.22153846153846157,0.006923076923076924
2014-04-22,-0.2684615384615385,0.4723076923076923,0.03769230769230769,0.09307692307692307,-0.19384615384615386,0.3923076923076923,0.0015384615384615385,0.06538461538461539,-0.08692307692307692,0.20615384615384616,0.043076923076923075,0.057692307692307696,-0.11461538461538462
2014-04-23,-0.12,0.48692307692307696,-0.0007692307692307692,0.016153846153846154,-0.20923076923076922,0.573076923076923,0.07538461538461538,0.15692307692307692,-0.03,0.09615384615384616,-0.19692307692307692,-0.11461538461538462,-0.19384615384615386
2014-04-24,0.05384615384615384,0.5061538461538462,0.04923076923076923,0.10384615384615385,-0.12692307692307694,0.5215384615384615,0.18615384615384614,0.18230769230769234,-0.011538461538461539,-0.039999999999999994,-0.1446153846153846,-0.10538461538461538,-0.14692307692307693
2014-04-25,0.10692307692307691,0.4146153846153846,-0.05384615384615384,-0.003076923076923077,-0.11384615384615385,0.5846153846153846,0.22615384615384618,0.13307692307692306,0.13692307692307693,-0.18,-0.23615384615384616,-0.1946153846153846,-0.28538461538461535
2014-04-28,-0.06076923076923077,0.20384615384615384,0.15384615384615383,0.14307692307692307,-0.09923076923076923,0.27384615384615385,0.3030769230769231,0.2815384615384615,0.18692307692307694,-0.06846153846153846,-0.10307692307692308,-0.10999999999999999,-0.28384615384615386
2014-04-29,-0.026153846153846153,0.2684615384615385,0.3576923076923077,0.18384615384615385,0.22076923076923075,0.18615384615384614,0.22846153846153847,0.22538461538461538,0.22461538461538463,0.2592307692307692,0.24769230769230768,0.023846153846153843,0.12153846153846154
2014-04-30,-0.07923076923076922,0.13384615384615384,0.04076923076923076,0.04769230769230769,0.06769230769230769,0.2592307692307692,0.21461538461538462,0.15538461538461537,0.19615384615384615,-0.046153846153846156,0.02692307692307692,0.023076923076923078,0.046153846153846156
2014-05-01,0.006153846153846154,0.09846153846153846,0.008461538461538461,0.002307692307692308,0.03538461538461538,0.1946153846153846,0.11923076923076922,0.18923076923076923,0.13,-0.05538461538461539,-0.04384615384615385,-0.08615384615384615,0.07692307692307691
2014-05-02,-0.09153846153846153,0.37,0.37461538461538463,0.32846153846153847,0.34153846153846157,0.2623076923076923,0.33,0.33153846153846156,0.1753846153846154,0.3353846153846154,0.30999999999999994,0.1576923076923077,0.2923076923076923
2014-05-05,0.1753846153846154,0.20153846153846153,0.24615384615384614,0.30076923076923073,0.3192307692307692,0.19615384615384615,0.09153846153846153,0.09230769230769231,0.08384615384615385,0.20230769230769227,0.15923076923076923,0.17846153846153845,0.3192307692307692
2014-05-06,0.17076923076923078,0.1346153846153846,0.19384615384615386,0.3776923076923077,0.23076923076923078,0.03538461538461538,0.2030769230769231,0.2407692307692308,0.2076923076923077,0.29000000000000004,0.12307692307692307,0.28307692307692306,0.18
2014-05-07,0.15846153846153843,-0.3423076923076923,-0.31692307692307686,0.003846153846153846,-0.2915384615384616,-0.3276923076923077,-0.11692307692307692,-0.015384615384615384,-0.10153846153846155,-0.1776923076923077,-0.36846153846153845,-0.18230769230769234,-0.2923076923076923
2014-05-08,0.18384615384615385,-0.2776923076923077,-0.1523076923076923,-0.11846153846153845,-0.30538461538461537,-0.33384615384615385,0.004615384615384616,-0.025384615384615387,-0.10384615384615385,-0.23384615384615384,-0.3538461538461538,-0.21307692307692308,-0.3223076923076923
2014-05-09,0.2569230769230769,-0.3469230769230769,-0.4230769230769231,-0.19076923076923075,-0.5569230769230769,-0.26384615384615384,-0.22615384615384618,-0.05615384615384616,-0.34384615384615386,-0.3384615384615385,-0.5169230769230769,-0.3561538461538461,-0.49846153846153846
2014-05-12,0.22538461538461538,-0.06769230769230769,-0.12923076923076923,-0.10538461538461538,-0.27153846153846156,-0.13999999999999999,-0.2569230769230769,-0.11692307692307692,-0.46615384615384614,0.06,-0.002307692307692308,-0.005384615384615384,0.03923076923076923
2014-05-13,0.16846153846153847,0.10153846153846155,0.19769230769230767,0.08538461538461539,-0.002307692307692308,-0.12076923076923077,-0.21461538461538462,-0.11461538461538462,-0.33461538461538465,0.2946153846153846,0.31769230769230766,0.15461538461538463,0.24923076923076923
2014-05-14,0.24615384615384614,-0.22846153846153847,-0.11153846153846154,-0.08461538461538462,0.003076923076923077,-0.29615384615384616,-0.13999999999999999,-0.1276923076923077,-0.22461538461538463,-0.004615384615384616,0.052307692307692305,0.02923076923076923,0.10923076923076921
2014-05-15,0.34307692307692306,-0.1376923076923077,0.28307692307692306,0.06230769230769231,0.29000000000000004,-0.29000000000000004,0.15615384615384614,0.023076923076923078,0.14692307692307693,0.1576923076923077,0.32692307692307687,0.10999999999999999,0.10461538461538461
2014-05-16,0.5046153846153847,-0.2323076923076923,-0.10307692307692308,-0.09,0.07384615384615385,-0.15846153846153843,0.013846153846153848,-0.13538461538461538,0.02923076923076923,-0.17307692307692307,-0.08538461538461539,0.11615384615384615,0.02692307692307692
2014-05-19,0.4669230769230769,0.05461538461538461,0.06615384615384615,0.004615384615384616,0.10999999999999999,0.08615384615384615,0.023076923076923078,-0.07615384615384616,-0.046153846153846156,0.11461538461538462,0.19999999999999998,0.2169230769230769,0.10615384615384615
2014-05-20,0.3384615384615385,0.15615384615384614,0.13692307692307693,0.21307692307692308,0.32615384615384607,0.050769230769230775,0.006923076923076924,-0.05461538461538461,0.20230769230769227,0.13384615384615384,0.2230769230769231,0.22153846153846157,0.17153846153846153
2014-05-21,0.12923076923076923,-0.10076923076923076,0.007692307692307692,0.07846153846153846,0.08307692307692309,-0.16923076923076924,0.11538461538461539,0.09999999999999999,0.3215384615384615,-0.014615384615384615,0.003076923076923077,0.05846153846153846,-0.03307692307692307
2014-05-22,0.12461538461538461,-0.09384615384615384,0.19692307692307692,0.1853846153846154,0.18384615384615385,-0.36846153846153845,-0.043076923076923075,0.06230769230769231,0.11846153846153845,0.19769230769230767,0.24923076923076923,0.11307692307692309,0.1323076923076923
2014-05-23,0.04230769230769231,-0.09615384615384616,0.15846153846153843,0.17153846153846153,0.19615384615384615,-0.33615384615384614,-0.14153846153846153,-0.08153846153846152,-0.0723076923076923,0.2030769230769231,0.2930769230769231,0.21846153846153843,0.3215384615384615
2014-05-27,0.03923076923076923,0.01923076923076923,0.23846153846153845,0.1723076923076923,0.19230769230769232,-0.33153846153846156,-0.04769230769230769,-0.10384615384615385,-0.09538461538461537,0.3246153846153846,0.33461538461538465,0.22615384615384618,0.3476923076923077
2014-05-28,-0.07538461538461538,0.13615384615384615,0.24846153846153846,0.20846153846153848,0.1746153846153846,-0.3915384615384615,-0.09615384615384616,-0.12923076923076923,-0.14615384615384616,0.34076923076923077,0.46076923076923076,0.2884615384615385,0.36
2014-05-29,-0.14615384615384616,0.12923076923076923,0.22615384615384618,0.15615384615384614,0.21923076923076923,-0.42153846153846153,-0.10230769230769231,-0.2069230769230769,-0.006153846153846154,0.29384615384615387,0.32846153846153847,0.32615384615384607,0.33461538461538465
2014-05-30,-0.21076923076923076,0.1676923076923077,0.17076923076923078,0.08538461538461539,0.2323076923076923,-0.30153846153846153,-0.24230769230769234,-0.2069230769230769,-0.016153846153846154,0.24230769230769234,0.32846153846153847,0.23153846153846153,0.27153846153846156
2014-06-02,-0.22923076923076924,-0.03153846153846154,0.16846153846153847,0.30615384615384617,0.2792307692307692,-0.4130769230769231,-0.01769230769230769,-0.014615384615384615,0.11461538461538462,0.3230769230769231,0.19769230769230767,0.33076923076923076,0.3446153846153846
2014-06-03,-0.2746153846153846,-0.2653846153846154,-0.14153846153846153,0.10615384615384615,-0.027692307692307697,-0.43692307692307686,-0.15153846153846154,-0.09461538461538462,-0.09384615384615384,0.06538461538461539,-0.046153846153846156,0.18692307692307694,0.013846153846153848
2014-06-04,-0.25461538461538463,-0.19538461538461538,-0.14076923076923076,0.004615384615384616,-0.24615384615384614,-0.32615384615384607,-0.013846153846153848,0.018461538461538463,0.012307692307692308,-0.061538461538461535,-0.18923076923076923,-0.010769230769230769,-0.1815384615384615
2014-06-05,-0.22615384615384618,-0.13,-0.13615384615384615,0.007692307692307692,-0.19,-0.18,0.039999999999999994,0.014615384615384615,0.25461538461538463,-0.04384615384615385,-0.16076923076923075,0.05384615384615384,-0.20846153846153848
2014-06-06,-0.1746153846153846,0.020769230769230772,0.027692307692307697,0.057692307692307696,-0.1323076923076923,-0.07846153846153846,0.21846153846153843,0.17076923076923078,0.39384615384615385,-0.023076923076923078,-0.21153846153846154,-0.07615384615384616,-0.30769230769230765
2014-06-09,-0.12846153846153846,-0.0015384615384615385,0.05384615384615384,0.011538461538461539,0.020769230769230772,0.09615384615384616,0.13538461538461538,0.18307692307692305,0.2823076923076923,-0.08076923076923077,-0.11615384615384615,-0.21076923076923076,-0.2553846153846154
2014-06-10,-0.1176923076923077,-0.015384615384615384,0.15923076923076923,0.01923076923076923,0.01769230769230769,0.18230769230769234,0.2976923076923077,0.2630769230769231,0.32692307692307687,0.01769230769230769,-0.0015384615384615385,-0.10076923076923076,-0.07384615384615385
2014-06-11,-0.12461538461538461,0.16923076923076924,0.3423076923076923,0.2276923076923077,0.17307692307692307,0.17076923076923078,0.41692307692307695,0.2953846153846154,0.44076923076923075,0.11153846153846154,0.0723076923076923,0.03153846153846154,-0.04692307692307692
2014-06-12,0.02846153846153846,0.1523076923076923,0.17153846153846153,0.2123076923076923,0.009230769230769232,0.11615384615384615,0.16615384615384618,0.2553846153846154,0.24692307692307694,0.20615384615384616,0.10769230769230768,0.0876923076923077,-0.07692307692307691
2014-06-13,0.11076923076923079,0.04692307692307692,0.14692307692307693,0.20846153846153848,-0.020769230769230772,-0.09384615384615384,0.17153846153846153,0.3223076923076923,0.07692307692307691,0.11615384615384615,0.050769230769230775,0.050769230769230775,-0.12692307692307694
2014-06-16,0.23153846153846153,0.1523076923076923,0.2407692307692308,0.22461538461538463,0.09,-0.02846153846153846,0.049999999999999996,0.06692307692307692,0.08923076923076922,0.2561538461538462,0.19846153846153847,0.16999999999999998,0.12307692307692307
2014-06-17,0.27615384615384614,-0.003846153846153846,0.15307692307692308,0.1392307692307692,0.05153846153846154,-0.23923076923076922,-0.12153846153846154,-0.07153846153846154,-0.10307692307692308,0.1723076923076923,0.21615384615384614,0.18615384615384614,0.14692307692307693
2014-06-18,0.1776923076923077,-0.36,-0.3038461538461538,-0.09692307692307693,-0.24307692307692308,-0.4923076923076923,-0.3223076923076923,-0.34076923076923077,-0.21000000000000002,-0.18769230769230769,-0.13615384615384615,0.04769230769230769,-0.11384615384615385
2014-06-19,0.29846153846153844,-0.4707692307692308,-0.49538461538461537,-0.3123076923076923,-0.35846153846153844,-0.43692307692307686,-0.38461538461538464,-0.3776923076923077,-0.30076923076923073,-0.3546153846153846,-0.3646153846153847,-0.2076923076923077,-0.2353846153846154
2014-06-20,0.07615384615384616,-0.10615384615384615,-0.049999999999999996,-0.07153846153846154,-0.05153846153846154,-0.19846153846153847,-0.1423076923076923,-0.2792307692307692,-0.20923076923076922,-0.008461538461538461,0.12461538461538461,0.09384615384615384,0.05307692307692308
2014-06-23,0.026153846153846153,-0.19230769230769232,-0.2069230769230769,-0.21000000000000002,0.10538461538461538,-0.03461538461538462,-0.05692307692307692,-0.30999999999999994,0.18230769230769234,-0.27076923076923076,-0.10615384615384615,-0.08230769230769232,-0.03615384615384615
2014-06-24,0.016153846153846154,-0.07153846153846154,-0.17076923076923078,-0.1392307692307692,0.05692307692307692,-0.13307692307692306,-0.2030769230769231,-0.25230769230769234,0.10307692307692308,-0.06307692307692309,0.07153846153846154,0.05384615384615384,0.07769230769230769
2014-06-25,-0.04230769230769231,-0.05538461538461539,-0.2369230769230769,-0.1676923076923077,-0.06230769230769231,-0.10307692307692308,-0.3869230769230769,-0.24307692307692308,-0.08384615384615385,-0.11846153846153845,-0.005384615384615384,0.10999999999999999,0.025384615384615387
2014-06-26,-0.09153846153846153,-0.08538461538461539,-0.08923076923076922,-0.23384615384615384,-0.08615384615384615,-0.20153846153846153,-0.28076923076923077,-0.27384615384615385,-0.057692307692307696,-0.08153846153846152,0.004615384615384616,0.022307692307692306,-0.02692307692307692
2014-06-27,-0.16999999999999998,-0.07307692307692308,0.06923076923076923,-0.11461538461538462,0.13615384615384615,-0.18230769230769234,-0.29000000000000004,-0.3738461538461539,0.026153846153846153,-0.014615384615384615,0.21153846153846154,0.012307692307692308,0.15999999999999998
2014-06-30,-0.08786324786324784,-0.03931623931623932,0.09128205128205127,-0.08512820512820513,0.3135042735042735,-0.1651282051282051,-0.305982905982906,-0.41128205128205125,0.019487179487179485,-0.052307692307692305,0.2663247863247863,0.13094017094017094,0.31145299145299143
2014-07-01,-0.050940170940170934,0.059829059829059825,0.0988034188034188,0.13025641025641024,0.4092307692307692,-0.1617094017094017,-0.28136752136752136,-0.31555555555555553,0.14803418803418802,0.11931623931623932,0.32512820512820506,0.31008547008547005,0.3347008547008547
2014-07-02,-0.05914529914529914,0.38051282051282054,0.26017094017094017,0.24854700854700856,0.23145299145299145,0.059829059829059825,0.06871794871794872,-0.09811965811965812,0.22324786324786322,0.1904273504273504,0.2629059829059829,0.3278632478632478,0.13367521367521365
2014-07-03,-0.032478632478632474,0.09059829059829058,0.08717948717948718,0.1617094017094017,0.13299145299145299,-0.04478632478632478,-0.14119658119658116,-0.24991452991452992,0.1904273504273504,0.05846153846153846,0.1747008547008547,0.31897435897435894,0.08102564102564101
2014-07-07,-0.07350427350427349,0.24444444444444444,0.2505982905982906,0.2321367521367521,0.254017094017094,-0.027692307692307693,-0.12478632478632476,-0.30871794871794866,0.07418803418803417,0.2635897435897435,0.3545299145299145,0.3627350427350427,0.2451282051282051
2014-07-08,-0.11179487179487178,0.043418803418803414,0.13846153846153844,0.08444444444444445,0.2581196581196581,-0.26905982905982906,-0.2629059829059829,-0.35794871794871796,-0.2075213675213675,0.18153846153846154,0.32239316239316235,0.2717948717948718,0.3627350427350427
2014-07-09,-0.15213675213675212,-0.07829059829059828,0.1576068376068376,0.09675213675213674,0.31897435897435894,-0.29777777777777775,-0.26837606837606837,-0.3839316239316239,-0.03658119658119658,0.1835897435897436,0.2854700854700854,0.35794871794871796,0.347008547008547
2014-07-10,-0.07418803418803417,-0.034529914529914524,0.24034188034188034,0.1692307692307692,0.3688888888888889,-0.22256410256410253,-0.14598290598290597,-0.2533333333333333,0.17128205128205126,0.17538461538461536,0.2547008547008547,0.3135042735042735,0.3531623931623932
2014-07-11,-0.0947008547008547,-0.007863247863247862,0.1282051282051282,0.050940170940170934,0.27794871794871795,-0.17128205128205126,-0.20957264957264954,-0.3524786324786324,0.048888888888888885,0.12957264957264958,0.27384615384615385,0.21846153846153846,0.3367521367521367
2014-07-14,-0.14188034188034188,0.15145299145299143,0.14119658119658116,0.14256410256410257,0.16307692307692306,0.05846153846153846,-0.011282051282051281,-0.09333333333333332,0.043418803418803414,0.07623931623931623,0.13504273504273506,0.12615384615384614,0.17743589743589744
2014-07-15,-0.1788034188034188,-0.0147008547008547,-0.025641025641025637,0.004444444444444444,-0.037948717948717944,-0.012649572649572649,0.046153846153846156,-0.0441025641025641,0.06188034188034188,-0.06256410256410255,-0.046837606837606835,-0.0652991452991453,-0.032478632478632474
2014-07-16,-0.21846153846153846,-0.3264957264957265,-0.23623931623931624,-0.13709401709401706,-0.2717948717948718,-0.2984615384615385,0.06119658119658119,0.06871794871794872,-0.013333333333333332,-0.23692307692307688,-0.3641025641025641,-0.18769230769230769,-0.3264957264957265
2014-07-17,-0.3709401709401709,-0.2300854700854701,-0.045470085470085464,-0.06940170940170941,-0.021538461538461538,-0.3264957264957265,-0.13025641025641024,-0.031794871794871796,-0.021538461538461538,0.0030769230769230765,0.030427350427350425,-0.11931623931623932,0.030427350427350425
2014-07-18,-0.33196581196581193,-0.35794871794871796,-0.10427350427350426,-0.19316239316239317,-0.09059829059829058,-0.44957264957264953,-0.3258119658119658,-0.1569230769230769,-0.2239316239316239,-0.13094017094017094,0.018803418803418803,-0.2027350427350427,0.10905982905982906
2014-07-21,-0.2553846153846154,-0.2793162393162393,-0.20888888888888887,-0.23145299145299145,0.035897435897435895,-0.33538461538461534,-0.35794871794871796,-0.32717948717948714,-0.42495726495726494,-0.0776068376068376,0.027692307692307693,-0.06871794871794872,0.16444444444444445
2014-07-22,-0.020854700854700852,-0.4140170940170939,-0.3367521367521367,-0.416068376068376,-0.13504273504273506,-0.2526495726495726,-0.35794871794871796,-0.4256410256410256,-0.49333333333333323,-0.38051282051282054,-0.12957264957264958,-0.26905982905982906,0.10769230769230768
2014-07-23,-0.08717948717948718,-0.4523076923076923,-0.3627350427350427,-0.42632478632478626,-0.1268376068376068,-0.4570940170940171,-0.4468376068376068,-0.4543589743589744,-0.43111111111111106,-0.3203418803418803,-0.08512820512820513,-0.18837606837606835,0.25196581196581197
2014-07-24,-0.1829059829059829,-0.37025641025641026,-0.3846153846153845,-0.3811965811965812,-0.03111111111111111,-0.483076923076923,-0.43863247863247856,-0.4167521367521367,-0.4167521367521367,-0.23623931623931624,0.09675213675213674,-0.19452991452991453,0.24444444444444444
2014-07-25,-0.012649572649572649,-0.5637606837606838,-0.5049572649572649,-0.43247863247863244,-0.2854700854700854,-0.44820512820512814,-0.24649572649572649,-0.2676923076923077,-0.4147008547008547,-0.3818803418803418,-0.2512820512820513,-0.3182905982905983,-0.09606837606837607
2014-07-28,0.015384615384615384,-0.7114529914529912,-0.40649572649572646,-0.4782905982905982,-0.1288888888888889,-0.5131623931623931,-0.31965811965811963,-0.3497435897435897,-0.22735042735042732,-0.41128205128205125,-0.12957264957264958,-0.2239316239316239,-0.016752136752136753
2014-07-29,0.07965811965811966,-0.6437606837606837,-0.31487179487179484,-0.43863247863247856,-0.1288888888888889,-0.427008547008547,-0.17128205128205126,-0.2581196581196581,-0.0441025641025641,-0.41264957264957264,-0.23623931623931624,-0.212991452991453,-0.107008547008547
2014-07-30,0.08170940170940172,-0.3011965811965812,-0.042735042735042736,-0.20888888888888887,0.006495726495726496,-0.33401709401709395,-0.12615384615384614,-0.26700854700854704,-0.011282051282051281,-0.0605128205128205,0.03111111111111111,0.014017094017094016,-0.005811965811965812
2014-07-31,0.07213675213675212,-0.41743589743589743,-0.012649572649572649,-0.2622222222222222,0.017435897435897435,-0.4140170940170939,-0.29504273504273504,-0.43863247863247856,-0.12205128205128205,-0.004444444444444444,0.19999999999999998,0.11042735042735041,0.10837606837606836
2014-08-01,-0.11658119658119658,-0.2711111111111111,0.02222222222222222,-0.0947008547008547,0.2027350427350427,-0.45572649572649565,-0.11452991452991453,-0.3011965811965812,0.05025641025641025,0.12205128205128205,0.23282051282051283,0.13162393162393163,0.20136752136752134
2014-08-04,-0.1282051282051282,-0.14461538461538462,0.2170940170940171,0.0864957264957265,0.37435897435897436,-0.40239316239316236,0.06188034188034188,-0.032478632478632474,0.3429059829059829,0.2635897435897435,0.2984615384615385,0.27384615384615385,0.2300854700854701
2014-08-05,-0.10495726495726496,0.10769230769230768,0.34017094017094013,0.2451282051282051,0.2998290598290598,-0.24034188034188034,0.28478632478632476,0.10905982905982906,0.3285470085470085,0.3538461538461538,0.2711111111111111,0.3545299145299145,0.11931623931623932
2014-08-06,-0.16376068376068376,0.03521367521367521,0.1617094017094017,0.10085470085470086,0.10222222222222223,-0.15829059829059827,0.18085470085470085,0.15897435897435896,0.23076923076923075,0.1288888888888889,0.09811965811965812,0.1651282051282051,0.055726495726495726
2014-08-07,-0.032478632478632474,-0.14051282051282052,-0.050940170940170934,0.0037606837606837602,-0.042735042735042736,-0.14598290598290597,0.11384615384615385,0.1323076923076923,0.1576068376068376,0.005811965811965812,-0.05709401709401708,-0.011965811965811965,-0.10153846153846154
2014-08-08,0.09059829059829058,-0.06119658119658119,-0.005811965811965812,-0.015384615384615384,-0.15076923076923074,0.042735042735042736,0.2676923076923077,0.2170940170940171,0.2300854700854701,-0.06188034188034188,-0.18837606837606835,-0.10358974358974359,-0.24034188034188034
2014-08-11,0.0652991452991453,-0.09196581196581195,0.018803418803418803,0.0003418803418803419,-0.10427350427350426,-0.13572649572649573,0.1323076923076923,0.05025641025641025,0.14666666666666667,0.03931623931623932,-0.11042735042735041,-0.06119658119658119,-0.228034188034188
2014-08-12,0.039999999999999994,0.01811965811965812,0.14393162393162393,0.1822222222222222,-0.05709401709401708,-0.1617094017094017,0.2321367521367521,0.19247863247863245,0.31555555555555553,0.20547008547008547,-0.02974358974358974,0.0947008547008547,-0.20957264957264954
2014-08-13,0.06598290598290597,-0.19931623931623932,-0.20615384615384613,0.045470085470085464,-0.23076923076923075,-0.25196581196581197,-0.06735042735042734,0.07829059829059828,0.013333333333333332,-0.06324786324786325,-0.2745299145299145,-0.024957264957264955,-0.28888888888888886
2014-08-14,0.08717948717948718,0.020854700854700852,0.007863247863247862,0.03521367521367521,-0.17675213675213672,0.11042735042735041,0.11111111111111109,0.11863247863247862,-0.06803418803418802,0.035897435897435895,-0.11931623931623932,-0.052307692307692305,-0.38598290598290597
2014-08-15,-0.05504273504273505,0.04136752136752136,0.14119658119658116,0.028376068376068375,-0.029059829059829054,0.031794871794871796,0.22735042735042732,0.1938461538461538,0.06324786324786325,0.05846153846153846,-0.0605128205128205,-0.10974358974358973,-0.28820512820512817
2014-08-18,-0.18495726495726494,0.0988034188034188,0.07418803418803417,0.0947008547008547,-0.11247863247863246,0.18974358974358974,0.41264957264957264,0.3586324786324786,0.11316239316239315,-0.07418803418803417,-0.27658119658119656,-0.17675213675213672,-0.3415384615384615
2014-08-19,0.012649572649572649,-0.042735042735042736,-0.12615384615384614,-0.0988034188034188,-0.046153846153846156,0.07282051282051281,0.1234188034188034,0.12205128205128205,-0.07965811965811966,-0.16307692307692306,-0.24854700854700856,-0.21025641025641023,-0.09059829059829058
2014-08-20,-0.030427350427350425,-0.06119658119658119,-0.12205128205128205,-0.07076923076923076,-0.1617094017094017,0.17059829059829057,0.14393162393162393,0.20957264957264954,-0.06871794871794872,-0.23829059829059826,-0.3292307692307692,-0.3244444444444444,-0.2451282051282051
2014-08-21,-0.042735042735042736,-0.1651282051282051,-0.29777777777777775,-0.15897435897435896,-0.28478632478632476,0.14188034188034188,0.048888888888888885,0.12615384615384614,-0.19316239316239317,-0.3408547008547009,-0.30324786324786324,-0.43863247863247856,-0.2553846153846154
2014-08-22,-0.1268376068376068,-0.011282051282051281,-0.1398290598290598,-0.1623931623931624,-0.31008547008547005,0.2854700854700854,0.21777777777777776,0.23487179487179485,0.0030769230769230765,-0.2909401709401709,-0.46529914529914523,-0.561025641025641,-0.3182905982905983
2014-08-25,-0.024957264957264955,-0.12205128205128205,-0.2027350427350427,-0.2923076923076923,-0.16376068376068376,0.1323076923076923,0.07487179487179485,0.1617094017094017,-0.05777777777777777,-0.3305982905982906,-0.27794871794871795,-0.5124786324786325,-0.1938461538461538
2014-08-26,0.011965811965811965,-0.06735042735042734,-0.12615384615384614,-0.20820512820512818,0.008547008547008546,0.17811965811965808,0.09196581196581195,0.13914529914529913,-0.12615384615384614,-0.21914529914529915,-0.1268376068376068,-0.2861538461538462,-0.022905982905982905
2014-08-27,-0.12547008547008545,0.032478632478632474,0.06940170940170941,-0.08376068376068375,0.020854700854700852,0.2752136752136752,0.3695726495726495,0.37025641025641026,0.0652991452991453,-0.20136752136752134,-0.17743589743589744,-0.2834188034188034,-0.04136752136752136
2014-08-28,0.020854700854700852,0.050940170940170934,-0.03316239316239316,-0.1152136752136752,-0.09264957264957263,0.27384615384615385,0.3818803418803418,0.42837606837606834,0.06188034188034188,-0.28478632478632476,-0.22529914529914527,-0.3757264957264957,-0.09538461538461539
2014-08-29,0.2205128205128205,0.0899145299145299,-0.13709401709401706,-0.10427350427350426,-0.13641025641025642,0.22598290598290596,0.28820512820512817,0.31897435897435894,-0.1152136752136752,-0.2581196581196581,-0.22735042735042732,-0.2608547008547008,-0.0858119658119658
2014-09-02,0.1863247863247863,0.03931623931623932,0.042735042735042736,0.05709401709401708,0.17264957264957262,0.04478632478632478,0.06393162393162392,0.10564102564102562,0.06598290598290597,0.022905982905982905,0.08034188034188033,0.0017094017094017092,0.14119658119658116
2014-09-03,0.08717948717948718,0.025641025641025637,0.06598290598290597,0.09675213675213674,0.05641025641025641,0.10222222222222223,0.15350427350427348,0.2635897435897435,-0.05299145299145299,0.07418803418803417,0.052307692307692305,0.0003418803418803419,0.17059829059829057
2014-09-04,0.09059829059829058,0.1904273504273504,0.29299145299145296,0.1952136752136752,0.15213675213675212,0.1917948717948718,0.347008547008547,0.3852991452991453,0.008547008547008546,0.17264957264957262,0.12068376068376069,0.04478632478632478,0.22119658119658114
2014-09-05,-0.026324786324786322,0.20341880341880342,0.24376068376068374,0.16444444444444445,0.17538461538461536,0.321025641025641,0.3709401709401709,0.39829059829059826,-0.009230769230769232,0.052307692307692305,0.06119658119658119,0.019487179487179485,0.2512820512820513
2014-09-08,0.107008547008547,0.3764102564102564,0.3244444444444444,0.22598290598290596,0.3217094017094017,0.18769230769230769,0.17538461538461536,0.1528205128205128,0.1617094017094017,0.31282051282051276,0.2553846153846154,0.2581196581196581,0.34017094017094013
2014-09-09,0.06119658119658119,0.2745299145299145,0.2772649572649572,0.2704273504273504,0.094017094017094,0.026324786324786322,0.02358974358974359,0.09264957264957263,0.048888888888888885,0.2923076923076923,0.18905982905982904,0.22324786324786322,0.1569230769230769
2014-09-10,0.13914529914529913,0.27589743589743587,0.18427350427350422,0.2505982905982906,0.005128205128205127,0.07897435897435896,0.20957264957264954,0.15965811965811963,0.2205128205128205,0.22324786324786322,0.06871794871794872,0.2417094017094017,-0.020854700854700852
2014-09-11,0.19863247863247863,0.15213675213675212,0.04752136752136752,0.21504273504273502,-0.10769230769230768,0.016752136752136753,0.3490598290598291,0.22256410256410253,0.43111111111111106,0.06940170940170941,-0.10153846153846154,0.12478632478632476,-0.1835897435897436
2014-09-12,0.11384615384615385,0.22324786324786322,0.005811965811965812,0.16854700854700852,-0.22666666666666666,0.0652991452991453,0.2300854700854701,0.20683760683760682,0.40170940170940167,0.13094017094017094,-0.14324786324786323,0.03111111111111111,-0.3641025641025641
2014-09-15,0.011965811965811965,0.17606837606837608,0.14119658119658116,0.13094017094017094,-0.07555555555555556,0.08307692307692308,0.44,0.254017094017094,0.5384615384615384,0.14461538461538462,-0.014017094017094016,0.0003418803418803419,-0.3429059829059829
2014-09-16,0.06324786324786325,0.21367521367521364,0.21025641025641023,0.3511111111111111,0.014017094017094016,-0.02017094017094017,0.30324786324786324,0.3005128205128205,0.40376068376068375,0.3415384615384615,0.13367521367521365,0.1651282051282051,-0.2622222222222222
2014-09-17,0.1576068376068376,0.03316239316239316,0.026324786324786322,-0.016068376068376067,-0.17743589743589744,0.0864957264957265,0.21777777777777776,0.14256410256410257,0.31282051282051276,0.026324786324786322,-0.14803418803418802,-0.06119658119658119,-0.3162393162393162
2014-09-18,0.20478632478632477,-0.22529914529914527,-0.16376068376068376,-0.0823931623931624,-0.2772649572649572,-0.17743589743589744,-0.03111111111111111,-0.0147008547008547,0.13435897435897434,-0.0010256410256410254,-0.21504273504273502,-0.10222222222222223,-0.2246153846153846
2014-09-19,0.23555555555555555,-0.08786324786324784,-0.14940170940170938,-0.020854700854700852,-0.22119658119658114,0.002393162393162393,0.1275213675213675,0.19658119658119655,0.22666666666666666,-0.052307692307692305,-0.22256410256410253,-0.23282051282051283,-0.2246153846153846
2014-09-22,0.2841025641025641,-0.1979487179487179,-0.17128205128205126,-0.2239316239316239,-0.18974358974358974,-0.04478632478632478,0.1651282051282051,0.08717948717948718,0.1794871794871795,-0.14598290598290597,-0.18564102564102564,-0.2923076923076923,-0.22598290598290596
2014-09-23,0.32307692307692304,-0.13367521367521365,-0.14871794871794874,-0.1158974358974359,-0.13504273504273506,0.11316239316239315,0.24717948717948715,0.187008547008547,0.254017094017094,-0.16717948717948716,-0.21914529914529915,-0.2656410256410256,-0.2574358974358974
2014-09-24,0.2170940170940171,-0.1904273504273504,0.039999999999999994,0.027692307692307693,0.07008547008547007,-0.11658119658119658,0.021538461538461538,-0.02222222222222222,0.2629059829059829,0.11247863247863246,0.06256410256410255,-0.002393162393162393,-0.033846153846153845
2014-09-25,0.15623931623931625,-0.20615384615384613,0.10974358974358973,0.08923076923076922,0.0864957264957265,-0.1917948717948718,0.09675213675213674,0.019487179487179485,0.33538461538461534,0.0899145299145299,0.009230769230769232,0.13162393162393163,-0.13367521367521365
2014-09-26,0.06324786324786325,-0.15897435897435896,0.4099145299145299,0.20957264957264954,0.31692307692307686,-0.3285470085470085,0.05777777777777777,0.06393162393162392,0.305982905982906,0.3852991452991453,0.31897435897435894,0.35999999999999993,0.08923076923076922
2014-09-29,-0.059829059829059825,-0.037948717948717944,0.44478632478632474,0.32239316239316235,0.3723076923076923,-0.372991452991453,0.03111111111111111,-0.010598290598290596,0.26427350427350427,0.5275213675213675,0.4632478632478632,0.5022222222222221,0.22529914529914527
2014-09-30,-0.14393162393162393,-0.2622222222222222,0.08034188034188033,0.15897435897435896,0.28068376068376066,-0.455042735042735,-0.2417094017094017,-0.2553846153846154,0.05709401709401708,0.23692307692307688,0.3326495726495726,0.38051282051282054,0.13162393162393163
2014-10-01,-0.2075213675213675,-0.2676923076923077,0.021538461538461538,0.06393162393162392,0.09743589743589742,-0.3627350427350427,-0.037948717948717944,-0.14119658119658116,0.17264957264957262,-0.048888888888888885,0.028376068376068375,0.24307692307692305,-0.09128205128205127
2014-10-02,-0.2676923076923077,-0.22666666666666666,-0.016752136752136753,-0.06666666666666665,-0.007179487179487179,-0.26017094017094017,-0.03316239316239316,-0.21641025641025638,0.1275213675213675,-0.033846153846153845,0.05299145299145299,0.02358974358974359,-0.2526495726495726
2014-10-03,-0.30735042735042734,-0.12957264957264958,0.1282051282051282,0.015384615384615384,0.07897435897435896,-0.2772649572649572,-0.004444444444444444,-0.07692307692307691,0.25606837606837607,0.1234188034188034,0.14803418803418802,0.07897435897435896,-0.07623931623931623
2014-10-06,-0.2246153846153846,-0.007179487179487179,0.08854700854700855,0.07692307692307691,0.1234188034188034,-0.23145299145299145,-0.07623931623931623,-0.042735042735042736,0.15487179487179487,0.1152136752136752,0.23965811965811962,0.09264957264957263,0.016068376068376067
2014-10-07,-0.1576068376068376,0.0030769230769230765,0.1528205128205128,0.050940170940170934,0.18085470085470085,-0.13162393162393163,-0.027008547008547008,0.010598290598290596,0.19999999999999998,0.10769230769230768,0.18837606837606835,0.10222222222222223,0.1788034188034188
2014-10-08,-0.10905982905982906,0.212991452991453,0.15829059829059827,0.10222222222222223,0.22324786324786322,0.06188034188034188,0.08786324786324784,0.054358974358974355,0.0776068376068376,0.15555555555555553,0.16307692307692306,0.13504273504273506,0.23350427350427347
2014-10-09,-0.0003418803418803419,0.1398290598290598,0.21572649572649572,0.18017094017094015,0.25196581196581197,0.12957264957264958,0.07623931623931623,0.02358974358974359,0.13777777777777778,0.14529914529914528,0.07487179487179485,0.20547008547008547,0.29504273504273504
2014-10-10,0.08102564102564101,-0.22666666666666666,-0.347008547008547,-0.30188034188034185,-0.24854700854700856,0.04205128205128204,-0.3688888888888889,-0.2492307692307692,-0.33606837606837603,-0.31145299145299143,-0.3244444444444444,-0.2574358974358974,-0.08786324786324784
2014-10-13,0.35794871794871796,-0.1323076923076923,-0.2793162393162393,-0.27247863247863247,-0.254017094017094,-0.016752136752136753,-0.49675213675213675,-0.30529914529914526,-0.40307692307692305,-0.23965811965811962,-0.20410256410256405,-0.22735042735042732,0.006495726495726496
2014-10-14,0.3606837606837607,-0.27247863247863247,-0.4598290598290598,-0.4536752136752136,-0.4741880341880342,-0.1952136752136752,-0.5883760683760684,-0.4242735042735042,-0.6417094017094016,-0.42905982905982903,-0.401025641025641,-0.3894017094017094,-0.13504273504273506
2014-10-15,0.4317948717948718,-0.4147008547008547,-0.5917948717948718,-0.5398290598290598,-0.45094017094017086,-0.2827350427350427,-0.6355555555555555,-0.591111111111111,-0.6157264957264957,-0.49333333333333323,-0.33196581196581193,-0.4345299145299145,-0.14051282051282052
2014-10-16,0.3723076923076923,-0.3907692307692307,-0.41811965811965807,-0.5015384615384615,-0.37025641025641026,-0.22940170940170937,-0.6157264957264957,-0.5405128205128205,-0.5658119658119657,-0.4133333333333333,-0.2841025641025641,-0.3634188034188034,-0.1911111111111111
2014-10-17,0.30461538461538457,0.05162393162393161,-0.1268376068376068,-0.0823931623931624,-0.06666666666666665,0.20957264957264954,-0.2875213675213675,-0.15145299145299143,-0.3244444444444444,-0.1029059829059829,-0.054358974358974355,0.02017094017094017,0.0441025641025641
2014-10-20,0.17538461538461536,0.1829059829059829,0.19316239316239317,0.08854700854700855,0.2027350427350427,0.16307692307692306,-0.009914529914529914,-0.10085470085470086,-0.1747008547008547,0.16717948717948716,0.29777777777777775,0.1835897435897436,0.23487179487179485
2014-10-21,0.16717948717948716,0.39008547008547007,0.4516239316239316,0.3641025641025641,0.17196581196581195,0.3381196581196581,0.2341880341880342,0.1323076923076923,0.17128205128205126,0.4256410256410256,0.3695726495726495,0.38324786324786325,0.12273504273504272
2014-10-22,0.26837606837606837,0.2594871794871795,0.23487179487179485,0.3326495726495726,0.22735042735042732,0.15623931623931625,0.12615384615384614,0.07829059829059828,0.18769230769230769,0.2533333333333333,0.17059829059829057,0.3641025641025641,0.12547008547008545
2014-10-23,0.29025641025641025,0.23692307692307688,0.24717948717948715,0.28683760683760684,0.1788034188034188,0.14735042735042733,0.14051282051282052,-0.0037606837606837602,0.13162393162393163,0.2198290598290598,0.1528205128205128,0.3456410256410256,0.07213675213675212
2014-10-24,0.12478632478632476,0.49675213675213675,0.5740170940170939,0.4317948717948718,0.20068376068376068,0.2752136752136752,0.39145299145299145,0.16854700854700852,0.321025641025641,0.3435897435897436,0.13435897435897434,0.3305982905982906,0.03521367521367521
2014-10-27,0.15008547008547007,0.41880341880341876,0.5063247863247863,0.4632478632478632,0.14940170940170938,0.26905982905982906,0.3839316239316239,0.2622222222222222,0.2827350427350427,0.3538461538461538,0.09059829059829058,0.2376068376068376,0.016752136752136753
2014-10-28,0.0605128205128205,0.667008547008547,0.45299145299145294,0.6088888888888888,0.1699145299145299,0.31008547008547005,0.2704273504273504,0.3504273504273504,0.1917948717948718,0.48376068376068376,0.24034188034188034,0.15623931623931625,0.10085470085470086
2014-10-29,0.045787545787545784,0.6098901098901098,0.11294261294261294,0.4029304029304029,-0.07631257631257632,0.5018315018315018,0.13308913308913306,0.2289377289377289,-0.16483516483516483,0.25824175824175827,0.047619047619047616,0.11660561660561661,-0.053113553113553105
2014-10-30,0.13797313797313798,0.41025641025641024,0.08669108669108669,0.2271062271062271,-0.14407814407814404,0.5354090354090354,0.33760683760683763,0.34432234432234426,-0.1172161172161172,0.12332112332112331,-0.020146520146520144,0.06532356532356533,-0.13125763125763126
2014-10-31,0.040903540903540904,0.3266178266178266,-0.08058608058608058,-0.03540903540903541,-0.2857142857142857,0.30586080586080583,0.07509157509157507,0.10378510378510379,-0.22527472527472528,-0.13003663003663005,-0.1562881562881563,-0.11355311355311355,-0.21367521367521367
2014-11-03,0.14590964590964592,0.17216117216117213,-0.031135531135531136,-0.07753357753357752,-0.13064713064713065,0.2857142857142857,0.08852258852258853,0.08913308913308912,-0.09157509157509157,-0.038461538461538464,-0.047619047619047616,-0.08852258852258853,-0.12332112332112331
2014-11-04,-0.03296703296703297,-0.0995115995115995,-0.05372405372405373,-0.007936507936507934,0.05616605616605617,-0.08363858363858362,-0.27472527472527475,-0.17765567765567764,-0.1581196581196581,0.007326007326007325,0.02564102564102564,0.06532356532356533,0.03601953601953601
2014-11-05,-0.10500610500610501,-0.3089133089133089,-0.14957264957264954,-0.042735042735042736,0.008547008547008548,-0.2936507936507936,-0.492063492063492,-0.3540903540903541,-0.36385836385836384,0.020146520146520144,0.029914529914529916,0.08363858363858362,0.09157509157509157
2014-11-06,-0.30830280830280826,-0.5482295482295482,-0.531135531135531,-0.3308913308913309,-0.2869352869352869,-0.4536019536019536,-0.5567765567765567,-0.3962148962148962,-0.4029304029304029,-0.2875457875457875,-0.32905982905982906,-0.09462759462759461,-0.1043956043956044
2014-11-07,-0.19963369963369965,-0.3724053724053724,-0.2741147741147741,-0.1794871794871795,-0.25824175824175827,-0.36996336996337,-0.46642246642246643,-0.416971916971917,-0.35470085470085466,-0.04395604395604395,-0.009157509157509158,0.042735042735042736,0.0879120879120879
2014-11-10,-0.2576312576312576,-0.532967032967033,-0.35470085470085466,-0.2698412698412698,-0.19536019536019533,-0.5659340659340658,-0.4377289377289378,-0.5054945054945055,-0.27350427350427353,-0.18192918192918192,-0.13858363858363856,0.02503052503052503,-0.012210012210012208
2014-11-11,-0.21123321123321123,-0.4542124542124542,-0.14835164835164835,-0.1514041514041514,-0.10744810744810745,-0.4963369963369963,-0.26800976800976806,-0.3199023199023199,-0.1581196581196581,-0.057997557997558,-0.1172161172161172,0.029914529914529916,-0.0811965811965812
2014-11-12,-0.23687423687423687,-0.34371184371184366,-0.09157509157509157,-0.11782661782661781,-0.07753357753357752,-0.3614163614163614,-0.16056166056166057,-0.24358974358974358,0.029914529914529916,-0.10195360195360195,-0.0927960927960928,-0.07326007326007326,0.01587301587301587
2014-11-13,-0.01587301587301587,0.03663003663003663,0.30219780219780223,0.06776556776556776,0.2564102564102564,-0.13003663003663005,-0.04456654456654456,-0.13003663003663005,0.04822954822954823,0.2118437118437118,0.31807081807081805,0.12576312576312576,0.2222222222222222
2014-11-14,0.008547008547008548,0.06471306471306472,0.362026862026862,0.10927960927960927,0.3498168498168498,-0.04151404151404151,-0.012210012210012208,-0.08974358974358974,0.08058608058608058,0.18192918192918192,0.26068376068376065,0.13675213675213677,0.23321123321123322
2014-11-17,0.1575091575091575,0.5268620268620269,0.29242979242979245,0.3742368742368742,0.2081807081807082,0.31868131868131866,0.07509157509157507,0.045787545787545784,0.15445665445665446,0.41025641025641024,0.184981684981685,0.3119658119658119,0.07875457875457875
2014-11-18,0.12454212454212454,0.5390720390720389,0.21916971916971917,0.26373626373626374,-0.03968253968253968,0.3064713064713065,0.0463980463980464,-0.020757020757020756,0.06349206349206347,0.4413919413919414,0.18315018315018314,0.2026862026862027,-0.030525030525030524
2014-11-19,0.0927960927960928,0.4432234432234432,0.10134310134310134,0.2496947496947497,-0.012210012210012208,0.362026862026862,0.07631257631257632,0.04822954822954823,-0.027472527472527472,0.3266178266178266,0.06166056166056166,0.22466422466422467,-0.012210012210012208
2014-11-20,0.09645909645909646,0.351037851037851,-0.18376068376068375,0.018925518925518924,-0.2515262515262515,0.5231990231990232,0.14285714285714285,0.15995115995115994,0.07142857142857142,-0.07997557997557997,-0.21794871794871792,-0.05982905982905983,-0.1581196581196581
2014-11-21,0.006715506715506716,0.23809523809523808,-0.278998778998779,-0.12271062271062269,-0.3388278388278388,0.4145299145299145,-0.04822954822954823,0.033577533577533576,-0.14346764346764346,-0.15018315018315015,-0.2564102564102564,-0.14652014652014653,-0.18192918192918192
2014-11-24,-0.12332112332112331,0.07387057387057387,-0.14774114774114774,-0.08974358974358974,-0.2686202686202686,0.23015873015873015,-0.13308913308913306,-0.10927960927960927,-0.2448107448107448,-0.0927960927960928,-0.16056166056166057,-0.08608058608058607,-0.2094017094017094
2014-11-25,-0.14102564102564102,-0.20757020757020758,-0.4157509157509158,-0.3162393162393162,-0.42124542124542125,0.2399267399267399,-0.1562881562881563,-0.19230769230769232,-0.2448107448107448,-0.36324786324786323,-0.3937728937728938,-0.27167277167277165,-0.3925518925518926
2014-11-26,-0.0463980463980464,0.21306471306471303,-0.1349206349206349,-0.1984126984126984,-0.2655677655677655,0.3717948717948718,0.07203907203907202,-0.026862026862026864,-0.16605616605616605,-0.09768009768009767,-0.15873015873015872,-0.2503052503052503,-0.30219780219780223
2014-11-28,-0.08669108669108669,0.1343101343101343,0.11294261294261294,-0.07387057387057387,0.024420024420024417,0.031135531135531136,-0.115995115995116,-0.21733821733821732,-0.0879120879120879,0.07081807081807082,0.15445665445665446,-0.026862026862026864,0.03907203907203907
2014-12-01,0.006105006105006104,-0.2667887667887668,-0.32905982905982906,-0.4072039072039072,-0.2118437118437118,0.10989010989010989,-0.18376068376068375,-0.2442002442002442,-0.18192918192918192,-0.416971916971917,-0.34249084249084244,-0.34249084249084244,-0.23748473748473747
2014-12-02,0.053113553113553105,0.16483516483516483,0.18315018315018314,-0.04029304029304029,0.1684981684981685,0.21306471306471303,0.09523809523809523,-0.08058608058608058,0.21916971916971917,0.02503052503052503,0.14835164835164835,0.0231990231990232,0.13614163614163613
2014-12-03,0.17094017094017094,-0.03968253968253968,-0.03235653235653236,-0.01587301587301587,0.01282051282051282,0.015262515262515262,-0.0641025641025641,-0.07203907203907202,0.2087912087912088,-0.12148962148962149,-0.08669108669108669,-0.02503052503052503,-0.07753357753357752
2014-12-04,0.1752136752136752,-0.05128205128205128,-0.16056166056166057,-0.07875457875457875,-0.018315018315018316,0.1172161172161172,0.020146520146520144,-0.020146520146520144,0.3162393162393162,-0.1581196581196581,-0.11782661782661781,-0.1343101343101343,-0.14468864468864467
2014-12-05,0.12637362637362637,-0.001221001221001221,-0.043345543345543344,-0.013431013431013432,0.09157509157509157,-0.040903540903540904,-0.10561660561660562,-0.06227106227106227,0.2515262515262515,-0.028083028083028084,0.0006105006105006105,0.027472527472527472,-0.005494505494505494
2014-12-08,0.10195360195360195,0.0293040293040293,-0.029914529914529916,-0.08852258852258853,0.06776556776556776,0.17216117216117213,0.08058608058608058,0.03296703296703297,0.11782661782661781,-0.21306471306471303,-0.08608058608058607,-0.16422466422466422,-0.005494505494505494
2014-12-09,0.021978021978021976,0.25213675213675213,0.2026862026862027,0.2032967032967033,0.12026862026862026,0.24053724053724052,0.08424908424908426,0.14652014652014653,0.07875457875457875,0.26068376068376065,0.13675213675213677,0.24664224664224663,0.12515262515262515
2014-12-10,0.007936507936507934,-0.06166056166056166,-0.12026862026862026,-0.10378510378510379,-0.042735042735042736,0.0018315018315018313,-0.31929181929181927,-0.2216117216117216,-0.3345543345543345,0.054945054945054944,-0.003052503052503052,0.020757020757020756,0.08363858363858362
2014-12-11,-0.2283272283272283,-0.03540903540903541,-0.11416361416361415,-0.08363858363858362,-0.11355311355311355,-0.09645909645909646,-0.03174603174603174,-0.09523809523809523,-0.2814407814407815,0.06227106227106227,-0.05982905982905983,-0.002442002442002442,-0.06227106227106227
2014-12-12,-0.278998778998779,-0.007326007326007325,-0.10195360195360195,-0.07692307692307693,-0.14713064713064714,-0.11843711843711843,-0.16544566544566544,-0.2326007326007326,-0.30219780219780223,0.020146520146520144,0.02869352869352869,0.06043956043956044,0.0115995115995116
2014-12-15,-0.3669108669108669,0.0231990231990232,-0.11233211233211234,-0.08669108669108669,-0.20024420024420023,0.03601953601953601,-0.1758241758241758,-0.04212454212454213,-0.2905982905982906,-0.05006105006105006,-0.11355311355311355,-0.06898656898656899,-0.051892551892551896
2014-12-16,-0.17277167277167274,-0.17338217338217338,-0.10195360195360195,-0.10012210012210011,-0.028083028083028084,-0.13736263736263737,0.017704517704517704,0.03785103785103785,-0.05555555555555555,-0.14835164835164835,-0.20085470085470084,-0.12026862026862026,-0.10012210012210011
2014-12-17,-0.4316239316239316,-0.152014652014652,-0.1978021978021978,-0.07142857142857142,-0.0811965811965812,-0.2344322344322344,-0.2313797313797314,-0.1984126984126984,-0.2765567765567765,-0.0463980463980464,0.02869352869352869,-0.021367521367521368,0.040903540903540904
2014-12-18,-0.45604395604395603,-0.07509157509157507,-0.02564102564102564,0.08424908424908426,-0.17277167277167274,-0.03174603174603174,0.06166056166056166,0.07264957264957266,0.027472527472527472,0.01465201465201465,-0.11355311355311355,-0.021367521367521368,-0.27777777777777773
2014-12-19,-0.36996336996337,-0.027472527472527472,0.001221001221001221,0.13736263736263737,-0.34432234432234426,0.05738705738705738,0.11416361416361415,0.16544566544566544,0.12026862026862026,0.03479853479853479,-0.17399267399267399,0.0,-0.4084249084249084
2014-12-22,-0.2973137973137973,0.006715506715506716,0.12271062271062269,0.15506715506715504,-0.20573870573870573,-0.08547008547008547,0.2045177045177045,0.23626373626373626,0.28937728937728935,0.17032967032967034,-0.12698412698412695,0.031135531135531136,-0.4242979242979243
2014-12-23,-0.235042735042735,-0.12942612942612944,-0.045177045177045176,0.07081807081807082,-0.15506715506715504,-0.12393162393162394,0.06471306471306472,0.16605616605616605,0.24297924297924298,-0.03174603174603174,-0.10622710622710621,0.03296703296703297,-0.2741147741147741
2014-12-24,-0.0757020757020757,-0.059218559218559216,-0.09340659340659341,-0.017094017094017096,-0.25946275946275943,-0.014041514041514042,-0.0018315018315018313,0.026251526251526252,0.07997557997557997,-0.07509157509157507,-0.08974358974358974,0.0036630036630036626,-0.2844932844932845
2014-12-26,0.033577533577533576,-0.10805860805860806,-0.12454212454212454,-0.13858363858363856,-0.23321123321123322,-0.12271062271062269,-0.06837606837606838,-0.04212454212454213,-0.0115995115995116,-0.02564102564102564,-0.06166056166056166,-0.0231990231990232,-0.21367521367521367
2014-12-29,-0.0036630036630036626,-0.29975579975579975,-0.3577533577533577,-0.19047619047619047,-0.4065934065934066,-0.0293040293040293,0.0293040293040293,0.004884004884004884,0.004884004884004884,-0.35836385836385837,-0.4413919413919414,-0.24358974358974358,-0.3217338217338217
2014-12-30,-0.05128205128205128,-0.13064713064713065,-0.18437118437118435,-0.16788766788766787,-0.38949938949938945,-0.08424908424908426,0.07509157509157507,0.053113553113553105,0.03663003663003663,-0.17338217338217338,-0.21123321123321123,-0.23809523809523808,-0.21733821733821732
2014-12-31,-0.10683760683760683,-0.2442002442002442,-0.1752136752136752,-0.22466422466422467,-0.22344322344322343,-0.02503052503052503,0.18376068376068375,0.03479853479853479,0.0995115995115995,-0.3076923076923077,-0.2869352869352869,-0.2600732600732601,-0.2039072039072039
2015-01-02,-0.12393162393162394,-0.017704517704517704,0.06227106227106227,-0.10195360195360195,-0.06776556776556776,0.1684981684981685,0.35225885225885223,0.21794871794871792,0.16483516483516483,-0.13125763125763126,-0.09584859584859586,-0.21306471306471303,-0.08424908424908426
2015-01-05,-0.07203907203907202,0.18437118437118435,0.19597069597069594,-0.026862026862026864,0.23565323565323562,0.2399267399267399,0.28266178266178266,0.05006105006105006,0.3833943833943834,-0.17338217338217338,-0.06105006105006105,-0.18986568986568983,0.04945054945054945
2015-01-06,-0.10012210012210011,0.19719169719169719,0.20695970695970692,0.08363858363858362,0.32722832722832723,0.12026862026862026,0.278998778998779,0.14163614163614163,0.4242979242979243,-0.056776556776556776,-0.012210012210012208,0.019536019536019536,0.08547008547008547
2015-01-07,-0.047619047619047616,0.23748473748473747,0.2295482295482295,0.1807081807081807,0.3119658119658119,0.2063492063492063,0.25457875457875456,0.16727716727716724,0.531135531135531,-0.006715506715506716,0.08363858363858362,-0.028083028083028084,0.09645909645909646
2015-01-08,-0.09829059829059829,0.3388278388278388,0.19352869352869354,0.10378510378510379,0.3412698412698412,0.2936507936507936,0.06898656898656899,0.19413919413919414,0.38461538461538464,0.042735042735042736,0.1978021978021978,0.03968253968253968,0.24542124542124538
2015-01-09,-0.07753357753357752,0.44688644688644685,0.41819291819291815,0.23565323565323562,0.5164835164835165,0.4175824175824176,0.21428571428571427,0.1575091575091575,0.4029304029304029,0.2704517704517705,0.4536019536019536,0.14774114774114774,0.3876678876678876
2015-01-12,-0.027472527472527472,0.489010989010989,0.4426129426129426,0.3308913308913309,0.5616605616605617,0.34249084249084244,0.20207570207570208,0.19963369963369965,0.31929181929181927,0.4145299145299145,0.5231990231990232,0.315018315018315,0.49877899877899873
2015-01-13,-0.09768009768009767,0.3559218559218559,0.15323565323565325,0.25335775335775335,0.4065934065934066,0.37973137973137966,0.04884004884004883,0.21978021978021978,0.11660561660561661,0.16605616605616605,0.23931623931623933,0.3498168498168498,0.5115995115995117
2015-01-14,0.006715506715506716,0.2283272283272283,0.031135531135531136,0.14346764346764346,0.15934065934065933,0.2692307692307693,0.017704517704517704,0.06349206349206347,-0.06898656898656899,0.05616605616605617,0.05433455433455433,0.26190476190476186,0.2802197802197802
2015-01-15,0.10378510378510379,0.1398046398046398,-0.05372405372405373,0.03174603174603174,0.010989010989010988,0.2551892551892551,-0.0293040293040293,-0.010378510378510378,-0.03663003663003663,-0.005494505494505494,0.06043956043956044,0.07142857142857142,0.11660561660561661
2015-01-16,0.19047619047619047,0.06105006105006105,-0.018315018315018316,-0.017094017094017096,0.05372405372405373,0.040903540903540904,-0.08363858363858362,-0.0757020757020757,0.015262515262515262,0.018315018315018316,0.14774114774114774,0.10073260073260072,0.05982905982905983
2015-01-20,0.26373626373626374,-0.1575091575091575,-0.0989010989010989,-0.23748473748473747,-0.07631257631257632,-0.14041514041514042,-0.0757020757020757,-0.14346764346764346,0.06593406593406594,-0.15262515262515264,-0.12942612942612944,-0.09584859584859586,-0.1684981684981685
2015-01-21,0.3473748473748474,0.047619047619047616,-0.08608058608058607,-0.03174603174603174,-0.0006105006105006105,0.10744810744810745,0.01465201465201465,0.05738705738705738,0.051892551892551896,-0.0873015873015873,-0.10989010989010989,-0.042735042735042736,-0.14102564102564102
2015-01-22,0.2283272283272283,0.03907203907203907,0.020146520146520144,0.051892551892551896,-0.001221001221001221,-0.0006105006105006105,0.10256410256410256,0.05738705738705738,0.16056166056166057,0.04700854700854701,0.020757020757020756,0.0989010989010989,-0.12454212454212454
2015-01-23,0.37301587301587297,-0.2576312576312576,-0.21062271062271062,-0.21306471306471303,0.007326007326007325,-0.23076923076923078,-0.13125763125763126,-0.2032967032967033,0.11172161172161171,-0.23076923076923078,-0.11843711843711843,-0.16178266178266176,-0.14163614163614163
2015-01-26,0.40354090354090355,-0.15445665445665446,-0.0873015873015873,-0.16544566544566544,-0.04395604395604395,-0.1623931623931624,-0.11172161172161171,-0.19108669108669107,0.04884004884004883,-0.10561660561660562,-0.03724053724053724,-0.009768009768009768,-0.04884004884004883
2015-01-27,0.4706959706959707,-0.1800976800976801,0.03663003663003663,-0.12087912087912088,0.2295482295482295,-0.15506715506715504,-0.23382173382173382,-0.27777777777777773,0.07875457875457875,-0.026251526251526252,0.25702075702075705,0.04884004884004883,0.17399267399267399
2015-01-28,0.42735042735042733,-0.19230769230769232,0.0995115995115995,-0.04456654456654456,0.3540903540903541,-0.2118437118437118,-0.1800976800976801,-0.19474969474969472,0.10805860805860806,-0.059218559218559216,0.19047619047619047,0.11233211233211234,0.25824175824175827
2015-01-29,0.2698412698412698,-0.28205128205128205,-0.07631257631257632,-0.06349206349206347,0.05006105006105006,-0.2838827838827839,-0.11294261294261294,-0.14957264957264954,-0.08424908424908426,-0.163003663003663,-0.022588522588522588,-0.11233211233211234,0.026251526251526252
2015-01-30,0.24664224664224663,-0.3772893772893773,-0.0036630036630036626,-0.16422466422466422,0.21672771672771673,-0.4377289377289378,-0.21245421245421242,-0.2326007326007326,-0.1282051282051282,-0.13247863247863248,0.1105006105006105,-0.003052503052503052,0.15934065934065933
2015-02-02,0.24725274725274726,-0.15934065934065933,0.36385836385836384,0.03540903540903541,0.40476190476190477,-0.24725274725274726,0.0,-0.13797313797313798,0.03540903540903541,0.19597069597069594,0.3327228327228327,0.11538461538461539,0.3852258852258852
2015-02-03,0.2313797313797314,-0.10134310134310134,0.1978021978021978,0.11233211233211234,0.24175824175824176,-0.13553113553113552,-0.030525030525030524,-0.08058608058608058,0.06898656898656899,0.13675213675213677,0.20573870573870573,0.13614163614163613,0.2551892551892551
2015-02-04,0.184981684981685,-0.051892551892551896,0.23809523809523808,0.199023199023199,0.34859584859584863,-0.2039072039072039,-0.10561660561660562,-0.0757020757020757,0.03907203907203907,0.199023199023199,0.3205128205128205,0.2039072039072039,0.41391941391941384
2015-02-05,0.2448107448107448,0.12148962148962149,0.29181929181929184,0.22283272283272282,0.27838827838827834,-0.2216117216117216,-0.29181929181929184,-0.1575091575091575,-0.022588522588522588,0.3663003663003663,0.3791208791208791,0.315018315018315,0.3266178266178266
2015-02-06,0.11294261294261294,0.304029304029304,0.2295482295482295,0.24358974358974358,0.1568986568986569,-0.06288156288156288,0.09645909645909646,-0.023809523809523808,0.04700854700854701,0.3089133089133089,0.2967032967032967,0.23748473748473747,0.20207570207570208
2015-02-09,0.07936507936507936,0.18437118437118435,0.19719169719169719,0.1984126984126984,0.14652014652014653,-0.09218559218559218,0.07081807081807082,0.07387057387057387,-0.016483516483516484,0.19597069597069594,0.19291819291819293,0.20146520146520144,0.2967032967032967
2015-02-10,0.10622710622710621,0.21794871794871792,0.2564102564102564,0.2490842490842491,0.2087912087912088,-0.053113553113553105,0.15384615384615385,0.10134310134310134,0.10378510378510379,0.24664224664224663,0.2576312576312576,0.24236874236874237,0.2551892551892551
2015-02-11,0.04700854700854701,0.20146520146520144,0.1623931623931624,0.1623931623931624,0.06166056166056166,-0.04212454212454213,0.19658119658119658,0.15506715506715504,0.08608058608058607,0.2032967032967033,0.13308913308913306,0.16056166056166057,0.10744810744810745
2015-02-12,0.13614163614163613,0.13797313797313798,0.09035409035409035,0.19597069597069594,0.12393162393162394,-0.0879120879120879,0.11782661782661781,0.10989010989010989,0.1581196581196581,0.10927960927960927,0.06532356532356533,0.19108669108669107,0.06959706959706959
2015-02-13,0.19597069597069594,0.12087912087912088,0.0115995115995116,0.10805860805860806,0.031135531135531136,0.10134310134310134,0.16117216117216115,0.12515262515262515,0.22527472527472528,-0.002442002442002442,-0.07997557997557997,0.08180708180708181,-0.1568986568986569
2015-02-17,0.2026862026862027,0.2032967032967033,-0.0463980463980464,0.005494505494505494,-0.06837606837606838,0.3052503052503053,0.14346764346764346,0.09096459096459096,0.1172161172161172,-0.040903540903540904,-0.13308913308913306,-0.08302808302808302,-0.20695970695970692
2015-02-18,0.3125763125763126,0.3137973137973138,0.16117216117216115,0.16971916971916973,0.054945054945054944,0.4438339438339438,0.398046398046398,0.358974358974359,0.3876678876678876,0.08241758241758242,0.001221001221001221,0.019536019536019536,-0.09401709401709402
2015-02-19,0.2148962148962149,0.3827838827838828,0.27167277167277165,0.2264957264957265,0.20085470085470084,0.47741147741147744,0.39010989010989006,0.362026862026862,0.3693528693528694,0.16788766788766787,0.15384615384615385,0.04700854700854701,-0.009157509157509158
2015-02-20,0.2796092796092796,0.40354090354090355,0.30586080586080583,0.384004884004884,0.23626373626373626,0.41147741147741146,0.3791208791208791,0.4065934065934066,0.3968253968253968,0.2515262515262515,0.2264957264957265,0.24236874236874237,0.02869352869352869
2015-02-23,0.11965811965811966,0.34615384615384615,0.33333333333333326,0.32967032967032966,0.21916971916971917,0.30830280830280826,0.31929181929181927,0.34676434676434675,0.3882783882783883,0.25213675213675213,0.11416361416361415,0.2344322344322344,-0.15445665445665446
2015-02-24,-0.047619047619047616,0.03479853479853479,0.051892551892551896,0.023809523809523808,0.12087912087912088,-0.02564102564102564,-0.12148962148962149,-0.09645909645909646,0.004273504273504274,0.10256410256410256,0.2063492063492063,0.13186813186813187,0.04395604395604395
2015-02-25,-0.0036630036630036626,0.11660561660561661,-0.004273504273504274,0.08058608058608058,0.07875457875457875,0.17277167277167274,-0.02564102564102564,-0.0018315018315018313,-0.01465201465201465,-0.017704517704517704,0.02503052503052503,0.04029304029304029,-0.052503052503052504
2015-02-26,0.056776556776556776,-0.026862026862026864,-0.18986568986568983,-0.07509157509157507,-0.14163614163614163,0.06471306471306472,-0.10134310134310134,-0.08852258852258853,-0.0873015873015873,-0.009157509157509158,-0.12271062271062269,-0.0873015873015873,-0.06593406593406594
2015-02-27,0.07081807081807082,-0.06043956043956044,-0.3064713064713065,-0.10378510378510379,-0.18986568986568983,0.19291819291819293,-0.056776556776556776,-0.016483516483516484,-0.11904761904761904,-0.2967032967032967,-0.2771672771672771,-0.18742368742368742,-0.14835164835164835
2015-03-02,0.13646771644264888,0.034498550241653964,-0.12333994953653277,-0.13158296596595448,-0.1309723721563677,0.19783239430612184,-0.017401923573223683,-0.02076018952595106,-0.0717447726264485,-0.1444054359672772,-0.15661731215901314,-0.1663868131124019,-0.12456113715570635
2015-03-03,0.08852258852258853,0.08913308913308912,-0.04212454212454213,0.07203907203907202,0.016483516483516484,0.22405372405372403,0.027472527472527472,0.08241758241758242,0.04822954822954823,0.03540903540903541,-0.03724053724053724,0.04029304029304029,-0.05982905982905983
2015-03-04,-0.231990231990232,0.1111111111111111,0.1562881562881563,0.15323565323565325,0.14957264957264954,0.10927960927960927,0.021367521367521368,0.10195360195360195,0.4029304029304029,0.152014652014652,0.12576312576312576,0.13736263736263737,0.028083028083028084
2015-03-05,-0.29120879120879123,-0.029914529914529916,0.045787545787545784,0.06654456654456653,0.16910866910866912,-0.04945054945054945,-0.24664224664224663,-0.17643467643467645,-0.013431013431013432,0.1581196581196581,0.1855921855921856,0.27228327228327226,0.15995115995115994
2015-03-06,-0.3498168498168498,0.03907203907203907,0.17826617826617824,0.2118437118437118,0.3363858363858364,-0.19047619047619047,-0.37545787545787546,-0.2625152625152625,-0.1581196581196581,0.3095238095238095,0.38949938949938945,0.41025641025641024,0.3968253968253968
2015-03-09,-0.5457875457875457,-0.020757020757020756,0.23076923076923078,0.1684981684981685,0.2625152625152625,-0.35225885225885223,-0.2991452991452991,-0.3516483516483516,-0.11904761904761904,0.34004884004884,0.37851037851037844,0.41391941391941384,0.32844932844932845
2015-03-10,-0.5836385836385837,-0.06959706959706959,0.16788766788766787,0.01587301587301587,0.12942612942612944,-0.2838827838827839,-0.163003663003663,-0.2399267399267399,-0.09706959706959707,0.19047619047619047,0.199023199023199,0.25702075702075705,0.17887667887667885
2015-03-11,-0.38705738705738707,0.01282051282051282,0.34432234432234426,0.2979242979242979,0.184981684981685,-0.25213675213675213,0.009157509157509158,-0.0927960927960928,0.0,0.31318681318681324,0.30708180708180705,0.3137973137973138,0.27350427350427353
2015-03-12,-0.28266178266178266,-0.10134310134310134,-0.05433455433455433,0.10561660561660562,-0.038461538461538464,-0.20757020757020758,-0.10378510378510379,-0.017094017094017096,-0.0989010989010989,0.05982905982905983,0.04212454212454213,0.13125763125763126,0.04151404151404151
2015-03-13,-0.2667887667887668,-0.04700854700854701,0.1043956043956044,0.16910866910866912,0.053113553113553105,-0.1758241758241758,-0.003052503052503052,-0.017704517704517704,-0.05555555555555555,0.11172161172161171,0.12332112332112331,0.17887667887667885,0.08241758241758242
2015-03-16,-0.2588522588522589,0.15567765567765565,0.0641025641025641,0.18253968253968253,0.022588522588522588,-0.056776556776556776,-0.0989010989010989,-0.09523809523809523,0.007936507936507934,0.14652014652014653,0.05555555555555555,0.17277167277167274,0.021367521367521368
2015-03-17,-0.3559218559218559,0.14407814407814404,0.21245421245421242,0.14346764346764346,0.07387057387057387,-0.0927960927960928,-0.1105006105006105,-0.07264957264957266,-0.08547008547008547,0.199023199023199,0.24114774114774112,0.16910866910866912,0.1978021978021978
2015-03-18,-0.3937728937728938,-0.03785103785103785,0.14652014652014653,0.1568986568986569,0.14590964590964592,-0.22283272283272282,-0.08058608058608058,-0.1684981684981685,0.09584859584859586,0.18803418803418803,0.14590964590964592,0.25213675213675213,0.0927960927960928
2015-03-19,-0.2295482295482295,-0.15079365079365079,-0.16178266178266176,-0.05555555555555555,-0.10073260073260072,0.0006105006105006105,0.04884004884004883,-0.005494505494505494,-0.13186813186813187,-0.2625152625152625,-0.21733821733821732,-0.16056166056166057,-0.020146520146520144
2015-03-20,-0.25457875457875456,0.042735042735042736,-0.004273504273504274,-0.052503052503052504,-0.07692307692307693,-0.03907203907203907,0.03663003663003663,0.013431013431013432,-0.09706959706959707,-0.06471306471306472,-0.05616605616605617,-0.1043956043956044,0.008547008547008548
2015-03-23,0.06593406593406594,-0.17216117216117213,-0.34432234432234426,-0.29304029304029305,-0.3565323565323565,0.17032967032967034,-0.2295482295482295,-0.09584859584859586,-0.35225885225885223,-0.3052503052503053,-0.31807081807081805,-0.25702075702075705,-0.02503052503052503
2015-03-24,0.33516483516483514,-0.2631257631257631,-0.5506715506715506,-0.4945054945054945,-0.5201465201465202,0.28876678876678874,-0.19963369963369965,-0.1288156288156288,-0.3956043956043956,-0.568986568986569,-0.5811965811965812,-0.553113553113553,-0.23870573870573872
2015-03-25,0.30830280830280826,-0.15873015873015872,-0.3663003663003663,-0.5457875457875457,-0.31929181929181927,0.32905982905982906,-0.16910866910866912,-0.19352869352869354,-0.4798534798534798,-0.5445665445665445,-0.3962148962148962,-0.5934065934065934,0.038461538461538464
2015-03-26,0.08363858363858362,-0.1282051282051282,-0.2875457875457875,-0.36996336996337,-0.12942612942612944,0.2661782661782661,-0.19352869352869354,-0.15262515262515264,-0.27838827838827834,-0.38461538461538464,-0.2704517704517705,-0.3742368742368742,0.0879120879120879
2015-03-27,0.1978021978021978,-0.3003663003663003,-0.3327228327228327,-0.3968253968253968,-0.0879120879120879,0.09829059829059829,-0.27777777777777773,-0.26800976800976806,-0.27228327228327226,-0.4792429792429792,-0.22344322344322343,-0.41941391941391937,0.21062271062271062
2015-03-30,0.06043956043956044,-0.27106227106227104,-0.07387057387057387,-0.2814407814407815,0.1172161172161172,-0.0293040293040293,-0.23748473748473747,-0.19108669108669107,-0.2643467643467643,-0.2216117216117216,0.08180708180708181,-0.184981684981685,0.3113553113553113
2015-03-31,-0.0231990231990232,0.04884004884004883,0.21794871794871792,0.04151404151404151,0.3766788766788767,-0.051892551892551896,-0.152014652014652,-0.07448107448107448,-0.2094017094017094,0.1514041514041514,0.35836385836385837,0.13858363858363856,0.5207570207570207
2015-04-01,0.19108669108669107,0.02503052503052503,0.15873015873015872,0.07142857142857142,0.4792429792429792,-0.07142857142857142,-0.28205128205128205,-0.2063492063492063,-0.2216117216117216,0.13614163614163613,0.41147741147741146,0.1568986568986569,0.5445665445665445
2015-04-02,0.07203907203907202,-0.15262515262515264,0.018315018315018316,0.0927960927960928,0.2753357753357753,-0.15567765567765565,-0.17216117216117213,-0.14285714285714285,-0.11233211233211234,0.14652014652014653,0.29426129426129427,0.25946275946275943,0.34676434676434675
2015-04-06,0.2844932844932845,-0.16422466422466422,-0.028083028083028084,0.03663003663003663,0.07875457875457875,-0.2442002442002442,-0.2704517704517705,-0.24175824175824176,-0.2063492063492063,0.1111111111111111,0.14652014652014653,0.23382173382173382,0.19108669108669107
2015-04-07,0.19719169719169719,0.15873015873015872,0.2087912087912088,0.14896214896214896,0.12332112332112331,0.0641025641025641,0.06837606837606838,-0.06898656898656899,-0.012210012210012208,0.13675213675213677,0.18437118437118435,0.1855921855921856,0.10683760683760683
2015-04-08,-0.10744810744810745,0.29242979242979245,0.21733821733821732,0.3577533577533577,0.24175824175824176,-0.013431013431013432,0.006715506715506716,0.028083028083028084,0.19108669108669107,0.24786324786324787,0.19597069597069594,0.3473748473748474,0.10073260073260072
2015-04-09,-0.30586080586080583,0.29181929181929184,0.08363858363858362,0.2655677655677655,-0.001221001221001221,-0.06898656898656899,-0.18253968253968253,-0.04456654456654456,-0.045787545787545784,0.2698412698412698,0.19474969474969472,0.3577533577533577,0.029914529914529916
2015-04-10,-0.08485958485958486,0.19719169719169719,0.020757020757020756,0.24847374847374848,-0.12026862026862026,-0.053113553113553105,0.0293040293040293,0.19474969474969472,-0.0036630036630036626,0.2551892551892551,-0.020757020757020756,0.23076923076923078,-0.12332112332112331
2015-04-13,-0.4511599511599511,-0.26190476190476186,-0.1978021978021978,0.05006105006105006,-0.3962148962148962,-0.336996336996337,0.2258852258852259,0.3473748473748474,0.042735042735042736,0.054945054945054944,-0.27289377289377287,-0.09035409035409035,-0.47741147741147744
2015-04-14,-0.3815628815628816,-0.19474969474969472,-0.021978021978021976,0.08608058608058607,-0.3681318681318681,-0.19108669108669107,0.3095238095238095,0.23748473748473747,0.23015873015873015,0.06959706959706959,-0.19719169719169719,-0.14835164835164835,-0.467032967032967
2015-04-15,-0.2490842490842491,-0.0463980463980464,0.009768009768009768,0.163003663003663,-0.07020757020757021,-0.2399267399267399,0.09035409035409035,0.09523809523809523,0.29120879120879123,0.16056166056166057,-0.04700854700854701,0.10500610500610501,-0.25579975579975583
2015-04-16,-0.3528693528693529,0.0,-0.029914529914529916,-0.0006105006105006105,-0.2857142857142857,0.2063492063492063,0.20085470085470084,0.2948717948717948,0.17155067155067155,-0.03907203907203907,-0.19963369963369965,-0.12454212454212454,-0.4188034188034188
2015-04-17,-0.2503052503052503,0.2503052503052503,0.221001221001221,0.09035409035409035,-0.11477411477411475,0.184981684981685,0.2283272283272283,0.2087912087912088,0.24542124542124538,0.07936507936507936,-0.004884004884004884,-0.10989010989010989,-0.18192918192918192
2015-04-20,-0.2631257631257631,0.25335775335775335,0.17032967032967034,0.10989010989010989,0.008547008547008548,0.2118437118437118,0.1758241758241758,0.19474969474969472,0.07142857142857142,0.08485958485958486,0.014041514041514042,-0.07020757020757021,0.09462759462759461
2015-04-21,-0.13553113553113552,0.42002442002442003,0.3418803418803419,0.2588522588522589,0.1862026862026862,0.41208791208791207,0.34798534798534797,0.30219780219780223,0.21062271062271062,0.21672771672771673,0.21367521367521367,0.06715506715506715,0.1105006105006105
2015-04-22,-0.115995115995116,0.18742368742368742,-0.07142857142857142,0.16422466422466422,-0.03540903540903541,0.31868131868131866,0.09584859584859586,0.26373626373626374,0.021367521367521368,-0.03724053724053724,-0.10317460317460315,-0.03418803418803419,-0.22039072039072038
2015-04-23,0.02869352869352869,0.13308913308913306,0.10683760683760683,0.20573870573870573,-0.018925518925518924,0.06105006105006105,0.009157509157509158,0.13858363858363856,-0.11904761904761904,0.17216117216117213,0.08424908424908426,0.023809523809523808,0.03724053724053724
2015-04-24,-0.045177045177045176,0.2148962148962149,0.1984126984126984,0.20573870573870573,0.04945054945054945,0.1398046398046398,0.09096459096459096,0.09829059829059829,-0.07020757020757021,0.2258852258852259,0.11294261294261294,0.17277167277167274,0.12515262515262515
2015-04-27,0.12637362637362637,0.3125763125763126,0.2039072039072039,0.2588522588522589,0.014041514041514042,0.18253968253968253,0.10989010989010989,0.08852258852258853,-0.04884004884004883,0.2283272283272283,0.10744810744810745,0.19230769230769232,0.1221001221001221
2015-04-28,0.1288156288156288,0.17765567765567764,0.022588522588522588,0.21733821733821732,-0.07203907203907202,0.19658119658119658,-0.008547008547008548,0.012210012210012208,-0.23809523809523808,0.16666666666666663,0.030525030525030524,0.184981684981685,-0.027472527472527472
2015-04-29,0.17094017094017094,0.07875457875457875,-0.09096459096459096,0.2264957264957265,-0.19597069597069594,0.1916971916971917,0.09584859584859586,0.16361416361416362,-0.19963369963369965,0.07387057387057387,-0.10500610500610501,0.06471306471306472,-0.0989010989010989
2015-04-30,0.21001221001221002,-0.19413919413919414,-0.3778998778998779,-0.21062271062271062,-0.46336996336996333,-0.03724053724053724,-0.14896214896214896,-0.08241758241758242,-0.17216117216117213,-0.2625152625152625,-0.4267399267399268,-0.1349206349206349,-0.4157509157509158
2015-05-01,0.16727716727716724,-0.33943833943833945,-0.3028083028083028,-0.2118437118437118,-0.33821733821733824,-0.15384615384615385,-0.0641025641025641,-0.11416361416361415,-0.15445665445665446,-0.2661782661782661,-0.27289377289377287,-0.16361416361416362,-0.2643467643467643
2015-05-04,0.18315018315018314,-0.3675213675213675,-0.44932844932844934,-0.4304029304029304,-0.4133089133089133,-0.10744810744810745,-0.21123321123321123,-0.24847374847374848,-0.2448107448107448,-0.47557997557997556,-0.31440781440781446,-0.29975579975579975,-0.36324786324786323
2015-05-05,0.24358974358974358,-0.2576312576312576,-0.08852258852258853,-0.3687423687423687,-0.22527472527472528,-0.20146520146520144,-0.043345543345543344,-0.2857142857142857,0.1349206349206349,-0.2765567765567765,-0.10195360195360195,-0.19047619047619047,-0.3046398046398046
2015-05-06,0.24725274725274726,-0.2326007326007326,0.012210012210012208,-0.29181929181929184,0.04212454212454213,-0.2851037851037851,-0.12637362637362637,-0.21855921855921853,0.27289377289377287,-0.10744810744810745,0.06471306471306472,-0.04945054945054945,-0.19963369963369965
2015-05-07,0.20512820512820512,-0.06593406593406594,-0.06288156288156288,-0.2905982905982906,0.05738705738705738,-0.07692307692307693,-0.12698412698412695,-0.17826617826617824,0.09706959706959707,-0.18253968253968253,-0.02503052503052503,-0.16971916971916973,0.07936507936507936
2015-05-08,0.30219780219780223,-0.1398046398046398,-0.004884004884004884,-0.05982905982905983,0.2087912087912088,-0.10866910866910866,-0.1514041514041514,-0.27350427350427353,0.19108669108669107,-0.0641025641025641,0.09523809523809523,0.11355311355311355,0.2216117216117216
2015-05-11,0.2881562881562881,0.01282051282051282,0.1813186813186813,0.04151404151404151,0.25457875457875456,-0.14102564102564102,-0.08547008547008547,-0.24297924297924298,0.2881562881562881,0.10012210012210011,0.25702075702075705,0.25702075702075705,0.29975579975579975
2015-05-12,0.37362637362637363,0.006105006105006104,0.25579975579975583,0.14285714285714285,0.4554334554334554,0.0036630036630036626,0.0995115995115995,-0.09768009768009767,0.5793650793650793,0.1105006105006105,0.16971916971916973,0.2148962148962149,0.1855921855921856
2015-05-13,0.09035409035409035,-0.03174603174603174,-0.04884004884004883,0.040903540903540904,0.25457875457875456,-0.047619047619047616,-0.21001221001221002,-0.15567765567765565,0.23565323565323562,0.009768009768009768,0.12942612942612944,0.17155067155067155,0.15567765567765565
2015-05-14,0.0879120879120879,-0.09401709401709402,-0.1984126984126984,-0.08241758241758242,0.020146520146520144,-0.08485958485958486,-0.2264957264957265,-0.21672771672771673,0.027472527472527472,-0.12759462759462756,-0.08669108669108669,0.10683760683760683,0.04822954822954823
2015-05-15,0.04029304029304029,0.1343101343101343,0.0757020757020757,0.13553113553113552,-0.03540903540903541,0.028083028083028084,-0.042735042735042736,-0.07081807081807082,0.0115995115995116,0.163003663003663,0.18253968253968253,0.20757020757020758,-0.03418803418803419
2015-05-18,0.10989010989010989,0.2704517704517705,0.1452991452991453,0.12637362637362637,-0.08180708180708181,0.21245421245421242,-0.021978021978021976,0.07326007326007326,-0.2326007326007326,0.19352869352869354,0.12454212454212454,0.06166056166056166,0.042735042735042736
2015-05-19,0.14041514041514042,0.199023199023199,-0.005494505494505494,-0.017094017094017096,-0.15506715506715504,0.1172161172161172,-0.152014652014652,-0.06532356532356533,-0.30586080586080583,0.13003663003663005,0.029914529914529916,0.020757020757020756,-0.07387057387057387
2015-05-20,0.1349206349206349,0.0115995115995116,-0.30708180708180705,-0.09218559218559218,-0.28266178266178266,0.11782661782661781,-0.057997557997558,-0.06898656898656899,-0.1807081807081807,-0.22527472527472528,-0.3565323565323565,-0.20512820512820512,-0.2857142857142857
2015-05-21,-0.005494505494505494,-0.2967032967032967,-0.3663003663003663,-0.23809523809523808,-0.25213675213675213,-0.03785103785103785,-0.09035409035409035,-0.17704517704517705,0.04151404151404151,-0.40170940170940167,-0.358974358974359,-0.3253968253968254,-0.27289377289377287
2015-05-22,-0.14896214896214896,-0.3107448107448107,-0.29609279609279604,-0.29609279609279604,-0.2032967032967033,-0.016483516483516484,-0.038461538461538464,-0.12698412698412695,0.04212454212454213,-0.35836385836385837,-0.3205128205128205,-0.31440781440781446,-0.27838827838827834
2015-05-26,-0.17826617826617824,-0.30219780219780223,-0.40048840048840045,-0.4023199023199023,-0.31684981684981683,-0.03724053724053724,-0.3601953601953602,-0.2771672771672771,-0.2216117216117216,-0.3882783882783883,-0.3247863247863248,-0.3339438339438339,-0.221001221001221
2015-05-27,-0.15079365079365079,-0.2564102564102564,-0.32844932844932845,-0.3229548229548229,-0.20573870573870573,-0.12515262515262515,-0.2655677655677655,-0.30708180708180705,-0.2295482295482295,-0.3119658119658119,-0.19352869352869354,-0.2496947496947497,0.03540903540903541
2015-05-28,-0.09523809523809523,-0.10500610500610501,-0.10500610500610501,-0.21611721611721613,-0.006105006105006104,0.004884004884004884,-0.13247863247863248,-0.11355311355311355,-0.02869352869352869,-0.12576312576312576,0.04395604395604395,-0.09401709401709402,0.038461538461538464
2015-05-29,-0.0115995115995116,-0.08852258852258853,0.04029304029304029,-0.07020757020757021,0.028083028083028084,-0.14407814407814404,-0.18986568986568983,-0.13797313797313798,-0.10683760683760683,0.09157509157509157,0.1978021978021978,0.14346764346764346,0.07814407814407814
2015-06-01,0.10805860805860806,-0.2948717948717948,-0.21916971916971917,-0.221001221001221,-0.1105006105006105,-0.13919413919413917,-0.2442002442002442,-0.23076923076923078,-0.14896214896214896,-0.14468864468864467,-0.07692307692307693,0.018925518925518924,-0.09218559218559218
2015-06-02,0.04395604395604395,0.029914529914529916,0.04822954822954823,0.014041514041514042,-0.016483516483516484,-0.005494505494505494,-0.0927960927960928,-0.10195360195360195,-0.04822954822954823,0.07692307692307693,0.13247863247863248,0.14224664224664224,-0.059218559218559216
2015-06-03,-0.2490842490842491,0.14957264957264954,0.14102564102564102,0.05738705738705738,0.04700854700854701,0.20573870573870573,0.0,0.05738705738705738,0.038461538461538464,0.054945054945054944,0.1221001221001221,0.06959706959706959,0.1105006105006105
2015-06-04,-0.043345543345543344,-0.02564102564102564,0.003052503052503052,0.023809523809523808,-0.08485958485958486,0.0811965811965812,0.007326007326007325,-0.01465201465201465,-0.029914529914529916,-0.04029304029304029,-0.022588522588522588,-0.03418803418803419,-0.08058608058608058
2015-06-05,-0.0879120879120879,-0.03296703296703297,-0.03174603174603174,-0.016483516483516484,-0.03601953601953601,0.026862026862026864,0.027472527472527472,-0.01282051282051282,-0.07692307692307693,-0.07203907203907202,-0.07997557997557997,-0.059218559218559216,-0.07875457875457875
2015-06-08,0.06654456654456653,0.06837606837606838,0.13736263736263737,0.06837606837606838,0.021978021978021976,0.17216117216117213,0.3046398046398046,0.16178266178266176,0.163003663003663,0.03418803418803419,-0.07814407814407814,-0.029914529914529916,-0.1562881562881563
2015-06-09,0.11172161172161171,0.06166056166056166,0.004273504273504274,0.21428571428571427,-0.045787545787545784,0.2588522588522589,0.5115995115995117,0.4145299145299145,0.3162393162393162,-0.1514041514041514,-0.2802197802197802,0.028083028083028084,-0.21794871794871792
2015-06-10,0.11477411477411475,0.18803418803418803,0.14163614163614163,0.2612942612942613,-0.04212454212454213,0.2869352869352869,0.3345543345543345,0.3418803418803419,0.2991452991452991,0.15262515262515264,-0.045787545787545784,0.03540903540903541,-0.08547008547008547
2015-06-11,0.27594627594627597,0.4432234432234432,0.3388278388278388,0.4267399267399268,0.16727716727716724,0.33821733821733824,0.35347985347985345,0.3937728937728938,0.3308913308913309,0.1813186813186813,0.07936507936507936,0.18742368742368742,0.05738705738705738
2015-06-12,0.2515262515262515,0.40109890109890106,0.3095238095238095,0.459096459096459,0.1349206349206349,0.16117216117216115,0.21001221001221002,0.3577533577533577,0.2936507936507936,0.2704517704517705,0.16727716727716724,0.18315018315018314,0.08363858363858362
2015-06-15,0.054945054945054944,0.2704517704517705,0.14285714285714285,0.25274725274725274,0.021367521367521368,0.16666666666666663,0.1581196581196581,0.409035409035409,0.03418803418803419,0.07448107448107448,0.08608058608058607,0.009157509157509158,0.05067155067155067
2015-06-16,0.20085470085470084,0.3125763125763126,0.13553113553113552,0.16117216117216115,-0.019536019536019536,0.2973137973137973,0.2771672771672771,0.39987789987789985,-0.1105006105006105,-0.005494505494505494,0.007936507936507934,-0.06227106227106227,0.0927960927960928
2015-06-17,0.36446886446886445,0.26800976800976806,0.14346764346764346,0.042735042735042736,-0.004273504273504274,0.2539682539682539,0.26373626373626374,0.3162393162393162,-0.19719169719169719,-0.06288156288156288,0.03418803418803419,-0.11172161172161171,0.01282051282051282
2015-06-18,0.39987789987789985,0.5439560439560439,0.5518925518925519,0.25335775335775335,0.18986568986568983,0.4542124542124542,0.34493284493284493,0.2844932844932845,-0.12759462759462756,0.24236874236874237,0.2026862026862027,0.03724053724053724,0.10500610500610501
2015-06-19,0.3827838827838828,0.42490842490842484,0.3614163614163614,0.32722832722832723,0.2289377289377289,0.24297924297924298,0.11172161172161171,0.12271062271062269,-0.0811965811965812,0.29242979242979245,0.2496947496947497,0.10317460317460315,0.1452991452991453
2015-06-22,0.3302808302808303,0.3614163614163614,0.4163614163614164,0.38095238095238093,0.29181929181929184,0.17094017094017094,0.19230769230769232,0.18192918192918192,0.03785103785103785,0.4230769230769231,0.40170940170940167,0.2399267399267399,0.23321123321123322
2015-06-23,0.3199023199023199,0.38217338217338215,0.5012210012210012,0.47741147741147744,0.4536019536019536,0.17765567765567764,0.17032967032967034,0.15567765567765565,0.14957264957264954,0.4694749694749695,0.434065934065934,0.3925518925518926,0.4084249084249084
2015-06-24,0.28998778998779,0.34615384615384615,0.41391941391941384,0.5024420024420024,0.416971916971917,0.09768009768009767,0.08913308913308912,0.14590964590964592,-0.024420024420024417,0.43467643467643463,0.43345543345543347,0.44566544566544564,0.3504273504273504
2015-06-25,0.278998778998779,0.304029304029304,0.3247863247863248,0.4163614163614164,0.27777777777777773,-0.007936507936507934,-0.002442002442002442,0.04029304029304029,-0.14407814407814404,0.4157509157509158,0.40598290598290593,0.4065934065934066,0.3229548229548229
2015-06-26,0.3125763125763126,0.2588522588522589,0.2869352869352869,0.2503052503052503,0.2753357753357753,0.1568986568986569,0.06166056166056166,0.010378510378510378,-0.12148962148962149,0.2551892551892551,0.14285714285714285,0.25457875457875456,0.3308913308913309
2015-06-29,0.4688644688644688,0.34432234432234426,0.21978021978021978,0.30158730158730157,0.08608058608058607,0.23565323565323562,0.12698412698412695,0.16727716727716724,0.0757020757020757,0.13247863247863248,0.04151404151404151,0.045787545787545784,0.16971916971916973
2015-06-30,0.4566544566544566,0.3571428571428571,0.12454212454212454,0.3156288156288157,-0.07692307692307693,0.2442002442002442,0.14774114774114774,0.1752136752136752,0.05616605616605617,0.23076923076923078,0.0018315018315018313,0.09706959706959707,-0.09340659340659341
2015-07-01,0.3321123321123321,0.4706959706959707,0.3345543345543345,0.30708180708180705,0.03785103785103785,0.4377289377289378,0.4413919413919414,0.3363858363858364,0.235042735042735,0.10012210012210011,-0.08180708180708181,-0.06898656898656899,-0.14957264957264954
2015-07-02,0.463980463980464,0.6495726495726496,0.3577533577533577,0.438949938949939,0.05067155067155067,0.5146520146520146,0.49267399267399264,0.48290598290598286,0.115995115995116,0.31929181929181927,0.042735042735042736,-0.015262515262515262,-0.045787545787545784
2015-07-06,0.5598290598290598,0.5989010989010989,0.41514041514041516,0.36568986568986567,0.16117216117216115,0.5177045177045178,0.29120879120879123,0.3693528693528694,0.08241758241758242,0.3577533577533577,0.2509157509157509,0.14407814407814404,0.1568986568986569
2015-07-07,0.5537240537240538,0.5012210012210012,0.3217338217338217,0.2948717948717948,0.2283272283272283,0.2954822954822955,0.047619047619047616,0.16544566544566544,-0.04212454212454213,0.37301587301587297,0.3302808302808303,0.2686202686202686,0.2857142857142857
2015-07-08,0.39316239316239315,0.43711843711843706,0.23565323565323562,0.2313797313797314,0.16605616605616605,0.3199023199023199,-0.021367521367521368,0.005494505494505494,-0.07264957264957266,0.3431013431013431,0.33760683760683763,0.3687423687423687,0.2838827838827839
2015-07-09,0.4444444444444444,0.5183150183150182,0.25274725274725274,0.35836385836385837,0.13003663003663005,0.35470085470085466,0.057997557997558,0.06471306471306472,-0.038461538461538464,0.43528693528693524,0.19108669108669107,0.3711843711843712,0.14835164835164835
2015-07-10,0.3089133089133089,0.5604395604395604,0.40354090354090355,0.38217338217338215,0.2838827838827839,0.31807081807081805,0.19047619047619047,0.13553113553113552,0.1862026862026862,0.4328449328449328,0.25702075702075705,0.3705738705738706,0.1862026862026862
2015-07-13,0.2600732600732601,0.36385836385836384,0.17094017094017094,0.2295482295482295,0.04945054945054945,0.3345543345543345,0.33821733821733824,0.21794871794871792,0.3974358974358974,0.004273504273504274,-0.03418803418803419,0.11172161172161171,-0.10317460317460315
2015-07-14,0.054945054945054944,0.3113553113553113,0.13858363858363856,0.1623931623931624,0.14835164835164835,0.23565323565323562,0.09829059829059829,0.13736263736263737,0.2973137973137973,0.2814407814407815,0.1575091575091575,0.20695970695970692,-0.005494505494505494
2015-07-15,0.11355311355311355,0.44627594627594624,0.3687423687423687,0.3052503052503053,0.18376068376068375,0.30708180708180705,0.2490842490842491,0.20146520146520144,0.2698412698412698,0.3137973137973138,0.19230769230769232,0.2216117216117216,0.003052503052503052
2015-07-16,0.27289377289377287,0.4175824175824176,0.10866910866910866,0.17032967032967034,0.053113553113553105,0.45604395604395603,0.21306471306471303,0.21916971916971917,0.26495726495726496,0.07753357753357752,-0.03907203907203907,-0.03479853479853479,-0.10256410256410256
2015-07-17,0.2264957264957265,0.48412698412698413,0.21306471306471303,0.221001221001221,0.03235653235653236,0.42857142857142855,0.23687423687423687,0.235042735042735,0.23809523809523808,0.21550671550671552,0.09462759462759461,0.013431013431013432,-0.07936507936507936
2015-07-20,0.22405372405372403,0.40109890109890106,0.24664224664224663,0.2881562881562881,0.0757020757020757,0.37484737484737485,0.28083028083028083,0.3571428571428571,0.20757020757020758,0.2222222222222222,0.12759462759462756,0.03418803418803419,-0.07753357753357752
2015-07-21,0.2936507936507936,0.5085470085470085,0.3229548229548229,0.278998778998779,0.18986568986568983,0.5207570207570207,0.38461538461538464,0.39865689865689863,0.06715506715506715,0.2698412698412698,0.2313797313797314,0.14346764346764346,0.08424908424908426
2015-07-22,0.28083028083028083,0.4884004884004884,0.27228327228327226,0.3791208791208791,0.10866910866910866,0.40598290598290593,0.25579975579975583,0.33577533577533575,0.030525030525030524,0.29181929181929184,0.13186813186813187,0.18253968253968253,0.15567765567765565
2015-07-23,0.001221001221001221,0.3095238095238095,0.21062271062271062,0.19413919413919414,0.053113553113553105,0.2869352869352869,0.2448107448107448,0.21245421245421242,0.021367521367521368,0.2283272283272283,0.022588522588522588,0.030525030525030524,0.15262515262515264
2015-07-24,0.09401709401709402,0.3601953601953602,0.014041514041514042,0.09829059829059829,-0.009157509157509158,0.4884004884004884,0.21306471306471303,0.16971916971916973,-0.10195360195360195,-0.027472527472527472,-0.11782661782661781,-0.04822954822954823,0.13675213675213677
2015-07-27,-0.13858363858363856,-0.24053724053724052,-0.2753357753357753,-0.22527472527472528,-0.08302808302808302,-0.09462759462759461,-0.14468864468864467,-0.11172161172161171,-0.045177045177045176,-0.2442002442002442,-0.1855921855921856,-0.11294261294261294,0.026862026862026864
2015-07-28,-0.07387057387057387,-0.033577533577533576,-0.24236874236874237,-0.13064713064713065,-0.1562881562881563,0.2258852258852259,-0.033577533577533576,-0.005494505494505494,-0.12576312576312576,-0.28327228327228327,-0.30830280830280826,-0.2442002442002442,-0.021978021978021976
2015-07-29,-0.2576312576312576,0.014041514041514042,-0.10561660561660562,-0.16971916971916973,-0.03907203907203907,0.10012210012210011,-0.052503052503052504,-0.04884004884004883,-0.08852258852258853,-0.20573870573870573,-0.0231990231990232,-0.15384615384615385,0.0293040293040293
2015-07-30,-0.03418803418803419,0.25274725274725274,-0.047619047619047616,0.0036630036630036626,-0.0586080586080586,0.384004884004884,0.11904761904761904,0.23565323565323562,-0.0006105006105006105,-0.18986568986568983,-0.14835164835164835,-0.21611721611721613,-0.007936507936507934
2015-07-31,-0.0293040293040293,0.2539682539682539,0.06715506715506715,0.08302808302808302,-0.10073260073260072,0.19963369963369965,-0.05738705738705738,0.15506715506715504,-0.06715506715506715,0.12026862026862026,0.022588522588522588,0.031135531135531136,-0.015262515262515262
2015-08-03,-0.14041514041514042,0.4053724053724054,0.43528693528693524,0.28876678876678874,0.27228327228327226,0.2814407814407815,0.12087912087912088,0.14774114774114774,0.028083028083028084,0.43101343101343104,0.37301587301587297,0.2564102564102564,0.24114774114774112
2015-08-04,0.008547008547008548,0.4304029304029304,0.11965811965811966,0.19658119658119658,0.1336996336996337,0.40415140415140416,0.13919413919413917,0.13308913308913306,-0.13614163614163613,0.1984126984126984,0.0586080586080586,0.12332112332112331,0.2118437118437118
2015-08-05,0.07142857142857142,0.24236874236874237,-0.07387057387057387,0.020757020757020756,0.1343101343101343,0.2967032967032967,-0.07875457875457875,-0.023809523809523808,-0.326007326007326,0.06166056166056166,0.09157509157509157,0.08669108669108669,0.3253968253968254
2015-08-06,0.09157509157509157,0.2814407814407815,-0.16361416361416362,-0.07387057387057387,0.002442002442002442,0.31318681318681324,-0.14957264957264954,-0.12271062271062269,-0.3162393162393162,-0.06471306471306472,-0.06715506715506715,0.07326007326007326,0.14224664224664224
2015-08-07,0.03663003663003663,0.2094017094017094,0.01465201465201465,0.023809523809523808,0.023809523809523808,0.13919413919413917,0.021367521367521368,-0.07692307692307693,-0.115995115995116,0.06898656898656899,0.004884004884004884,0.1349206349206349,0.05006105006105006
2015-08-10,0.04456654456654456,-0.054945054945054944,-0.33760683760683763,-0.19597069597069594,-0.3315018315018315,0.11477411477411475,-0.24358974358974358,-0.1800976800976801,-0.28083028083028083,-0.07020757020757021,-0.12942612942612944,-0.06349206349206347,-0.18376068376068375
2015-08-11,0.16483516483516483,-0.07142857142857142,-0.2881562881562881,-0.25824175824175827,-0.34065934065934067,0.03907203907203907,-0.41819291819291815,-0.3162393162393162,-0.44505494505494503,-0.07326007326007326,-0.07264957264957266,-0.07936507936507936,-0.16422466422466422
2015-08-12,0.34798534798534797,-0.2515262515262515,-0.554945054945055,-0.4682539682539682,-0.49877899877899873,0.04212454212454213,-0.5244200244200244,-0.36080586080586086,-0.4993894993894994,-0.42124542124542125,-0.42612942612942606,-0.34798534798534797,-0.32967032967032966
2015-08-13,0.0927960927960928,-0.31929181929181927,-0.4297924297924298,-0.3278388278388278,-0.37606837606837606,-0.14346764346764346,-0.40476190476190477,-0.35836385836385837,-0.3339438339438339,-0.22466422466422467,-0.28937728937728935,-0.16788766788766787,-0.2326007326007326
2015-08-14,-0.2326007326007326,-0.19291819291819293,-0.16971916971916973,-0.06959706959706959,-0.19719169719169719,-0.08058608058608058,-0.10805860805860806,-0.04456654456654456,-0.06166056166056166,-0.08241758241758242,-0.17338217338217338,-0.018925518925518924,-0.2313797313797314
2015-08-17,-0.3339438339438339,-0.2289377289377289,-0.10744810744810745,-0.0115995115995116,-0.10195360195360195,-0.27289377289377287,-0.05128205128205128,-0.053113553113553105,0.13614163614163613,-0.09584859584859586,-0.14041514041514042,0.0586080586080586,-0.2222222222222222
2015-08-18,-0.3577533577533577,-0.28266178266178266,-0.2026862026862027,-0.03907203907203907,-0.315018315018315,-0.2564102564102564,0.12942612942612944,0.05006105006105006,0.09706959706959707,-0.07264957264957266,-0.2661782661782661,-0.1343101343101343,-0.3663003663003663
2015-08-19,-0.27106227106227104,-0.3095238095238095,-0.20085470085470084,-0.14713064713064714,-0.4242979242979243,-0.2087912087912088,0.1452991452991453,0.07936507936507936,0.07509157509157507,-0.17216117216117213,-0.37362637362637363,-0.29609279609279604,-0.5335775335775336
2015-08-20,-0.11782661782661781,-0.4163614163614164,-0.13675213675213677,-0.2588522588522589,-0.30097680097680096,-0.37362637362637363,0.026251526251526252,-0.06715506715506715,0.018925518925518924,-0.15262515262515264,-0.20512820512820512,-0.336996336996337,-0.37545787545787546
2015-08-21,-0.04884004884004883,-0.12637362637362637,0.16544566544566544,-0.054945054945054944,-0.059218559218559216,-0.29304029304029305,0.007936507936507934,-0.005494505494505494,0.026251526251526252,0.03540903540903541,0.13736263736263737,-0.19352869352869354,-0.001221001221001221
2015-08-24,-0.19291819291819293,-0.008547008547008548,0.11782661782661781,0.04822954822954823,-0.1288156288156288,-0.040903540903540904,0.18803418803418803,0.08974358974358974,0.14590964590964592,0.0811965811965812,-0.11294261294261294,-0.07264957264957266,-0.30830280830280826
2015-08-25,-0.3162393162393162,-0.018315018315018316,0.14835164835164835,0.2087912087912088,0.09157509157509157,-0.06532356532356533,0.2295482295482295,0.2448107448107448,0.1984126984126984,0.10378510378510379,-0.11843711843711843,-0.10256410256410256,-0.1336996336996337
2015-08-26,-0.32844932844932845,0.003052503052503052,-0.006715506715506716,0.23015873015873015,-0.20024420024420023,0.06043956043956044,0.45726495726495725,0.5024420024420024,0.23382173382173382,-0.11172161172161171,-0.3540903540903541,-0.23687423687423687,-0.42612942612942606
2015-08-27,-0.4297924297924298,0.0586080586080586,0.004884004884004884,0.15506715506715504,-0.31440781440781446,0.0,0.21794871794871792,0.33577533577533575,0.027472527472527472,0.05555555555555555,-0.28327228327228327,-0.1568986568986569,-0.4413919413919414
2015-08-28,-0.08852258852258853,-0.06837606837606838,-0.3711843711843712,-0.34615384615384615,-0.35470085470085466,0.16910866910866912,-0.05128205128205128,0.020757020757020756,-0.1221001221001221,-0.38949938949938945,-0.44993894993894995,-0.3418803418803419,-0.3882783882783883
2015-08-31,0.05616605616605617,-0.33821733821733824,-0.42490842490842484,-0.5433455433455433,-0.34432234432234426,0.22039072039072038,-0.28205128205128205,-0.2869352869352869,-0.4255189255189255,-0.6074481074481074,-0.5402930402930403,-0.5177045177045178,-0.304029304029304
2015-09-01,-0.007326007326007325,0.017094017094017096,0.0036630036630036626,-0.15384615384615385,0.13553113553113552,0.07509157509157507,-0.029914529914529916,-0.04945054945054945,-0.05433455433455433,-0.15323565323565325,0.0293040293040293,-0.13675213675213677,0.07997557997557997
2015-09-02,-0.13247863247863248,0.0927960927960928,0.013431013431013432,-0.0873015873015873,0.18681318681318682,0.28998778998779,0.17826617826617824,0.09096459096459096,0.12759462759462756,-0.23321123321123322,-0.10378510378510379,-0.21794871794871792,0.028083028083028084
2015-09-03,0.09462759462759461,0.18315018315018314,-0.033577533577533576,-0.17155067155067155,0.13003663003663005,0.26190476190476186,-0.08974358974358974,-0.11172161172161171,-0.09462759462759461,-0.14468864468864467,0.05128205128205128,-0.04822954822954823,0.27289377289377287
2015-09-04,-0.17643467643467645,-0.05372405372405373,-0.1349206349206349,-0.22283272283272282,0.12026862026862026,0.21001221001221002,-0.18376068376068375,-0.13736263736263737,-0.03296703296703297,-0.21001221001221002,-0.019536019536019536,-0.14774114774114774,0.19597069597069594
2015-09-08,-0.033577533577533576,-0.052503052503052504,-0.11294261294261294,-0.11843711843711843,0.28266178266178266,-0.03418803418803419,-0.3095238095238095,-0.25702075702075705,-0.08974358974358974,-0.08608058608058607,0.16727716727716724,0.17887667887667885,0.3003663003663003
2015-09-09,0.04212454212454213,-0.15323565323565325,-0.2814407814407815,-0.3540903540903541,0.13308913308913306,0.03296703296703297,-0.3742368742368742,-0.3687423687423687,-0.013431013431013432,-0.22283272283272282,-0.0115995115995116,-0.09523809523809523,0.14285714285714285
2015-09-10,-0.027472527472527472,-0.1794871794871795,-0.31746031746031744,-0.2948717948717948,0.03174603174603174,0.19719169719169719,-0.25824175824175827,-0.20695970695970692,-0.05433455433455433,-0.3492063492063492,-0.09829059829059829,-0.11355311355311355,0.08608058608058607
2015-09-11,0.010378510378510378,-0.033577533577533576,-0.2087912087912088,-0.2588522588522589,0.029914529914529916,0.20024420024420023,-0.20085470085470084,-0.17399267399267399,-0.06654456654456653,-0.21245421245421242,0.04151404151404151,-0.08058608058608058,0.13186813186813187
2015-09-14,-0.20024420024420023,0.34065934065934067,0.17338217338217338,0.009157509157509158,0.13003663003663005,0.42002442002442003,0.06837606837606838,0.056776556776556776,-0.0018315018315018313,-0.009157509157509158,0.09706959706959707,0.024420024420024417,0.1343101343101343
2015-09-15,-0.20695970695970692,0.3199023199023199,0.2326007326007326,0.10805860805860806,0.24297924297924298,0.27472527472527475,-0.007936507936507934,0.028083028083028084,-0.07997557997557997,0.2032967032967033,0.18681318681318682,0.09401709401709402,0.18376068376068375
2015-09-16,-0.2118437118437118,0.41941391941391937,0.2399267399267399,0.11660561660561661,0.29609279609279604,0.26800976800976806,-0.22527472527472528,-0.015262515262515262,-0.13675213675213677,0.2863247863247863,0.3003663003663003,0.20757020757020758,0.32967032967032966
2015-09-17,-0.10012210012210011,0.1568986568986569,0.10012210012210011,0.06532356532356533,0.28083028083028083,0.010378510378510378,-0.2869352869352869,-0.21855921855921853,-0.033577533577533576,0.13919413919413917,0.20695970695970692,0.28327228327228327,0.3199023199023199
2015-09-18,-0.21367521367521367,0.03296703296703297,-0.21672771672771673,0.0006105006105006105,0.0231990231990232,0.15873015873015872,-0.13736263736263737,-0.07997557997557997,-0.07692307692307693,-0.07631257631257632,-0.05616605616605617,0.08424908424908426,0.13247863247863248
2015-09-21,-0.25457875457875456,0.2600732600732601,0.020146520146520144,0.020757020757020756,-0.026862026862026864,0.315018315018315,0.0586080586080586,0.07387057387057387,-0.10134310134310134,0.08485958485958486,0.08485958485958486,0.0757020757020757,0.06837606837606838
2015-09-22,-0.304029304029304,0.014041514041514042,-0.12393162393162394,-0.1562881562881563,-0.19474969474969472,0.27106227106227104,0.12087912087912088,0.08608058608058607,-0.2026862026862027,-0.12942612942612944,-0.11904761904761904,-0.10012210012210011,-0.06715506715506715
2015-09-23,-0.3388278388278388,-0.05128205128205128,-0.1581196581196581,-0.2655677655677655,-0.2643467643467643,0.1336996336996337,0.07692307692307693,0.0879120879120879,-0.42735042735042733,-0.05067155067155067,-0.17094017094017094,-0.2588522588522589,-0.13003663003663005
2015-09-24,-0.3504273504273504,-0.13553113553113552,-0.12637362637362637,-0.235042735042735,-0.12942612942612944,0.07081807081807082,0.25946275946275943,0.12393162393162394,-0.28266178266178266,-0.2973137973137973,-0.2094017094017094,-0.3412698412698412,-0.07936507936507936
2015-09-25,-0.34798534798534797,-0.08974358974358974,-0.13736263736263737,-0.0879120879120879,-0.01282051282051282,0.057997557997558,0.21306471306471303,0.1568986568986569,-0.16666666666666663,-0.2216117216117216,-0.20085470085470084,-0.25946275946275943,0.028083028083028084
2015-09-28,-0.07875457875457875,0.07631257631257632,0.1916971916971917,0.163003663003663,0.35347985347985345,0.043345543345543344,0.0873015873015873,0.0231990231990232,0.04884004884004883,0.18681318681318682,0.2063492063492063,0.1336996336996337,0.34065934065934067
2015-09-29,-0.11904761904761904,-0.15873015873015872,-0.06227106227106227,-0.018925518925518924,0.16971916971916973,-0.07509157509157507,-0.02503052503052503,-0.03235653235653236,-0.07875457875457875,-0.05433455433455433,-0.0757020757020757,-0.04029304029304029,0.12454212454212454
2015-09-30,-0.3199023199023199,-0.2692307692307693,-0.2698412698412698,-0.06715506715506715,-0.08852258852258853,-0.1562881562881563,-0.14713064713064714,0.006715506715506716,-0.22527472527472528,-0.18681318681318682,-0.28998778998779,-0.1336996336996337,0.01465201465201465
2015-10-01,-0.27594627594627597,-0.27289377289377287,-0.3345543345543345,-0.11843711843711843,-0.2222222222222222,-0.2399267399267399,-0.3278388278388278,-0.07692307692307693,-0.3089133089133089,-0.24114774114774112,-0.2857142857142857,-0.18253968253968253,-0.052503052503052504
2015-10-02,-0.28327228327228327,-0.14468864468864467,-0.15445665445665446,-0.0989010989010989,-0.043345543345543344,-0.21916971916971917,-0.17399267399267399,-0.08363858363858362,-0.21245421245421242,-0.07326007326007326,-0.04395604395604395,-0.11965811965811966,0.08608058608058607
2015-10-05,-0.1575091575091575,-0.17155067155067155,-0.16483516483516483,-0.10195360195360195,-0.040903540903540904,-0.19597069597069594,-0.16788766788766787,-0.19047619047619047,-0.10500610500610501,-0.040903540903540904,0.026251526251526252,0.040903540903540904,0.04151404151404151
2015-10-06,-0.21062271062271062,0.10805860805860806,-0.20512820512820512,-0.010989010989010988,-0.3571428571428571,0.09829059829059829,-0.16056166056166057,-0.07020757020757021,-0.09401709401709402,0.12637362637362637,-0.16178266178266176,0.16117216117216115,-0.2661782661782661
2015-10-07,-0.14590964590964592,0.33333333333333326,0.08608058608058607,0.17887667887667885,-0.23748473748473747,0.19536019536019533,0.0036630036630036626,0.05982905982905983,-0.08608058608058607,0.3974358974358974,0.0879120879120879,0.2667887667887668,-0.26800976800976806
2015-10-08,-0.10317460317460315,0.42918192918192916,0.5293040293040293,0.4126984126984126,0.17338217338217338,0.18986568986568983,0.23809523809523808,0.1282051282051282,0.21611721611721613,0.6343101343101343,0.398046398046398,0.37484737484737485,0.056776556776556776
2015-10-09,-0.12759462759462756,0.3308913308913309,0.3742368742368742,0.3528693528693529,0.23565323565323562,0.15934065934065933,0.19291819291819293,0.13064713064713065,0.16788766788766787,0.41086691086691085,0.21306471306471303,0.26068376068376065,0.12271062271062269
2015-10-12,-0.05067155067155067,0.304029304029304,0.38888888888888884,0.3742368742368742,0.23626373626373626,0.25457875457875456,0.29120879120879123,0.2496947496947497,0.20146520146520144,0.3119658119658119,0.052503052503052504,0.21123321123321123,0.10378510378510379
2015-10-13,0.001221001221001221,0.2814407814407815,0.27106227106227104,0.29304029304029305,0.163003663003663,0.18253968253968253,0.26800976800976806,0.27594627594627597,0.4328449328449328,0.17155067155067155,0.06654456654456653,0.04822954822954823,-0.06471306471306472
2015-10-14,0.018315018315018316,0.010989010989010988,0.06043956043956044,0.16483516483516483,0.08974358974358974,0.018315018315018316,-0.03540903540903541,0.07326007326007326,0.07875457875457875,0.0231990231990232,-0.009157509157509158,0.0036630036630036626,-0.006105006105006104
2015-10-15,0.15995115995115994,0.0586080586080586,0.05006105006105006,0.16544566544566544,-0.028083028083028084,0.14957264957264954,0.34432234432234426,0.18803418803418803,0.20512820512820512,-0.09035409035409035,-0.20146520146520144,-0.03907203907203907,-0.17399267399267399
2015-10-16,0.25457875457875456,0.10317460317460315,0.10195360195360195,0.17277167277167274,-0.021367521367521368,0.12515262515262515,0.23626373626373626,0.20757020757020758,0.14774114774114774,-0.01282051282051282,-0.04151404151404151,-0.053113553113553105,-0.13736263736263737
2015-10-19,0.2264957264957265,0.2667887667887668,0.44505494505494503,0.3492063492063492,0.24725274725274726,0.10561660561660562,0.3504273504273504,0.2857142857142857,0.3003663003663003,0.23931623931623933,0.19108669108669107,0.1398046398046398,0.1221001221001221
2015-10-20,0.17277167277167274,0.10134310134310134,0.44932844932844934,0.28266178266178266,0.384004884004884,-0.012210012210012208,0.14041514041514042,0.14774114774114774,0.1978021978021978,0.34432234432234426,0.384004884004884,0.18864468864468864,0.2673992673992674
2015-10-21,0.12271062271062269,-0.01465201465201465,0.2869352869352869,0.23809523809523808,0.34371184371184366,-0.12332112332112331,-0.0231990231990232,0.03663003663003663,0.1978021978021978,0.24175824175824176,0.3125763125763126,0.16117216117216115,0.3137973137973138
2015-10-22,0.2539682539682539,-0.19291819291819293,-0.015262515262515262,-0.018925518925518924,0.1452991452991453,-0.06898656898656899,-0.01282051282051282,-0.01282051282051282,0.09829059829059829,-0.10012210012210011,0.01465201465201465,-0.04822954822954823,0.17704517704517705
2015-10-23,0.26800976800976806,-0.07203907203907202,0.13125763125763126,0.009768009768009768,0.2264957264957265,-0.08180708180708181,-0.0641025641025641,-0.06715506715506715,0.07997557997557997,0.04945054945054945,0.14041514041514042,0.10805860805860806,0.24542124542124538
2015-10-26,0.2600732600732601,0.07264957264957266,0.42918192918192916,0.28998778998779,0.4084249084249084,-0.14163614163614163,0.045177045177045176,-0.038461538461538464,0.21855921855921853,0.37973137973137966,0.4621489621489622,0.3253968253968254,0.39438339438339437
2015-10-27,0.2118437118437118,-0.04456654456654456,0.17704517704517705,0.3315018315018315,0.3253968253968254,-0.2399267399267399,-0.06837606837606838,-0.04822954822954823,0.14957264957264954,0.33577533577533575,0.3156288156288157,0.47130647130647124,0.3345543345543345
2015-10-28,0.2094017094017094,0.10989010989010989,0.42857142857142855,0.3253968253968254,0.45054945054945056,-0.022588522588522588,0.09584859584859586,0.05372405372405373,0.163003663003663,0.33760683760683763,0.4163614163614164,0.39072039072039066,0.4029304029304029
2015-10-29,0.05738705738705738,0.07387057387057387,0.16422466422466422,0.2612942612942613,0.2661782661782661,-0.01587301587301587,-0.1172161172161172,-0.019536019536019536,-0.14346764346764346,0.2692307692307693,0.30158730158730157,0.3156288156288157,0.304029304029304
2015-10-30,0.007326007326007325,0.007326007326007325,0.0115995115995116,0.1746031746031746,0.07631257631257632,-0.07326007326007326,-0.05372405372405373,0.001221001221001221,-0.17216117216117213,0.12698412698412695,0.1752136752136752,0.19047619047619047,0.14407814407814404
2015-11-02,0.09768009768009767,0.14652014652014653,0.21245421245421242,0.25335775335775335,0.12637362637362637,0.009768009768009768,-0.07692307692307693,0.003052503052503052,-0.14652014652014653,0.3315018315018315,0.32112332112332115,0.3455433455433455,0.20512820512820512
2015-11-03,0.14102564102564102,0.14713064713064714,0.152014652014652,0.2313797313797314,-0.003052503052503052,-0.03235653235653236,0.04945054945054945,0.0873015873015873,-0.1043956043956044,0.30219780219780223,0.2655677655677655,0.31684981684981683,0.0989010989010989
2015-11-04,0.12087912087912088,0.06715506715506715,-0.045787545787545784,0.06105006105006105,-0.06471306471306472,0.03724053724053724,0.04945054945054945,0.10378510378510379,-0.11782661782661781,0.10378510378510379,0.043345543345543344,0.13675213675213677,0.04945054945054945
2015-11-05,0.17765567765567764,-0.08913308913308912,-0.16056166056166057,-0.12271062271062269,-0.1111111111111111,-0.059218559218559216,-0.12637362637362637,-0.1349206349206349,-0.11782661782661781,0.01587301587301587,0.007326007326007325,0.1343101343101343,-0.05433455433455433
2015-11-06,0.004273504273504274,-0.05555555555555555,-0.09462759462759461,-0.023809523809523808,-0.04395604395604395,-0.24725274725274726,-0.28327228327228327,-0.31868131868131866,-0.0115995115995116,0.10195360195360195,0.08669108669108669,0.22039072039072038,-0.05067155067155067
2015-11-09,-0.07081807081807082,0.012210012210012208,0.10561660561660562,0.0586080586080586,0.12576312576312576,-0.06349206349206347,-0.0757020757020757,-0.23626373626373626,0.12454212454212454,0.10561660561660562,0.17826617826617824,0.30830280830280826,-0.003052503052503052
2015-11-10,-0.2026862026862027,-0.1568986568986569,0.06776556776556776,0.06105006105006105,0.2564102564102564,-0.25457875457875456,-0.09829059829059829,-0.19413919413919414,0.2264957264957265,-0.0293040293040293,0.1343101343101343,0.2600732600732601,0.021367521367521368
2015-11-11,-0.038461538461538464,0.023809523809523808,0.2222222222222222,0.2515262515262515,0.21916971916971917,-0.13247863247863248,0.006715506715506716,-0.018315018315018316,0.35958485958485964,0.21550671550671552,0.2600732600732601,0.35958485958485964,-0.022588522588522588
2015-11-12,-0.004273504273504274,0.0873015873015873,0.21916971916971917,0.20146520146520144,-0.017094017094017096,-0.14163614163614163,0.09340659340659341,0.03663003663003663,0.30219780219780223,0.3162393162393162,0.2503052503052503,0.27350427350427353,-0.235042735042735
2015-11-13,0.11904761904761904,0.20757020757020758,0.1984126984126984,0.31318681318681324,-0.1105006105006105,0.15079365079365079,0.2704517704517705,0.18437118437118435,0.25335775335775335,0.2490842490842491,-0.09645909645909646,0.19230769230769232,-0.3125763125763126
2015-11-16,-0.0006105006105006105,0.1800976800976801,0.3815628815628816,0.4304029304029304,0.010378510378510378,0.1043956043956044,0.23870573870573872,0.21367521367521367,0.31440781440781446,0.3327228327228327,0.07387057387057387,0.1862026862026862,-0.1916971916971917
2015-11-17,-0.03724053724053724,0.11416361416361415,0.3137973137973138,0.351037851037851,0.016483516483516484,0.02503052503052503,0.14285714285714285,0.14896214896214896,0.23321123321123322,0.2295482295482295,0.15018315018315015,0.24114774114774112,-0.13064713064713065
2015-11-18,-0.07509157509157507,-0.031135531135531136,0.2026862026862027,0.199023199023199,-0.059218559218559216,0.018315018315018316,0.010989010989010988,0.009157509157509158,0.19352869352869354,0.12698412698412695,0.10378510378510379,0.15079365079365079,-0.14163614163614163
2015-11-19,-0.019536019536019536,0.13736263736263737,0.41025641025641024,0.3064713064713065,0.12454212454212454,0.05982905982905983,0.19352869352869354,0.11782661782661781,0.3516483516483516,0.37606837606837606,0.27228327228327226,0.2271062271062271,0.007936507936507934
2015-11-20,-0.06105006105006105,0.3528693528693529,0.3504273504273504,0.34676434676434675,0.1623931623931624,0.3363858363858364,0.2564102564102564,0.18192918192918192,0.3095238095238095,0.2655677655677655,0.10012210012210011,0.14468864468864467,0.028083028083028084
2015-11-23,0.10073260073260072,0.2283272283272283,0.2967032967032967,0.19230769230769232,0.2496947496947497,0.35836385836385837,0.14957264957264954,0.2087912087912088,0.1794871794871795,0.16971916971916973,0.0757020757020757,-0.005494505494505494,0.07936507936507936
2015-11-24,0.0757020757020757,0.045787545787545784,0.020757020757020756,0.06288156288156288,0.1043956043956044,0.17704517704517705,-0.03785103785103785,-0.021367521367521368,0.06898656898656899,-0.08485958485958486,-0.11904761904761904,-0.04212454212454213,0.10317460317460315
2015-11-25,0.03235653235653236,0.10012210012210011,0.06349206349206347,0.03663003663003663,0.1221001221001221,0.18925518925518922,-0.06471306471306472,-0.11416361416361415,0.05128205128205128,-0.04212454212454213,0.05006105006105006,0.030525030525030524,0.12026862026862026
2015-11-27,0.03785103785103785,0.13064713064713065,0.18803418803418803,0.11355311355311355,0.19108669108669107,0.059218559218559216,-0.14163614163614163,-0.13308913308913306,0.004273504273504274,0.08058608058608058,0.184981684981685,0.12087912087912088,0.1855921855921856
2015-11-30,-0.06105006105006105,0.10012210012210011,0.14285714285714285,0.184981684981685,0.08302808302808302,-0.06776556776556776,-0.14041514041514042,-0.0757020757020757,0.10134310134310134,0.10561660561660562,0.1684981684981685,0.14835164835164835,0.04029304029304029
2015-12-01,0.06105006105006105,0.03785103785103785,-0.052503052503052504,-0.01587301587301587,-0.0018315018315018313,-0.01465201465201465,0.05555555555555555,-0.01587301587301587,0.10195360195360195,-0.11782661782661781,-0.06776556776556776,-0.007326007326007325,-0.029914529914529916
2015-12-02,0.05616605616605617,0.0018315018315018313,0.10989010989010989,0.005494505494505494,0.20757020757020758,-0.1043956043956044,0.08424908424908426,-0.05067155067155067,0.20573870573870573,-0.02564102564102564,0.031135531135531136,0.047619047619047616,-0.007326007326007325
2015-12-03,-0.03816211309917474,0.21367521367521367,0.19413919413919414,0.21062271062271062,0.0873015873015873,0.10317460317460315,0.20573870573870573,0.19474969474969472,0.0879120879120879,0.022588522588522588,0.012210012210012208,0.05433455433455433,-0.08485958485958486
2015-12-04,0.021978021978021976,0.05982905982905983,0.10317460317460315,0.15262515262515264,0.051892551892551896,0.052503052503052504,0.15506715506715504,0.19597069597069594,0.06898656898656899,0.010378510378510378,-0.017704517704517704,-0.029914529914529916,-0.18315018315018314
2015-12-07,-0.10012210012210011,0.08241758241758242,0.3095238095238095,0.25702075702075705,0.1398046398046398,-0.2026862026862027,0.033577533577533576,0.09157509157509157,0.24175824175824176,0.32967032967032966,0.32722832722832723,0.19474969474969472,-0.05006105006105006
2015-12-08,-0.05555555555555555,0.3626373626373626,0.5079365079365078,0.459096459096459,0.2551892551892551,-0.010378510378510378,0.20512820512820512,0.2490842490842491,0.2869352869352869,0.5231990231990232,0.463980463980464,0.3418803418803419,0.17094017094017094
2015-12-09,-0.14346764346764346,0.4945054945054945,0.32112332112332115,0.398046398046398,0.07631257631257632,0.2875457875457875,0.49084249084249076,0.5457875457875457,0.17155067155067155,0.3559218559218559,0.17032967032967034,0.2039072039072039,0.026251526251526252
2015-12-10,-0.246031746031746,0.6288156288156289,0.40964590964590963,0.47863247863247865,0.0757020757020757,0.5280830280830281,0.6538461538461537,0.6269841269841269,0.3528693528693529,0.39316239316239315,0.05738705738705738,0.24175824175824176,-0.21672771672771673
2015-12-11,-0.10622710622710621,0.5451770451770451,0.24114774114774112,0.34432234432234426,-0.17704517704517705,0.5903540903540903,0.5097680097680098,0.5372405372405372,0.19597069597069594,0.22344322344322343,-0.235042735042735,0.033577533577533576,-0.27472527472527475
2015-12-14,-0.25579975579975583,0.40964590964590963,0.07081807081807082,0.2039072039072039,-0.3205128205128205,0.48717948717948717,0.47557997557997556,0.531135531135531,0.08547008547008547,0.06959706959706959,-0.27777777777777773,-0.1568986568986569,-0.33760683760683763
2015-12-15,-0.3137973137973138,0.10256410256410256,-0.36568986568986567,-0.23076923076923078,-0.5879120879120878,0.4731379731379732,0.09035409035409035,0.384004884004884,-0.18253968253968253,-0.34432234432234426,-0.5177045177045178,-0.48595848595848595,-0.442002442002442
2015-12-16,-0.32844932844932845,-0.231990231990232,-0.5006105006105006,-0.4536019536019536,-0.5073260073260073,0.25457875457875456,-0.1349206349206349,0.07997557997557997,-0.3778998778998779,-0.5256410256410257,-0.5097680097680098,-0.5970695970695971,-0.3125763125763126
2015-12-17,-0.49999999999999994,-0.23931623931623933,-0.26495726495726496,-0.2698412698412698,-0.36385836385836384,0.006715506715506716,0.14896214896214896,0.17216117216117213,-0.13553113553113552,-0.3064713064713065,-0.34065934065934067,-0.32967032967032966,-0.35531135531135527
2015-12-18,-0.36507936507936506,-0.16361416361416362,-0.28327228327228327,-0.30586080586080583,-0.20024420024420023,0.04456654456654456,-0.04822954822954823,0.010378510378510378,-0.13125763125763126,-0.3742368742368742,-0.3431013431013431,-0.326007326007326,-0.2313797313797314
2015-12-21,-0.13675213675213677,0.09768009768009767,0.01465201465201465,-0.07753357753357752,0.031135531135531136,0.1452991452991453,0.13247863247863248,0.12515262515262515,-0.09645909645909646,-0.015262515262515262,0.08547008547008547,-0.17155067155067155,0.04822954822954823
2015-12-22,-0.07936507936507936,0.12942612942612944,0.1752136752136752,0.08974358974358974,0.16727716727716724,0.08913308913308912,0.031135531135531136,0.17338217338217338,-0.047619047619047616,0.19413919413919414,0.1862026862026862,0.045177045177045176,0.21550671550671552
2015-12-23,-0.07997557997557997,0.23015873015873015,0.2258852258852259,0.2857142857142857,0.2222222222222222,0.018315018315018316,0.08302808302808302,0.17643467643467645,0.03479853479853479,0.3089133089133089,0.26495726495726496,0.25213675213675213,0.1855921855921856
2015-12-24,0.056776556776556776,0.06043956043956044,-0.06593406593406594,0.1398046398046398,-0.10927960927960927,-0.05372405372405373,-0.009768009768009768,0.0757020757020757,0.056776556776556776,0.008547008547008548,-0.13247863247863248,0.14713064713064714,-0.152014652014652
2015-12-28,0.19963369963369965,0.21367521367521367,0.08608058608058607,0.12942612942612944,-0.1043956043956044,0.06105006105006105,0.21367521367521367,0.15079365079365079,0.0586080586080586,0.10500610500610501,-0.006105006105006104,0.057997557997558,-0.18864468864468864
2015-12-29,0.13797313797313798,0.27472527472527475,-0.01282051282051282,0.03724053724053724,-0.20573870573870573,0.17643467643467645,0.36507936507936506,0.25579975579975583,0.1758241758241758,-0.08485958485958486,-0.23382173382173382,-0.10927960927960927,-0.3266178266178266
2015-12-30,0.10134310134310134,0.14102564102564102,-0.047619047619047616,0.03785103785103785,-0.1813186813186813,0.1172161172161172,0.26190476190476186,0.18864468864468864,0.2765567765567765,-0.08241758241758242,-0.09523809523809523,-0.028083028083028084,-0.25213675213675213
2015-12-31,0.11782661782661781,0.23565323565323562,0.014041514041514042,0.051892551892551896,-0.1813186813186813,0.1221001221001221,0.2045177045177045,0.2692307692307693,0.09157509157509157,0.026251526251526252,-0.02503052503052503,-0.1043956043956044,-0.22527472527472528
2016-01-04,0.1855921855921856,0.13003663003663005,-0.17094017094017094,-0.022588522588522588,-0.235042735042735,0.14163614163614163,-0.10256410256410256,0.18437118437118435,-0.12942612942612944,-0.042735042735042736,-0.17704517704517705,-0.1043956043956044,-0.19352869352869354
2016-01-05,0.10866910866910866,0.14774114774114774,0.009768009768009768,-0.0995115995115995,-0.16605616605616605,0.22405372405372403,0.11294261294261294,0.07753357753357752,-0.059218559218559216,-0.06715506715506715,-0.12271062271062269,-0.1984126984126984,-0.25274725274725274
2016-01-06,0.09096459096459096,0.06898656898656899,0.030525030525030524,0.0293040293040293,-0.11965811965811966,0.1043956043956044,0.15873015873015872,0.12637362637362637,0.0989010989010989,-0.04456654456654456,-0.1800976800976801,-0.13186813186813187,-0.1916971916971917
2016-01-07,0.003052503052503052,-0.06166056166056166,0.07631257631257632,0.033577533577533576,-0.027472527472527472,-0.11172161172161171,0.11538461538461539,0.03601953601953601,0.21855921855921853,-0.026862026862026864,-0.14896214896214896,-0.05433455433455433,-0.2087912087912088
2016-01-08,0.2289377289377289,0.04029304029304029,-0.08852258852258853,-0.12332112332112331,-0.10378510378510379,0.17277167277167274,0.007326007326007325,0.020757020757020756,-0.014041514041514042,-0.15018315018315015,-0.11172161172161171,-0.24114774114774112,-0.11843711843711843
2016-01-11,0.0586080586080586,0.28083028083028083,0.17216117216117213,0.13064713064713065,0.07814407814407814,0.3199023199023199,0.2588522588522589,0.28998778998779,0.05616605616605617,0.05433455433455433,-0.005494505494505494,-0.09706959706959707,0.0231990231990232
2016-01-12,-0.17338217338217338,0.31807081807081805,0.20757020757020758,0.24236874236874237,0.10927960927960927,0.23687423687423687,0.2515262515262515,0.34859584859584863,0.08974358974358974,0.16178266178266176,-0.06776556776556776,-0.005494505494505494,0.0463980463980464
2016-01-13,-0.3241758241758242,0.4206349206349206,0.6227106227106226,0.5836385836385837,0.1684981684981685,0.06288156288156288,0.48290598290598286,0.5360195360195361,0.3003663003663003,0.5592185592185592,0.304029304029304,0.19963369963369965,0.056776556776556776
2016-01-14,-0.33333333333333326,0.2258852258852259,0.29181929181929184,0.5586080586080585,-0.06471306471306472,-0.006105006105006104,0.46092796092796096,0.5494505494505495,0.19047619047619047,0.43467643467643463,-0.1105006105006105,0.12454212454212454,-0.2313797313797314
2016-01-15,-0.30341880341880345,0.115995115995116,0.2905982905982906,0.41147741147741146,-0.042735042735042736,0.010989010989010988,0.3455433455433455,0.427960927960928,0.06166056166056166,0.21855921855921853,-0.10195360195360195,0.022588522588522588,-0.031135531135531136
2016-01-19,-0.3199023199023199,0.24542124542124538,0.23748473748473747,0.42002442002442003,-0.05006105006105006,0.15262515262515264,0.40354090354090355,0.37545787545787546,0.028083028083028084,0.2289377289377289,-0.12576312576312576,-0.04029304029304029,-0.10195360195360195
2016-01-20,-0.37484737484737485,0.14163614163614163,0.1172161172161172,0.2851037851037851,-0.11843711843711843,0.12087912087912088,0.2979242979242979,0.3418803418803419,-0.11538461538461539,0.11172161172161171,-0.1398046398046398,-0.15995115995115994,-0.10012210012210011
2016-01-21,-0.25213675213675213,0.15018315018315015,0.17765567765567764,0.19597069597069594,-0.010378510378510378,0.15018315018315015,0.13797313797313798,0.25824175824175827,-0.03479853479853479,0.13736263736263737,0.07203907203907202,-0.06166056166056166,-0.028083028083028084
2016-01-22,-0.14652014652014653,0.278998778998779,0.2857142857142857,0.24236874236874237,0.12148962148962149,0.1288156288156288,0.13736263736263737,0.24236874236874237,-0.06593406593406594,0.29609279609279604,0.1978021978021978,0.047619047619047616,0.14102564102564102
2016-01-25,-0.31929181929181927,0.15873015873015872,0.2667887667887668,0.3815628815628816,0.06105006105006105,-0.020757020757020756,0.39133089133089133,0.4072039072039072,0.16117216117216115,0.315018315018315,-0.007326007326007325,0.05982905982905983,-0.03479853479853479
2016-01-26,-0.12454212454212454,0.29975579975579975,0.47619047619047616,0.40476190476190477,0.34432234432234426,0.18315018315018314,0.28937728937728935,0.2539682539682539,0.2539682539682539,0.4316239316239316,0.30341880341880345,0.2857142857142857,0.13553113553113552
2016-01-27,-0.03968253968253968,0.2442002442002442,0.32905982905982906,0.25824175824175827,0.2814407814407815,0.17887667887667885,0.21855921855921853,0.1172161172161172,0.23809523809523808,0.24053724053724052,0.10195360195360195,0.19658119658119658,0.006105006105006104
2016-01-28,0.14896214896214896,0.06837606837606838,-0.029914529914529916,0.14774114774114774,0.12393162393162394,0.057997557997558,0.015262515262515262,-0.028083028083028084,0.10317460317460315,-0.015262515262515262,0.06898656898656899,0.19291819291819293,0.001221001221001221
2016-01-29,0.20695970695970692,0.19352869352869354,0.16910866910866912,0.21245421245421242,0.23382173382173382,0.21245421245421242,0.19597069597069594,0.04822954822954823,0.30830280830280826,0.16605616605616605,0.22527472527472528,0.23015873015873015,-0.0115995115995116
2016-02-01,0.21611721611721613,0.09035409035409035,0.13247863247863248,0.1758241758241758,0.18315018315018314,0.09340659340659341,0.12393162393162394,0.12148962148962149,0.24358974358974358,0.14163614163614163,-0.03601953601953601,0.17277167277167274,0.005494505494505494
2016-02-02,0.18315018315018314,0.042735042735042736,0.15323565323565325,0.10256410256410256,0.13553113553113552,-0.016483516483516484,0.11233211233211234,0.14652014652014653,0.3504273504273504,0.10195360195360195,0.09340659340659341,0.07326007326007326,-0.06837606837606838
2016-02-03,0.2612942612942613,-0.06898656898656899,-0.12332112332112331,-0.06593406593406594,-0.14896214896214896,0.021978021978021976,0.0293040293040293,0.020146520146520144,0.16422466422466422,-0.152014652014652,-0.1581196581196581,-0.15323565323565325,-0.26068376068376065
2016-02-04,0.2838827838827839,-0.17704517704517705,-0.16971916971916973,-0.20757020757020758,-0.221001221001221,-0.026862026862026864,-0.045787545787545784,-0.012210012210012208,0.08974358974358974,-0.29853479853479853,-0.31440781440781446,-0.27777777777777773,-0.41391941391941384
2016-02-05,0.33577533577533575,-0.36996336996337,-0.2612942612942613,-0.27167277167277165,-0.15934065934065933,-0.29853479853479853,-0.20512820512820512,-0.2148962148962149,0.13553113553113552,-0.33333333333333326,-0.2313797313797314,-0.27106227106227104,-0.21428571428571427
2016-02-08,0.3601953601953602,-0.3528693528693529,-0.19474969474969472,-0.24847374847374848,-0.10805860805860806,-0.3308913308913309,-0.2661782661782661,-0.2667887667887668,0.008547008547008548,-0.17643467643467645,-0.014041514041514042,-0.21367521367521367,-0.0463980463980464
2016-02-09,0.15445665445665446,-0.14774114774114774,-0.04212454212454213,-0.0879120879120879,0.0879120879120879,-0.14896214896214896,-0.08424908424908426,-0.06288156288156288,0.06776556776556776,-0.1398046398046398,0.03540903540903541,-0.01465201465201465,0.17765567765567764
2016-02-10,0.25335775335775335,-0.08547008547008547,0.0757020757020757,0.019536019536019536,0.1978021978021978,-0.16483516483516483,-0.043345543345543344,-0.053113553113553105,0.12454212454212454,0.07753357753357752,0.17887667887667885,0.1336996336996337,0.20024420024420023
2016-02-11,0.10683760683760683,-0.16971916971916973,-0.006105006105006104,-0.06288156288156288,0.07203907203907202,-0.28327228327228327,-0.18315018315018314,-0.17338217338217338,0.03724053724053724,-0.027472527472527472,0.057997557997558,0.021978021978021976,0.12942612942612944
2016-02-12,0.1336996336996337,-0.15445665445665446,0.08241758241758242,-0.026251526251526252,0.24053724053724052,-0.31318681318681324,-0.22344322344322343,-0.21062271062271062,0.08424908424908426,0.21978021978021978,0.30097680097680096,0.17032967032967034,0.2625152625152625
2016-02-16,-0.13675213675213677,-0.14224664224664224,0.19291819291819293,0.10927960927960927,0.11538461538461539,-0.3278388278388278,-0.03907203907203907,-0.11904761904761904,-0.017704517704517704,0.23382173382173382,0.34065934065934067,0.2863247863247863,0.27594627594627597
2016-02-17,-0.17887667887667885,-0.199023199023199,0.0006105006105006105,0.03540903540903541,0.1398046398046398,-0.3028083028083028,-0.009157509157509158,-0.09829059829059829,0.005494505494505494,-0.08608058608058607,0.12148962148962149,0.21001221001221002,0.27228327228327226
2016-02-18,-0.25213675213675213,-0.3803418803418803,-0.10866910866910866,-0.02869352869352869,-0.03418803418803419,-0.3833943833943834,-0.023809523809523808,0.02503052503052503,0.045177045177045176,-0.11782661782661781,-0.11233211233211234,0.06532356532356533,-0.12454212454212454
2016-02-19,-0.27472527472527475,-0.11477411477411475,0.09035409035409035,0.03968253968253968,-0.02564102564102564,-0.19474969474969472,0.1813186813186813,0.13736263736263737,0.08913308913308912,-0.013431013431013432,-0.022588522588522588,0.0018315018315018313,-0.11416361416361415
2016-02-22,-0.29426129426129427,0.07020757020757021,0.2625152625152625,0.1452991452991453,0.10012210012210011,-0.08424908424908426,0.25213675213675213,0.12454212454212454,0.14713064713064714,0.17032967032967034,0.17338217338217338,0.03174603174603174,0.06043956043956044
2016-02-23,-0.27594627594627597,0.10744810744810745,0.3089133089133089,0.23870573870573872,0.24542124542124538,-0.07326007326007326,0.16971916971916973,0.16178266178266176,0.2655677655677655,0.2277167277167277,0.1984126984126984,0.14041514041514042,0.16910866910866912
2016-02-24,-0.18681318681318682,-0.012210012210012208,0.13125763125763126,0.21672771672771673,0.23809523809523808,-0.21428571428571427,0.0036630036630036626,0.10561660561660562,0.3113553113553113,0.14346764346764346,0.09340659340659341,0.1855921855921856,0.17399267399267399
2016-02-25,-0.2258852258852259,0.02564102564102564,-0.007936507936507934,-0.0115995115995116,-0.06105006105006105,-0.04822954822954823,0.07387057387057387,0.10012210012210011,0.07814407814407814,-0.059218559218559216,-0.07203907203907202,-0.06654456654456653,-0.06837606837606838
2016-02-26,-0.1807081807081807,0.10134310134310134,0.1807081807081807,0.07936507936507936,0.12942612942612944,0.045787545787545784,0.21794871794871792,0.10378510378510379,0.11904761904761904,0.08669108669108669,0.12393162393162394,0.0641025641025641,0.14590964590964592
2016-02-29,-0.10989010989010989,-0.08180708180708181,0.038461538461538464,0.05555555555555555,0.1288156288156288,0.033577533577533576,0.12698412698412695,0.14713064713064714,0.21428571428571427,-0.06654456654456653,-0.06837606837606838,0.013431013431013432,0.13614163614163613
2016-03-01,-0.21306471306471303,0.012210012210012208,0.11904761904761904,0.008547008547008548,0.2081807081807082,0.2148962148962149,0.16117216117216115,-0.004884004884004884,0.2771672771672771,-0.006105006105006104,0.11904761904761904,0.05433455433455433,0.12637362637362637
2016-03-02,-0.16727716727716724,-0.02503052503052503,0.05433455433455433,-0.030525030525030524,0.14774114774114774,0.14896214896214896,-0.07814407814407814,-0.04700854700854701,0.08241758241758242,-0.006715506715506716,0.05128205128205128,-0.001221001221001221,0.199023199023199
2016-03-03,-0.18803418803418803,-0.15262515262515264,-0.10744810744810745,-0.13736263736263737,0.10073260073260072,0.15995115995115994,-0.020146520146520144,0.043345543345543344,0.06898656898656899,-0.17338217338217338,0.0006105006105006105,-0.16788766788766787,0.12942612942612944
2016-03-04,-0.1514041514041514,-0.1343101343101343,-0.14163614163614163,-0.21367521367521367,0.09584859584859586,0.2032967032967033,-0.02503052503052503,0.03235653235653236,0.01282051282051282,-0.2515262515262515,-0.12148962148962149,-0.20757020757020758,0.21001221001221002
2016-03-07,-0.1111111111111111,-0.14041514041514042,-0.11660561660561661,-0.10744810744810745,0.13186813186813187,-0.017094017094017096,-0.13736263736263737,-0.13553113553113552,-0.010378510378510378,-0.0995115995115995,0.04151404151404151,0.012210012210012208,0.30097680097680096
2016-03-08,-0.39987789987789985,-0.014041514041514042,0.1916971916971917,0.08180708180708181,0.3675213675213675,-0.022588522588522588,-0.051892551892551896,-0.08608058608058607,-0.054945054945054944,0.1043956043956044,0.31807081807081805,0.184981684981685,0.4536019536019536
2016-03-09,-0.26190476190476186,0.2313797313797314,0.42124542124542125,0.29242979242979245,0.43711843711843706,-0.21550671550671552,-0.1562881562881563,-0.08363858363858362,-0.06349206349206347,0.45238095238095233,0.5616605616605617,0.4768009768009768,0.49694749694749696
2016-03-10,-0.41147741147741146,0.15445665445665446,0.3308913308913309,0.3968253968253968,0.2967032967032967,-0.2673992673992674,-0.17887667887667885,-0.15018315018315015,-0.19413919413919414,0.4835164835164835,0.49511599511599513,0.5757020757020758,0.4029304029304029
2016-03-11,-0.3229548229548229,0.2216117216117216,0.21794871794871792,0.33516483516483514,0.16178266178266176,-0.09401709401709402,-0.2026862026862027,-0.16971916971916973,-0.18253968253968253,0.36446886446886445,0.31868131868131866,0.43528693528693524,0.3052503052503053
2016-03-14,-0.47008547008547,0.06043956043956044,0.19536019536019533,0.2148962148962149,0.20757020757020758,-0.12393162393162394,-0.1581196581196581,-0.23565323565323562,-0.04884004884004883,0.20757020757020758,0.2612942612942613,0.37301587301587297,0.2509157509157509
2016-03-15,-0.34859584859584863,0.12515262515262515,0.17887667887667885,0.30708180708180705,0.12148962148962149,-0.021367521367521368,0.09157509157509157,0.02564102564102564,0.1746031746031746,0.27472527472527475,0.1800976800976801,0.28205128205128205,0.07387057387057387
2016-03-16,-0.36507936507936506,0.16971916971916973,0.4236874236874236,0.4023199023199023,0.026251526251526252,-0.11538461538461539,0.23382173382173382,0.09218559218559218,0.3766788766788767,0.4206349206349206,0.25824175824175827,0.2216117216117216,-0.03479853479853479
2016-03-17,-0.12515262515262515,-0.04884004884004883,0.3278388278388278,0.18315018315018314,0.1343101343101343,-0.11233211233211234,0.2448107448107448,0.11416361416361415,0.3992673992673993,0.3076923076923077,0.03296703296703297,0.08852258852258853,-0.09829059829059829
2016-03-18,-0.10134310134310134,0.10744810744810745,0.47008547008547,0.38095238095238093,0.3223443223443223,-0.115995115995116,0.25274725274725274,0.19474969474969472,0.5268620268620269,0.3766788766788767,0.13736263736263737,0.2686202686202686,-0.0463980463980464
2016-03-21,-0.07448107448107448,-0.09218559218559218,0.06715506715506715,0.12515262515262515,0.21550671550671552,-0.08302808302808302,0.10927960927960927,0.015262515262515262,0.46459096459096455,-0.026862026862026864,-0.07692307692307693,0.18864468864468864,-0.08058608058608058
2016-03-22,-0.053113553113553105,-0.10866910866910866,0.033577533577533576,0.09340659340659341,0.0641025641025641,-0.2326007326007326,-0.02564102564102564,0.020146520146520144,0.2838827838827839,0.0989010989010989,0.02564102564102564,0.12759462759462756,-0.10317460317460315
2016-03-23,-0.31318681318681324,-0.1575091575091575,0.115995115995116,0.12515262515262515,0.10683760683760683,-0.3156288156288157,-0.19658119658119658,-0.15018315018315015,0.0006105006105006105,0.2765567765567765,0.2216117216117216,0.34676434676434675,0.10378510378510379
2016-03-24,-0.2765567765567765,0.056776556776556776,0.246031746031746,0.20512820512820512,0.010989010989010988,-0.18925518925518922,0.0463980463980464,-0.004884004884004884,0.16422466422466422,0.22344322344322343,0.14957264957264954,0.27228327228327226,0.0115995115995116
2016-03-28,-0.44993894993894995,-0.04395604395604395,0.03724053724053724,0.10256410256410256,0.019536019536019536,-0.20085470085470084,-0.018925518925518924,-0.0586080586080586,0.21855921855921853,0.07509157509157507,0.005494505494505494,0.07875457875457875,-0.009157509157509158
2016-03-29,-0.3614163614163614,0.1562881562881563,0.09096459096459096,0.18192918192918192,0.14590964590964592,-0.14896214896214896,-0.003052503052503052,-0.023809523809523808,0.30158730158730157,0.14590964590964592,0.09035409035409035,0.1568986568986569,-0.010378510378510378
2016-03-30,-0.2264957264957265,-0.13553113553113552,-0.1581196581196581,-0.09584859584859586,0.052503052503052504,-0.21062271062271062,-0.09584859584859586,-0.152014652014652,0.1452991452991453,-0.07020757020757021,-0.007936507936507934,0.1172161172161172,-0.0879120879120879
2016-03-31,0.018925518925518924,-0.30586080586080583,-0.25579975579975583,-0.27838827838827834,0.045177045177045176,-0.31746031746031744,-0.24297924297924298,-0.3571428571428571,0.08241758241758242,-0.21794871794871792,-0.0811965811965812,0.16117216117216115,-0.003052503052503052
2016-04-01,-0.0927960927960928,-0.2399267399267399,-0.2148962148962149,-0.14407814407814404,-0.020146520146520144,-0.25335775335775335,-0.23809523809523808,-0.14957264957264954,0.09035409035409035,-0.19047619047619047,-0.09157509157509157,0.06837606837606838,-0.14652014652014653
2016-04-04,0.0018315018315018313,-0.29975579975579975,-0.28327228327228327,-0.2863247863247863,-0.13003663003663005,-0.28998778998779,-0.37973137973137966,-0.2796092796092796,0.05128205128205128,-0.20695970695970692,0.01587301587301587,0.06166056166056166,-0.13003663003663005
2016-04-05,-0.1862026862026862,-0.20024420024420023,0.01587301587301587,-0.20573870573870573,0.03663003663003663,-0.34615384615384615,-0.199023199023199,-0.22039072039072038,0.07448107448107448,0.1514041514041514,0.23748473748473747,0.1862026862026862,0.006715506715506716
2016-04-06,-0.15995115995115994,-0.2222222222222222,-0.1916971916971917,-0.27106227106227104,-0.10561660561660562,-0.2118437118437118,-0.11660561660561661,-0.12271062271062269,-0.03174603174603174,-0.21672771672771673,-0.03540903540903541,0.006105006105006104,-0.08974358974358974
2016-04-07,-0.24847374847374848,-0.25824175824175827,0.052503052503052504,-0.18803418803418803,0.0757020757020757,-0.18437118437118435,-0.09401709401709402,-0.17338217338217338,0.04212454212454213,0.004884004884004884,0.1336996336996337,0.05006105006105006,0.08974358974358974
2016-04-08,-0.16483516483516483,-0.20146520146520144,0.11843711843711843,0.016483516483516484,0.3431013431013431,-0.3528693528693529,-0.11172161172161171,-0.23626373626373626,0.19413919413919414,0.08669108669108669,0.30708180708180705,0.2612942612942613,0.28327228327228327
2016-04-11,-0.009157509157509158,-0.1575091575091575,0.21001221001221002,0.07875457875457875,0.41025641025641024,-0.46336996336996333,0.09096459096459096,-0.12637362637362637,0.23076923076923078,0.11965811965811966,0.2588522588522589,0.3101343101343101,0.3095238095238095
2016-04-12,0.04456654456654456,-0.22039072039072038,0.24786324786324787,0.17277167277167274,0.45848595848595847,-0.5097680097680098,0.05616605616605617,-0.1172161172161172,0.36568986568986567,0.1800976800976801,0.2979242979242979,0.3663003663003663,0.235042735042735
2016-04-13,-0.1221001221001221,-0.07203907203907202,0.2863247863247863,0.28205128205128205,0.4133089133089133,-0.2991452991452991,0.1752136752136752,0.09768009768009767,0.49145299145299143,0.2094017094017094,0.20512820512820512,0.2753357753357753,0.14896214896214896
2016-04-14,-0.21855921855921853,-0.10927960927960927,0.2612942612942613,0.37484737484737485,0.3266178266178266,-0.2692307692307693,0.1288156288156288,0.12026862026862026,0.32722832722832723,0.13186813186813187,0.07081807081807082,0.29609279609279604,0.0115995115995116
2016-04-15,-0.14468864468864467,0.0,0.28998778998779,0.3492063492063492,0.30097680097680096,-0.16361416361416362,0.13064713064713065,0.1978021978021978,0.24114774114774112,0.2802197802197802,0.278998778998779,0.2509157509157509,0.1221001221001221
2016-04-18,-0.19474969474969472,0.2313797313797314,0.24175824175824176,0.18925518925518922,0.15018315018315015,0.06532356532356533,0.1105006105006105,0.14835164835164835,0.0115995115995116,0.2277167277167277,0.22405372405372403,0.1452991452991453,0.08363858363858362
2016-04-19,0.19291819291819293,0.27594627594627597,0.3345543345543345,0.2979242979242979,0.2094017094017094,-0.06043956043956044,0.08669108669108669,0.13858363858363856,0.152014652014652,0.37851037851037844,0.31440781440781446,0.3119658119658119,-0.019536019536019536
2016-04-20,0.12942612942612944,-0.06043956043956044,-0.12148962148962149,0.033577533577533576,-0.18864468864468864,-0.23931623931623933,-0.15506715506715504,0.03907203907203907,-0.043345543345543344,0.02869352869352869,-0.07387057387057387,0.004884004884004884,-0.2216117216117216
2016-04-21,0.08669108669108669,-0.16361416361416362,-0.2673992673992674,-0.12759462759462756,-0.43833943833943834,-0.06166056166056166,-0.004273504273504274,0.152014652014652,-0.14652014652014653,-0.17094017094017094,-0.3388278388278388,-0.21367521367521367,-0.4255189255189255
2016-04-22,0.021367521367521368,-0.2844932844932845,-0.3601953601953602,-0.36507936507936506,-0.43589743589743585,0.15079365079365079,-0.028083028083028084,0.03540903540903541,-0.24114774114774112,-0.36507936507936506,-0.4517704517704518,-0.45238095238095233,-0.5061050061050061
2016-04-25,0.031135531135531136,-0.21916971916971917,-0.4029304029304029,-0.40048840048840045,-0.4487179487179487,0.0811965811965812,-0.2881562881562881,-0.12148962148962149,-0.4328449328449328,-0.3663003663003663,-0.3363858363858364,-0.5085470085470085,-0.3315018315018315
2016-04-26,0.059218559218559216,-0.26495726495726496,-0.39987789987789985,-0.4487179487179487,-0.3162393162393162,-0.006105006105006104,-0.3937728937728938,-0.2490842490842491,-0.5152625152625152,-0.3571428571428571,-0.2802197802197802,-0.46153846153846156,-0.2094017094017094
2016-04-27,0.009157509157509158,-0.20146520146520144,-0.30830280830280826,-0.4126984126984126,-0.25213675213675213,-0.09768009768009767,-0.34615384615384615,-0.304029304029304,-0.47863247863247865,-0.2515262515262515,-0.2344322344322344,-0.35470085470085466,-0.16910866910866912
2016-04-28,0.042735042735042736,-0.2948717948717948,-0.42246642246642246,-0.46336996336996333,-0.13308913308913306,-0.2295482295482295,-0.41819291819291815,-0.3882783882783883,-0.5128205128205128,-0.3327228327228327,-0.17399267399267399,-0.31440781440781446,-0.002442002442002442
2016-04-29,0.05433455433455433,-0.3827838827838828,-0.34615384615384615,-0.5360195360195361,0.03907203907203907,-0.1862026862026862,-0.3742368742368742,-0.43223443223443225,-0.49694749694749696,-0.3504273504273504,-0.08180708180708181,-0.3076923076923077,0.2753357753357753
2016-05-02,0.08424908424908426,-0.14590964590964592,-0.0006105006105006105,-0.4218559218559218,0.30097680097680096,0.04700854700854701,-0.07326007326007326,-0.3669108669108669,-0.20146520146520144,-0.28876678876678874,0.11782661782661781,-0.2148962148962149,0.3717948717948718
2016-05-03,-0.2851037851037851,0.05006105006105006,0.020146520146520144,-0.13797313797313798,0.08241758241758242,0.23809523809523808,-0.04945054945054945,-0.026251526251526252,-0.14652014652014653,-0.12759462759462756,-0.001221001221001221,-0.1288156288156288,0.16605616605616605
2016-05-04,-0.09645909645909646,-0.16422466422466422,-0.15873015873015872,-0.21123321123321123,0.13736263736263737,-0.022588522588522588,-0.221001221001221,-0.2216117216117216,-0.19719169719169719,-0.2289377289377289,-0.10073260073260072,-0.08669108669108669,0.2631257631257631
2016-05-05,-0.25213675213675213,-0.44566544566544564,-0.3791208791208791,-0.4682539682539682,-0.11477411477411475,-0.2667887667887668,-0.44810744810744807,-0.5244200244200244,-0.40476190476190477,-0.40476190476190477,-0.10134310134310134,-0.19108669108669107,0.06898656898656899
2016-05-06,-0.11660561660561661,-0.40964590964590963,-0.14407814407814404,-0.3119658119658119,-0.028083028083028084,-0.43345543345543347,-0.39133089133089133,-0.38949938949938945,-0.2087912087912088,-0.15384615384615385,0.020146520146520144,-0.07264957264957266,0.09462759462759461
2016-05-09,-0.34249084249084244,-0.2063492063492063,-0.30708180708180705,-0.41941391941391937,-0.14224664224664224,-0.20573870573870573,-0.48656898656898656,-0.38095238095238093,-0.4029304029304029,-0.18925518925518922,-0.0463980463980464,-0.1984126984126984,-0.026251526251526252
2016-05-10,-0.21306471306471303,-0.35531135531135527,-0.19413919413919414,-0.26373626373626374,-0.010378510378510378,-0.35958485958485964,-0.4566544566544566,-0.48595848595848595,-0.1043956043956044,-0.1862026862026862,-0.021978021978021976,0.006105006105006104,0.07020757020757021
2016-05-11,-0.13797313797313798,-0.5866910866910867,-0.3669108669108669,-0.37484737484737485,-0.21978021978021978,-0.4768009768009768,-0.442002442002442,-0.4230769230769231,-0.24664224664224663,-0.2869352869352869,-0.2326007326007326,-0.18742368742368742,-0.18925518925518922
2016-05-12,-0.051892551892551896,-0.55006105006105,-0.49328449328449325,-0.4652014652014652,-0.3137973137973138,-0.30158730158730157,-0.2753357753357753,-0.2039072039072039,-0.4084249084249084,-0.427960927960928,-0.31440781440781446,-0.39865689865689863,-0.2625152625152625
2016-05-13,0.054945054945054944,-0.5390720390720389,-0.47374847374847373,-0.46336996336996333,-0.21428571428571427,-0.467032967032967,-0.41147741147741146,-0.3803418803418803,-0.30097680097680096,-0.4157509157509158,-0.3028083028083028,-0.34493284493284493,-0.10561660561660562
2016-05-16,-0.0757020757020757,-0.4029304029304029,-0.2796092796092796,-0.3253968253968254,-0.06532356532356533,-0.48534798534798534,-0.5305250305250305,-0.40109890109890106,-0.2399267399267399,-0.21367521367521367,-0.12759462759462756,-0.17277167277167274,0.06043956043956044
2016-05-17,-0.12454212454212454,-0.2673992673992674,-0.18986568986568983,-0.20146520146520144,0.11538461538461539,-0.4267399267399268,-0.3974358974358974,-0.4267399267399268,-0.06105006105006105,-0.13614163614163613,-0.05128205128205128,-0.05616605616605617,0.11233211233211234
2016-05-18,-0.21428571428571427,-0.2765567765567765,-0.28266178266178266,-0.3302808302808303,-0.15567765567765565,-0.1282051282051282,0.0036630036630036626,-0.10622710622710621,-0.2448107448107448,-0.31440781440781446,-0.28205128205128205,-0.30708180708180705,-0.15018315018315015
2016-05-19,-0.29181929181929184,-0.2216117216117216,-0.31807081807081805,-0.24725274725274726,-0.1862026862026862,-0.21123321123321123,-0.21306471306471303,-0.16910866910866912,-0.20207570207570208,-0.24053724053724052,-0.2588522588522589,-0.21611721611721613,-0.06959706959706959
2016-05-20,-0.34004884004884,-0.3669108669108669,-0.3974358974358974,-0.5244200244200244,-0.235042735042735,-0.24786324786324787,-0.28327228327228327,-0.2796092796092796,-0.29120879120879123,-0.43345543345543347,-0.304029304029304,-0.427960927960928,-0.043345543345543344
2016-05-23,-0.2667887667887668,-0.06288156288156288,0.030525030525030524,-0.30219780219780223,0.0231990231990232,-0.12576312576312576,-0.2814407814407815,-0.30341880341880345,-0.17277167277167274,-0.06288156288156288,0.1514041514041514,-0.20512820512820512,0.12332112332112331
2016-05-24,-0.2741147741147741,-0.1043956043956044,-0.10256410256410256,-0.2081807081807082,-0.016483516483516484,-0.08608058608058607,-0.31318681318681324,-0.3064713064713065,-0.2686202686202686,-0.06898656898656899,-0.010989010989010988,-0.15934065934065933,0.0989010989010989
2016-05-25,-0.24664224664224663,-0.1752136752136752,-0.20512820512820512,-0.22466422466422467,-0.11843711843711843,-0.030525030525030524,-0.34371184371184366,-0.28937728937728935,-0.25824175824175827,-0.09401709401709402,-0.13003663003663005,-0.08974358974358974,-0.06288156288156288
2016-05-26,-0.39316239316239315,0.10378510378510379,0.020146520146520144,-0.01282051282051282,-0.014041514041514042,0.152014652014652,0.1043956043956044,-0.11416361416361415,0.04029304029304029,-0.026862026862026864,-0.06776556776556776,0.018315018315018316,-0.07692307692307693
2016-05-27,-0.46153846153846156,0.03296703296703297,0.03540903540903541,-0.02503052503052503,0.0006105006105006105,0.012210012210012208,-0.022588522588522588,-0.03479853479853479,0.14835164835164835,0.028083028083028084,-0.008547008547008548,-0.038461538461538464,-0.08669108669108669
2016-05-31,-0.3919413919413919,0.03663003663003663,-0.04456654456654456,-0.009768009768009768,0.02564102564102564,0.04212454212454213,-0.004273504273504274,-0.03785103785103785,0.13797313797313798,0.003052503052503052,-0.06288156288156288,-0.03663003663003663,-0.07142857142857142
2016-06-01,-0.32844932844932845,-0.18986568986568983,-0.20757020757020758,-0.14346764346764346,-0.10683760683760683,-0.09096459096459096,-0.13919413919413917,-0.13003663003663005,0.007936507936507934,-0.05982905982905983,-0.13247863247863248,-0.0927960927960928,-0.10134310134310134
2016-06-02,-0.231990231990232,-0.2844932844932845,-0.29853479853479853,-0.22039072039072038,-0.24664224664224663,0.07875457875457875,0.13919413919413917,0.021367521367521368,0.25824175824175827,-0.3113553113553113,-0.3223443223443223,-0.2222222222222222,-0.2667887667887668
2016-06-03,-0.23076923076923078,-0.16788766788766787,-0.0018315018315018313,-0.1862026862026862,-0.017094017094017096,0.14896214896214896,0.24358974358974358,0.10134310134310134,0.35470085470085466,-0.19536019536019533,-0.13003663003663005,-0.2283272283272283,-0.16178266178266176
2016-06-06,-0.12148962148962149,-0.34371184371184366,-0.19658119658119658,-0.30219780219780223,-0.1562881562881563,0.042735042735042736,0.13308913308913306,0.17887667887667885,0.17887667887667885,-0.3388278388278388,-0.2967032967032967,-0.3199023199023199,-0.2313797313797314
2016-06-07,-0.038461538461538464,-0.152014652014652,-0.017094017094017096,-0.30708180708180705,0.045177045177045176,0.13186813186813187,0.20207570207570208,0.2283272283272283,0.19291819291819293,-0.2686202686202686,-0.13797313797313798,-0.416971916971917,-0.07753357753357752
2016-06-08,-0.10166386929620151,-0.062280568577853176,0.08456724262777122,-0.1770722047801708,0.24118455478678436,0.10166386929620151,0.08334605500859762,0.15783849977818673,0.12333994953653277,-0.12517173096529316,0.027476721431405813,-0.3196458593186876,0.14959548334876496
2016-06-09,-0.2026862026862027,0.020146520146520144,0.09096459096459096,0.03663003663003663,0.25457875457875456,-0.001221001221001221,0.13308913308913306,0.07509157509157507,0.10378510378510379,-0.05128205128205128,0.04822954822954823,-0.10866910866910866,0.19108669108669107
2016-06-10,-0.03296703296703297,0.19597069597069594,0.39010989010989006,0.231990231990232,0.540903540903541,0.14713064713064714,0.16788766788766787,0.19597069597069594,0.08424908424908426,0.22527472527472528,0.43589743589743585,0.22344322344322343,0.517094017094017
2016-06-13,-0.051892551892551896,0.36507936507936506,0.47374847374847373,0.23076923076923078,0.6727716727716728,0.4029304029304029,0.25824175824175827,0.18192918192918192,0.11477411477411475,0.29120879120879123,0.48656898656898656,0.2967032967032967,0.5769230769230769
2016-06-14,-0.18803418803418803,0.5543345543345543,0.5714285714285714,0.5293040293040293,0.6379731379731379,0.21794871794871792,0.06898656898656899,0.12576312576312576,0.10805860805860806,0.594017094017094,0.6526251526251526,0.6336996336996337,0.5103785103785102
2016-06-15,-0.10500610500610501,0.43956043956043955,0.41391941391941384,0.4542124542124542,0.4536019536019536,0.3137973137973138,-0.07142857142857142,0.0463980463980464,-0.2026862026862027,0.4218559218559218,0.44993894993894995,0.5402930402930403,0.46764346764346765
2016-06-16,-0.20512820512820512,0.30586080586080583,0.19963369963369965,0.28998778998779,0.3113553113553113,0.14713064713064714,-0.16544566544566544,-0.05616605616605617,-0.2326007326007326,0.26800976800976806,0.34371184371184366,0.41514041514041516,0.37545787545787546
2016-06-17,-0.12087912087912088,0.5103785103785102,0.5347985347985348,0.4413919413919414,0.43528693528693524,0.37973137973137966,0.03968253968253968,0.051892551892551896,-0.017704517704517704,0.3882783882783883,0.38949938949938945,0.3937728937728938,0.36996336996337
2016-06-20,-0.1343101343101343,0.5274725274725275,0.36507936507936506,0.4884004884004884,0.3199023199023199,0.442002442002442,0.13308913308913306,0.25213675213675213,-0.0811965811965812,0.41941391941391937,0.3003663003663003,0.28327228327228327,0.31746031746031744
2016-06-21,-0.16727716727716724,0.409035409035409,0.24175824175824176,0.3717948717948718,0.11843711843711843,0.358974358974359,0.2026862026862027,0.16422466422466422,0.033577533577533576,0.21855921855921853,0.15995115995115994,0.23565323565323562,0.163003663003663
2016-06-22,-0.06898656898656899,0.30219780219780223,0.184981684981685,0.24175824175824176,0.047619047619047616,0.11965811965811966,-0.11477411477411475,-0.02869352869352869,-0.018315018315018316,0.28205128205128205,0.25946275946275943,0.2283272283272283,0.15567765567765565
2016-06-23,-0.1349206349206349,0.27594627594627597,0.004884004884004884,0.20757020757020758,-0.033577533577533576,0.006715506715506716,-0.25335775335775335,-0.20146520146520144,-0.06654456654456653,0.2625152625152625,0.16361416361416362,0.25335775335775335,0.0873015873015873
2016-06-24,-0.27838827838827834,0.31746031746031744,0.39316239316239315,0.35347985347985345,0.2148962148962149,0.08852258852258853,0.2655677655677655,-0.059218559218559216,0.42918192918192916,0.29304029304029305,0.3119658119658119,0.33943833943833945,0.06593406593406594
2016-06-27,-0.02503052503052503,-0.23931623931623933,0.04029304029304029,0.05616605616605617,0.21611721611721613,-0.5244200244200244,-0.28083028083028083,-0.18803418803418803,0.12515262515262515,0.0927960927960928,0.2094017094017094,0.08180708180708181,0.21611721611721613
2016-06-28,-0.027472527472527472,-0.12271062271062269,0.08547008547008547,0.14346764346764346,0.19352869352869354,-0.33943833943833945,-0.11233211233211234,-0.21306471306471303,0.16910866910866912,0.11416361416361415,0.2588522588522589,0.25457875457875456,0.19413919413919414
2016-06-29,0.07814407814407814,-0.38583638583638585,-0.10378510378510379,-0.06105006105006105,0.03785103785103785,-0.5525030525030524,-0.2954822954822955,-0.30097680097680096,-0.06288156288156288,-0.026862026862026864,0.2081807081807082,0.16971916971916973,0.1684981684981685
2016-06-30,0.18437118437118435,-0.38705738705738707,-0.235042735042735,-0.19108669108669107,-0.07631257631257632,-0.47619047619047616,-0.2844932844932845,-0.24725274725274726,-0.20146520146520144,-0.16544566544566544,0.07203907203907202,0.04151404151404151,0.09645909645909646
2016-07-01,0.30097680097680096,-0.4548229548229548,-0.06043956043956044,-0.0641025641025641,0.11843711843711843,-0.5433455433455433,-0.22466422466422467,-0.35470085470085466,-0.1514041514041514,-0.033577533577533576,0.2448107448107448,0.20146520146520144,0.23809523809523808
2016-07-05,0.14041514041514042,-0.5897435897435896,-0.21306471306471303,-0.21001221001221002,0.3278388278388278,-0.7631257631257632,-0.5366300366300365,-0.5299145299145299,-0.28998778998779,0.01465201465201465,0.4792429792429792,0.29304029304029305,0.49877899877899873
2016-07-06,0.2313797313797314,-0.5128205128205128,-0.19291819291819293,-0.18192918192918192,0.30097680097680096,-0.7692307692307693,-0.612942612942613,-0.5976800976800977,-0.21794871794871792,0.17765567765567764,0.44932844932844934,0.41819291819291815,0.4426129426129426
2016-07-07,0.2032967032967033,-0.37484737484737485,0.17094017094017094,-0.04822954822954823,0.4517704517704518,-0.647130647130647,-0.33577533577533575,-0.48717948717948717,-0.07326007326007326,0.30341880341880345,0.49694749694749696,0.459096459096459,0.44627594627594624
2016-07-08,0.33516483516483514,-0.33516483516483514,0.10805860805860806,0.02564102564102564,0.2753357753357753,-0.42246642246642246,-0.10073260073260072,-0.3162393162393162,0.2490842490842491,0.13553113553113552,0.20207570207570208,0.37484737484737485,0.08302808302808302
2016-07-11,0.4554334554334554,-0.24297924297924298,0.2692307692307693,0.17643467643467645,0.3711843711843712,-0.42246642246642246,0.10744810744810745,-0.19474969474969472,0.5073260073260073,0.21123321123321123,0.22283272283272282,0.40598290598290593,-0.018925518925518924
2016-07-12,0.3101343101343101,-0.29120879120879123,0.2875457875457875,0.17704517704517705,0.3253968253968254,-0.36507936507936506,0.03296703296703297,-0.14896214896214896,0.4188034188034188,0.11660561660561661,0.18437118437118435,0.3125763125763126,0.059218559218559216
2016-07-13,0.2295482295482295,-0.42490842490842484,0.34615384615384615,0.278998778998779,0.459096459096459,-0.5586080586080585,-0.17765567765567764,-0.2503052503052503,0.32112332112332115,0.24114774114774112,0.3504273504273504,0.44749694749694746,0.24542124542124538
2016-07-14,0.24297924297924298,-0.05372405372405373,0.39316239316239315,0.2954822954822955,0.21123321123321123,-0.21916971916971917,0.13675213675213677,0.029914529914529916,0.2692307692307693,0.23931623931623933,0.19108669108669107,0.23809523809523808,-0.0641025641025641
2016-07-15,0.018315018315018316,0.04884004884004883,0.17826617826617824,0.21672771672771673,-0.03174603174603174,-0.08974358974358974,0.16483516483516483,0.12332112332112331,0.25824175824175827,0.05738705738705738,-0.003052503052503052,0.05128205128205128,-0.2313797313797314
2016-07-18,-0.12148962148962149,0.018925518925518924,0.07326007326007326,0.10683760683760683,0.016483516483516484,0.009157509157509158,0.12087912087912088,0.12637362637362637,0.18376068376068375,0.03785103785103785,0.026251526251526252,0.004884004884004884,-0.17765567765567764
2016-07-19,-0.043345543345543344,0.11477411477411475,0.07020757020757021,0.12026862026862026,0.06593406593406594,-0.001221001221001221,0.08852258852258853,0.15445665445665446,0.013431013431013432,0.10073260073260072,0.07203907203907202,0.08608058608058607,-0.0115995115995116
2016-07-20,-0.09218559218559218,0.07997557997557997,0.06471306471306472,0.09706959706959707,-0.004884004884004884,0.09645909645909646,0.021367521367521368,0.12515262515262515,0.04212454212454213,-0.005494505494505494,-0.026862026862026864,-0.003052503052503052,-0.05982905982905983
2016-07-21,0.0115995115995116,0.017094017094017096,-0.06105006105006105,0.002442002442002442,-0.024420024420024417,0.16788766788766787,0.06715506715506715,0.045177045177045176,-0.0036630036630036626,-0.057997557997558,-0.06532356532356533,0.0,-0.10500610500610501
2016-07-22,-0.10622710622710621,0.006105006105006104,0.115995115995116,0.19352869352869354,0.0995115995115995,-0.07448107448107448,0.05006105006105006,0.028083028083028084,0.04884004884004883,0.0873015873015873,0.11477411477411475,0.10866910866910866,-0.005494505494505494
2016-07-25,-0.19352869352869354,0.002442002442002442,0.09218559218559218,0.11904761904761904,0.06654456654456653,-0.2118437118437118,0.013431013431013432,0.01465201465201465,0.05006105006105006,0.115995115995116,0.07081807081807082,0.11965811965811966,0.006715506715506716
2016-07-26,-0.09584859584859586,-0.20512820512820512,-0.07936507936507936,-0.0018315018315018313,-0.14774114774114774,-0.3705738705738706,0.0,-0.03235653235653236,0.01465201465201465,-0.019536019536019536,-0.15018315018315015,0.013431013431013432,-0.29609279609279604
2016-07-27,-0.026251526251526252,-0.13186813186813187,-0.0463980463980464,-0.06349206349206347,-0.1855921855921856,-0.14957264957264954,0.08547008547008547,0.008547008547008548,0.03601953601953601,-0.024420024420024417,-0.14163614163614163,-0.06959706959706959,-0.3687423687423687
2016-07-28,-0.07631257631257632,-0.018925518925518924,0.09218559218559218,0.1111111111111111,-0.11477411477411475,-0.163003663003663,0.163003663003663,0.10744810744810745,0.017704517704517704,0.10317460317460315,0.03785103785103785,0.05067155067155067,-0.1568986568986569
2016-07-29,-0.03724053724053724,-0.11782661782661781,0.017704517704517704,0.0757020757020757,-0.11477411477411475,-0.2148962148962149,0.08913308913308912,0.08669108669108669,0.08485958485958486,0.14224664224664224,-0.07753357753357752,0.023809523809523808,-0.221001221001221
2016-08-01,0.0757020757020757,-0.0641025641025641,0.017704517704517704,0.11782661782661781,-0.1855921855921856,-0.22283272283272282,0.15079365079365079,0.2045177045177045,-0.018315018315018316,0.1111111111111111,-0.06593406593406594,0.03296703296703297,-0.26190476190476186
2016-08-02,-0.020146520146520144,0.10195360195360195,0.24053724053724052,0.1581196581196581,-0.04822954822954823,-0.3162393162393162,0.19108669108669107,0.21978021978021978,0.06715506715506715,0.35470085470085466,0.21123321123321123,0.13614163614163613,-0.19597069597069594
2016-08-03,-0.056776556776556776,0.03663003663003663,0.22039072039072038,0.13003663003663005,-0.020146520146520144,-0.24725274725274726,0.18925518925518922,0.11477411477411475,0.09340659340659341,0.21916971916971917,0.06105006105006105,0.15384615384615385,-0.043345543345543344
2016-08-04,-0.06043956043956044,0.1794871794871795,0.4133089133089133,0.2686202686202686,0.07387057387057387,-0.06166056166056166,0.4267399267399268,0.25946275946275943,0.37606837606837606,0.358974358974359,0.0873015873015873,0.23076923076923078,-0.05067155067155067
2016-08-05,-0.1172161172161172,-0.007936507936507934,0.20024420024420023,0.21306471306471303,0.043345543345543344,0.03235653235653236,0.3339438339438339,0.25335775335775335,0.4432234432234432,-0.004884004884004884,-0.08913308913308912,-0.010378510378510378,-0.0463980463980464
2016-08-08,-0.0641025641025641,0.20573870573870573,0.4029304029304029,0.2851037851037851,0.10317460317460315,0.20512820512820512,0.5213675213675213,0.36996336996337,0.5207570207570207,0.16422466422466422,-0.05616605616605617,-0.09584859584859586,-0.07081807081807082
2016-08-09,0.03907203907203907,0.2277167277167277,0.3308913308913309,0.3473748473748474,-0.05067155067155067,0.33760683760683763,0.5256410256410257,0.5506715506715506,0.5286935286935286,0.03785103785103785,-0.1984126984126984,-0.17216117216117213,-0.14468864468864467
2016-08-10,0.043345543345543344,0.3278388278388278,0.44627594627594624,0.4896214896214896,0.1398046398046398,0.39316239316239315,0.6013431013431013,0.5647130647130647,0.5610500610500609,0.1800976800976801,-0.15079365079365079,-0.12454212454212454,-0.11355311355311355
2016-08-11,0.07631257631257632,0.32844932844932845,0.42857142857142855,0.442002442002442,0.2704517704517705,0.3675213675213675,0.5091575091575091,0.5494505494505495,0.49877899877899873,0.2881562881562881,0.12332112332112331,-0.03907203907203907,0.01465201465201465
2016-08-12,-0.057997557997558,0.3113553113553113,0.3565323565323565,0.3431013431013431,0.1221001221001221,0.3498168498168498,0.5042735042735043,0.5702075702075702,0.478021978021978,0.24236874236874237,-0.026862026862026864,-0.13186813186813187,-0.14835164835164835
2016-08-15,0.045787545787545784,0.03785103785103785,0.02564102564102564,0.09768009768009767,-0.0989010989010989,0.2289377289377289,0.3308913308913309,0.40476190476190477,0.18681318681318682,-0.042735042735042736,-0.21550671550671552,-0.2087912087912088,-0.23015873015873015
2016-08-16,0.010378510378510378,-0.07142857142857142,-0.04395604395604395,0.016483516483516484,-0.11843711843711843,0.12454212454212454,0.2643467643467643,0.2771672771672771,0.13247863247863248,-0.19536019536019533,-0.3327228327228327,-0.22039072039072038,-0.31684981684981683
2016-08-17,0.10195360195360195,-0.20085470085470084,-0.1813186813186813,-0.1855921855921856,-0.24236874236874237,-0.030525030525030524,0.002442002442002442,0.11843711843711843,0.04151404151404151,-0.28083028083028083,-0.33760683760683763,-0.351037851037851,-0.37851037851037844
2016-08-18,0.13308913308913306,-0.18986568986568983,-0.199023199023199,-0.11233211233211234,-0.2222222222222222,-0.1336996336996337,-0.053113553113553105,0.05128205128205128,-0.09462759462759461,-0.23321123321123322,-0.3205128205128205,-0.3156288156288157,-0.24725274725274726
2016-08-19,0.04212454212454213,-0.22039072039072038,-0.18925518925518922,-0.17887667887667885,-0.24786324786324787,-0.21245421245421242,-0.1746031746031746,-0.05982905982905983,-0.2771672771672771,-0.1568986568986569,-0.13797313797313798,-0.22344322344322343,-0.20207570207570208
2016-08-22,0.031135531135531136,-0.10073260073260072,-0.12515262515262515,-0.07387057387057387,-0.17277167277167274,-0.1758241758241758,-0.16666666666666663,-0.04700854700854701,-0.13186813186813187,-0.07326007326007326,-0.08852258852258853,0.01282051282051282,-0.08485958485958486
2016-08-23,-0.05555555555555555,-0.1282051282051282,-0.20512820512820512,-0.13919413919413917,-0.29304029304029305,-0.2673992673992674,-0.25274725274725274,-0.16422466422466422,0.031135531135531136,-0.1282051282051282,-0.184981684981685,-0.016483516483516484,-0.2026862026862027
2016-08-24,-0.23294153835736262,-0.06441764691140696,-0.06258586548264658,-0.04854220786215027,-0.19569531597256806,-0.1712715635890962,-0.17646161097058402,-0.07785071072231647,-0.12975118453719411,0.017707220478017077,0.00030529690479339796,0.003968859762314173,-0.08914669619967219
2016-08-25,0.05067155067155067,0.1172161172161172,0.10561660561660562,0.10256410256410256,-0.005494505494505494,0.009768009768009768,-0.08424908424908426,0.02503052503052503,-0.2857142857142857,0.21733821733821732,0.13247863247863248,0.024420024420024417,0.03479853479853479
2016-08-26,-0.008547008547008548,-0.26373626373626374,0.004273504273504274,-0.14590964590964592,0.152014652014652,-0.3241758241758242,-0.37362637362637363,-0.37606837606837606,-0.05067155067155067,0.08424908424908426,0.12942612942612944,0.15018315018315015,0.11233211233211234
2016-08-29,0.163003663003663,-0.008547008547008548,0.13247863247863248,0.1398046398046398,0.09401709401709402,-0.20512820512820512,-0.1984126984126984,-0.12454212454212454,-0.06776556776556776,0.3339438339438339,0.2967032967032967,0.28937728937728935,0.06166056166056166
2016-08-30,0.10561660561660562,0.0018315018315018313,-0.14957264957264954,0.04212454212454213,-0.21733821733821732,-0.09462759462759461,-0.18864468864468864,-0.03235653235653236,-0.15079365079365079,0.1794871794871795,-0.06898656898656899,0.10561660561660562,-0.2313797313797314
2016-08-31,0.09218559218559218,0.054945054945054944,-0.34493284493284493,-0.07387057387057387,-0.36996336996337,-0.015262515262515262,-0.09523809523809523,-0.06593406593406594,-0.17399267399267399,-0.040903540903540904,-0.326007326007326,-0.07448107448107448,-0.44566544566544564
2016-09-01,0.10805860805860806,-0.20146520146520144,-0.3882783882783883,-0.26190476190476186,-0.36507936507936506,-0.007326007326007325,-0.0293040293040293,-0.07264957264957266,-0.23626373626373626,-0.2271062271062271,-0.3528693528693529,-0.13125763125763126,-0.30708180708180705
2016-09-02,0.14652014652014653,0.15262515262515264,0.19108669108669107,0.01587301587301587,-0.20024420024420023,-0.042735042735042736,-0.03540903540903541,-0.09584859584859586,-0.1398046398046398,0.24664224664224663,0.0293040293040293,0.051892551892551896,-0.18253968253968253
2016-09-06,0.32112332112332115,0.36446886446886445,0.1978021978021978,0.27838827838827834,0.043345543345543344,0.04151404151404151,-0.003052503052503052,-0.07081807081807082,0.004273504273504274,0.2496947496947497,0.10989010989010989,0.19230769230769232,0.04151404151404151
2016-09-07,0.24542124542124538,0.40170940170940167,0.06715506715506715,0.08363858363858362,-0.06532356532356533,0.22405372405372403,0.16483516483516483,0.13247863247863248,-0.013431013431013432,0.1111111111111111,0.017094017094017096,0.022588522588522588,-0.030525030525030524
2016-09-08,0.15506715506715504,0.3388278388278388,0.12942612942612944,0.27167277167277165,0.033577533577533576,0.2698412698412698,0.19658119658119658,0.19291819291819293,0.19047619047619047,0.1336996336996337,-0.005494505494505494,0.13675213675213677,-0.0231990231990232
2016-09-09,0.026862026862026864,0.30219780219780223,0.19719169719169719,0.31868131868131866,0.11782661782661781,0.03601953601953601,-0.0873015873015873,0.006715506715506716,0.1343101343101343,0.2661782661782661,0.15262515262515264,0.2948717948717948,0.09462759462759461
2016-09-12,-0.06288156288156288,0.08180708180708181,-0.14835164835164835,0.028083028083028084,-0.17277167277167274,0.14041514041514042,-0.13797313797313798,0.0,-0.22527472527472528,-0.006715506715506716,-0.07631257631257632,0.014041514041514042,-0.10561660561660562
2016-09-13,-0.010378510378510378,0.15995115995115994,-0.019536019536019536,0.017094017094017096,-0.24053724053724052,0.09157509157509157,-0.1398046398046398,-0.013431013431013432,-0.2564102564102564,0.03479853479853479,-0.04395604395604395,0.026862026862026864,-0.12942612942612944
2016-09-14,-0.12942612942612944,0.001221001221001221,-0.13553113553113552,-0.11172161172161171,-0.3827838827838828,0.021367521367521368,-0.235042735042735,-0.1758241758241758,-0.29242979242979245,-0.012210012210012208,-0.009768009768009768,-0.0463980463980464,-0.15567765567765565
2016-09-15,-0.21916971916971917,-0.09584859584859586,-0.14224664224664224,-0.15079365079365079,-0.3247863247863248,-0.03174603174603174,-0.15995115995115994,-0.2039072039072039,-0.2118437118437118,-0.1575091575091575,-0.03907203907203907,-0.03479853479853479,-0.16788766788766787
2016-09-16,-0.2264957264957265,-0.21855921855921853,-0.17765567765567764,-0.24175824175824176,-0.21062271062271062,-0.15384615384615385,-0.2081807081807082,-0.3321123321123321,-0.27106227106227104,-0.19352869352869354,-0.09829059829059829,-0.013431013431013432,-0.04151404151404151
2016-09-19,-0.06532356532356533,-0.26190476190476186,-0.2704517704517705,-0.25824175824175827,-0.2692307692307693,-0.04822954822954823,-0.1575091575091575,-0.2875457875457875,-0.25335775335775335,-0.3693528693528694,-0.2515262515262515,-0.16056166056166057,-0.1105006105006105
2016-09-20,0.033577533577533576,-0.31807081807081805,-0.49999999999999994,-0.43223443223443225,-0.31684981684981683,0.0018315018315018313,-0.29120879120879123,-0.22466422466422467,-0.38705738705738707,-0.48717948717948717,-0.34371184371184366,-0.3412698412698412,-0.10134310134310134
2016-09-21,0.14835164835164835,-0.2802197802197802,-0.4444444444444444,-0.46336996336996333,-0.28876678876678874,-0.16605616605616605,-0.46336996336996333,-0.32905982905982906,-0.4578754578754578,-0.34493284493284493,-0.13614163614163613,-0.22344322344322343,0.015262515262515262
2016-09-22,0.17704517704517705,-0.2539682539682539,-0.4725274725274725,-0.3724053724053724,-0.21794871794871792,-0.07997557997557997,-0.21306471306471303,-0.17887667887667885,-0.3778998778998779,-0.44627594627594624,-0.27350427350427353,-0.2271062271062271,-0.06715506715506715
2016-09-23,0.08913308913308912,-0.3119658119658119,-0.5256410256410257,-0.3962148962148962,-0.30097680097680096,-0.24114774114774112,-0.40109890109890106,-0.29426129426129427,-0.5268620268620269,-0.23382173382173382,-0.18315018315018314,-0.14163614163614163,0.052503052503052504
2016-09-26,0.09462759462759461,-0.3107448107448107,-0.4536019536019536,-0.4792429792429792,-0.3156288156288157,-0.2954822954822955,-0.40415140415140416,-0.4029304029304029,-0.5634920634920634,-0.1746031746031746,-0.0006105006105006105,-0.14652014652014653,0.16361416361416362
2016-09-27,0.05555555555555555,-0.20146520146520144,-0.3919413919413919,-0.4652014652014652,-0.20024420024420023,-0.16971916971916973,-0.3778998778998779,-0.3498168498168498,-0.525030525030525,-0.07997557997557997,-0.04456654456654456,-0.1343101343101343,0.1581196581196581
2016-09-28,0.12454212454212454,-0.3125763125763126,-0.4426129426129426,-0.42490842490842484,-0.2588522588522589,-0.12698412698412695,-0.25213675213675213,-0.29853479853479853,-0.34065934065934067,-0.235042735042735,-0.24542124542124538,-0.21306471306471303,-0.02564102564102564
2016-09-29,0.11782661782661781,-0.5372405372405372,-0.6336996336996337,-0.5958485958485958,-0.37973137973137966,-0.2576312576312576,-0.37362637362637363,-0.38461538461538464,-0.31868131868131866,-0.5146520146520146,-0.3565323565323565,-0.24297924297924298,-0.14285714285714285
2016-09-30,0.2588522588522589,-0.4065934065934066,-0.40170940170940167,-0.5457875457875457,-0.199023199023199,0.024420024420024417,-0.11843711843711843,-0.15995115995115994,-0.16971916971916973,-0.5677655677655677,-0.42918192918192916,-0.49084249084249076,-0.29120879120879123
2016-10-03,0.11355311355311355,-0.26373626373626374,-0.2045177045177045,-0.3473748473748474,-0.028083028083028084,0.14835164835164835,0.03235653235653236,-0.05616605616605617,-0.006715506715506716,-0.3663003663003663,-0.2753357753357753,-0.3223443223443223,-0.18376068376068375
2016-10-04,-0.04456654456654456,-0.13186813186813187,-0.16910866910866912,-0.3315018315018315,-0.08424908424908426,0.031135531135531136,0.09523809523809523,0.05372405372405373,-0.021978021978021976,-0.39438339438339437,-0.2954822954822955,-0.4981684981684982,-0.2032967032967033
2016-10-05,-0.19658119658119658,-0.2979242979242979,-0.39438339438339437,-0.2673992673992674,-0.3540903540903541,-0.0879120879120879,-0.07692307692307693,0.13308913308913306,-0.2564102564102564,-0.45604395604395603,-0.4597069597069597,-0.5372405372405372,-0.2875457875457875
2016-10-06,-0.33333333333333326,-0.35958485958485964,-0.3137973137973138,-0.3803418803418803,-0.3302808302808303,-0.17887667887667885,-0.1813186813186813,-0.19658119658119658,-0.34065934065934067,-0.3492063492063492,-0.29853479853479853,-0.4706959706959707,-0.2771672771672771
2016-10-07,-0.24542124542124538,-0.15323565323565325,-0.2936507936507936,-0.27472527472527475,-0.3064713064713065,-0.006105006105006104,-0.17338217338217338,-0.14652014652014653,-0.4487179487179487,-0.31440781440781446,-0.34249084249084244,-0.3327228327228327,-0.23809523809523808
2016-10-10,-0.18315018315018314,-0.17765567765567764,-0.3253968253968254,-0.29181929181929184,-0.3107448107448107,0.028083028083028084,-0.2857142857142857,-0.16117216117216115,-0.4133089133089133,-0.34065934065934067,-0.33333333333333326,-0.3327228327228327,-0.21245421245421242
2016-10-11,-0.026251526251526252,-0.2399267399267399,-0.41086691086691085,-0.3833943833943834,-0.3766788766788767,0.11233211233211234,-0.2539682539682539,-0.2283272283272283,-0.3626373626373626,-0.40415140415140416,-0.34432234432234426,-0.3473748473748474,-0.3217338217338217
2016-10-12,-0.06043956043956044,-0.24725274725274726,-0.4163614163614164,-0.40048840048840045,-0.5256410256410257,-0.007936507936507934,-0.26373626373626374,-0.26495726495726496,-0.32112332112332115,-0.2765567765567765,-0.3137973137973138,-0.3327228327228327,-0.5079365079365078
2016-10-13,0.3327228327228327,0.007936507936507934,-0.3046398046398046,-0.19230769230769232,-0.35836385836385837,0.12759462759462756,-0.46336996336996333,-0.33333333333333326,-0.34859584859584863,-0.07509157509157507,-0.14468864468864467,-0.14590964590964592,-0.1862026862026862
2016-10-14,0.10866910866910866,0.0293040293040293,-0.16788766788766787,-0.19108669108669107,-0.17155067155067155,0.13553113553113552,-0.36996336996337,-0.30586080586080583,-0.31318681318681324,-0.043345543345543344,-0.0879120879120879,-0.11355311355311355,-0.05006105006105006
2016-10-17,0.11660561660561661,-0.02503052503052503,-0.21062271062271062,-0.21001221001221002,-0.1916971916971917,0.17826617826617824,-0.18864468864468864,-0.18437118437118435,-0.31807081807081805,-0.163003663003663,-0.2313797313797314,-0.2118437118437118,-0.07814407814407814
2016-10-18,0.09340659340659341,-0.10500610500610501,-0.14163614163614163,-0.22344322344322343,-0.05006105006105006,0.06593406593406594,-0.06776556776556776,-0.29609279609279604,-0.045787545787545784,-0.16788766788766787,-0.09584859584859586,-0.11660561660561661,-0.07814407814407814
2016-10-19,0.16056166056166057,-0.08547008547008547,-0.10012210012210011,-0.18742368742368742,-0.014041514041514042,0.10134310134310134,0.12576312576312576,-0.07264957264957266,0.027472527472527472,-0.0927960927960928,-0.09523809523809523,-0.16117216117216115,-0.06166056166056166
2016-10-20,0.13858363858363856,-0.03663003663003663,0.04884004884004883,-0.0873015873015873,0.06288156288156288,-0.02564102564102564,0.06959706959706959,0.028083028083028084,0.16971916971916973,-0.03785103785103785,-0.018315018315018316,-0.09584859584859586,0.021978021978021976
2016-10-21,0.056776556776556776,0.045177045177045176,0.17155067155067155,-0.054945054945054944,0.22466422466422467,0.08547008547008547,0.12637362637362637,-0.003052503052503052,0.15079365079365079,-0.05372405372405373,0.14346764346764346,-0.07814407814407814,0.1758241758241758
2016-10-24,0.054945054945054944,0.13247863247863248,0.22344322344322343,0.08547008547008547,0.24786324786324787,0.1398046398046398,0.08180708180708181,0.028083028083028084,0.21611721611721613,0.031135531135531136,0.05738705738705738,0.018315018315018316,0.2032967032967033
2016-10-25,0.07387057387057387,0.5415140415140415,0.43101343101343104,0.3247863247863248,0.38217338217338215,0.29853479853479853,0.12515262515262515,0.1282051282051282,0.09768009768009767,0.38461538461538464,0.3919413919413919,0.29304029304029305,0.35347985347985345
2016-10-26,0.031135531135531136,0.05738705738705738,-0.22039072039072038,-0.03174603174603174,-0.08241758241758242,0.23382173382173382,-0.026251526251526252,0.020757020757020756,-0.16910866910866912,-0.15934065934065933,-0.21855921855921853,-0.07326007326007326,-0.05067155067155067
2016-10-27,0.08363858363858362,-0.2118437118437118,-0.3473748473748474,-0.28205128205128205,-0.3473748473748474,0.23382173382173382,0.08608058608058607,0.15567765567765565,-0.006715506715506716,-0.4536019536019536,-0.49267399267399264,-0.3663003663003663,-0.40964590964590963
2016-10-28,0.047619047619047616,-0.15873015873015872,-0.32905982905982906,-0.3956043956043956,-0.5073260073260073,0.22039072039072038,0.21428571428571427,0.16971916971916973,-0.0115995115995116,-0.3852258852258852,-0.40048840048840045,-0.5335775335775336,-0.4975579975579975
2016-10-31,0.06837606837606838,-0.32112332112332115,-0.2673992673992674,-0.37973137973137966,-0.3852258852258852,0.08852258852258853,0.2118437118437118,0.14285714285714285,0.10378510378510379,-0.3803418803418803,-0.37606837606837606,-0.5433455433455433,-0.3663003663003663
2016-11-01,0.16056166056166057,-0.2863247863247863,-0.2698412698412698,-0.3363858363858364,-0.27838827838827834,0.022588522588522588,0.04395604395604395,0.08180708180708181,0.11355311355311355,-0.32844932844932845,-0.3388278388278388,-0.416971916971917,-0.2039072039072039
2016-11-02,0.1984126984126984,-0.07387057387057387,-0.10073260073260072,-0.3003663003663003,-0.019536019536019536,0.15995115995115994,0.07387057387057387,0.09096459096459096,0.10927960927960927,-0.28266178266178266,-0.16544566544566544,-0.36568986568986567,0.004884004884004884
2016-11-03,0.12637362637362637,-0.2588522588522589,-0.1978021978021978,-0.3321123321123321,-0.10866910866910866,0.13797313797313798,0.12026862026862026,0.17643467643467645,0.04822954822954823,-0.3956043956043956,-0.336996336996337,-0.3992673992673993,-0.021367521367521368
2016-11-04,0.199023199023199,-0.13736263736263737,-0.17765567765567764,-0.28205128205128205,-0.03479853479853479,0.3156288156288157,0.006105006105006104,0.14713064713064714,-0.07081807081807082,-0.36568986568986567,-0.19719169719169719,-0.358974358974359,0.12332112332112331
2016-11-07,0.13736263736263737,-0.11904761904761904,-0.14957264957264954,-0.2551892551892551,0.1916971916971917,0.2271062271062271,0.08547008547008547,0.1221001221001221,-0.06532356532356533,-0.3956043956043956,-0.14468864468864467,-0.29242979242979245,0.3498168498168498
2016-11-08,0.11538461538461539,-0.28327228327228327,-0.10805860805860806,-0.11355311355311355,0.16544566544566544,-0.14774114774114774,-0.10500610500610501,0.15018315018315015,-0.15934065934065933,-0.27594627594627597,-0.08180708180708181,-0.1623931623931624,0.31807081807081805
2016-11-09,0.21428571428571427,0.07631257631257632,0.40598290598290593,-0.0293040293040293,0.3778998778998779,0.10195360195360195,0.17704517704517705,0.0879120879120879,-0.09035409035409035,0.06166056166056166,0.39072039072039066,-0.028083028083028084,0.5488400488400489
2016-11-10,0.2704517704517705,0.26373626373626374,0.4157509157509158,0.19352869352869354,0.4377289377289378,0.15873015873015872,0.14407814407814404,0.12454212454212454,0.010378510378510378,0.34676434676434675,0.48412698412698413,0.32905982905982906,0.5335775335775336
2016-11-11,0.1855921855921856,0.20024420024420023,0.29609279609279604,0.2796092796092796,0.2448107448107448,0.05006105006105006,0.14652014652014653,0.10317460317460315,0.18376068376068375,0.34249084249084244,0.27106227106227104,0.3516483516483516,0.24725274725274726
2016-11-14,0.25702075702075705,-0.09401709401709402,-0.12148962148962149,-0.03785103785103785,-0.10561660561660562,-0.07326007326007326,-0.17399267399267399,-0.14285714285714285,-0.09157509157509157,-0.020757020757020756,-0.1282051282051282,0.09462759462759461,-0.14896214896214896
2016-11-15,0.10073260073260072,-0.08669108669108669,-0.024420024420024417,-0.03540903540903541,0.007326007326007325,-0.10866910866910866,-0.16971916971916973,-0.23382173382173382,0.05372405372405373,-0.015262515262515262,-0.045177045177045176,0.04884004884004883,-0.02564102564102564
2016-11-16,0.11782661782661781,-0.009157509157509158,0.021367521367521368,0.05372405372405373,0.14835164835164835,0.03601953601953601,0.03968253968253968,0.004273504273504274,0.1807081807081807,-0.03907203907203907,-0.06898656898656899,0.003052503052503052,0.05006105006105006
2016-11-17,-0.02564102564102564,-0.15506715506715504,-0.18864468864468864,-0.18437118437118435,-0.18253968253968253,-0.10500610500610501,-0.19719169719169719,-0.15079365079365079,0.0231990231990232,-0.221001221001221,-0.2954822954822955,-0.3107448107448107,-0.21062271062271062
2016-11-18,-0.024420024420024417,0.14041514041514042,0.19536019536019533,0.2442002442002442,0.03479853479853479,0.042735042735042736,0.15873015873015872,0.17155067155067155,0.1916971916971917,0.18192918192918192,0.03479853479853479,0.01282051282051282,0.057997557997558
2016-11-21,-0.027472527472527472,0.2026862026862027,0.33760683760683763,0.2692307692307693,0.14957264957264954,0.0293040293040293,0.21611721611721613,0.1752136752136752,0.1978021978021978,0.2503052503052503,0.15079365079365079,0.09401709401709402,0.03663003663003663
2016-11-22,0.09768009768009767,0.11660561660561661,0.31929181929181927,0.2081807081807082,0.24542124542124538,0.05372405372405373,0.16605616605616605,0.15079365079365079,0.15445665445665446,0.2277167277167277,0.25702075702075705,0.17277167277167274,0.17887667887667885
2016-11-23,-0.11660561660561661,-0.04395604395604395,0.18864468864468864,0.14590964590964592,0.21794871794871792,-0.14896214896214896,-0.0757020757020757,-0.08669108669108669,-0.10989010989010989,0.17338217338217338,0.1758241758241758,0.18925518925518922,0.20757020757020758
2016-11-25,0.07875457875457875,0.21733821733821732,0.4078144078144078,0.434065934065934,0.34249084249084244,0.07631257631257632,0.16483516483516483,0.17826617826617824,0.11538461538461539,0.31318681318681324,0.3125763125763126,0.3003663003663003,0.3205128205128205
2016-11-28,0.021367521367521368,0.3308913308913309,0.4804639804639804,0.4548229548229548,0.5128205128205128,0.016483516483516484,0.18253968253968253,0.08424908424908426,0.2698412698412698,0.48656898656898656,0.5134310134310134,0.5042735042735043,0.4768009768009768
2016-11-29,-0.03907203907203907,0.15018315018315015,0.10561660561660562,0.25335775335775335,0.13858363858363856,0.026251526251526252,-0.054945054945054944,0.053113553113553105,0.08302808302808302,0.11477411477411475,0.1452991452991453,0.35531135531135527,0.09706959706959707
2016-11-30,-0.04395604395604395,0.22344322344322343,0.0036630036630036626,0.1514041514041514,-0.06349206349206347,0.21550671550671552,0.17826617826617824,0.15934065934065933,0.07203907203907202,0.07814407814407814,-0.0036630036630036626,0.152014652014652,-0.0995115995115995
2016-12-01,-0.2222222222222222,0.0115995115995116,0.045787545787545784,0.08608058608058607,-0.056776556776556776,0.04456654456654456,0.04700854700854701,0.08363858363858362,0.12087912087912088,0.1746031746031746,0.057997557997558,0.16056166056166057,-0.17399267399267399
2016-12-02,-0.002442002442002442,0.16727716727716724,0.14163614163614163,0.2081807081807082,0.07387057387057387,0.04884004884004883,0.10195360195360195,0.13919413919413917,0.14957264957264954,0.27594627594627597,0.16422466422466422,0.2289377289377289,-0.08608058608058607
2016-12-05,0.08302808302808302,-0.013431013431013432,0.14163614163614163,0.2631257631257631,0.16727716727716724,-0.14957264957264954,0.09829059829059829,0.06593406593406594,0.28266178266178266,0.2026862026862027,0.152014652014652,0.34004884004884,0.03968253968253968
2016-12-06,0.024420024420024417,0.1984126984126984,0.22039072039072038,0.24236874236874237,0.11843711843711843,-0.0036630036630036626,0.10927960927960927,0.20512820512820512,0.13247863247863248,0.25946275946275943,0.1916971916971917,0.2576312576312576,0.004273504273504274
2016-12-07,0.01282051282051282,0.06288156288156288,0.13247863247863248,0.04700854700854701,0.043345543345543344,-0.03968253968253968,-0.10561660561660562,-0.045177045177045176,0.030525030525030524,0.12637362637362637,0.1568986568986569,0.08058608058608058,0.024420024420024417
2016-12-08,0.05982905982905983,0.13919413919413917,0.13308913308913306,0.04822954822954823,0.04884004884004883,-0.022588522588522588,-0.1398046398046398,-0.13614163614163613,-0.13003663003663005,0.10622710622710621,0.184981684981685,0.07814407814407814,0.11782661782661781
2016-12-09,0.03235653235653236,-0.045787545787545784,-0.003052503052503052,0.042735042735042736,0.027472527472527472,-0.13736263736263737,-0.27106227106227104,-0.2118437118437118,-0.2771672771672771,0.059218559218559216,0.03418803418803419,0.12148962148962149,0.14285714285714285
2016-12-12,0.06166056166056166,-0.028083028083028084,-0.031135531135531136,-0.08302808302808302,-0.059218559218559216,0.08913308913308912,0.056776556776556776,-0.05982905982905983,-0.12942612942612944,-0.24542124542124538,-0.20512820512820512,-0.09218559218559218,-0.08302808302808302
2016-12-13,0.1172161172161172,0.019536019536019536,0.03785103785103785,-0.10744810744810745,0.12332112332112331,0.005494505494505494,-0.08974358974358974,-0.11233211233211234,-0.1746031746031746,-0.12454212454212454,0.04151404151404151,-0.12393162393162394,0.14102564102564102
2016-12-14,-0.033577533577533576,-0.07875457875457875,0.1855921855921856,0.14896214896214896,0.24358974358974358,-0.30830280830280826,-0.07326007326007326,-0.16422466422466422,0.0036630036630036626,0.18192918192918192,0.1984126984126984,0.19291819291819293,0.17643467643467645
2016-12-15,0.0006105006105006105,-0.1514041514041514,0.1336996336996337,0.17704517704517705,0.2503052503052503,-0.3626373626373626,-0.18986568986568983,-0.2686202686202686,-0.007326007326007325,0.20757020757020758,0.3076923076923077,0.31440781440781446,0.2643467643467643
2016-12-16,-0.09462759462759461,-0.1581196581196581,0.1568986568986569,0.10927960927960927,0.24175824175824176,-0.2838827838827839,0.006715506715506716,-0.0989010989010989,0.28083028083028083,0.09035409035409035,0.1855921855921856,0.24236874236874237,0.13003663003663005
2016-12-19,-0.11965811965811966,0.04395604395604395,0.29242979242979245,0.2686202686202686,0.26373626373626374,-0.17216117216117213,0.0989010989010989,0.04822954822954823,0.23870573870573872,0.22039072039072038,0.22466422466422467,0.21733821733821732,0.152014652014652
2016-12-20,0.03785103785103785,-0.06654456654456653,0.2399267399267399,0.2588522588522589,0.1221001221001221,-0.2838827838827839,0.10134310134310134,-0.08363858363858362,0.2551892551892551,0.27838827838827834,0.21550671550671552,0.2551892551892551,-0.03235653235653236
2016-12-21,-0.06898656898656899,-0.12759462759462756,0.12576312576312576,0.2612942612942613,0.04700854700854701,-0.34493284493284493,0.05128205128205128,-0.04151404151404151,0.31807081807081805,0.2802197802197802,0.08913308913308912,0.20695970695970692,-0.13736263736263737
2016-12-22,-0.03540903540903541,-0.152014652014652,0.01587301587301587,0.08913308913308912,-0.18925518925518922,-0.17765567765567764,0.2814407814407815,0.21794871794871792,0.3235653235653235,-0.03479853479853479,-0.20146520146520144,-0.13003663003663005,-0.2216117216117216
2016-12-23,-0.09645909645909646,-0.23748473748473747,0.0006105006105006105,0.06349206349206347,-0.04029304029304029,-0.2857142857142857,0.32112332112332115,0.24542124542124538,0.21611721611721613,-0.08608058608058607,-0.19047619047619047,-0.06898656898656899,-0.17765567765567764
2016-12-27,-0.15323565323565325,-0.4316239316239316,-0.23931623931623933,-0.10134310134310134,-0.2283272283272283,-0.2539682539682539,0.2032967032967033,0.20024420024420023,0.18864468864468864,-0.28266178266178266,-0.34371184371184366,-0.231990231990232,-0.36507936507936506
2016-12-28,-0.08302808302808302,-0.12148962148962149,0.10256410256410256,0.0115995115995116,0.04456654456654456,-0.08547008547008547,0.23809523809523808,0.27106227106227104,0.15018315018315015,0.01282051282051282,0.05372405372405373,-0.06715506715506715,-0.18437118437118435
2016-12-29,0.007326007326007325,-0.1862026862026862,-0.053113553113553105,-0.051892551892551896,-0.12454212454212454,-0.11782661782661781,0.0879120879120879,0.14468864468864467,-0.08852258852258853,-0.06715506715506715,-0.029914529914529916,-0.005494505494505494,-0.08241758241758242
2016-12-30,-0.0463980463980464,-0.0989010989010989,0.015262515262515262,0.05616605616605617,-0.2118437118437118,-0.13003663003663005,0.21062271062271062,0.22527472527472528,-0.06471306471306472,0.038461538461538464,-0.08485958485958486,0.06288156288156288,-0.11782661782661781
2017-01-03,0.0,-0.152014652014652,-0.0586080586080586,-0.031135531135531136,-0.16117216117216115,-0.043345543345543344,0.14835164835164835,0.11538461538461539,-0.04945054945054945,-0.07509157509157507,-0.08180708180708181,-0.017704517704517704,-0.2081807081807082
2017-01-04,0.1221001221001221,-0.05006105006105006,0.028083028083028084,0.10195360195360195,-0.03724053724053724,0.08608058608058607,0.28083028083028083,0.1855921855921856,0.08363858363858362,-0.022588522588522588,-0.13308913308913306,0.045177045177045176,-0.17338217338217338
2017-01-05,0.14590964590964592,-0.16056166056166057,-0.10317460317460315,-0.15079365079365079,-0.17094017094017094,0.11172161172161171,-0.013431013431013432,-0.015262515262515262,-0.018315018315018316,-0.17887667887667885,-0.2698412698412698,-0.11660561660561661,-0.2991452991452991
2017-01-06,0.05738705738705738,0.017094017094017096,0.09340659340659341,0.10866910866910866,0.07326007326007326,0.2081807081807082,0.16910866910866912,0.19291819291819293,0.07203907203907202,-0.0463980463980464,-0.11294261294261294,-0.13003663003663005,-0.06959706959706959
2017-01-09,0.05555555555555555,0.14652014652014653,0.19291819291819293,0.21428571428571427,0.11416361416361415,0.2289377289377289,0.25274725274725274,0.18315018315018314,0.1758241758241758,0.14713064713064714,0.07509157509157507,0.06471306471306472,-0.006715506715506716
2017-01-10,0.022588522588522588,0.28083028083028083,0.3528693528693529,0.36507936507936506,0.3278388278388278,0.2851037851037851,0.30708180708180705,0.2551892551892551,0.2094017094017094,0.21001221001221002,0.2667887667887668,0.12454212454212454,0.3327228327228327
2017-01-11,0.23015873015873015,0.2905982905982906,0.2588522588522589,0.22527472527472528,0.32905982905982906,0.2026862026862027,0.163003663003663,0.1984126984126984,0.03663003663003663,0.23015873015873015,0.29181929181929184,0.2295482295482295,0.3339438339438339
2017-01-12,0.2313797313797314,0.09829059829059829,0.10622710622710621,0.12576312576312576,0.29853479853479853,0.04029304029304029,-0.018315018315018316,0.047619047619047616,-0.0873015873015873,0.21001221001221002,0.19413919413919414,0.29120879120879123,0.3815628815628816
2017-01-13,0.35836385836385837,0.13186813186813187,0.11477411477411475,0.09157509157509157,0.11904761904761904,0.1043956043956044,0.13308913308913306,0.16483516483516483,-0.057997557997558,0.06532356532356533,0.052503052503052504,0.1282051282051282,0.08608058608058607
2017-01-17,0.28266178266178266,0.06959706959706959,0.018315018315018316,0.05128205128205128,0.1221001221001221,-0.06776556776556776,-0.12698412698412695,-0.018925518925518924,0.009157509157509158,0.03663003663003663,0.16422466422466422,0.13247863247863248,0.10561660561660562
2017-01-18,0.152014652014652,0.11416361416361415,0.015262515262515262,0.0879120879120879,0.04884004884004883,0.01587301587301587,0.006105006105006104,-0.026251526251526252,-0.13247863247863248,0.0927960927960928,0.10927960927960927,0.14041514041514042,0.1043956043956044
2017-01-19,0.024420024420024417,-0.026862026862026864,-0.009768009768009768,0.043345543345543344,-0.010378510378510378,-0.09768009768009767,-0.0463980463980464,-0.1105006105006105,-0.2277167277167277,0.10561660561660562,0.09829059829059829,0.1855921855921856,0.1043956043956044
2017-01-20,-0.18192918192918192,0.06593406593406594,0.038461538461538464,0.15873015873015872,-0.03968253968253968,-0.13797313797313798,0.020146520146520144,-0.030525030525030524,0.07692307692307693,0.04212454212454213,-0.03235653235653236,0.12576312576312576,-0.08363858363858362
2017-01-23,-0.3717948717948718,0.009768009768009768,-0.017704517704517704,0.10317460317460315,-0.3064713064713065,-0.15079365079365079,0.05128205128205128,0.11782661782661781,0.02503052503052503,0.07997557997557997,-0.05372405372405373,-0.059218559218559216,-0.27167277167277165
2017-01-24,-0.3229548229548229,-0.016483516483516484,-0.06654456654456653,-0.05006105006105006,-0.2264957264957265,-0.17032967032967034,-0.06532356532356533,0.05982905982905983,-0.12515262515262515,0.012210012210012208,-0.019536019536019536,-0.06776556776556776,-0.12332112332112331
2017-01-25,-0.438949938949939,-0.024420024420024417,0.012210012210012208,-0.016483516483516484,-0.08608058608058607,-0.12759462759462756,0.0231990231990232,0.163003663003663,-0.18192918192918192,0.08302808302808302,0.09829059829059829,-0.08913308913308912,0.08669108669108669
2017-01-26,-0.5012210012210012,-0.10500610500610501,-0.10378510378510379,0.004273504273504274,-0.19352869352869354,-0.17765567765567764,0.09645909645909646,0.22039072039072038,-0.043345543345543344,0.019536019536019536,-0.018315018315018316,-0.016483516483516484,-0.13186813186813187
2017-01-27,-0.5396825396825397,-0.057997557997558,0.0115995115995116,0.015262515262515262,-0.06593406593406594,-0.06105006105006105,0.2295482295482295,0.2148962148962149,0.14346764346764346,0.09035409035409035,-0.045177045177045176,0.0036630036630036626,-0.15445665445665446
2017-01-30,-0.4621489621489622,0.03601953601953601,0.21611721611721613,0.12576312576312576,0.10500610500610501,-0.10073260073260072,0.2741147741147741,0.2576312576312576,0.27838827838827834,0.1794871794871795,0.03785103785103785,0.1800976800976801,-0.11660561660561661
2017-01-31,-0.34065934065934067,-0.006105006105006104,0.16727716727716724,0.13125763125763126,-0.006105006105006104,-0.07326007326007326,0.3504273504273504,0.16788766788766787,0.45238095238095233,0.08547008547008547,-0.028083028083028084,0.10012210012210011,-0.2032967032967033
2017-02-01,-0.41025641025641024,0.20085470085470084,0.46153846153846156,0.33577533577533575,0.4175824175824176,0.002442002442002442,0.36568986568986567,0.2496947496947497,0.5463980463980465,0.3675213675213675,0.3137973137973138,0.2277167277167277,0.1288156288156288
2017-02-02,-0.3974358974358974,0.11294261294261294,0.4084249084249084,0.3266178266178266,0.46764346764346765,-0.07814407814407814,0.2979242979242979,0.2551892551892551,0.5360195360195361,0.23382173382173382,0.21916971916971917,0.15934065934065933,0.18192918192918192
2017-02-03,-0.31318681318681324,0.34798534798534797,0.6697191697191697,0.5659340659340658,0.6336996336996337,0.003052503052503052,0.3687423687423687,0.3412698412698412,0.5140415140415141,0.47619047619047616,0.438949938949939,0.37362637362637363,0.3528693528693529
2017-02-06,-0.22039072039072038,0.19230769230769232,0.30830280830280826,0.40476190476190477,0.3962148962148962,-0.03479853479853479,0.10012210012210011,0.17216117216117213,0.30219780219780223,0.3455433455433455,0.2869352869352869,0.38949938949938945,0.23076923076923078
2017-02-07,-0.23687423687423687,0.20512820512820512,0.3241758241758242,0.28876678876678874,0.29975579975579975,0.0641025641025641,0.23809523809523808,0.2087912087912088,0.3046398046398046,0.27777777777777773,0.2295482295482295,0.23687423687423687,0.1746031746031746
2017-02-08,-0.0641025641025641,0.21428571428571427,0.3992673992673993,0.398046398046398,0.38217338217338215,-0.04456654456654456,0.06166056166056166,0.024420024420024417,0.34065934065934067,0.4652014652014652,0.4297924297924298,0.4792429792429792,0.3663003663003663
2017-02-09,-0.15873015873015872,0.045177045177045176,0.13003663003663005,0.34249084249084244,0.056776556776556776,-0.15995115995115994,0.017704517704517704,-0.03540903540903541,0.115995115995116,0.27838827838827834,0.10134310134310134,0.29975579975579975,0.05128205128205128
2017-02-10,-0.06349206349206347,0.008547008547008548,0.06349206349206347,0.18986568986568983,0.054945054945054944,-0.2026862026862027,-0.10561660561660562,-0.07387057387057387,-0.03663003663003663,0.24542124542124538,0.152014652014652,0.2704517704517705,0.009157509157509158
2017-02-13,-0.12026862026862026,-0.06776556776556776,-0.09096459096459096,0.07509157509157507,-0.21611721611721613,-0.2643467643467643,-0.1862026862026862,-0.2271062271062271,0.09584859584859586,0.06105006105006105,-0.03174603174603174,0.11965811965811966,-0.23809523809523808
2017-02-14,-0.0293040293040293,-0.08608058608058607,-0.25213675213675213,-0.06959706959706959,-0.39438339438339437,-0.09706959706959707,-0.06532356532356533,-0.03296703296703297,0.14163614163614163,-0.04945054945054945,-0.24114774114774112,-0.07203907203907202,-0.5195360195360195
2017-02-15,-0.06288156288156288,-0.14468864468864467,-0.07997557997557997,0.0036630036630036626,-0.315018315018315,-0.16544566544566544,0.21367521367521367,0.12148962148962149,0.3327228327228327,-0.06105006105006105,-0.29975579975579975,-0.09035409035409035,-0.5604395604395604
2017-02-16,-0.07875457875457875,-0.0927960927960928,-0.17277167277167274,-0.07326007326007326,-0.4163614163614164,-0.051892551892551896,0.19963369963369965,0.1855921855921856,0.24175824175824176,-0.08302808302808302,-0.23382173382173382,-0.21306471306471303,-0.554945054945055
2017-02-17,-0.1111111111111111,0.040903540903540904,0.10195360195360195,-0.006715506715506716,-0.30586080586080583,0.052503052503052504,0.27777777777777773,0.23076923076923078,0.17643467643467645,0.0586080586080586,-0.17155067155067155,-0.13186813186813187,-0.3815628815628816
2017-02-21,-0.0463980463980464,0.18864468864468864,0.2802197802197802,0.1758241758241758,-0.054945054945054944,0.08608058608058607,0.3455433455433455,0.2081807081807082,0.2771672771672771,0.21062271062271062,-0.06654456654456653,-0.006105006105006104,-0.07936507936507936
2017-02-22,0.03601953601953601,0.19413919413919414,0.2271062271062271,0.1794871794871795,0.05738705738705738,0.07203907203907202,0.3388278388278388,0.351037851037851,0.1978021978021978,0.16544566544566544,-0.004884004884004884,-0.03418803418803419,0.08974358974358974
2017-02-23,0.11477411477411475,0.15995115995115994,0.21123321123321123,0.10989010989010989,0.17643467643467645,0.1336996336996337,0.3095238095238095,0.304029304029304,0.2039072039072039,0.1111111111111111,-0.053113553113553105,-0.16544566544566544,0.06166056166056166
2017-02-24,0.24847374847374848,0.1336996336996337,0.10927960927960927,0.14957264957264954,0.11233211233211234,0.047619047619047616,0.19474969474969472,0.2264957264957265,0.1623931623931624,0.0293040293040293,-0.04029304029304029,-0.07203907203907202,0.053113553113553105
2017-02-27,0.3046398046398046,0.2863247863247863,0.15506715506715504,0.1916971916971917,0.19719169719169719,0.3162393162393162,0.2564102564102564,0.19719169719169719,0.2032967032967033,-0.0006105006105006105,0.06837606837606838,-0.017704517704517704,0.14041514041514042
2017-02-28,0.42490842490842484,0.19536019536019533,0.07081807081807082,0.08852258852258853,0.0995115995115995,0.21123321123321123,0.13125763125763126,0.1343101343101343,0.07081807081807082,-0.11782661782661781,-0.06776556776556776,0.04212454212454213,0.06227106227106227
2017-03-01,0.3076923076923077,0.1684981684981685,0.23015873015873015,0.2509157509157509,0.07387057387057387,0.05433455433455433,0.14835164835164835,0.19230769230769232,0.09462759462759461,0.18192918192918192,0.05982905982905983,0.2448107448107448,0.0586080586080586
2017-03-02,0.540903540903541,0.07631257631257632,0.05006105006105006,0.08241758241758242,0.08302808302808302,0.023809523809523808,-0.12087912087912088,-0.057997557997558,-0.052503052503052504,0.11233211233211234,0.17094017094017094,0.13675213675213677,0.12637362637362637
2017-03-03,0.40354090354090355,0.1916971916971917,0.17643467643467645,0.22344322344322343,0.10073260073260072,0.13553113553113552,0.007326007326007325,0.09401709401709402,0.12759462759462756,0.2277167277167277,0.1562881562881563,0.18192918192918192,0.0641025641025641
2017-03-06,0.4297924297924298,0.09462759462759461,0.026251526251526252,0.15995115995115994,0.03663003663003663,0.054945054945054944,-0.024420024420024417,0.0231990231990232,0.05006105006105006,0.15323565323565325,0.05433455433455433,0.09768009768009767,0.03724053724053724
2017-03-07,0.29975579975579975,0.1105006105006105,0.18315018315018314,0.06043956043956044,0.042735042735042736,0.05372405372405373,0.10195360195360195,-0.007326007326007325,0.03418803418803419,0.13186813186813187,0.07509157509157507,-0.002442002442002442,0.0873015873015873
2017-03-08,0.1984126984126984,0.10378510378510379,0.14835164835164835,0.06898656898656899,0.13553113553113552,0.09157509157509157,0.03174603174603174,-0.029914529914529916,0.013431013431013432,0.16971916971916973,0.09584859584859586,0.047619047619047616,0.07631257631257632
2017-03-09,0.14896214896214896,0.08180708180708181,-0.06043956043956044,-0.009157509157509158,0.07997557997557997,0.13247863247863248,-0.016483516483516484,-0.03785103785103785,-0.03663003663003663,-0.115995115995116,-0.09340659340659341,-0.0586080586080586,0.06288156288156288
2017-03-10,0.10683760683760683,0.0927960927960928,0.0989010989010989,0.03174603174603174,0.12393162393162394,0.13186813186813187,0.10317460317460315,-0.02869352869352869,0.10989010989010989,-0.047619047619047616,0.030525030525030524,-0.04212454212454213,0.09768009768009767
2017-03-13,-0.10866910866910866,0.023809523809523808,0.020757020757020756,-0.07875457875457875,0.10683760683760683,0.007326007326007325,-0.09829059829059829,-0.13064713064713065,-0.04212454212454213,-0.06166056166056166,0.07936507936507936,-0.03907203907203907,0.24297924297924298
2017-03-14,-0.4188034188034188,-0.3235653235653235,-0.463980463980464,-0.36324786324786323,-0.19963369963369965,-0.17094017094017094,-0.4145299145299145,-0.3363858363858364,-0.4023199023199023,-0.36080586080586086,-0.18376068376068375,-0.17704517704517705,0.12698412698412695
2017-03-15,-0.21157075502182476,-0.4735154993345602,-0.40451839885125224,-0.3547550033699284,-0.059838193339506,-0.32666768812893576,-0.39261181956430974,-0.3284994695576962,-0.3455960962261264,-0.34162723646381227,-0.03266676881289358,-0.11876049596463178,0.15356434311107917
2017-03-16,-0.0463980463980464,-0.47557997557997556,-0.3937728937728938,-0.3681318681318681,-0.2063492063492063,-0.2399267399267399,-0.2600732600732601,-0.2600732600732601,-0.18192918192918192,-0.38217338217338215,-0.18192918192918192,-0.1562881562881563,-0.11416361416361415
2017-03-17,0.016483516483516484,-0.3791208791208791,-0.2967032967032967,-0.3882783882783883,-0.06227106227106227,-0.31807081807081805,-0.4444444444444444,-0.38583638583638585,-0.2026862026862027,-0.19413919413919414,-0.059218559218559216,-0.11843711843711843,0.017704517704517704
2017-03-20,-0.08913308913308912,-0.3217338217338217,-0.2741147741147741,-0.33577533577533575,-0.09706959706959707,-0.278998778998779,-0.4126984126984126,-0.384004884004884,-0.14835164835164835,-0.2991452991452991,-0.21978021978021978,-0.13308913308913306,-0.07753357753357752
2017-03-21,0.10378510378510379,-0.26800976800976806,-0.36446886446886445,-0.235042735042735,-0.07753357753357752,-0.06593406593406594,-0.4963369963369963,-0.4377289377289378,0.007936507936507934,-0.3107448107448107,-0.2045177045177045,0.08547008547008547,-0.18315018315018314
2017-03-22,-0.03418803418803419,-0.03601953601953601,-0.09584859584859586,-0.2991452991452991,0.0995115995115995,-0.13247863247863248,-0.5036630036630036,-0.5305250305250305,0.10500610500610501,-0.05372405372405373,0.10989010989010989,0.05555555555555555,0.08485958485958486
2017-03-23,-0.19719169719169719,-0.23076923076923078,-0.2039072039072039,-0.31868131868131866,0.10866910866910866,-0.2032967032967033,-0.3315018315018315,-0.44993894993894995,0.21916971916971917,-0.22527472527472528,-0.0811965811965812,-0.07020757020757021,0.003052503052503052
2017-03-24,-0.2094017094017094,-0.24236874236874237,-0.21978021978021978,-0.28937728937728935,-0.030525030525030524,-0.057997557997558,-0.38949938949938945,-0.4206349206349206,0.17338217338217338,-0.33333333333333326,-0.16361416361416362,-0.1343101343101343,-0.1349206349206349
2017-03-27,-0.199023199023199,-0.2771672771672771,-0.15873015873015872,-0.24358974358974358,0.056776556776556776,0.017094017094017096,-0.0989010989010989,-0.3327228327228327,0.22527472527472528,-0.29609279609279604,-0.2094017094017094,-0.152014652014652,-0.08485958485958486
2017-03-28,-0.22283272283272282,0.19352869352869354,0.30097680097680096,0.163003663003663,0.31929181929181927,-0.04395604395604395,-0.12454212454212454,-0.08852258852258853,0.3089133089133089,0.19963369963369965,0.2661782661782661,0.11904761904761904,0.1349206349206349
2017-03-29,-0.2588522588522589,0.3498168498168498,0.1758241758241758,0.34859584859584863,0.12637362637362637,0.057997557997558,-0.14346764346764346,-0.10744810744810745,0.03479853479853479,0.2673992673992674,0.2258852258852259,0.2442002442002442,0.2118437118437118
2017-03-30,-0.27106227106227104,0.2496947496947497,0.010378510378510378,0.2264957264957265,-0.0293040293040293,0.0018315018315018313,-0.2600732600732601,-0.10073260073260072,-0.11416361416361415,0.14835164835164835,-0.030525030525030524,0.2258852258852259,-0.0036630036630036626
2017-03-31,-0.184981684981685,0.19413919413919414,-0.06654456654456653,0.0989010989010989,-0.18986568986568983,0.13736263736263737,-0.21428571428571427,-0.17155067155067155,-0.31440781440781446,0.0989010989010989,0.009157509157509158,0.08241758241758242,-0.10317460317460315
2017-04-03,-0.14407814407814404,0.2631257631257631,0.06288156288156288,-0.059218559218559216,-0.06349206349206347,0.14774114774114774,-0.02503052503052503,-0.10134310134310134,-0.2753357753357753,0.14957264957264954,0.0989010989010989,0.07448107448107448,0.03968253968253968
2017-04-04,-0.0018315018315018313,-0.06532356532356533,-0.25946275946275943,-0.27289377289377287,-0.2045177045177045,0.15873015873015872,-0.14041514041514042,-0.08241758241758242,-0.32905982905982906,-0.21123321123321123,-0.2344322344322344,-0.21428571428571427,-0.10195360195360195
2017-04-05,0.043345543345543344,-0.14285714285714285,-0.25579975579975583,-0.31684981684981683,-0.3113553113553113,-0.007936507936507934,-0.32967032967032966,-0.2448107448107448,-0.44505494505494503,-0.21550671550671552,-0.20757020757020758,-0.32112332112332115,-0.10561660561660562
2017-04-06,0.16056166056166057,-0.12942612942612944,-0.32844932844932845,-0.34004884004884,-0.34432234432234426,0.17338217338217338,-0.1562881562881563,-0.17216117216117213,-0.3308913308913309,-0.2973137973137973,-0.2844932844932845,-0.3327228327228327,-0.1794871794871795
2017-04-07,0.18925518925518922,-0.2148962148962149,-0.3803418803418803,-0.4554334554334554,-0.3052503052503053,0.19108669108669107,-0.12454212454212454,-0.1916971916971917,-0.2686202686202686,-0.39438339438339437,-0.2869352869352869,-0.40476190476190477,-0.12515262515262515
2017-04-10,0.16056166056166057,-0.0927960927960928,-0.0989010989010989,-0.29242979242979245,-0.0036630036630036626,-0.016483516483516484,-0.4316239316239316,-0.2515262515262515,-0.41514041514041516,-0.1043956043956044,0.13553113553113552,-0.2026862026862027,0.3137973137973138
2017-04-11,0.1862026862026862,-0.07875457875457875,-0.021978021978021976,-0.2503052503052503,0.31684981684981683,-0.09768009768009767,-0.43528693528693524,-0.3937728937728938,-0.4536019536019536,0.017094017094017096,0.32967032967032966,-0.07448107448107448,0.5927960927960928
2017-04-12,0.17032967032967034,-0.2222222222222222,-0.2271062271062271,-0.14774114774114774,0.37973137973137966,-0.25824175824175827,-0.5402930402930403,-0.5421245421245421,-0.6294261294261293,-0.1111111111111111,0.231990231990232,0.12759462759462756,0.6495726495726496
2017-04-13,0.11843711843711843,-0.1043956043956044,-0.09829059829059829,-0.07264957264957266,0.2600732600732601,-0.2771672771672771,-0.4981684981684982,-0.5757020757020758,-0.5891330891330891,0.017094017094017096,0.34004884004884,0.29853479853479853,0.6062271062271062
2017-04-17,-0.03968253968253968,-0.07692307692307693,-0.10317460317460315,-0.06166056166056166,0.2118437118437118,-0.1862026862026862,-0.4554334554334554,-0.47741147741147744,-0.3559218559218559,-0.023809523809523808,0.21916971916971917,0.32905982905982906,0.4267399267399268
2017-04-18,0.0036630036630036626,-0.18253968253968253,-0.27289377289377287,-0.17032967032967034,-0.05006105006105006,-0.24725274725274726,-0.4065934065934066,-0.37973137973137966,-0.09218559218559218,-0.1752136752136752,0.014041514041514042,0.09157509157509157,0.1105006105006105
2017-04-19,0.018925518925518924,-0.3253968253968254,-0.31684981684981683,-0.44993894993894995,-0.07264957264957266,-0.21733821733821732,-0.5006105006105006,-0.5470085470085471,-0.1862026862026862,-0.22039072039072038,0.07264957264957266,0.03724053724053724,0.06166056166056166
2017-04-20,-0.02869352869352869,-0.1343101343101343,-0.08608058608058607,-0.18681318681318682,0.03418803418803419,-0.26495726495726496,-0.46092796092796096,-0.5183150183150182,0.06471306471306472,-0.029914529914529916,0.17216117216117213,0.16727716727716724,0.0879120879120879
2017-04-21,-0.0879120879120879,-0.23748473748473747,-0.2399267399267399,-0.27106227106227104,0.03724053724053724,-0.3156288156288157,-0.4975579975579975,-0.6581196581196581,-0.02503052503052503,-0.14041514041514042,0.11538461538461539,0.1349206349206349,0.11416361416361415
2017-04-24,-0.2032967032967033,0.09157509157509157,0.21550671550671552,0.004273504273504274,0.351037851037851,-0.06288156288156288,-0.26068376068376065,-0.384004884004884,-0.001221001221001221,0.13247863247863248,0.2588522588522589,0.27350427350427353,0.2295482295482295
2017-04-25,-0.12576312576312576,0.06227106227106227,0.19963369963369965,0.11294261294261294,0.2863247863247863,-0.12515262515262515,-0.21916971916971917,-0.3345543345543345,0.13797313797313798,0.17643467643467645,0.2863247863247863,0.24175824175824176,0.20695970695970692
2017-04-26,-0.24725274725274726,0.15995115995115994,0.2979242979242979,0.14102564102564102,0.235042735042735,-0.059218559218559216,-0.09645909645909646,-0.20207570207570208,0.25579975579975583,0.21428571428571427,0.21672771672771673,0.18925518925518922,0.152014652014652
2017-04-27,-0.25457875457875456,0.1172161172161172,0.22527472527472528,0.13858363858363856,0.2271062271062271,0.0879120879120879,0.21245421245421242,0.0018315018315018313,0.21855921855921853,0.17094017094017094,0.16483516483516483,0.19963369963369965,0.10012210012210011
2017-04-28,-0.3028083028083028,0.24358974358974358,0.351037851037851,0.34859584859584863,0.40598290598290593,0.08302808302808302,0.24358974358974358,0.23565323565323562,0.3235653235653235,0.3125763125763126,0.3046398046398046,0.27777777777777773,0.2264957264957265
2017-05-01,-0.24053724053724052,0.4487179487179487,0.5543345543345543,0.46153846153846156,0.4597069597069597,0.2118437118437118,0.35531135531135527,0.25702075702075705,0.45848595848595847,0.46092796092796096,0.3925518925518926,0.34615384615384615,0.26190476190476186
2017-05-02,-0.27350427350427353,0.5067155067155067,0.4517704517704518,0.5714285714285714,0.38461538461538464,0.13858363858363856,0.3241758241758242,0.3577533577533577,0.40964590964590963,0.5726495726495726,0.41086691086691085,0.45726495726495725,0.18986568986568983
2017-05-03,-0.41819291819291815,0.30830280830280826,0.19230769230769232,0.2857142857142857,0.21916971916971917,0.18864468864468864,0.21367521367521367,0.2979242979242979,0.2515262515262515,0.1758241758241758,0.1172161172161172,0.17277167277167274,0.13858363858363856
2017-05-04,-0.31929181929181927,-0.11660561660561661,-0.09157509157509157,0.07753357753357752,-0.03663003663003663,0.057997557997558,-0.018925518925518924,0.10012210012210011,-0.03540903540903541,-0.06654456654456653,-0.15018315018315015,-0.007326007326007325,0.013431013431013432
2017-05-05,-0.15934065934065933,0.12332112332112331,0.24664224664224663,0.199023199023199,0.2588522588522589,-0.06959706959706959,0.010378510378510378,0.09462759462759461,0.05616605616605617,0.3137973137973138,0.3791208791208791,0.14346764346764346,0.2844932844932845
2017-05-08,-0.15934065934065933,0.16666666666666663,0.24175824175824176,0.27350427350427353,0.2551892551892551,0.03907203907203907,0.09706959706959707,0.059218559218559216,0.15079365079365079,0.3559218559218559,0.3992673992673993,0.3028083028083028,0.25702075702075705
2017-05-09,-0.22344322344322343,0.13797313797313798,0.19963369963369965,0.16422466422466422,0.231990231990232,0.06837606837606838,0.1288156288156288,0.008547008547008548,0.07326007326007326,0.2039072039072039,0.18437118437118435,0.16910866910866912,0.2661782661782661
2017-05-10,-0.12148962148962149,0.22527472527472528,0.2442002442002442,0.2289377289377289,0.2271062271062271,0.1984126984126984,0.13614163614163613,0.06227106227106227,0.17643467643467645,0.2448107448107448,0.2515262515262515,0.18803418803418803,0.19719169719169719
2017-05-11,0.03907203907203907,0.16422466422466422,0.057997557997558,0.09768009768009767,-0.009768009768009768,0.07264957264957266,-0.016483516483516484,-0.045177045177045176,0.053113553113553105,0.15384615384615385,0.06349206349206347,0.09401709401709402,-0.06043956043956044
2017-05-12,0.056776556776556776,0.09523809523809523,0.03724053724053724,0.09462759462759461,0.04884004884004883,0.009157509157509158,0.07142857142857142,0.027472527472527472,0.04884004884004883,0.0641025641025641,-0.12637362637362637,-0.03907203907203907,-0.0811965811965812
2017-05-15,0.07509157509157507,0.06593406593406594,0.040903540903540904,0.056776556776556776,0.03540903540903541,0.10500610500610501,0.09584859584859586,0.05738705738705738,0.12454212454212454,-0.0293040293040293,-0.0586080586080586,-0.10622710622710621,-0.09584859584859586
2017-05-16,0.1105006105006105,-0.018315018315018316,-0.05006105006105006,-0.021978021978021976,-0.012210012210012208,-0.04945054945054945,0.04700854700854701,-0.0036630036630036626,0.17216117216117213,-0.09768009768009767,-0.16117216117216115,-0.1172161172161172,-0.17338217338217338
2017-05-17,0.12698412698412695,0.005494505494505494,-0.246031746031746,-0.06837606837606838,-0.41941391941391937,0.278998778998779,0.20146520146520144,0.2863247863247863,0.10927960927960927,-0.2741147741147741,-0.4413919413919414,-0.35958485958485964,-0.4566544566544566
2017-05-18,0.12637362637362637,-0.0463980463980464,-0.35470085470085466,-0.2258852258852259,-0.45726495726495725,0.1514041514041514,0.06715506715506715,0.12454212454212454,-0.21733821733821732,-0.3076923076923077,-0.384004884004884,-0.39072039072039066,-0.3241758241758242
2017-05-19,-0.08485958485958486,-0.2271062271062271,-0.2979242979242979,-0.315018315018315,-0.24053724053724052,-0.13186813186813187,-0.13614163614163613,-0.026862026862026864,-0.19291819291819293,-0.2967032967032967,-0.3693528693528694,-0.29426129426129427,-0.13247863247863248
2017-05-22,-0.19413919413919414,-0.28876678876678874,-0.10744810744810745,-0.22466422466422467,0.10378510378510379,-0.34493284493284493,-0.4145299145299145,-0.37606837606837606,-0.19597069597069594,-0.06654456654456653,0.15445665445665446,0.10378510378510379,0.2326007326007326
2017-05-23,-0.045177045177045176,-0.1752136752136752,-0.06837606837606838,-0.25824175824175827,0.18253968253968253,-0.2081807081807082,-0.34676434676434675,-0.3601953601953602,-0.14346764346764346,-0.053113553113553105,0.14957264957264954,0.026862026862026864,0.3247863247863248
2017-05-24,0.12576312576312576,-0.2222222222222222,-0.20085470085470084,-0.17032967032967034,-0.043345543345543344,-0.06898656898656899,-0.21672771672771673,-0.28876678876678874,-0.09218559218559218,-0.17155067155067155,-0.08608058608058607,-0.006105006105006104,-0.07936507936507936
2017-05-25,0.20695970695970692,-0.351037851037851,-0.24175824175824176,-0.16056166056166057,0.13736263736263737,-0.3235653235653235,-0.4621489621489622,-0.4511599511599511,-0.06227106227106227,-0.1336996336996337,0.06288156288156288,0.08302808302808302,0.17032967032967034
2017-05-26,0.06043956043956044,-0.3028083028083028,-0.11782661782661781,-0.1343101343101343,0.0586080586080586,-0.25457875457875456,-0.39133089133089133,-0.39987789987789985,-0.11660561660561661,-0.07692307692307693,0.06105006105006105,0.04456654456654456,0.09768009768009767
2017-05-30,0.08058608058608058,-0.5207570207570207,-0.2258852258852259,-0.1862026862026862,0.08913308913308912,-0.49084249084249076,-0.5122100122100123,-0.5695970695970696,0.020146520146520144,-0.10317460317460315,0.05555555555555555,0.184981684981685,0.13247863247863248
2017-05-31,0.1623931623931624,-0.44078144078144077,-0.21428571428571427,-0.21367521367521367,0.0641025641025641,-0.35531135531135527,-0.5335775335775336,-0.5427350427350427,-0.014041514041514042,-0.17338217338217338,-0.003052503052503052,0.07997557997557997,0.06837606837606838
2017-06-01,0.1862026862026862,-0.13553113553113552,0.15873015873015872,0.010378510378510378,0.29853479853479853,-0.28876678876678874,-0.31868131868131866,-0.44993894993894995,0.2326007326007326,0.040903540903540904,0.24175824175824176,0.16788766788766787,0.2148962148962149
2017-06-02,0.03174603174603174,-0.09584859584859586,0.18986568986568983,0.0,0.2869352869352869,-0.2283272283272283,-0.006105006105006104,-0.2277167277167277,0.4316239316239316,0.08241758241758242,0.1752136752136752,0.06593406593406594,0.12271062271062269
2017-06-05,-0.03785103785103785,-0.17643467643467645,0.027472527472527472,-0.12637362637362637,0.2704517704517705,0.006715506715506716,-0.009157509157509158,-0.07692307692307693,0.23931623931623933,-0.11660561660561661,0.04395604395604395,-0.06593406593406594,0.14713064713064714
2017-06-06,-0.03663003663003663,-0.08608058608058607,-0.026862026862026864,-0.16544566544566544,0.26800976800976806,0.1623931623931624,0.05433455433455433,-0.10989010989010989,0.23626373626373626,-0.21733821733821732,0.026251526251526252,-0.13064713064713065,0.15384615384615385
2017-06-07,-0.14407814407814404,-0.08363858363858362,-0.15262515262515264,-0.24297924297924298,0.1105006105006105,0.2673992673992674,-0.021367521367521368,-0.04151404151404151,0.221001221001221,-0.2673992673992674,-0.09157509157509157,-0.20085470085470084,0.009157509157509158
2017-06-08,-0.17155067155067155,-0.012210012210012208,0.0995115995115995,-0.05616605616605617,0.21306471306471303,0.08180708180708181,-0.03296703296703297,-0.08180708180708181,0.11294261294261294,-0.016483516483516484,0.15445665445665446,0.026251526251526252,0.1746031746031746
2017-06-09,0.026862026862026864,-0.12332112332112331,-0.1172161172161172,-0.10134310134310134,0.29120879120879123,0.2264957264957265,-0.1623931623931624,0.03418803418803419,-0.026251526251526252,-0.2045177045177045,-0.026251526251526252,-0.0927960927960928,0.18925518925518922
2017-06-12,-0.1105006105006105,-0.09706959706959707,-0.1343101343101343,-0.14713064713064714,0.009768009768009768,0.07387057387057387,-0.27228327228327226,-0.09584859584859586,-0.12332112332112331,-0.1221001221001221,-0.07814407814407814,-0.10073260073260072,0.15445665445665446
2017-06-13,-0.16422466422466422,-0.045787545787545784,-0.18681318681318682,-0.1758241758241758,0.042735042735042736,0.059218559218559216,-0.3199023199023199,-0.20757020757020758,-0.2326007326007326,-0.1575091575091575,-0.0463980463980464,-0.04945054945054945,0.2673992673992674
2017-06-14,-0.12576312576312576,-0.19108669108669107,-0.1575091575091575,-0.16910866910866912,0.0757020757020757,-0.12515262515262515,-0.14896214896214896,-0.16117216117216115,-0.06898656898656899,-0.23015873015873015,-0.0293040293040293,-0.08974358974358974,0.2600732600732601
2017-06-15,-0.16971916971916973,-0.14896214896214896,-0.05006105006105006,-0.08180708180708181,0.163003663003663,-0.29242979242979245,-0.15995115995115994,-0.18681318681318682,-0.0873015873015873,-0.05372405372405373,0.06837606837606838,-0.001221001221001221,0.23931623931623933
2017-06-16,-0.23870573870573872,-0.04884004884004883,-0.015262515262515262,-0.07814407814407814,0.14102564102564102,-0.14652014652014653,-0.24053724053724052,-0.16910866910866912,-0.17704517704517705,-0.03724053724053724,0.11233211233211234,0.008547008547008548,0.17216117216117213
2017-06-19,-0.11477411477411475,-0.045177045177045176,0.022588522588522588,0.004884004884004884,0.05555555555555555,-0.152014652014652,0.057997557997558,-0.02869352869352869,0.026862026862026864,-0.007326007326007325,0.016483516483516484,0.07875457875457875,0.010989010989010988
2017-06-20,-0.13858363858363856,-0.11233211233211234,-0.1111111111111111,-0.1343101343101343,-0.06227106227106227,-0.12637362637362637,-0.07387057387057387,-0.12515262515262515,-0.10012210012210011,-0.13003663003663005,-0.047619047619047616,-0.0995115995115995,-0.005494505494505494
2017-06-21,-0.1398046398046398,0.059218559218559216,0.14285714285714285,0.024420024420024417,0.03174603174603174,-0.08241758241758242,0.1111111111111111,0.0641025641025641,0.06471306471306472,0.10073260073260072,0.152014652014652,0.015262515262515262,0.013431013431013432
2017-06-22,-0.02564102564102564,0.23870573870573872,0.2576312576312576,0.14835164835164835,0.11965811965811966,0.009157509157509158,0.17032967032967034,0.14407814407814404,0.06776556776556776,0.27350427350427353,0.2551892551892551,0.07081807081807082,0.07936507936507936
2017-06-23,-0.04029304029304029,0.25946275946275943,0.19474969474969472,0.1746031746031746,0.14713064713064714,0.010989010989010988,0.05006105006105006,0.1221001221001221,0.045177045177045176,0.24297924297924298,0.2039072039072039,0.15934065934065933,0.12637362637362637
2017-06-26,0.03540903540903541,0.18925518925518922,0.18742368742368742,0.0811965811965812,0.17094017094017094,-0.022588522588522588,-0.10012210012210011,-0.010989010989010988,0.045787545787545784,0.20085470085470084,0.24175824175824176,0.1398046398046398,0.1794871794871795
2017-06-27,0.1172161172161172,0.11965811965811966,0.0006105006105006105,0.04395604395604395,0.1916971916971917,0.26373626373626374,0.06715506715506715,-0.051892551892551896,0.14041514041514042,-0.059218559218559216,-0.004884004884004884,0.11416361416361415,0.11538461538461539
2017-06-28,0.152014652014652,0.022588522588522588,-0.07448107448107448,-0.052503052503052504,0.1105006105006105,0.18681318681318682,0.043345543345543344,-0.03479853479853479,0.2045177045177045,-0.24542124542124538,-0.17704517704517705,-0.033577533577533576,0.05006105006105006
2017-06-29,0.1862026862026862,-0.03174603174603174,-0.1282051282051282,-0.20573870573870573,0.029914529914529916,0.14407814407814404,-0.1043956043956044,-0.11477411477411475,-0.03785103785103785,-0.21062271062271062,-0.10744810744810745,-0.13553113553113552,-0.05738705738705738
2017-06-30,0.18437118437118435,0.25213675213675213,0.08669108669108669,0.029914529914529916,0.09462759462759461,0.1758241758241758,-0.12515262515262515,-0.031135531135531136,-0.07264957264957266,0.15567765567765565,0.2026862026862027,0.052503052503052504,0.03540903540903541
2017-07-03,0.03418803418803419,0.0115995115995116,-0.1172161172161172,-0.0989010989010989,0.09768009768009767,-0.05433455433455433,-0.38217338217338215,-0.27167277167277165,-0.31929181929181927,0.03540903540903541,0.20573870573870573,0.13064713064713065,0.18376068376068375
2017-07-05,-0.05982905982905983,0.0879120879120879,0.09218559218559218,-0.08669108669108669,0.16971916971916973,-0.043345543345543344,-0.2600732600732601,-0.19536019536019533,-0.2851037851037851,0.10500610500610501,0.26190476190476186,0.08669108669108669,0.18925518925518922
2017-07-06,-0.0120415982484948,0.20853858784893267,0.27367268746579093,0.08921729611384782,0.27805145046524354,0.18171866447728516,-0.0180623973727422,-0.14997263273125339,0.028461959496442254,0.14559386973180075,0.2692939244663382,0.2742200328407225,0.20908593322386423
2017-07-07,-0.016420361247947456,0.06787082649151616,0.18226600985221672,0.06075533661740558,0.28790366721401206,-0.0060207991242474,-0.17515051997810618,-0.21455938697318008,0.06403940886699507,0.1647509578544061,0.33497536945812806,0.25944170771756975,0.25013683634373285
2017-07-10,0.15544608648056923,0.15873015873015872,0.17350848385331144,0.05911330049261084,0.3437328954570334,0.12643678160919541,-0.12698412698412698,-0.10618500273672687,0.054187192118226604,0.14559386973180075,0.2468527640941434,0.17898193760262726,0.2950191570881226
2017-07-11,0.20853858784893267,-0.03229337712096333,-0.016420361247947456,-0.03776683087027915,0.12370005473453749,0.05692391899288451,-0.2255062944718117,-0.13902572523262177,0.12041598248494799,-0.03667214012041598,0.09414340448823208,0.11056376573617953,0.10344827586206896
2017-07-12,0.1330049261083744,-0.21127531472359057,-0.12370005473453749,-0.15325670498084293,-0.03886152162014231,-0.21346469622331687,-0.39518336070060206,-0.2556102900930487,-0.11877394636015325,-0.043787629994526546,0.01860974274767378,0.025725232621784347,-0.01477832512315271
2017-07-13,0.043787629994526546,-0.42528735632183906,-0.21455938697318008,-0.3787629994526546,0.09140667761357417,-0.43787629994526545,-0.5413245758073344,-0.5747126436781609,-0.1620142309797482,-0.19430760810071154,0.07443897099069512,-0.054187192118226604,0.14012041598248495
2017-07-14,-0.09797482211275313,-0.37438423645320196,-0.157088122605364,-0.37328954570333883,0.09688013136288998,-0.26053639846743293,-0.3273125342090859,-0.47290640394088673,-0.08866995073891626,-0.36672140120415986,-0.06568144499178982,-0.1538040503557745,0.042692939244663386
2017-07-17,0.11822660098522168,-0.4504652435686919,-0.10782703886152162,-0.26436781609195403,0.24083196496989598,-0.43130815544608647,-0.4674329501915709,-0.5123152709359605,-0.06787082649151616,-0.14997263273125339,0.12370005473453749,-0.005473453749315818,0.1565407772304324
2017-07-18,0.14668856048166393,-0.41105637657361793,0.10454296661193212,-0.08812260536398467,0.3459222769567597,-0.5363984674329502,-0.4789272030651341,-0.5265462506841817,0.14012041598248495,0.01696770662287904,0.27586206896551724,0.14778325123152708,0.2375478927203065
2017-07-19,-0.09085933223864258,-0.09523809523809523,0.1423097974822113,-0.06841817186644773,0.337712096332786,-0.2233169129720854,-0.15489874110563767,-0.31527093596059114,0.3459222769567597,0.07717569786535304,0.24466338259441706,0.14504652435686918,0.13136288998357964
2017-07-20,-0.04707170224411604,0.07498631636562669,0.2681992337164751,0.18500273672687464,0.4690749863163656,-0.30925013683634367,-0.3787629994526546,-0.4132457580733443,0.2868089764641488,0.36507936507936506,0.49589490968801314,0.33004926108374383,0.4165298303229338
2017-07-21,0.020251778872468526,0.1111111111111111,0.3962780514504652,0.23973727422003283,0.4641488779419814,-0.21127531472359057,-0.12205801860974276,-0.39025725232621783,0.31800766283524906,0.3968253968253968,0.4532019704433497,0.3995621237000547,0.37766830870279144
2017-07-24,0.02353585112205802,0.13738368910782706,0.2638204707170224,0.2654625068418172,0.3524904214559387,-0.11548987411056376,-0.08374384236453201,-0.19321291735084836,0.28790366721401206,0.29994526546250677,0.35851122058018614,0.39025725232621783,0.2983032293377121
2017-07-25,-0.06458675424192666,0.13026819923371646,0.1291735084838533,0.20689655172413793,0.18555008210180626,-0.09359605911330049,-0.041050903119868636,-0.061850027367268745,0.2922824302134647,0.1893814997263273,0.06513409961685823,0.2714833059660646,0.042692939244663386
2017-07-26,-0.07006020799124248,0.09359605911330049,0.03940886699507389,0.16694033935413247,0.07608100711548987,-0.055281882868089764,-0.044882320744389706,-0.06677613574165298,0.26053639846743293,0.1258894362342638,0.0963327859879584,0.19157088122605362,-0.01696770662287904
2017-07-27,-0.19594964422550626,0.1625615763546798,0.09250136836343732,0.23918992884510124,0.07717569786535304,-0.021346469622331693,0.052545155993431854,0.0,0.19594964422550626,0.21729611384783798,0.07608100711548987,0.15216201423097975,-0.05582922824302135
2017-07-28,-0.14285714285714285,0.1346469622331691,0.13081554460864805,0.18828680897646416,-0.0021893814997263274,-0.03667214012041598,0.25725232621784344,0.03229337712096333,0.31800766283524906,0.21620142309797483,0.03557744937055282,0.17077175697865354,-0.09742747673782157
2017-07-31,0.0071154898741105635,0.33388067870826493,0.24192665571975916,0.2857142857142857,0.08976464148877941,0.09688013136288998,0.25615763546798026,0.10290093048713739,0.3415435139573071,0.2802408319649699,0.19594964422550626,0.2047071702244116,-0.03886152162014231
2017-08-01,0.09250136836343732,0.17733990147783252,0.05363984674329502,-0.03831417624521073,-0.022441160372194853,0.34865900383141757,0.13136288998357964,0.07772304324028462,0.1384783798576902,0.0481663929939792,0.005473453749315818,-0.05309250136836344,-0.1417624521072797
2017-08-02,0.1691297208538588,0.007662835249042145,-0.04597701149425287,-0.0481663929939792,-0.24575807334428024,0.22167487684729065,0.18773946360153257,0.17022441160372195,0.15818281335522713,-0.09085933223864258,-0.20689655172413793,-0.16803503010399565,-0.3864258347016967
2017-08-03,0.051450465243568694,0.06841817186644773,-0.0361247947454844,0.004378762999452655,-0.05692391899288451,0.2255062944718117,0.09523809523809523,0.10180623973727422,0.10180623973727422,-0.08976464148877941,-0.11658456486042693,-0.11330049261083742,-0.15435139573070608
2017-08-04,-0.06513409961685823,0.0120415982484948,-0.19430760810071154,-0.17679255610290093,-0.31527093596059114,0.33388067870826493,-0.005473453749315818,0.09469074986316366,-0.0990695128626163,-0.19376026272577995,-0.3393541324575807,-0.27257799671592775,-0.47454844006568137
2017-08-07,-0.007662835249042145,0.13628899835796388,-0.04707170224411604,-0.03940886699507389,-0.1592775041050903,0.39792008757526,0.23590585659551178,0.21674876847290642,0.10782703886152162,-0.03393541324575808,-0.2681992337164751,-0.17022441160372195,-0.42419266557197594
2017-08-08,0.10125889436234263,0.08648056923918993,-0.19376026272577995,-0.1395730706075534,-0.22660098522167485,0.38149972632731255,0.13245758073344277,0.17898193760262726,0.0240831964969896,-0.24575807334428024,-0.4012041598248494,-0.350848385331144,-0.3234811165845649
2017-08-09,0.008210180623973728,0.03776683087027915,-0.14066776135741652,-0.14997263273125339,-0.12753147235905857,0.4006568144499179,0.23535851122058019,0.19649698960043788,-0.03229337712096333,-0.2922824302134647,-0.3388067870826491,-0.41050903119868637,-0.0755336617405583
2017-08-10,-0.05582922824302135,0.09469074986316366,-0.10892172961138478,-0.11275314723590585,0.02955665024630542,0.22933771209633277,0.07389162561576354,0.10892172961138478,-0.15873015873015872,-0.2468527640941434,-0.0842911877394636,-0.2764094143404488,0.1412151067323481
2017-08-11,-0.044882320744389706,0.1538040503557745,-0.11548987411056376,-0.08045977011494251,-0.09852216748768472,0.3437328954570334,0.19047619047619047,0.21893814997263272,-0.09031198686371099,-0.2320744389709907,-0.20963327859879585,-0.3037766830870279,-0.02079912424740011
2017-08-14,-0.07662835249042146,0.1357416529830323,-0.14285714285714285,-0.06622879036672139,-0.09140667761357417,0.19430760810071154,-0.12698412698412698,0.1023535851122058,-0.42090859332238645,-0.1258894362342638,0.052545155993431854,-0.11384783798576902,0.11877394636015325
2017-08-15,0.13519430760810072,0.2769567597153804,-0.07498631636562669,0.09414340448823208,-0.3360700602079913,0.26053639846743293,0.1652983032293377,0.3656267104542967,-0.31089217296113847,-0.007662835249042145,-0.18500273672687464,-0.18171866447728516,-0.14833059660645867
2017-08-16,0.1319102353585112,0.1899288451012589,0.0870279146141215,0.11439518336070059,-0.13245758073344277,0.21784345922276957,0.2714833059660646,0.25287356321839083,-0.2348111658456486,0.12753147235905857,-0.0996168582375479,-0.022988505747126436,0.0016420361247947454
2017-08-17,0.16967706622879036,0.044882320744389706,0.0071154898741105635,-0.09359605911330049,-0.08757525998905309,0.16310892172961136,0.18007662835249041,0.13902572523262177,-0.10618500273672687,-0.14285714285714285,-0.15599343185550082,-0.19211822660098524,0.03886152162014231
2017-08-18,0.1620142309797482,0.10673234811165844,0.14887794198139023,0.03940886699507389,-0.01477832512315271,0.12205801860974276,0.1926655719759168,0.22441160372194854,-0.13738368910782706,0.021893814997263273,0.005473453749315818,-0.12534209085933223,0.0755336617405583
2017-08-21,-0.030103995621236997,0.012588943623426383,0.05363984674329502,0.11713191023535852,0.06458675424192666,0.03667214012041598,0.21565407772304324,0.21893814997263272,0.020251778872468526,-0.034482758620689655,-0.06951286261631089,-0.06458675424192666,0.06568144499178982
2017-08-22,-0.20415982484948003,-0.008210180623973728,-0.06075533661740558,-0.06513409961685823,-0.029009304871373837,0.043787629994526546,0.08483853311439518,0.1291735084838533,-0.08757525998905309,-0.11275314723590585,-0.06732348111658455,-0.14778325123152708,0.03667214012041598
2017-08-23,-0.16803503010399565,0.1023535851122058,-0.02079912424740011,-0.015873015873015872,-0.08593322386425835,0.21018062397372742,0.23426382047071703,0.26436781609195403,-0.14614121510673234,-0.1724137931034483,-0.12643678160919541,-0.19978106185002736,-0.07334428024083196
2017-08-24,-0.19157088122605362,0.28078817733990147,0.18500273672687464,0.016420361247947456,-0.009852216748768473,0.2621784345922277,0.26108374384236455,0.31636562671045426,-0.17898193760262726,-0.06458675424192666,-0.06568144499178982,-0.2227695675971538,-0.07060755336617405
2017-08-25,-0.15216201423097975,0.3333333333333333,0.21784345922276957,0.17350848385331144,0.14614121510673234,0.23097974822112752,0.21674876847290642,0.18062397372742198,0.03065134099616858,0.015873015873015872,0.031746031746031744,-0.011494252873563218,0.05363984674329502
2017-08-28,0.10837438423645321,0.378215654077723,0.29666119321291734,0.25013683634373285,0.174055829228243,0.19430760810071154,0.3661740558292282,0.2517788724685276,0.04980842911877395,0.1417624521072797,0.06568144499178982,-0.013136288998357963,0.08538587848932677
2017-08-29,0.07443897099069512,0.08155446086480568,0.08210180623973727,0.1330049261083744,0.06951286261631089,0.01696770662287904,0.12205801860974276,0.09140667761357417,0.1291735084838533,0.00875752599890531,-0.0016420361247947454,0.0005473453749315818,-0.06896551724137931
2017-08-30,-0.09797482211275313,0.348111658456486,0.4904214559386973,0.3305966064586754,0.23535851122058019,0.0963327859879584,0.348111658456486,0.21620142309797483,0.26436781609195403,0.2785987958401751,0.2961138478379857,0.1384783798576902,0.13793103448275862
2017-08-31,-0.16803503010399565,0.17898193760262726,0.10563765736179528,0.1724137931034483,0.07717569786535304,0.11767925561029009,0.1899288451012589,0.23535851122058019,0.039956212370005476,0.04980842911877395,-0.0071154898741105635,0.041050903119868636,0.06787082649151616
2017-09-01,-0.18719211822660098,0.1384783798576902,0.03284072249589491,0.17733990147783252,-0.00875752599890531,0.09085933223864258,0.026272577996715927,0.18171866447728516,-0.0361247947454844,0.05692391899288451,-0.04159824849480022,0.06403940886699507,0.04324028461959496
2017-09-05,-0.09359605911330049,0.1839080459770115,0.020251778872468526,0.20142309797482214,0.03284072249589491,0.10727969348659004,0.12151067323481116,0.1023535851122058,0.19704433497536944,0.05856595511767926,-0.09304871373836891,0.12424740010946908,0.019157088122605366
2017-09-06,0.04980842911877395,0.10946907498631636,0.14833059660645867,0.04597701149425287,-0.05090311986863711,-0.09523809523809523,0.06130268199233716,0.0049261083743842365,0.20853858784893267,0.10180623973727422,0.09085933223864258,0.10071154898741107,-0.16967706622879036
2017-09-07,0.05911330049261084,-0.17022441160372195,0.0240831964969896,0.10727969348659004,-0.002736726874657909,-0.3984674329501916,-0.14997263273125339,-0.21182266009852216,0.21784345922276957,0.2556102900930487,0.1718664477285167,0.2868089764641488,-0.08483853311439518
2017-09-08,0.10563765736179528,-0.07881773399014778,-0.10399562123700054,0.1625615763546798,-0.20744389709906952,-0.18226600985221672,-0.061850027367268745,0.0021893814997263274,0.02736726874657909,0.13628899835796388,-0.18719211822660098,0.11986863711001641,-0.24466338259441706
2017-09-11,0.039956212370005476,0.11494252873563218,0.16748768472906403,0.34920634920634924,-0.06841817186644773,-0.22879036672140118,0.08812260536398467,0.052545155993431854,-0.011494252873563218,0.34920634920634924,0.18336070060207993,0.2621784345922277,-0.02353585112205802
2017-09-12,-0.07608100711548987,0.12041598248494799,0.24411603721948552,0.22112753147235906,0.03284072249589491,-0.09304871373836891,0.15599343185550082,0.13026819923371646,0.14833059660645867,0.12424740010946908,0.05911330049261084,0.15435139573070608,-0.0421455938697318
2017-09-13,-0.157088122605364,0.17350848385331144,0.36672140120415986,0.3442802408319649,0.24411603721948552,-0.019704433497536946,0.37383689107827034,0.294471811713191,0.367816091954023,0.2194854953475643,0.06403940886699507,0.16639299397920088,-0.11932129173508485
2017-09-14,-0.12370005473453749,0.1417624521072797,0.2463054187192118,0.23152709359605914,0.07334428024083196,0.051450465243568694,0.13628899835796388,0.1444991789819376,0.1625615763546798,0.18171866447728516,0.0990695128626163,0.07717569786535304,-0.03831417624521073
2017-09-15,-0.05582922824302135,0.2194854953475643,0.24247400109469072,0.24028461959496444,0.015873015873015872,0.0782703886152162,0.046524356869184456,0.13902572523262177,0.13793103448275862,0.3448275862068966,0.1472359058565955,0.1395730706075534,-0.10016420361247948
2017-09-18,-0.04980842911877395,-0.012588943623426383,0.07060755336617405,0.14833059660645867,-0.08264915161466885,0.06403940886699507,0.24192665571975916,0.12643678160919541,0.1472359058565955,-0.06896551724137931,-0.25123152709359603,-0.047619047619047616,-0.10071154898741107
2017-09-19,0.07608100711548987,0.09359605911330049,0.3251231527093596,0.37547892720306514,0.09742747673782157,-0.013683634373289545,0.44991789819376027,0.3240284619594964,0.4351395730706075,0.058018609742747675,-0.14833059660645867,0.020251778872468526,-0.09304871373836891
2017-09-20,0.00875752599890531,0.33169129720853857,0.5161466885604816,0.4625068418171866,0.2140120415982485,0.1954022988505747,0.571975916803503,0.5347564313081554,0.5960591133004925,0.20142309797482214,0.08866995073891626,-0.05747126436781609,-0.09688013136288998
2017-09-21,0.0038314176245210726,0.30487137383689106,0.42255062944718114,0.3798576902025178,0.2747673782156541,0.22769567597153803,0.4094143404488232,0.3957307060755336,0.36288998357963875,0.30268199233716475,0.2671045429666119,-0.043787629994526546,0.1116584564860427
2017-09-22,-0.11822660098522168,0.17679255610290093,0.21784345922276957,0.14504652435686918,0.14942528735632182,0.18117131910235357,0.19485495347564313,0.19649698960043788,0.12479474548440067,0.05090311986863711,0.061850027367268745,-0.15216201423097975,0.11439518336070059
2017-09-25,0.09852216748768472,-0.13683634373289547,-0.1417624521072797,-0.1417624521072797,0.06130268199233716,-0.21237000547345375,-0.37931034482758613,-0.11822660098522168,-0.31089217296113847,0.003284072249589491,0.1685823754789272,-0.0180623973727422,0.24521072796934865
2017-09-26,0.1319102353585112,-0.14066776135741652,-0.16420361247947454,-0.07389162561576354,0.07389162561576354,-0.18117131910235357,-0.31800766283524906,-0.2583470169677066,-0.3158182813355227,-0.060207991242473995,0.027914614121510674,0.06513409961685823,0.29392446633825947
2017-09-27,0.14833059660645867,-0.3366174055829228,-0.3147235905856595,-0.4143404488232074,-0.0038314176245210726,-0.17350848385331144,-0.4614121510673235,-0.5216201423097975,-0.41160372194854955,-0.26053639846743293,-0.019157088122605366,-0.07498631636562669,0.20799124247400108
2017-09-28,0.07662835249042146,-0.17569786535303775,-0.12096332785987958,-0.17733990147783252,0.056376573617952924,-0.19376026272577995,-0.31253420908593316,-0.3262178434592227,-0.2775041050903119,0.022441160372194853,0.19649698960043788,0.1434044882320744,0.3524904214559387
2017-09-29,0.14778325123152708,-0.13355227148330595,0.004378762999452655,-0.03940886699507389,0.09140667761357417,-0.12479474548440067,-0.25944170771756975,-0.21018062397372742,-0.19485495347564313,0.0240831964969896,0.16365626710454295,0.14833059660645867,0.33169129720853857
2017-10-02,0.17733990147783252,-0.17296113847837985,0.021346469622331693,-0.07115489874110564,0.2796934865900383,-0.22933771209633277,-0.2698412698412698,-0.31198686371100165,-0.15216201423097975,0.043787629994526546,0.28407224958949095,0.15489874110563767,0.36507936507936506
2017-10-03,0.011822660098522165,0.01822660098522167,0.31231527093596056,0.09162561576354677,0.38325123152709356,-0.06157635467980294,-0.043842364532019694,-0.12857142857142856,0.19408866995073887,0.20591133004926104,0.24532019704433491,0.15172413793103445,0.27586206896551724
2017-10-04,0.1906403940886699,0.22955665024630537,0.22955665024630537,0.19408866995073887,0.24630541871921177,0.12019704433497534,0.1364532019704433,0.011330049261083741,0.22315270935960585,0.17241379310344823,0.14679802955665022,0.13448275862068965,0.1926108374384236
2017-10-05,0.0817733990147783,0.283743842364532,0.3960591133004925,0.3266009852216748,0.33990147783251223,-0.010837438423645318,0.1576354679802955,0.10837438423645318,0.25369458128078815,0.3413793103448275,0.30837438423645314,0.25665024630541866,0.23842364532019697
2017-10-06,0.1689655172413793,0.4364532019704433,0.4270935960591132,0.40147783251231517,0.3147783251231526,0.2467980295566502,0.351231527093596,0.25418719211822655,0.267487684729064,0.37389162561576345,0.267487684729064,0.3866995073891625,0.23842364532019697
2017-10-09,0.1251231527093596,0.2748768472906403,-0.06108374384236451,0.0940886699507389,-0.19507389162561573,0.3625615763546797,0.0985221674876847,0.22413793103448273,-0.22167487684729056,0.08866995073891623,-0.08128078817733987,-0.016256157635467977,0.049753694581280775
2017-10-10,0.19852216748768467,0.1733990147783251,-0.22463054187192114,-0.08472906403940884,-0.3147783251231526,0.3438423645320196,-0.11527093596059108,0.1334975369458128,-0.3684729064039408,-0.09999999999999998,-0.2389162561576354,-0.12807881773399013,-0.12118226600985219
2017-10-11,0.15172413793103445,0.14285714285714282,-0.3669950738916255,-0.1970443349753694,-0.37142857142857133,0.2852216748768472,-0.13103448275862067,0.024137931034482755,-0.3724137931034482,-0.264039408866995,-0.3266009852216748,-0.28472906403940884,-0.23399014778325114
2017-10-12,0.3098522167487684,0.16256157635467974,-0.2596059113300492,-0.338423645320197,-0.37389162561576345,0.1862068965517241,-0.050738916256157625,-0.06896551724137931,-0.47044334975369445,-0.2029556650246305,-0.24137931034482757,-0.3034482758620689,-0.167487684729064
2017-10-13,0.23004926108374377,0.22364532019704428,0.026108374384236445,-0.14236453201970442,-0.08719211822660097,0.2389162561576354,0.07389162561576353,-0.008866995073891625,-0.17044334975369455,0.0,0.06059113300492609,-0.12906403940886696,0.010344827586206895
2017-10-16,0.19605911330049258,0.06600985221674875,-0.016256157635467977,-0.0881773399014778,0.04778325123152708,0.1906403940886699,-0.12216748768472901,-0.04876847290640393,-0.1615763546798029,-0.032512315270935954,0.05418719211822659,-0.044827586206896544,0.14334975369458125
2017-10-17,0.2576354679802955,0.21231527093596053,-0.019211822660098517,0.05714285714285713,0.03793103448275861,0.31231527093596056,0.05221674876847289,0.11527093596059108,-0.07980295566502461,-0.07783251231527093,-0.029556650246305414,-0.021674876847290636,0.04729064039408866
2017-10-18,0.25221674876847283,0.3916256157635467,0.18669950738916252,0.234975369458128,0.08325123152709359,0.3354679802955664,0.12315270935960589,0.19014778325123147,0.04827586206896551,0.1679802955665024,0.06453201970443348,0.10295566502463052,0.011822660098522165
2017-10-19,0.1650246305418719,0.24876847290640386,0.06896551724137931,0.20394088669950733,0.08916256157635466,0.15862068965517237,-0.005911330049261082,0.06995073891625614,0.01379310344827586,0.12463054187192114,0.16403940886699503,0.2581280788177339,0.04876847290640393
2017-10-20,0.06502463054187191,0.4650246305418719,0.3300492610837438,0.2793103448275862,0.10443349753694578,0.2389162561576354,0.10640394088669947,0.07684729064039407,-0.011330049261083741,0.38325123152709356,0.2950738916256157,0.37290640394088664,0.12315270935960589
2017-10-23,0.07290640394088668,0.19458128078817727,0.07192118226600984,0.2596059113300492,-0.08128078817733987,-0.06502463054187191,-0.11970443349753691,-0.07487684729064037,-0.2118226600985221,0.24729064039408863,0.024630541871921176,0.27389162561576347,-0.10394088669950736
2017-10-24,0.03201970443349753,0.16600985221674872,-0.015763546798029552,0.11871921182266006,-0.13300492610837436,0.04926108374384235,-0.0004926108374384235,-0.07241379310344825,-0.07536945812807881,0.09113300492610836,-0.04236453201970442,0.07783251231527093,-0.17783251231527092
2017-10-25,-0.09556650246305416,0.10098522167487682,-0.015763546798029552,0.12413793103448274,-0.112807881773399,-0.03990147783251231,0.0014778325123152706,-0.07241379310344825,0.031527093596059104,0.12216748768472901,-0.06009852216748767,0.11625615763546797,-0.18374384236453198
2017-10-26,-0.15862068965517237,-0.010837438423645318,-0.09458128078817732,0.0251231527093596,-0.1571428571428571,-0.04729064039408866,-0.02758620689655172,-0.00689655172413793,0.038423645320197035,0.07586206896551723,-0.034482758620689655,0.04778325123152708,-0.21970443349753688
2017-10-27,-0.11034482758620688,-0.11428571428571425,-0.10394088669950736,-0.01379310344827586,-0.11034482758620688,-0.03645320197044334,0.09113300492610836,0.007881773399014776,0.10591133004926105,-0.030541871921182254,-0.1527093596059113,0.029064039408866992,-0.23349753694581274
2017-10-30,-0.21921182266009848,-0.1615763546798029,-0.12610837438423642,-0.03596059113300492,-0.17931034482758618,-0.09113300492610836,0.19852216748768467,0.0024630541871921174,0.18128078817733986,-0.06945812807881772,-0.19014778325123147,-0.044827586206896544,-0.3068965517241379
2017-10-31,-0.08275862068965516,-0.16403940886699503,-0.034482758620689655,-0.09359605911330048,-0.13694581280788173,-0.18768472906403935,0.16206896551724134,0.01970443349753694,0.20837438423645313,-0.09655172413793102,-0.11773399014778321,-0.11477832512315268,-0.28866995073891616
2017-11-01,-0.16403940886699503,-0.04926108374384235,0.1763546798029556,0.10246305418719209,0.10541871921182264,-0.2068965517241379,0.09507389162561573,-0.024630541871921176,0.247783251231527,0.2068965517241379,0.20246305418719207,0.07684729064039407,-0.02364532019704433
2017-11-02,-0.18128078817733986,0.10197044334975366,0.28571428571428564,0.13694581280788173,0.15960591133004923,-0.000985221674876847,0.09261083743842362,0.025615763546798023,0.24975369458128074,0.15172413793103445,0.056157635467980284,0.06748768472906402,-0.08866995073891623
2017-11-03,-0.0024630541871921174,0.01379310344827586,0.3251231527093595,0.2665024630541871,0.07881773399014776,-0.1403940886699507,0.09950738916256155,-0.0073891625615763535,0.17241379310344823,0.32463054187192114,0.1615763546798029,0.2009852216748768,-0.0354679802955665
2017-11-06,-0.06995073891625614,-0.13891625615763545,-0.07290640394088668,0.13546798029556648,-0.09261083743842362,-0.2029556650246305,-0.13990147783251228,-0.15615763546798028,-0.014778325123152707,0.10935960591133002,0.03596059113300492,0.2162561576354679,0.0083743842364532
2017-11-07,-0.09556650246305416,0.09458128078817732,0.08669950738916254,0.31871921182266,-0.10738916256157634,-0.024630541871921176,0.17290640394088666,0.13940886699507385,0.15517241379310343,0.24532019704433491,0.01379310344827586,0.20246305418719207,-0.11428571428571425
2017-11-08,0.08128078817733987,0.09655172413793102,0.14729064039408865,0.2645320197044334,-0.14334975369458125,0.028078817733990142,0.2950738916256157,0.1251231527093596,0.28472906403940884,0.21083743842364527,-0.030541871921182254,0.17980295566502458,-0.27093596059113295
2017-11-09,0.11970443349753691,0.1906403940886699,0.2492610837438423,0.22955665024630537,-0.008866995073891625,0.07044334975369455,0.3290640394088669,0.2596059113300492,0.40738916256157626,0.15123152709359602,0.043842364532019694,0.11477832512315268,-0.2389162561576354
2017-11-10,0.08128078817733987,0.14236453201970442,0.12315270935960589,0.15566502463054185,-0.030541871921182254,0.026108374384236445,0.23300492610837434,0.22364532019704428,0.2990147783251231,0.1339901477832512,-0.07586206896551723,-0.011822660098522165,-0.21083743842364527
2017-11-13,0.18719211822660095,-0.031527093596059104,-0.06896551724137931,-0.08916256157635466,-0.1635467980295566,-0.10147783251231525,0.004926108374384235,-0.026600985221674867,0.15517241379310343,-0.10738916256157634,-0.12068965517241378,-0.18669950738916252,-0.15862068965517237
2017-11-14,0.010344827586206895,-0.06453201970443348,-0.04778325123152708,-0.07142857142857141,-0.11822660098522166,-0.045320197044334966,0.0167487684729064,-0.024630541871921176,0.22413793103448273,-0.11379310344827585,-0.18374384236453198,-0.18078817733990143,-0.2162561576354679
2017-11-15,-0.0586206896551724,-0.11576354679802954,-0.056157635467980284,-0.12216748768472901,0.08128078817733987,-0.12168986420669309,0.12068965517241378,-0.05911330049261083,0.42216748768472895,-0.1630541871921182,-0.1339901477832512,-0.10788177339901475,-0.27389162561576347
2017-11-16,-0.0901477832512315,-0.13251231527093593,0.049753694581280775,-0.051724137931034475,0.16995073891625612,-0.19507389162561573,0.16995073891625612,0.03940886699507388,0.5295566502463053,-0.042857142857142844,0.017241379310344827,-0.03940886699507388,-0.23004926108374377
2017-11-17,-0.09704433497536943,0.06748768472906402,0.3118226600985221,0.15024630541871917,0.3266009852216748,-0.038423645320197035,0.3068965517241379,0.21231527093596053,0.5236453201970442,0.1679802955665024,0.22315270935960585,0.12660098522167484,-0.20591133004926104
2017-11-20,0.070935960591133,0.08866995073891623,0.2669950738916256,0.15960591133004923,0.23990147783251226,0.05714285714285713,0.39852216748768465,0.27733990147783244,0.4985221674876846,0.041871921182266,0.029556650246305414,0.04581280788177339,-0.18472906403940884
2017-11-21,0.11379310344827585,0.06305418719211821,0.22413793103448273,0.09802955665024629,0.25615763546798026,0.024630541871921176,0.3073891625615763,0.2635467980295566,0.6275862068965515,0.037438423645320185,0.07339901477832511,-0.01970443349753694,-0.1251231527093596
2017-11-22,0.10935960591133002,0.11970443349753691,0.23251231527093594,0.20886699507389156,0.2596059113300492,0.17684729064039403,0.24975369458128074,0.2679802955665024,0.5541871921182264,0.05911330049261083,0.083743842364532,0.13497536945812805,0.026600985221674867
2017-11-24,0.10246305418719209,0.2527093596059113,0.26206896551724135,0.2753694581280787,0.22068965517241376,0.2177339901477832,0.31674876847290634,0.3073891625615763,0.5295566502463053,0.1970443349753694,0.2113300492610837,0.24384236453201966,0.07536945812807881
2017-11-27,0.06206896551724137,0.11674876847290637,0.247783251231527,0.2029556650246305,0.13497536945812805,0.00689655172413793,0.05221674876847289,0.11379310344827585,0.48522167487684714,0.21477832512315267,0.2891625615763546,0.26256157635467975,0.04334975369458127
2017-11-28,0.049753694581280775,-0.2551724137931034,-0.05960591133004924,0.010837438423645318,-0.10394088669950736,-0.25369458128078815,-0.20935960591133002,-0.19507389162561573,0.20788177339901473,-0.05320197044334973,-0.028571428571428564,0.05270935960591132,-0.196551724137931
2017-11-29,-0.03793103448275861,-0.06945812807881772,-0.06995073891625614,-0.003448275862068965,-0.15812807881773394,0.006403940886699506,0.000985221674876847,-0.023152709359605905,0.16650246305418717,-0.08669950738916254,-0.13842364532019702,-0.12660098522167484,-0.280295566502463
2017-11-30,-0.07241379310344825,-0.2502463054187192,-0.1630541871921182,-0.07733990147783248,-0.1719211822660098,-0.10147783251231525,-0.06995073891625614,-0.08916256157635466,0.07241379310344825,-0.1448275862068965,-0.18768472906403935,-0.15221674876847288,-0.2950738916256157
2017-12-01,0.14975369458128074,-0.14581280788177337,-0.09999999999999998,-0.13940886699507385,-0.17931034482758618,-0.05911330049261083,-0.024137931034482755,-0.05714285714285713,0.049753694581280775,-0.1339901477832512,-0.09901477832512312,-0.20049261083743838,-0.17142857142857137
2017-12-04,-0.050738916256157625,-0.16009852216748766,-0.06748768472906402,-0.13793103448275862,-0.09901477832512312,-0.15418719211822657,-0.08522167487684727,-0.13251231527093593,-0.0167487684729064,-0.11773399014778321,-0.05369458128078817,-0.11428571428571425,-0.11921182266009848
2017-12-05,-0.009359605911330046,-0.056157635467980284,0.17881773399014775,0.04236453201970442,0.1615763546798029,-0.19458128078817727,-0.04778325123152708,-0.12660098522167484,0.10788177339901475,0.15517241379310343,0.22019704433497533,0.09064039408866993,0.1571428571428571
2017-12-06,-0.044334975369458116,0.0586206896551724,0.27586206896551724,0.22118226600985216,0.23546798029556643,-0.0625615763546798,0.11822660098522166,0.06059113300492609,0.3098522167487684,0.18669950738916252,0.19113300492610832,0.14334975369458125,0.14236453201970442
2017-12-07,0.031034482758620686,0.13940886699507385,0.2763546798029556,0.3600985221674876,0.13103448275862067,-0.16059113300492608,0.12068965517241378,0.17438423645320195,0.2177339901477832,0.26206896551724135,0.18965517241379307,0.21034482758620687,0.026600985221674867
2017-12-08,-0.11428571428571425,-0.1364532019704433,0.09359605911330048,0.21921182266009848,0.012315270935960588,-0.12660098522167484,-0.015270935960591127,0.1364532019704433,0.22167487684729056,0.058128078817733984,-0.04926108374384235,0.12068965517241378,-0.03694581280788176
2017-12-11,-0.23251231527093594,-0.031527093596059104,0.05221674876847289,0.12857142857142856,0.07733990147783248,0.008866995073891625,0.08128078817733987,0.04236453201970442,0.2177339901477832,0.030049261083743836,-0.07487684729064037,0.09458128078817732,-0.0334975369458128
2017-12-12,-0.3502463054187191,-0.1615763546798029,0.05270935960591132,0.01822660098522167,0.18275862068965515,-0.15418719211822657,-0.07586206896551723,-0.15467980295566497,0.21527093596059108,-0.027093596059113295,-0.026108374384236445,0.022167487684729058,0.04876847290640393
2017-12-13,-0.26206896551724135,-0.09605911330049259,0.042857142857142844,0.11477832512315268,0.05960591133004924,-0.25172413793103443,0.049753694581280775,0.014285714285714282,0.305911330049261,0.1172413793103448,0.12463054187192114,0.10394088669950736,-0.12857142857142856
2017-12-14,-0.26009852216748763,0.013300492610837433,0.13103448275862067,0.24236453201970437,0.006403940886699506,-0.09556650246305416,0.24236453201970437,0.22955665024630537,0.20837438423645313,0.11034482758620688,0.005418719211822659,0.05320197044334973,-0.1320197044334975
2017-12-15,0.04876847290640393,-0.11871921182266006,-0.06354679802955664,-0.022167487684729058,-0.03990147783251231,-0.06157635467980294,-0.1334975369458128,0.07389162561576353,-0.3113300492610837,-0.024137931034482755,0.017241379310344827,-0.05369458128078817,0.0817733990147783
2017-12-18,0.19999999999999996,0.0024630541871921174,0.1719211822660098,0.10541871921182264,0.10492610837438422,-0.15467980295566497,-0.08423645320197042,-0.07832512315270934,-0.1532019704433497,0.11182266009852214,0.19408866995073887,0.21231527093596053,0.23546798029556643
2017-12-19,0.20394088669950733,-0.04236453201970442,0.13103448275862067,0.028078817733990142,0.17536945812807878,-0.1630541871921182,-0.083743842364532,-0.22512315270935954,-0.06945812807881772,0.14137931034482754,0.22266009852216745,0.18669950738916252,0.28620689655172404
2017-12-20,0.2842364532019704,0.015270935960591127,0.10935960591133002,0.05714285714285713,0.1615763546798029,-0.014778325123152707,-0.04137931034482758,-0.10640394088669947,-0.012807881773399012,0.1251231527093596,0.2118226600985221,0.19113300492610832,0.2576354679802955
2017-12-21,0.3561576354679802,0.026108374384236445,0.13743842364532016,0.11034482758620688,0.21871921182266005,-0.06847290640394087,-0.07142857142857141,-0.12463054187192114,0.10147783251231525,0.1862068965517241,0.22709359605911325,0.2699507389162561,0.21921182266009848
2017-12-22,0.4453201970443349,0.1615763546798029,0.16699507389162557,0.1408866995073891,0.1408866995073891,-0.01822660098522167,0.016256157635467977,-0.07931034482758618,0.14778325123152705,0.2073891625615763,0.17389162561576352,0.23399014778325114,0.13694581280788173
2017-12-26,0.5812807881773397,0.125615763546798,0.125615763546798,0.17684729064039403,0.10935960591133002,0.05270935960591132,-0.012807881773399012,0.008866995073891625,0.21871921182266005,0.19852216748768467,0.09999999999999998,0.19507389162561573,0.029556650246305414
2017-12-27,0.5052346386395293,0.20224165691031382,0.025618918780356437,0.013302130905185073,0.09360758785130238,0.17736174540246763,-0.01527281696521249,0.04335509332060321,0.07661042058356589,0.09557827391132978,0.05345485937824373,0.018475181812757046,-0.018475181812757046
2017-12-28,0.4374384236453201,-0.05566502463054186,-0.2532019704433497,-0.26206896551724135,-0.07389162561576353,0.19507389162561573,-0.2379310344827586,-0.19408866995073887,-0.031034482758620686,-0.17881773399014775,-0.14778325123152705,-0.15517241379310343,-0.10344827586206895
2017-12-29,0.3837438423645319,-0.09704433497536943,-0.2679802955665024,-0.2133004926108374,-0.16650246305418717,0.23399014778325114,-0.23103448275862065,-0.1689655172413793,-0.01379310344827586,-0.17733990147783246,-0.20541871921182261,-0.1251231527093596,-0.21231527093596053
2018-01-02,0.30935960591132994,-0.1339901477832512,-0.2596059113300492,-0.33103448275862063,-0.23300492610837434,0.247783251231527,-0.18571428571428567,-0.11034482758620688,-0.12364532019704431,-0.25615763546798026,-0.22167487684729056,-0.31970443349753686,-0.23004926108374377
2018-01-03,0.2679802955665024,-0.12709359605911327,-0.1532019704433497,-0.3600985221674876,0.0502463054187192,0.08226600985221673,-0.16059113300492608,-0.2118226600985221,-0.17438423645320195,-0.27339901477832507,-0.06305418719211821,-0.19802955665024624,0.0940886699507389
2018-01-04,0.08522167487684727,-0.015270935960591127,-0.04137931034482758,-0.3502463054187191,0.20492610837438419,0.07635467980295566,-0.17733990147783246,-0.2817733990147782,-0.19458128078817727,-0.1694581280788177,0.13940886699507385,-0.15073891625615762,0.36453201970443344
2018-01-05,0.04630541871921181,-0.10541871921182264,-0.032512315270935954,-0.1334975369458128,0.29162561576354673,0.05369458128078817,-0.12266009852216746,-0.24088669950738908,-0.1448275862068965,-0.11674876847290637,0.17093596059113297,0.08325123152709359,0.4950738916256156
2018-01-08,-0.014778325123152707,-0.12610837438423642,0.03793103448275861,-0.06108374384236451,0.30492610837438416,-0.06206896551724137,-0.12413793103448274,-0.13793103448275862,-0.02364532019704433,-0.07438423645320195,0.18522167487684724,0.12413793103448274,0.3778325123152709
2018-01-09,-0.011330049261083741,0.008866995073891625,0.08128078817733987,0.12068965517241378,0.2507389162561576,-0.08472906403940884,0.000985221674876847,0.020197044334975364,0.08571428571428569,0.05517241379310344,0.15172413793103445,0.25418719211822655,0.27241379310344827
2018-01-10,-0.05270935960591132,0.018719211822660092,0.16847290640394083,0.10492610837438422,0.29113300492610833,-0.1886699507389162,-0.08916256157635466,-0.09359605911330048,0.18916256157635464,0.2172413793103448,0.4118226600985221,0.34778325123152704,0.2871921182266009
2018-01-11,0.017130144605116793,0.11012235817575085,0.2832035595105673,0.2053392658509455,0.35706340378198,-0.1003337041156841,-0.01757508342602892,-0.07897664071190211,0.20756395995550608,0.26184649610678534,0.3268075639599555,0.36952169076751945,0.30189098998887653
2018-01-12,0.05183537263626252,0.2004449388209121,0.36284760845383757,0.45984427141268075,0.42246941045606223,-0.01668520578420467,0.0771968854282536,0.08565072302558399,0.32458286985539486,0.43804226918798667,0.3979977753058954,0.47141268075639603,0.3103448275862069
2018-01-16,0.09721913236929922,0.1221357063403782,0.32725250278086765,0.5012235817575084,0.38509454949944383,-0.1332591768631813,0.035817575083426034,0.07541713014460512,0.4709677419354839,0.4758620689655172,0.35350389321468295,0.5150166852057843,0.14126807563959956
2018-01-17,0.011790878754171301,0.14126807563959956,0.34949944382647385,0.4651835372636262,0.1421579532814238,-0.22135706340378197,0.03225806451612903,0.09588431590656285,0.46696329254727476,0.5056729699666296,0.28409343715239155,0.4131256952169076,-0.06829810901001113
2018-01-18,0.0825361512791991,0.2756395995550612,0.5052280311457175,0.531924360400445,0.32947719688542826,-0.2600667408231368,0.17330367074527253,0.04916573971078977,0.44382647385984425,0.6080088987764182,0.521245828698554,0.5216907675194661,0.13236929922135707
2018-01-19,-0.00778642936596218,0.09855394883203561,0.15239154616240266,0.21023359288097884,0.13414905450500555,-0.26941045606229147,0.1403781979977753,0.00778642936596218,0.23381535038932147,0.2507230255839822,0.15016685205784203,0.18798665183537264,0.033592880978865404
2018-01-22,-0.035817575083426034,-0.1408231368186874,-0.10077864293659622,0.07274749721913237,-0.18175750834260287,-0.28809788654060065,0.08832035595105672,0.19777530589543937,0.11635150166852058,-0.014905450500556172,-0.20355951056729701,-0.060289210233592884,-0.30055617352614017
2018-01-23,0.11101223581757509,-0.0046718576195773085,0.0371523915461624,0.09543937708565071,-0.1959955506117909,-0.13681868743047831,0.3050055617352614,0.34638487208008895,0.07274749721913237,0.09410456062291435,-0.0967741935483871,-0.06785317018909899,-0.3308120133481646
2018-01-24,-0.12880978865406006,-0.07408231368186874,-0.0002224694104560623,0.13681868743047831,0.1657397107897664,-0.3543937708565072,0.07052280311457175,0.11724137931034483,0.26941045606229147,0.12302558398220245,0.11546162402669634,0.14616240266963293,0.07185761957730812
2018-01-25,-0.16929922135706338,-0.1439377085650723,0.010901001112347052,0.020689655172413793,0.17552836484983317,-0.24983314794215797,0.05939933259176862,0.11501668520578419,0.22847608453837595,0.014460511679644046,0.06518353726362626,0.03759733036707453,0.04293659621802002
2018-01-26,-0.24805339265850945,-0.34905450500556173,-0.13414905450500555,-0.14482758620689654,0.12747497219132367,-0.4362625139043382,-0.20978865406006672,-0.1385984427141268,0.056729699666295874,0.025583982202447165,0.16262513904338155,0.0353726362625139,0.12569521690767518
2018-01-29,-0.3098998887652948,-0.4131256952169076,-0.06473859844271414,-0.1657397107897664,0.2182424916573971,-0.4958843159065628,-0.21201334816462733,-0.20222469410456062,-0.11679644048943269,0.02513904338153504,0.22491657397107895,0.1332591768631813,0.22803114571746386
2018-01-30,-0.4513904338153503,-0.36551724137931035,-0.016240266963292546,-0.08209121245828699,0.3552836484983315,-0.5221357063403782,-0.28231368186874306,-0.36017797552836484,-0.15016685205784203,0.03225806451612903,0.2947719688542826,0.2200222469410456,0.3886540600667408
2018-01-31,-0.36462736373748605,-0.3459399332591768,-0.06340378197997774,-0.14616240266963293,0.21201334816462733,-0.48075639599555064,-0.2943270300333704,-0.3637374860956618,-0.16395995550611792,0.045606229143492764,0.2525027808676307,0.21379310344827587,0.2827586206896551
2018-02-01,-0.23025583982202447,-0.16173526140155728,0.23737486095661847,0.13103448275862067,0.3147942157953281,-0.36284760845383757,-0.10789766407119021,-0.16484983314794216,0.13815350389321468,0.20489432703003335,0.28854282536151277,0.2053392658509455,0.24716351501668518
2018-02-02,-0.31835372636262516,-0.07986651835372637,0.2832035595105673,0.19510567296996661,0.4558398220244716,-0.31345939933259176,-0.030033370411568408,-0.19688542825361513,0.27786429365962184,0.2360400444938821,0.37664071190211346,0.26629588431590656,0.3908787541713014
2018-02-05,0.014460511679644046,-0.16173526140155728,0.18487208008898778,0.08832035595105672,0.2756395995550612,-0.3103448275862069,-0.017130144605116793,-0.2516129032258065,0.2636262513904338,0.15417130144605118,0.20311457174638486,0.1959955506117909,0.19154616240266964
2018-02-06,0.030478309232480537,-0.030036711722188036,0.058954393770856504,0.047385984427141266,0.10923248053392658,0.005116796440489433,0.0389321468298109,-0.03626251390433815,0.22714126807563956,0.016240266963292546,0.0460511679644049,0.07942157953281423,-0.006006674082313682
2018-02-07,-0.033592880978865404,-0.18531701890989988,0.17730812013348163,0.046941045606229144,0.2560622914349277,-0.014460511679644046,0.030478309232480537,0.038042269187986644,0.22580645161290322,-0.07408231368186874,0.12525027808676306,-0.010011123470522802,0.16840934371523916
2018-02-08,-0.06473859844271414,-0.00689655172413793,0.24360400444938823,0.38954393770856505,0.22180200222469412,0.01757508342602892,0.25294771968854285,0.2307007786429366,0.3090100111234705,0.08654060066740822,0.040711902113459396,0.11279199110122358,0.1243604004449388
2018-02-09,-0.022914349276974413,-0.09454949944382647,0.1408231368186874,0.18620689655172412,0.19288097886540603,-0.18487208008898778,0.07497219132369298,0.13993325917686317,0.13681868743047831,0.05005561735261402,0.09365962180200223,0.09588431590656285,0.1568409343715239
2018-02-12,-0.1764182424916574,0.04471635150166852,0.2596218020022247,0.332146829810901,0.26273637374860953,-0.1764182424916574,0.17775305895439378,0.2182424916573971,0.15194660734149054,0.25428253615127916,0.2645161290322581,0.25383759733036704,0.26585094549499444
2018-02-13,0.08476084538375972,0.07363737486095662,0.14616240266963293,0.1439377085650723,0.1350389321468298,0.08032039208673987,0.22447163515016688,0.22447163515016688,0.007341490545050056,0.10122358175750834,0.11056729699666296,0.02647385984427141,0.20934371523915463
2018-02-14,-0.020244716351501667,-0.005561735261401557,0.03626251390433815,0.12347052280311456,0.07185761957730812,0.07586206896551724,0.14349276974416017,0.15016685205784203,-0.020689655172413793,0.07185761957730812,0.11190211345939934,0.09365962180200223,0.12124582869855395
2018-02-15,0.024249165739710785,0.1332591768631813,0.32057842046718577,0.2266963292547275,0.13904338153503895,0.28097886540600664,0.4162402669632926,0.3139043381535039,0.185761957730812,0.1635150166852058,0.21557285873192436,0.15239154616240266,0.09632925472747497
2018-02-16,0.07986651835372637,0.10077864293659622,0.2146829810901001,0.18442714126807563,0.13370411568409346,0.07452725250278086,0.20622914349276972,0.2600667408231368,0.06829810901001113,0.2164627363737486,0.1959955506117909,0.2186874304783092,0.054505005561735265
2018-02-20,-0.033592880978865404,0.16751946607341492,0.31078976640711903,0.26941045606229147,0.1239154616240267,0.1350389321468298,0.296551724137931,0.32725250278086765,0.12169076751946609,0.3081201334816463,0.30589543937708563,0.22714126807563956,-0.05628476084538376
2018-02-21,-0.071412680756396,0.21601779755283645,0.32057842046718577,0.3699666295884316,0.04916573971078977,0.22803114571746386,0.3904338153503893,0.418020022246941,0.11368186874304784,0.2992213570634038,0.18620689655172412,0.2796440489432703,-0.11056729699666296
2018-02-22,-0.10789766407119021,0.3681868743047831,0.349944382647386,0.3348164627363737,-0.08743047830923248,0.45984427141268075,0.6284760845383759,0.6284760845383759,0.28587319243604004,0.24093437152391545,-0.07408231368186874,0.11857619577308119,-0.3971078976640712
2018-02-23,-0.18175750834260287,0.2387096774193548,0.11857619577308119,0.2489432703003337,-0.13103448275862067,0.31123470522803115,0.3904338153503893,0.48609566184649605,0.2293659621802002,0.03492769744160178,-0.3236929922135706,-0.05850945494994438,-0.4883203559510568
2018-02-26,-0.19199110122358176,0.08876529477196884,-0.10567296996662959,0.11679644048943269,-0.27919911012235815,0.29744160177975526,0.32547274749721916,0.3268075639599555,0.15150166852057842,-0.14883203559510566,-0.30945494994438266,-0.11946607341490545,-0.531924360400445
2018-02-27,-0.13770856507230256,0.029588431590656286,-0.15417130144605118,-0.017130144605116793,-0.07630700778642936,0.217797552836485,0.10656284760845385,0.14972191323692993,-0.08921023359288098,-0.24315906562847608,-0.27786429365962184,-0.1581757508342603,-0.21557285873192436
2018-02-28,-0.16751946607341492,0.09721913236929922,-0.1479421579532814,-0.006006674082313682,-0.38598442714126807,0.20934371523915463,0.2520578420467186,0.20444938820912126,0.06607341490545049,-0.06963292547274749,-0.3041156840934371,-0.18531701890989988,-0.5101223581757508
2018-03-01,-0.23737486095661847,0.10166852057842046,-0.11590656284760845,-0.041156840934371525,-0.2502780867630701,0.11056729699666296,0.08921023359288098,0.2449388209121246,-0.11457174638487205,-0.029588431590656286,-0.18086763070077863,-0.19510567296996661,-0.22803114571746386
2018-03-02,-0.23915461624026696,0.05761957730812013,-0.10567296996662959,-0.06829810901001113,-0.17285873192436038,0.09899888765294772,0.0037819799777530586,0.14171301446051168,-0.23692992213570632,-0.07541713014460512,-0.10789766407119021,-0.14660734149054505,-0.12791991101223582
2018-03-05,-0.1897664071190211,0.19377085650723025,-0.020244716351501667,0.0046718576195773085,-0.10122358175750834,0.1203559510567297,-0.038042269187986644,0.08876529477196884,-0.30189098998887653,0.1581757508342603,0.061179087875417135,-0.05628476084538376,-0.028253615127919914
2018-03-06,-0.19421579532814237,0.18175750834260287,0.034482758620689655,0.05583982202447163,-0.1296996662958843,0.2,0.15150166852057842,0.12525027808676306,-0.08565072302558399,-0.047385984427141266,-0.22180200222469412,-0.09632925472747497,-0.1408231368186874
2018-03-07,-0.27697441601779754,-0.17330367074527253,-0.2422691879866518,-0.1875417130144605,-0.4576195773081201,-0.13147942157953282,-0.11635150166852058,-0.11946607341490545,-0.15773081201334815,-0.16796440489432704,-0.34282536151279197,-0.2569521690767519,-0.3890989988876529
2018-03-08,-0.3139043381535039,-0.24360400444938823,-0.3410456062291435,-0.2849833147942158,-0.4122358175750834,-0.14838709677419354,-0.16662958843159065,-0.16307007786429364,-0.26852057842046717,-0.22313681868743046,-0.3236929922135706,-0.21379310344827587,-0.3076751946607342
2018-03-09,-0.4780867630700778,-0.11412680756395997,-0.19955506117908786,-0.1604004449388209,-0.32146829810900995,0.034482758620689655,-0.018020022246941044,-0.001557285873192436,-0.1439377085650723,-0.22491657397107895,-0.2703003337041157,-0.27341490545050057,-0.2569521690767519
2018-03-12,-0.20222469410456062,-0.030923248053392655,-0.0914349276974416,-0.10834260289210233,-0.15639599555061176,-0.07675194660734148,-0.13370411568409346,-0.18620689655172412,-0.1003337041156841,0.06340378197997774,0.040711902113459396,-0.016240266963292546,-0.058064516129032254
2018-03-13,-0.15283648498331479,0.15061179087875418,0.05406006674082313,0.04293659621802002,-0.10611790878754171,-0.0033370411568409346,-0.071412680756396,-0.10255839822024472,-0.07942157953281423,0.17864293659621802,0.07408231368186874,0.08876529477196884,0.014460511679644046
2018-03-14,-0.1764182424916574,0.10834260289210233,-0.0932146829810901,0.16929922135706338,-0.1096774193548387,-0.05005561735261402,-0.07363737486095662,-0.1114571746384872,-0.17196885428253617,0.13147942157953282,-0.007341490545050056,0.21557285873192436,-0.08120133481646273
2018-03-15,-0.10389321468298107,-0.03670745272525028,-0.064293659621802,0.059844271412680755,-0.03982202447163515,-0.09010011123470522,0.014905450500556172,-0.06206896551724137,0.03626251390433815,0.12124582869855395,0.12791991101223582,0.13993325917686317,-0.059844271412680755
2018-03-16,-0.1292547274749722,0.03982202447163515,-0.0825361512791991,0.034037819799777526,-0.03626251390433815,-0.020244716351501667,-0.17063403781979977,-0.07007786429365963,-0.17819799777530587,0.1581757508342603,0.13014460511679646,0.11056729699666296,0.13147942157953282
2018-03-19,-0.2360400444938821,-0.14616240266963293,-0.3899888765294772,-0.2636262513904338,-0.303670745272525,0.08031145717463849,-0.05761957730812013,0.013125695216907676,-0.2507230255839822,-0.3472747497219132,-0.22491657397107895,-0.19154616240266964,-0.023359288097886538
2018-03-20,-0.04961067853170189,-0.20978865406006672,-0.1292547274749722,-0.11635150166852058,-0.15194660734149054,-0.16529477196885425,-0.06918798665183537,0.021134593993325918,-0.10166852057842046,-0.13681868743047831,-0.13548387096774192,-0.08698553948832036,-0.09988876529477196
2018-03-21,-0.0135706340378198,-0.31123470522803115,-0.35973303670745277,-0.29744160177975526,-0.3014460511679644,-0.1385984427141268,-0.16885428253615126,-0.21023359288097884,-0.17018909899888765,-0.27474972191323693,-0.2805339265850945,-0.1635150166852058,-0.15061179087875418
2018-03-22,0.057174638487208,-0.2912124582869855,-0.16929922135706338,-0.12658509454949946,-0.20622914349276972,-0.12703003337041155,0.11412680756395997,-0.04204671857619577,0.05094549499443826,-0.1764182424916574,-0.2360400444938821,-0.16395995550611792,-0.23159065628476083
2018-03-23,0.2395995550611791,-0.09276974416017797,-0.06384872080088987,-0.018909899888765295,-0.07007786429365963,-0.034482758620689655,0.19332591768631813,0.15550611790878754,0.21290322580645163,-0.12124582869855395,-0.1408231368186874,-0.14705228031145717,-0.16307007786429364
2018-03-26,0.05583982202447163,-0.0932146829810901,0.018020022246941044,-0.017130144605116793,0.06829810901001113,-0.05361512791991101,0.08031145717463849,0.18531701890989988,0.14349276974416017,-0.010011123470522802,0.0002224694104560623,-0.12703003337041155,0.0135706340378198
2018-03-27,-0.0064516129032258064,-0.0967741935483871,-0.053170189098998885,-0.005561735261401557,0.04204671857619577,0.01846496106785317,0.021579532814238044,0.09054505005561733,0.014460511679644046,-0.08298109010011123,-0.09899888765294772,-0.027808676307007785,0.024249165739710785
2018-03-28,-0.021579532814238044,-0.028253615127919914,-0.15951056729699667,-0.03848720800889878,-0.15595105672969967,0.14349276974416017,-0.2422691879866518,-0.10745272525027807,-0.3686318131256952,-0.09499443826473859,-0.11724137931034483,-0.05361512791991101,-0.008231368186874304
2018-03-29,-0.1884315906562848,0.24938820912124582,0.1132369299221357,0.04516129032258065,0.038042269187986644,0.23515016685205786,-0.1243604004449388,-0.07452725250278086,-0.29032258064516125,0.1203559510567297,0.09944382647385984,-0.03492769744160178,0.24360400444938823
2018-04-02,-0.001557285873192436,-0.00778642936596218,0.038042269187986644,-0.020244716351501667,0.08565072302558399,-0.0037819799777530586,-0.07586206896551724,-0.07675194660734148,-0.1839822024471635,-0.0006674082313681868,0.13370411568409346,0.03225806451612903,0.21913236929922134
2018-04-03,0.06786071907605445,0.15663588927718797,0.20002225065368182,0.15663588927718797,0.14617866371464847,0.0017799532872407723,0.1739904338277855,-0.0011124708045254829,-0.041161419767442864,0.15596840679447269,0.23361886895035136,0.2714428763042178,0.20180220394092258
2018-04-04,0.15239154616240266,0.12347052280311456,0.11635150166852058,0.14126807563959956,0.1132369299221357,-0.07274749721913237,-0.09010011123470522,-0.0843159065628476,-0.04204671857619577,0.19243604004449388,0.19688542825361513,0.31746384872080086,0.24404894327030033
2018-04-05,0.0424916573971079,0.0011123470522803117,0.014460511679644046,0.035817575083426034,0.04516129032258065,-0.13147942157953282,-0.14660734149054505,-0.12880978865406006,-0.13637374860956616,0.06918798665183537,0.046941045606229144,0.1875417130144605,0.10300333704115683
2018-04-06,0.08120133481646273,-0.08075639599555061,-0.12258064516129033,-0.05406006674082313,-0.054505005561735265,-0.2796440489432703,-0.27519466073414905,-0.3147942157953281,-0.2511679644048943,0.07586206896551724,0.05850945494994438,0.1243604004449388,0.027808676307007785
2018-04-09,0.10211345939933258,-0.040266963292547274,0.021134593993325918,0.06295884315906564,-0.13770856507230256,-0.2921023359288098,-0.20756395995550608,-0.2204671857619577,-0.2253615127919911,0.24271412680756396,0.13726362625139044,0.30856507230255836,0.02202447163515017
2018-04-10,-0.1350389321468298,0.12258064516129033,0.2578420467185762,0.28186874304783094,-0.046941045606229144,-0.20355951056729701,0.2204671857619577,0.0460511679644049,0.0424916573971079,0.24983314794215797,0.11457174638487205,0.33748609566184645,-0.0371523915461624
2018-04-11,-0.033592880978865404,-0.05139043381535039,0.13548387096774192,0.2182424916573971,-0.18887652947719688,-0.2921023359288098,0.1897664071190211,0.0843159065628476,0.10700778642936595,0.20756395995550608,-0.07942157953281423,0.26273637374860953,-0.09054505005561733
2018-04-12,0.028253615127919914,-0.023804226918798663,0.07942157953281423,0.2996662958843159,-0.13726362625139044,-0.34638487208008895,0.09454949944382647,0.1403781979977753,0.1408231368186874,0.2800889877641824,0.020689655172413793,0.21557285873192436,-0.13103448275862067
2018-04-13,-0.08075639599555061,-0.26585094549499444,-0.01268075639599555,0.014015572858731925,-0.22180200222469412,-0.40600667408231367,-0.0135706340378198,0.08609566184649611,-0.06206896551724137,0.08876529477196884,-0.047830923248053395,0.034482758620689655,-0.24671857619577306
2018-04-16,-0.030923248053392655,-0.13948832035595105,0.023804226918798663,-0.04961067853170189,-0.29744160177975526,-0.2266963292547275,0.0037819799777530586,0.09276974416017797,-0.09098998887652948,0.021579532814238044,-0.1003337041156841,-0.06963292547274749,-0.3076751946607342
2018-04-17,-0.11768631813125695,-0.2516129032258065,-0.19866518353726362,-0.15372636262513903,-0.30945494994438266,-0.2453837597330367,0.059844271412680755,0.07897664071190211,-0.05183537263626252,-0.2600667408231368,-0.3161290322580645,-0.2547274749721913,-0.38242491657397104
2018-04-18,-0.19421579532814237,-0.32769744160177977,-0.31167964404894327,-0.2622914349276974,-0.35661846496106786,-0.160845383759733,-0.040711902113459396,0.02246941045606229,-0.08743047830923248,-0.38776418242491656,-0.5105672969966629,-0.4309232480533926,-0.38598442714126807
2018-04-19,-0.17330367074527253,-0.2671857619577308,-0.36551724137931035,-0.3890989988876529,-0.3161290322580645,-0.029588431590656286,-0.0731924360400445,-0.04427141268075639,-0.24048943270300333,-0.4629588431590656,-0.5194660734149055,-0.5248053392658508,-0.22803114571746386
2018-04-20,-0.10923248053392658,-0.2596218020022247,-0.2996662958843159,-0.3997775305895439,-0.1546162402669633,-0.0914349276974416,-0.15239154616240266,-0.11902113459399331,-0.2587319243604005,-0.40867630700778645,-0.2636262513904338,-0.439377085650723,0.01935483870967742
2018-04-23,-0.11012235817575085,-0.2925472747497219,-0.40778642936596216,-0.4126807563959955,-0.23781979977753054,-0.10077864293659622,-0.31167964404894327,-0.19955506117908786,-0.3819799777530589,-0.4229143492769744,-0.23025583982202447,-0.2925472747497219,0.028253615127919914
2018-04-24,-0.08876529477196884,-0.4206896551724138,-0.31568409343715237,-0.2921023359288098,-0.021579532814238044,-0.28898776418242494,-0.517686318131257,-0.36284760845383757,-0.5710789766407119,-0.2360400444938821,-0.0011123470522803117,0.0006674082313681868,0.296551724137931
2018-04-25,-0.17997775305895441,-0.25294771968854285,-0.2382647385984427,-0.2947719688542826,-0.05583982202447163,-0.24271412680756396,-0.4843159065628476,-0.38731924360400444,-0.5710789766407119,-0.01757508342602892,0.2253615127919911,0.07853170189098999,0.39532814238042263
2018-04-26,-0.2293659621802002,-0.15061179087875418,-0.05272525027808676,-0.23648498331479423,0.09454949944382647,-0.15417130144605118,-0.23648498331479423,-0.3210233592880979,-0.3281423804226919,-0.03270300333704116,0.09944382647385984,0.12569521690767518,0.32858731924360396
2018-04-27,-0.08520578420467186,-0.04961067853170189,-0.06829810901001113,-0.17152391546162402,-0.027808676307007785,0.10878754171301447,-0.053170189098998885,-0.22803114571746386,-0.06651835372636263,-0.14482758620689654,-0.05361512791991101,-0.019799777530589546,0.11902113459399331
2018-04-30,-0.09543937708565071,0.11857619577308119,0.11056729699666296,0.06251390433815351,0.13236929922135707,0.05094549499443826,-0.018020022246941044,-0.08520578420467186,0.005561735261401557,0.2200222469410456,0.289432703003337,0.15372636262513903,0.22358175750834258
2018-05-01,-0.06963292547274749,0.19243604004449388,0.04293659621802002,0.0825361512791991,0.05583982202447163,0.10344827586206896,-0.025583982202447165,-0.06562847608453837,0.0389321468298109,0.1332591768631813,0.13192436040044492,0.21334816462736375,0.10211345939933258
2018-05-02,-0.1243604004449388,0.22093670177876087,0.11412680756395997,0.17508342602892102,0.12525027808676306,0.0731924360400445,0.09232480533926585,-0.040711902113459396,0.15506117908787542,0.14171301446051168,0.06251390433815351,0.20355951056729701,0.0353726362625139
2018-05-03,-0.185761957730812,0.2204671857619577,0.13815350389321468,0.2671857619577308,0.05583982202447163,-0.11724137931034483,-0.05494994438264739,0.021134593993325918,0.08609566184649611,0.35261401557285876,0.14260289210233593,0.39221357063403783,0.010456062291434927
2018-05-04,-0.22447163515016688,0.05228031145717464,-0.06696329254727475,0.05272525027808676,-0.15417130144605118,-0.0046718576195773085,-0.05228031145717464,0.05094549499443826,0.007341490545050056,0.07096774193548387,-0.0460511679644049,0.09721913236929922,-0.12080088987764183
2018-05-07,-0.20133481646273638,0.10478309232480533,-0.08876529477196884,0.14304783092324808,-0.19021134593993325,0.071412680756396,0.13993325917686317,0.17997775305895441,-0.06206896551724137,0.033592880978865404,-0.07230255839822024,0.11101223581757509,-0.1911012235817575
2018-05-08,-0.26852057842046717,0.2582869855394883,-0.01668520578420467,0.10389321468298107,-0.15194660734149054,0.0914349276974416,0.07942157953281423,0.0967741935483871,-0.016240266963292546,0.11768631813125695,-0.009566184649610678,0.0460511679644049,-0.15417130144605118
2018-05-09,-0.11590656284760845,0.28186874304783094,0.13281423804226916,0.21379310344827587,-0.07230255839822024,0.06473859844271414,0.29343715239154616,0.27430478309232476,0.12124582869855395,0.21067853170189096,0.04916573971078977,0.11056729699666296,-0.15239154616240266
2018-05-10,-0.06162402669632924,0.10567296996662959,0.08031145717463849,0.12747497219132367,-0.08476084538375972,0.022914349276974413,0.3472747497219132,0.28809788654060065,0.29521690767519465,0.040266963292547274,-0.11991101223581756,0.012235817575083427,-0.3325917686318131
2018-05-11,-0.045606229143492764,0.1243604004449388,0.029588431590656286,0.09543937708565071,-0.18887652947719688,0.05361512791991101,0.1768631813125695,0.20756395995550608,0.2449388209121246,0.08609566184649611,-0.1586206896551724,0.06251390433815351,-0.4197997775305895
2018-05-14,-0.20845383759733035,0.060734149054505006,0.010011123470522802,0.046496106785317015,-0.04961067853170189,0.038042269187986644,0.05406006674082313,0.09098998887652948,0.11991101223581756,0.006006674082313682,-0.06384872080088987,0.03492769744160178,-0.1350389321468298
2018-05-15,-0.3450500556173526,0.09232480533926585,0.14349276974416017,0.12747497219132367,-0.023804226918798663,0.03626251390433815,0.02202447163515017,0.07408231368186874,0.1243604004449388,0.0896551724137931,0.053170189098998885,0.11724137931034483,-0.09588431590656285
2018-05-16,-0.3423804226918799,0.03848720800889878,0.0825361512791991,0.1403781979977753,-0.071412680756396,-0.046941045606229144,0.03937708565072302,-0.025583982202447165,0.08164627363737487,0.14660734149054505,0.09276974416017797,0.18798665183537264,-0.07363737486095662
2018-05-17,-0.3468298109010011,0.04516129032258065,-0.01668520578420467,0.14705228031145717,-0.11724137931034483,0.08342602892102337,0.06518353726362626,0.07897664071190211,0.1532814238042269,0.03136818687430478,-0.12658509454949946,0.1604004449388209,-0.22447163515016688
2018-05-18,-0.24048943270300333,0.09855394883203561,0.15550611790878754,0.17374860956618463,-0.04961067853170189,0.06340378197997774,0.1239154616240267,0.07942157953281423,0.19421579532814237,0.20934371523915463,0.004226918798665183,0.14883203559510566,-0.189321468298109
2018-05-21,-0.26896551724137935,0.15239154616240266,0.04827586206896552,0.18086763070077863,-0.2738598442714127,0.11813125695216908,0.14616240266963293,0.1764182424916574,0.1114571746384872,0.09855394883203561,-0.13414905450500555,0.021134593993325918,-0.33125695216907675
2018-05-22,-0.20667408231368187,0.2200222469410456,0.07052280311457175,0.2164627363737486,-0.28231368186874306,0.16440489432703,0.2360400444938821,0.2502780867630701,0.11190211345939934,0.05628476084538376,-0.19377085650723025,-0.029588431590656286,-0.26273637374860953
2018-05-23,-0.3125695216907675,0.13726362625139044,0.11546162402669634,0.2088987764182425,-0.1345939933259177,0.18175750834260287,0.3014460511679644,0.27208008898776415,0.12302558398220245,0.07452725250278086,-0.11902113459399331,-0.09588431590656285,-0.16262513904338155
2018-05-24,-0.196440489432703,0.2774193548387097,0.38509454949944383,0.3268075639599555,0.10211345939933258,0.2569521690767519,0.2854282536151279,0.31790878754171303,0.18487208008898778,0.19688542825361513,0.1345939933259177,-0.046496106785317015,0.03759733036707453
2018-05-25,-0.32057842046718577,0.11813125695216908,0.196440489432703,0.22491657397107895,0.10567296996662959,0.03848720800889878,0.17330367074527253,0.10745272525027807,0.07230255839822024,0.17997775305895441,0.12302558398220245,0.07853170189098999,0.05406006674082313
2018-05-29,-0.1221357063403782,-0.07808676307007786,-0.01757508342602892,0.01935483870967742,-0.030478309232480537,-0.047830923248053395,0.07052280311457175,0.0932146829810901,0.028698553948832032,-0.12258064516129033,-0.10567296996662959,-0.08342602892102337,-0.03492769744160178
2018-05-30,-0.09899888765294772,0.006006674082313682,-0.023359288097886538,0.07230255839822024,-0.06251390433815351,0.01846496106785317,0.06785317018909899,0.13058954393770855,-0.060289210233592884,0.03848720800889878,-0.05939933259176862,-0.030033370411568408,-0.0825361512791991
2018-05-31,-0.0371523915461624,-0.007341490545050056,-0.09766407119021134,-0.05761957730812013,-0.11813125695216908,0.041156840934371525,-0.0011123470522803117,0.03626251390433815,-0.035817575083426034,-0.03314794215795328,-0.13726362625139044,-0.07541713014460512,-0.07897664071190211
2018-06-01,-0.0037819799777530586,0.10211345939933258,-0.05939933259176862,0.030033370411568408,-0.10611790878754171,0.14527252502780869,0.1408231368186874,0.11457174638487205,0.0011123470522803117,-0.053170189098998885,-0.13993325917686317,-0.08342602892102337,-0.0771968854282536
2018-06-04,-0.019134497837838306,0.1243604004449388,-0.07808676307007786,-0.05094549499443826,-0.16129032258064516,0.19555061179087874,0.10077864293659622,0.10211345939933258,-0.09810901001112346,-0.033592880978865404,-0.10122358175750834,-0.13014460511679646,-0.1421579532814238
2018-06-05,-0.03181312569521691,0.20756395995550608,-0.007341490545050056,0.07497219132369298,-0.012235817575083427,0.12836484983314794,0.160845383759733,0.13058954393770855,-0.047830923248053395,0.02513904338153504,-0.010011123470522802,-0.0011123470522803117,0.03626251390433815
2018-06-06,-0.06829810901001113,-0.046941045606229144,-0.17018909899888765,0.01757508342602892,-0.006006674082313682,0.046941045606229144,0.06963292547274749,0.15639599555061176,0.009121245828698554,-0.17374860956618463,-0.1345939933259177,-0.08832035595105672,-0.07185761957730812
2018-06-07,0.0878754171301446,-0.03937708565072302,-0.20578420467185762,-0.0771968854282536,-0.016240266963292546,0.03136818687430478,-0.17241379310344826,0.060734149054505006,-0.10745272525027807,-0.1599555061179088,-0.059844271412680755,-0.12880978865406006,0.0135706340378198
2018-06-08,-0.09054505005561733,-0.06963292547274749,-0.11902113459399331,-0.16929922135706338,-0.047830923248053395,-0.03136818687430478,-0.12480533926585094,-0.0731924360400445,-0.13014460511679646,-0.17730812013348163,0.00689655172413793,-0.1768631813125695,0.06607341490545049
2018-06-11,-0.11501668520578419,0.17152391546162402,0.16929922135706338,0.08832035595105672,0.11724137931034483,0.0135706340378198,-0.14883203559510566,-0.08654060066740822,-0.20266963292547271,0.18487208008898778,0.23470522803114574,0.11190211345939934,0.2520578420467186
2018-06-12,-0.182202447163515,0.1439377085650723,0.18531701890989988,0.15728587319243603,0.1243604004449388,0.0037819799777530586,-0.14838709677419354,-0.15951056729699667,-0.207119021134594,0.2360400444938821,0.2418242491657397,0.20311457174638486,0.2489432703003337
2018-06-13,-0.14616240266963293,-0.1385984427141268,-0.21334816462736375,-0.005116796440489433,-0.14838709677419354,-0.06785317018909899,-0.32146829810900995,-0.2342602892102336,-0.21379310344827587,-0.14171301446051168,-0.10745272525027807,-0.021579532814238044,0.023359288097886538
2018-06-14,-0.16440489432703,-0.09410456062291435,-0.0731924360400445,-0.06162402669632924,-0.001557285873192436,-0.16840934371523916,-0.2921023359288098,-0.36017797552836484,-0.189321468298109,0.08520578420467186,0.2520578420467186,0.07497219132369298,0.19021134593993325
2018-06-15,-0.13281423804226916,-0.3775305895439377,-0.2711902113459399,-0.17419354838709677,-0.060734149054505006,-0.34282536151279197,-0.4269187986651835,-0.5394883203559511,-0.17152391546162402,-0.06607341490545049,0.08209121245828699,0.12658509454949946,0.09944382647385984
2018-06-18,-0.2987764182424916,-0.2756395995550612,-0.4113459399332592,-0.31568409343715237,-0.23692992213570632,-0.04338153503893215,-0.18086763070077863,-0.2854282536151279,-0.08342602892102337,-0.3668520578420467,-0.2649610678531702,-0.13726362625139044,-0.18798665183537264
2018-06-19,-0.26896551724137935,-0.3548387096774193,-0.314349276974416,-0.33926585094549494,-0.20934371523915463,-0.17552836484983317,-0.31568409343715237,-0.32235817575083425,-0.18442714126807563,-0.2645161290322581,-0.19243604004449388,-0.09944382647385984,-0.17997775305895441
2018-06-20,-0.17908787541713014,-0.2307007786429366,-0.16307007786429364,-0.15239154616240266,-0.023804226918798663,-0.24093437152391545,-0.217797552836485,-0.17997775305895441,-0.00689655172413793,-0.12347052280311456,0.023804226918798663,-0.0046718576195773085,-0.03314794215795328
2018-06-21,-0.16440489432703,-0.19866518353726362,-0.11101223581757509,-0.13770856507230256,-0.08031145717463849,-0.13414905450500555,-0.058954393770856504,-0.07764182424916574,0.0037819799777530586,-0.1114571746384872,-0.07808676307007786,-0.11501668520578419,-0.10834260289210233
2018-06-22,0.08120133481646273,-0.1003337041156841,0.06251390433815351,0.034037819799777526,0.034037819799777526,0.02513904338153504,0.16618464961067853,0.14972191323692993,0.10166852057842046,-0.06785317018909899,-0.018909899888765295,-0.05761957730812013,-0.046496106785317015
2018-06-25,0.02513904338153504,0.045606229143492764,0.07052280311457175,0.0878754171301446,0.1096774193548387,0.09098998887652948,0.07675194660734148,0.08164627363737487,0.0028921023359288096,-0.01579532814238042,0.03626251390433815,0.0460511679644049,0.027808676307007785
2018-06-26,0.18264738598442715,0.27919911012235815,0.15417130144605118,0.16129032258064516,0.08476084538375972,0.2413793103448276,0.2182424916573971,0.20177975528364847,0.13281423804226916,0.11412680756395997,-0.010456062291434927,0.1546162402669633,-0.05761957730812013
2018-06-27,-0.010456062291434927,0.08298109010011123,-0.22402669632925473,-0.11768631813125695,-0.3348164627363737,0.13147942157953282,-0.060289210233592884,0.0967741935483871,-0.3032258064516129,-0.08520578420467186,-0.21423804226918797,-0.16173526140155728,-0.2556173526140155
2018-06-28,0.08164627363737487,0.06785317018909899,0.0020022246941045607,0.03136818687430478,0.01668520578420467,0.06829810901001113,-0.045606229143492764,0.04382647385984427,-0.12480533926585094,0.04293659621802002,0.013125695216907676,-0.08120133481646273,0.10077864293659622
2018-06-29,0.15906562847608455,-0.01757508342602892,-0.19288097886540603,-0.09187986651835373,-0.27519466073414905,-0.011790878754171301,-0.12480533926585094,0.03937708565072302,-0.28186874304783094,-0.10166852057842046,-0.13815350389321468,-0.11679644048943269,-0.13637374860956616
2018-07-02,0.26184649610678534,-0.07452725250278086,-0.11368186874304784,-0.0011123470522803117,-0.2774193548387097,-0.0731924360400445,0.16529477196885425,0.11813125695216908,-0.064293659621802,0.046496106785317015,-0.19288097886540603,-0.058954393770856504,-0.3010011123470523
2018-07-03,0.335706340378198,-0.3775305895439377,-0.28097886540600664,-0.26140155728587317,-0.3325917686318131,-0.2631813125695217,0.017130144605116793,-0.020689655172413793,-0.15951056729699667,-0.19377085650723025,-0.24805339265850945,-0.1768631813125695,-0.3027808676307008
2018-07-05,-0.06918798665183537,-0.13904338153503895,-0.35795328142380417,-0.36462736373748605,-0.23915461624026696,0.047830923248053395,-0.385539488320356,-0.2800889877641824,-0.3935483870967742,-0.2382647385984427,-0.19154616240266964,-0.24671857619577306,-0.1479421579532814
2018-07-06,-0.17463848720800887,-0.36106785317018913,-0.4838709677419355,-0.3619577308120133,-0.2578420467185762,0.0389321468298109,-0.3486095661846496,-0.29744160177975526,-0.2413793103448276,-0.38731924360400444,-0.36151279199110126,-0.3014460511679644,-0.26184649610678534
2018-07-09,-0.2916573971078976,-0.349944382647386,-0.6129032258064516,-0.46562847608453833,-0.56440489432703,0.021134593993325918,-0.3041156840934371,-0.3032258064516129,-0.37263626251390436,-0.4843159065628476,-0.4291434927697442,-0.3913236929922136,-0.46073414905450494
2018-07-10,-0.06384872080088987,-0.5911012235817574,-0.30634037819799775,-0.403781979977753,-0.23515016685205786,-0.40111234705228027,-0.4362625139043382,-0.35572858731924356,-0.20222469410456062,-0.2921023359288098,-0.13637374860956616,-0.2961067853170189,-0.19021134593993325
2018-07-11,-0.05361512791991101,-0.4967741935483871,-0.23203559510567295,-0.33392658509454953,-0.04160177975528365,-0.3797552836484983,-0.25917686318131256,-0.3081201334816463,0.0389321468298109,-0.2164627363737486,-0.08654060066740822,-0.19154616240266964,-0.12080088987764183
2018-07-12,-0.02202447163515017,-0.059844271412680755,0.2186874304783092,0.04338153503893215,0.2088987764182425,-0.1884315906562848,-0.14616240266963293,-0.0967741935483871,-0.06340378197997774,0.16885428253615126,0.2943270300333704,0.07052280311457175,0.1946607341490545
2018-07-13,-0.1479421579532814,-0.0353726362625139,0.30189098998887653,0.182202447163515,0.403781979977753,-0.11857619577308119,0.04916573971078977,-0.022914349276974413,0.010011123470522802,0.20222469410456062,0.2654060066740823,0.21601779755283645,0.37441601779755285
2018-07-16,-0.2640711902113459,0.022914349276974413,0.13103448275862067,0.25294771968854285,0.11012235817575085,0.03626251390433815,0.19555061179087874,0.1203559510567297,0.03136818687430478,0.15239154616240266,0.03314794215795328,0.1764182424916574,0.09454949944382647
2018-07-17,-0.32502780867630704,0.011790878754171301,0.05094549499443826,0.17374860956618463,-0.024249165739710785,0.12124582869855395,0.196440489432703,0.1657397107897664,0.08387096774193549,0.008231368186874304,-0.071412680756396,0.09899888765294772,-0.05361512791991101
2018-07-18,-0.23381535038932147,0.19555061179087874,0.08832035595105672,0.1403781979977753,-0.011790878754171301,0.11991101223581756,0.13681868743047831,0.23292547274749723,0.13815350389321468,0.08832035595105672,-0.014460511679644046,0.018909899888765295,-0.13548387096774192
2018-07-19,-0.05761957730812013,0.26585094549499444,0.2040044493882091,0.24004449388209118,-0.018909899888765295,0.15506117908787542,0.38020022246941043,0.44293659621801995,0.1911012235817575,0.1439377085650723,-0.05139043381535039,0.030923248053392655,-0.20088987764182425
2018-07-20,-0.04916573971078977,0.32458286985539486,0.24360400444938823,0.2711902113459399,0.015350389321468297,0.30233592880978866,0.5096774193548387,0.5083426028921022,0.19866518353726362,0.20978865406006672,0.0046718576195773085,0.05628476084538376,-0.08120133481646273
2018-07-23,-0.10700778642936595,0.19288097886540603,0.0135706340378198,0.2266963292547275,-0.0967741935483871,0.2836484983314794,0.2671857619577308,0.4411568409343715,0.17953281423804227,0.054505005561735265,-0.15372636262513903,0.02647385984427141,-0.21023359288097884
2018-07-24,-0.13058954393770855,0.21156840934371526,-0.12658509454949946,0.064293659621802,-0.14482758620689654,0.4117908787541713,0.014460511679644046,0.2631813125695217,-0.05583982202447163,-0.11279199110122358,-0.1635150166852058,-0.05406006674082313,-0.047385984427141266
2018-07-25,-0.13637374860956616,-0.030923248053392655,-0.1581757508342603,-0.041156840934371525,-0.1408231368186874,0.2636262513904338,-0.030478309232480537,0.1657397107897664,-0.054505005561735265,-0.17508342602892102,-0.17775305895439378,-0.13592880978865407,-0.09454949944382647
2018-07-26,-0.09588431590656285,0.0460511679644049,-0.11457174638487205,-0.09365962180200223,-0.1657397107897664,0.1586206896551724,-0.21067853170189096,-0.11768631813125695,-0.3050055617352614,-0.059844271412680755,0.00778642936596218,-0.02246941045606229,0.025583982202447165
2018-07-27,-0.06874304783092325,-0.03937708565072302,-0.26585094549499444,-0.15951056729699667,-0.2525027808676307,0.07808676307007786,-0.314349276974416,-0.13058954393770855,-0.43893214682981085,-0.05050055617352613,-0.06295884315906564,-0.14171301446051168,0.03270300333704116
2018-07-30,0.03982202447163515,-0.17997775305895441,-0.35261401557285876,-0.2783092324805339,-0.3753058954393771,-0.2266963292547275,-0.4451612903225806,-0.24716351501668518,-0.5310344827586206,-0.10389321468298107,-0.08832035595105672,-0.0878754171301446,-0.007341490545050056
2018-07-31,0.07541713014460512,-0.18887652947719688,-0.2805339265850945,-0.27786429365962184,-0.3993325917686318,-0.16553565571339185,-0.3721913236929922,-0.3125695216907675,-0.5728587319243604,-0.189321468298109,-0.11768631813125695,-0.10923248053392658,0.018909899888765295
2018-08-01,0.14571746384872078,-0.11234705228031144,-0.17196885428253617,-0.21601779755283645,-0.17775305895439378,-0.038042269187986644,-0.23470522803114574,-0.28809788654060065,-0.3592880978865406,-0.13592880978865407,0.02513904338153504,-0.08164627363737487,0.09721913236929922
2018-08-02,0.11679644048943269,-0.021579532814238044,-0.0020022246941045607,-0.12347052280311456,0.04916573971078977,0.1203559510567297,-0.014460511679644046,-0.17463848720800887,0.06874304783092325,-0.15550611790878754,-0.11724137931034483,-0.10433815350389322,0.014905450500556172
2018-08-03,0.14972191323692993,0.020689655172413793,0.022914349276974413,-0.023359288097886538,0.19555061179087874,0.14571746384872078,-0.04961067853170189,-0.1096774193548387,0.09010011123470522,0.05094549499443826,-0.0011123470522803117,-0.0914349276974416,0.06162402669632924
2018-08-06,0.11813125695216908,0.16529477196885425,0.2849833147942158,0.13236929922135707,0.3775305895439377,0.21690767519466073,0.07274749721913237,-0.11590656284760845,0.21379310344827587,0.1621802002224694,0.21201334816462733,0.15194660734149054,0.18665183537263624
2018-08-07,0.1581757508342603,0.12880978865406006,0.17997775305895441,0.026918798665183537,0.39888765294771966,0.14883203559510566,-0.014905450500556172,-0.1003337041156841,0.15194660734149054,0.011790878754171301,0.314349276974416,0.16484983314794216,0.27919911012235815
2018-08-08,0.22447163515016688,-0.045606229143492764,-0.2507230255839822,-0.16885428253615126,0.13192436040044492,0.22625139043381537,-0.021579532814238044,0.01579532814238042,0.12480533926585094,-0.3984427141268076,-0.22580645161290322,-0.11813125695216908,0.09098998887652948
2018-08-09,0.08387096774193549,0.10878754171301447,0.04427141268075639,-0.07942157953281423,0.26585094549499444,0.30634037819799775,0.00689655172413793,-0.011345939933259176,0.21334816462736375,-0.23515016685205786,0.03670745272525028,0.034482758620689655,0.15194660734149054
2018-08-10,0.21290322580645163,-0.10478309232480533,-0.09899888765294772,-0.04293659621802002,0.1114571746384872,-0.00778642936596218,-0.24271412680756396,-0.0932146829810901,0.047385984427141266,-0.07408231368186874,-0.02469410456062291,0.03937708565072302,0.09855394883203561
2018-08-13,0.19733036707452725,-0.11946607341490545,-0.19288097886540603,-0.25339265850945497,-0.05183537263626252,-0.12124582869855395,-0.33170189098998887,-0.23559510567296996,-0.11724137931034483,-0.1239154616240267,0.03136818687430478,-0.08698553948832036,-0.04160177975528365
2018-08-14,0.12480533926585094,-0.32502780867630704,-0.2738598442714127,-0.3815350389321468,-0.20845383759733035,-0.2360400444938821,-0.4113459399332592,-0.3971078976640712,-0.0932146829810901,-0.24805339265850945,-0.14438264738598441,-0.16307007786429364,-0.18665183537263624
2018-08-15,0.04338153503893215,-0.30856507230255836,-0.20845383759733035,-0.26896551724137935,-0.09054505005561733,-0.3592880978865406,-0.5119021134593993,-0.4909899888765294,-0.3081201334816463,-0.1586206896551724,-0.011790878754171301,0.00867630700778643,0.04338153503893215
2018-08-16,-0.03492769744160178,-0.3441601779755284,-0.2587319243604005,-0.29744160177975526,-0.13014460511679646,-0.2992213570634038,-0.5243604004449388,-0.6160177975528365,-0.2676307007786429,-0.182202447163515,-0.022914349276974413,-0.020244716351501667,0.07497219132369298
2018-08-17,0.09766407119021134,-0.1568409343715239,-0.1221357063403782,-0.1946607341490545,0.06251390433815351,-0.41846496106785314,-0.6582869855394883,-0.6195773081201335,-0.30233592880978866,0.08743047830923248,0.2671857619577308,0.09944382647385984,0.28097886540600664
2018-08-20,0.2040044493882091,0.0371523915461624,0.03626251390433815,-0.035817575083426034,0.25739710789766407,-0.04872080088987764,-0.42869855394883205,-0.3228031145717464,-0.15506117908787542,0.14616240266963293,0.25739710789766407,0.16840934371523916,0.4202447163515017
2018-08-21,0.1243604004449388,0.13014460511679646,0.01935483870967742,0.09232480533926585,0.16307007786429364,0.014015572858731925,-0.31701890989988873,-0.16796440489432704,-0.1403781979977753,0.18798665183537264,0.20266963292547271,0.24048943270300333,0.2560622914349277
2018-08-22,0.14438264738598441,0.1474972191323693,0.017130144605116793,0.1710789766407119,-0.046496106785317015,0.22491657397107895,-0.08520578420467186,-0.06295884315906564,-0.06829810901001113,0.12614015572858733,0.030033370411568408,0.2418242491657397,-0.035817575083426034
2018-08-23,0.20444938820912126,0.27208008898776415,0.24048943270300333,0.19866518353726362,-0.06963292547274749,0.24449388209121245,0.10745272525027807,-0.0878754171301446,-0.07853170189098999,0.3050055617352614,0.2711902113459399,0.27430478309232476,0.01757508342602892
2018-08-24,0.2186874304783092,0.44382647385984425,0.21245828698553948,0.2707452725250278,-0.17018909899888765,0.33926585094549494,0.2164627363737486,0.13726362625139044,-0.056729699666295874,0.30945494994438266,0.14571746384872078,0.26941045606229147,-0.19955506117908786
2018-08-27,0.18309232480533927,0.5581757508342603,0.038042269187986644,0.31835372636262516,-0.2551724137931034,0.5296996662958843,0.20355951056729701,0.3548387096774193,-0.05850945494994438,0.16662958843159065,-0.059844271412680755,0.10700778642936595,-0.22180200222469412
2018-08-28,0.07942157953281423,0.49499443826473855,0.0389321468298109,0.2511679644048943,-0.2253615127919911,0.36284760845383757,0.06162402669632924,0.2324805339265851,-0.10255839822024472,0.28987764182424913,0.08520578420467186,0.18620689655172412,-0.2360400444938821
2018-08-29,0.1710789766407119,0.4567296996662959,-0.0033370411568409346,0.10700778642936595,-0.28854282536151277,0.49410456062291436,0.17152391546162402,0.22625139043381537,-0.16484983314794216,0.12480533926585094,-0.03136818687430478,0.03270300333704116,-0.2449388209121246
2018-08-30,0.2867630700778643,0.26941045606229147,-0.1546162402669633,-0.1221357063403782,-0.37263626251390436,0.5101223581757508,0.09276974416017797,0.1292547274749722,-0.24315906562847608,-0.09098998887652948,-0.2053392658509455,-0.27341490545050057,-0.2676307007786429
2018-08-31,0.054505005561735265,0.11679644048943269,-0.21112347052280311,-0.09632925472747497,-0.16974416017797553,0.33036707452725245,-0.03136818687430478,0.05850945494994438,-0.15016685205784203,-0.21957730812013349,-0.23692992213570632,-0.23203559510567295,-0.030478309232480537
2018-09-04,-0.0967741935483871,-0.1403781979977753,-0.22625139043381537,-0.08921023359288098,-0.13236929922135707,-0.04961067853170189,-0.21290322580645163,-0.07052280311457175,-0.2961067853170189,-0.15417130144605118,-0.1350389321468298,-0.12658509454949946,0.041156840934371525
2018-09-05,0.10122358175750834,-0.11457174638487205,-0.041156840934371525,0.08654060066740822,-0.07096774193548387,-0.10656284760845385,-0.027808676307007785,-0.055394883203559515,-0.13815350389321468,0.0006674082313681868,-0.005561735261401557,0.05050055617352613,0.0896551724137931
2018-09-06,0.21067853170189096,-0.1897664071190211,0.027808676307007785,0.15550611790878754,-0.016240266963292546,-0.32458286985539486,-0.14660734149054505,-0.07808676307007786,-0.2053392658509455,0.11234705228031144,0.13147942157953282,0.19733036707452725,0.19288097886540603
2018-09-07,0.13014460511679646,-0.21245828698553948,-0.06384872080088987,0.05050055617352613,-0.12258064516129033,-0.32947719688542826,-0.2382647385984427,-0.17463848720800887,-0.27919911012235815,0.1532814238042269,0.1350389321468298,0.17152391546162402,0.11635150166852058
2018-09-10,0.15283648498331479,-0.19243604004449388,0.011790878754171301,0.13192436040044492,-0.15506117908787542,-0.2609566184649611,-0.189321468298109,-0.16751946607341492,-0.2382647385984427,0.2182424916573971,0.07052280311457175,0.22224694104560622,0.019799777530589546
2018-09-11,0.06340378197997774,-0.21334816462736375,0.03492769744160178,0.06518353726362626,-0.14571746384872078,-0.22580645161290322,-0.1096774193548387,-0.12614015572858733,-0.17285873192436038,0.06384872080088987,0.053170189098998885,0.1096774193548387,-0.047830923248053395
2018-09-12,0.10834260289210233,-0.1221357063403782,-0.02469410456062291,0.04204671857619577,0.03270300333704116,-0.19421579532814237,-0.14927697441601778,-0.17997775305895441,-0.10834260289210233,0.07897664071190211,0.1911012235817575,0.07274749721913237,0.07764182424916574
2018-09-13,0.160845383759733,-0.14883203559510566,-0.012235817575083427,0.030478309232480537,-0.056729699666295874,-0.16395995550611792,0.08164627363737487,-0.05850945494994438,0.18309232480533927,-0.05005561735261402,-0.13281423804226916,-0.023804226918798663,-0.2422691879866518
2018-09-14,0.0011123470522803117,-0.11412680756395997,-0.23737486095661847,-0.038042269187986644,-0.28097886540600664,-0.05628476084538376,0.05272525027808676,0.06295884315906564,0.08031145717463849,-0.20489432703003335,-0.3050055617352614,-0.2253615127919911,-0.31167964404894327
2018-09-17,0.12525027808676306,-0.08387096774193549,0.0914349276974416,-0.08120133481646273,-0.040266963292547274,0.027808676307007785,0.1586206896551724,0.11190211345939934,0.10878754171301447,-0.09454949944382647,-0.04471635150166852,-0.23781979977753054,-0.15194660734149054
2018-09-18,0.064293659621802,0.0028921023359288096,0.30589543937708563,0.20489432703003335,0.2600667408231368,-0.004226918798665183,0.3779755283648498,0.24716351501668518,0.32547274749721916,0.10745272525027807,0.11234705228031144,0.03492769744160178,0.007341490545050056
2018-09-19,-0.014015572858731925,0.06518353726362626,0.19199110122358176,0.16796440489432704,0.24671857619577306,0.08120133481646273,0.32547274749721916,0.2449388209121246,0.32502780867630704,0.06696329254727475,0.06162402669632924,0.0006674082313681868,0.11635150166852058
2018-09-20,0.021134593993325918,0.13370411568409346,0.33704115684093433,0.22224694104560622,0.3552836484983315,0.06295884315906564,0.11501668520578419,0.11234705228031144,0.2204671857619577,0.12880978865406006,0.14883203559510566,0.14616240266963293,0.15951056729699667
2018-09-21,0.0914349276974416,0.20978865406006672,0.1604004449388209,0.1385984427141268,0.19377085650723025,0.22981090100111232,0.13815350389321468,0.1292547274749722,0.13548387096774192,-0.0002224694104560623,0.033592880978865404,0.0135706340378198,0.07497219132369298
2018-09-24,-0.11056729699666296,0.24315906562847608,0.10344827586206896,0.11501668520578419,0.15016685205784203,0.26273637374860953,0.10077864293659622,0.1385984427141268,0.18175750834260287,0.00778642936596218,0.10211345939933258,0.04427141268075639,0.0825361512791991
2018-09-25,-0.11590656284760845,0.07808676307007786,-0.04916573971078977,0.026918798665183537,0.03181312569521691,0.19510567296996661,-0.023804226918798663,0.07986651835372637,0.12258064516129033,-0.055394883203559515,-0.0046718576195773085,-0.022914349276974413,-0.03225806451612903
2018-09-26,-0.20133481646273638,-0.0024471635150166847,-0.06562847608453837,0.04382647385984427,0.00778642936596218,-0.025583982202447165,-0.08164627363737487,0.03181312569521691,-0.027808676307007785,0.029588431590656286,0.011790878754171301,0.09899888765294772,0.016240266963292546
2018-09-27,-0.20222469410456062,0.020244716351501667,0.026028921023359287,-0.0020022246941045607,-0.03626251390433815,-0.04872080088987764,-0.1959955506117909,-0.07586206896551724,-0.20578420467185762,0.19688542825361513,0.2520578420467186,0.13058954393770855,0.0843159065628476
2018-09-28,-0.10789766407119021,0.1332591768631813,0.05139043381535039,0.05094549499443826,0.016240266963292546,0.045606229143492764,-0.07185761957730812,-0.0424916573971079,-0.1408231368186874,0.2578420467185762,0.314349276974416,0.2502780867630701,0.2182424916573971
2018-10-01,-0.0731924360400445,0.023804226918798663,-0.058064516129032254,-0.10567296996662959,-0.11190211345939934,-0.11412680756395997,-0.2703003337041157,-0.28898776418242494,-0.2707452725250278,0.1114571746384872,0.16840934371523916,0.196440489432703,0.03136818687430478
2018-10-02,-0.07007786429365963,0.10344827586206896,0.026918798665183537,-0.02513904338153504,0.015350389321468297,0.07274749721913237,-0.18264738598442715,-0.2511679644048943,-0.014015572858731925,0.1221357063403782,0.1670745272525028,0.2146829810901001,0.04961067853170189
2018-10-03,-0.0037819799777530586,-0.08565072302558399,-0.2360400444938821,-0.24360400444938823,-0.11679644048943269,-0.06340378197997774,-0.3348164627363737,-0.3686318131256952,-0.12791991101223582,-0.10478309232480533,0.0033370411568409346,0.06295884315906564,-0.020244716351501667
2018-10-04,-0.18264738598442715,-0.1403781979977753,-0.15639599555061176,-0.27341490545050057,0.07363737486095662,0.027808676307007785,-0.26140155728587317,-0.31123470522803115,-0.08832035595105672,-0.1946607341490545,0.0460511679644049,-0.08743047830923248,0.11279199110122358
2018-10-05,-0.12880978865406006,-0.07274749721913237,-0.08164627363737487,-0.1203559510567297,0.08921023359288098,0.16395995550611792,0.14838709677419354,-0.07452725250278086,0.24671857619577306,-0.23025583982202447,-0.15595105672969967,-0.02513904338153504,-0.071412680756396
2018-10-08,0.058954393770856504,-0.02647385984427141,0.030478309232480537,0.009121245828698554,0.11056729699666296,0.1243604004449388,0.1221357063403782,-0.03759733036707453,0.26585094549499444,-0.06651835372636263,0.0011123470522803117,0.053170189098998885,-0.07986651835372637
2018-10-09,0.1439377085650723,-0.06963292547274749,0.028698553948832032,-0.020689655172413793,0.06473859844271414,-0.020689655172413793,0.03136818687430478,-0.006006674082313682,0.29521690767519465,-0.06696329254727475,-0.010011123470522802,-0.06696329254727475,-0.11590656284760845
2018-10-10,-0.08609566184649611,-0.06918798665183537,0.23470522803114574,0.046496106785317015,0.32413793103448274,-0.11679644048943269,0.21601779755283645,-0.058064516129032254,0.5074527252502781,0.01757508342602892,0.11234705228031144,0.09855394883203561,0.035817575083426034
2018-10-11,0.02647385984427141,-0.07853170189098999,0.13548387096774192,0.01579532814238042,0.3263626251390434,-0.035817575083426034,0.1474972191323693,0.02736373748609566,0.5243604004449388,-0.06562847608453837,0.053170189098998885,0.06918798665183537,0.10700778642936595
2018-10-12,-0.007341490545050056,-0.025583982202447165,0.17196885428253617,0.1764182424916574,0.33704115684093433,-0.00778642936596218,0.10878754171301447,0.10611790878754171,0.5412680756395996,0.10522803114571745,0.17419354838709677,0.11679644048943269,0.07942157953281423
2018-10-15,-0.038042269187986644,0.17330367074527253,0.21245828698553948,0.23692992213570632,0.35795328142380417,0.10700778642936595,0.12703003337041155,0.09454949944382647,0.3779755283648498,0.2516129032258065,0.2516129032258065,0.2293659621802002,0.24760845383759733
2018-10-16,-0.16395995550611792,0.06651835372636263,0.19154616240266964,0.21112347052280311,0.34905450500556173,-0.004226918798665183,-0.04160177975528365,0.00778642936596218,0.21690767519466073,0.22135706340378197,0.314349276974416,0.3103448275862069,0.3890989988876529
2018-10-17,-0.07052280311457175,0.08609566184649611,0.24449388209121245,0.22447163515016688,0.31345939933259176,0.03270300333704116,0.08520578420467186,0.030478309232480537,0.2667408231368187,0.22224694104560622,0.303670745272525,0.3454949944382647,0.3090100111234705
2018-10-18,-0.13861386224387515,-0.03871398399748681,0.03960396064110719,0.13839136808297006,0.08232283953488573,-0.06118589424890156,0.14551118123193318,0.19868728568825123,0.15285348854180136,0.0910001118101845,0.071420625650536,0.19824229736644106,0.02714428763042178
2018-10-19,-0.04872080088987764,-0.16618464961067853,0.10522803114571745,0.07630700778642936,0.1710789766407119,-0.1768631813125695,-0.06785317018909899,0.02469410456062291,0.05583982202447163,0.17775305895439378,0.2551724137931034,0.24315906562847608,0.10700778642936595
2018-10-22,-0.26140155728587317,-0.21156840934371526,-0.12791991101223582,-0.06384872080088987,-0.207119021134594,-0.060289210233592884,-0.11501668520578419,-0.0424916573971079,-0.19199110122358176,-0.059844271412680755,0.007341490545050056,0.014905450500556172,-0.207119021134594
2018-10-23,-0.2961067853170189,-0.13681868743047831,-0.24983314794215797,-0.23381535038932147,-0.3348164627363737,0.1345939933259177,-0.07230255839822024,0.026918798665183537,-0.2943270300333704,-0.17775305895439378,-0.20489432703003335,-0.19777530589543937,-0.33659621802002226
2018-10-24,-0.07541713014460512,-0.24360400444938823,-0.20177975528364847,-0.2342602892102336,-0.1385984427141268,0.024249165739710785,-0.1403781979977753,-0.1332591768631813,-0.13058954393770855,-0.19688542825361513,-0.15773081201334815,-0.1532814238042269,-0.20088987764182425
2018-10-25,-0.35973303670745277,-0.1835372636262514,-0.09988876529477196,-0.16529477196885425,-0.12614015572858733,0.03937708565072302,0.005561735261401557,-0.08520578420467186,-0.013125695216907676,-0.2186874304783092,-0.18531701890989988,-0.16395995550611792,-0.260511679644049
2018-10-26,-0.28142380422691876,-0.24716351501668518,-0.2631813125695217,-0.2186874304783092,-0.29699666295884314,-0.1003337041156841,-0.24315906562847608,-0.28231368186874306,-0.14482758620689654,-0.1657397107897664,-0.15773081201334815,-0.07942157953281423,-0.2507230255839822
2018-10-29,-0.2547274749721913,-0.34371523915461627,-0.3299221357063403,-0.26852057842046717,-0.3125695216907675,-0.10878754171301447,-0.09410456062291435,-0.16751946607341492,-0.21156840934371526,-0.37886540600667407,-0.3984427141268076,-0.23781979977753054,-0.21023359288097884
2018-10-30,-0.005116796440489433,-0.21379310344827587,-0.20222469410456062,-0.21423804226918797,-0.24805339265850945,-0.1581757508342603,-0.21913236929922134,-0.19911012235817574,-0.2800889877641824,-0.06785317018909899,0.011345939933259176,-0.06518353726362626,0.021134593993325918
2018-10-31,-0.08565072302558399,-0.11768631813125695,-0.2186874304783092,-0.20578420467185762,-0.28987764182424913,-0.021579532814238044,-0.2387096774193548,-0.16618464961067853,-0.33793103448275863,-0.18487208008898778,-0.16751946607341492,-0.19199110122358176,-0.0731924360400445
2018-11-01,-0.08387096774193549,-0.071412680756396,-0.2921023359288098,-0.11590656284760845,-0.3121245828698554,0.11590656284760845,-0.0825361512791991,-0.07541713014460512,-0.08387096774193549,-0.2676307007786429,-0.3423804226918799,-0.23159065628476083,-0.27519466073414905
2018-11-02,-0.09944382647385984,-0.05050055617352613,-0.296551724137931,-0.1599555061179088,-0.3997775305895439,0.11279199110122358,-0.005561735261401557,0.026918798665183537,-0.01268075639599555,-0.21512791991101224,-0.33392658509454953,-0.2912124582869855,-0.4269187986651835
2018-11-05,-0.058064516129032254,-0.09365962180200223,-0.36062291434927696,-0.18665183537263624,-0.41090100111234706,0.08609566184649611,0.04338153503893215,0.14927697441601778,-0.08387096774193549,-0.2654060066740823,-0.4705228031145718,-0.4264738598442714,-0.4638487208008899
2018-11-06,-0.029588431590656286,-0.10478309232480533,-0.3032258064516129,-0.1510567296996663,-0.4295884315906563,0.005561735261401557,0.03626251390433815,0.09543937708565071,-0.040711902113459396,-0.16662958843159065,-0.44560622914349274,-0.38020022246941043,-0.5119021134593993
2018-11-07,-0.07052280311457175,-0.0024471635150166847,-0.0460511679644049,-0.16395995550611792,-0.15550611790878754,0.14171301446051168,0.16840934371523916,0.01846496106785317,0.14660734149054505,-0.06696329254727475,-0.17330367074527253,-0.3459399332591768,-0.27474972191323693
2018-11-08,0.11635150166852058,-0.03982202447163515,-0.17018909899888765,-0.10211345939933258,-0.20667408231368187,0.24093437152391545,0.24048943270300333,0.15773081201334815,0.1221357063403782,-0.2,-0.27786429365962184,-0.3263626251390434,-0.3032258064516129
2018-11-09,0.24983314794215797,-0.12258064516129033,-0.15506117908787542,-0.16307007786429364,-0.12614015572858733,0.008231368186874304,0.10300333704115683,0.06384872080088987,0.15016685205784203,-0.13948832035595105,-0.17018909899888765,-0.21067853170189096,-0.17330367074527253
2018-11-12,0.32769744160177977,-0.021134593993325918,0.021134593993325918,-0.02202447163515017,0.07630700778642936,0.0353726362625139,0.14927697441601778,0.1114571746384872,0.36774193548387096,-0.007341490545050056,-0.08298109010011123,-0.07497219132369298,-0.060734149054505006
2018-11-13,0.1385984427141268,-0.030478309232480537,0.07897664071190211,0.0771968854282536,0.0878754171301446,-0.08031145717463849,0.03848720800889878,0.05139043381535039,0.22358175750834258,0.05583982202447163,0.011790878754171301,0.011790878754171301,-0.017130144605116793
2018-11-14,0.04961067853170189,-0.040711902113459396,0.02513904338153504,0.14349276974416017,-0.05094549499443826,-0.046496106785317015,0.04382647385984427,0.07408231368186874,0.0771968854282536,0.11501668520578419,-0.024249165739710785,0.10344827586206896,-0.08654060066740822
2018-11-15,0.04338153503893215,0.0389321468298109,0.07764182424916574,0.10344827586206896,-0.12525027808676306,-0.03181312569521691,0.07230255839822024,0.1221357063403782,0.08921023359288098,0.15417130144605118,-0.005561735261401557,0.02513904338153504,-0.13592880978865407
2018-11-16,0.09454949944382647,-0.08075639599555061,0.12614015572858733,0.11813125695216908,-0.05183537263626252,-0.24315906562847608,0.0011123470522803117,-0.03314794215795328,0.11946607341490545,0.23915461624026696,0.09454949944382647,0.12347052280311456,-0.10611790878754171
2018-11-19,0.0731924360400445,-0.15417130144605118,-0.20622914349276972,-0.02513904338153504,-0.12347052280311456,-0.05583982202447163,0.09988876529477196,-0.0024471635150166847,0.18487208008898778,-0.14260289210233593,-0.19555061179087874,-0.09766407119021134,-0.24983314794215797
2018-11-20,-0.0011123470522803117,-0.046496106785317015,-0.12347052280311456,-0.13014460511679646,-0.20088987764182425,0.1292547274749722,0.08520578420467186,0.09855394883203561,-0.019799777530589546,-0.16262513904338155,-0.20489432703003335,-0.1959955506117909,-0.28231368186874306
2018-11-21,-0.10567296996662959,0.010901001112347052,-0.16307007786429364,-0.23648498331479423,-0.2186874304783092,0.14838709677419354,0.01935483870967742,0.04471635150166852,-0.09944382647385984,-0.1870967741935484,-0.15239154616240266,-0.2547274749721913,-0.2654060066740823
2018-11-23,-0.16618464961067853,0.05583982202447163,0.0020022246941045607,-0.11501668520578419,-0.03626251390433815,0.20800889877641823,0.19777530589543937,0.11368186874304784,0.07586206896551724,-0.11457174638487205,-0.058064516129032254,-0.16662958843159065,-0.06651835372636263
2018-11-26,-0.2360400444938821,0.014015572858731925,-0.19688542825361513,-0.17330367074527253,0.02647385984427141,0.20622914349276972,-0.03136818687430478,-0.016240266963292546,-0.09543937708565071,-0.20311457174638486,-0.1439377085650723,-0.1408231368186874,0.09010011123470522
2018-11-27,-0.31657397107897667,-0.1385984427141268,-0.22580645161290322,-0.24360400444938823,-0.061179087875417135,0.03492769744160178,-0.1350389321468298,-0.1532814238042269,-0.12658509454949946,-0.24449388209121245,-0.13681868743047831,-0.18175750834260287,-0.02647385984427141
2018-11-28,-0.2836484983314794,-0.05628476084538376,-0.2921023359288098,-0.21735261401557288,0.017130144605116793,0.12480533926585094,-0.2342602892102336,-0.1408231368186874,-0.15906562847608455,-0.1657397107897664,-0.10344827586206896,-0.07808676307007786,0.023359288097886538
2018-11-29,-0.1911012235817575,0.1096774193548387,-0.22135706340378197,-0.12880978865406006,-0.1132369299221357,0.10211345939933258,-0.3486095661846496,-0.20800889877641823,-0.35795328142380417,-0.015350389321468297,0.05005561735261402,0.053170189098998885,0.056729699666295874
2018-11-30,-0.11991101223581756,0.03314794215795328,-0.11546162402669634,-0.10567296996662959,-0.03982202447163515,0.09454949944382647,-0.21557285873192436,-0.20934371523915463,-0.3481646273637375,-0.054505005561735265,0.017130144605116793,0.10834260289210233,0.05139043381535039
2018-12-03,-0.14126807563959956,-0.06696329254727475,-0.15550611790878754,-0.12747497219132367,0.058064516129032254,0.014460511679644046,-0.3410456062291435,-0.27875417130144603,-0.28231368186874306,-0.15595105672969967,-0.057174638487208,0.03670745272525028,0.16751946607341492
2018-12-04,-0.23559510567296996,0.028253615127919914,-0.05761957730812013,-0.08298109010011123,-0.11857619577308119,-0.07007786429365963,-0.33748609566184645,-0.1479421579532814,-0.32947719688542826,0.03314794215795328,0.10834260289210233,-0.0037819799777530586,0.09988876529477196
2018-12-06,-0.1621802002224694,0.0460511679644049,0.060734149054505006,0.05628476084538376,-0.11056729699666296,-0.018020022246941044,0.1621802002224694,-0.07052280311457175,-0.07986651835372637,0.19955506117908786,0.07096774193548387,0.12169076751946609,-0.060289210233592884
2018-12-07,-0.15417130144605118,-0.01668520578420467,-0.12658509454949946,-0.04293659621802002,-0.17953281423804227,0.05494994438264739,0.021579532814238044,-0.1345939933259177,-0.22358175750834258,0.07497219132369298,-0.047830923248053395,0.12614015572858733,-0.13548387096774192
2018-12-10,-0.034037819799777526,-0.10611790878754171,-0.064293659621802,-0.010901001112347052,-0.15372636262513903,-0.08654060066740822,-0.0046718576195773085,-0.08209121245828699,-0.18131256952169075,0.05183537263626252,-0.06384872080088987,0.09054505005561733,-0.18665183537263624
2018-12-11,-0.07274749721913237,-0.26896551724137935,-0.1350389321468298,-0.06607341490545049,-0.1599555061179088,-0.13592880978865407,0.04827586206896552,0.0135706340378198,-0.13637374860956616,-0.0825361512791991,-0.17953281423804227,-0.019799777530589546,-0.25739710789766407
2018-12-12,-0.12791991101223582,-0.23692992213570632,-0.30589543937708563,-0.08609566184649611,-0.23025583982202447,-0.00689655172413793,0.03848720800889878,0.06384872080088987,-0.16440489432703,-0.196440489432703,-0.307230255839822,-0.05005561735261402,-0.34015572858731924
2018-12-13,-0.03225806451612903,-0.24938820912124582,-0.3472747497219132,-0.13726362625139044,-0.3957730812013348,-0.030478309232480537,-0.0024471635150166847,0.06874304783092325,-0.18131256952169075,-0.19733036707452725,-0.33125695216907675,-0.10522803114571745,-0.3886540600667408
2018-12-14,-0.05628476084538376,-0.15061179087875418,-0.2587319243604005,-0.16173526140155728,-0.3815350389321468,0.0024471635150166847,-0.025583982202447165,0.011345939933259176,-0.14972191323692993,-0.1764182424916574,-0.2716351501668521,-0.20578420467185762,-0.41713014460511677
2018-12-17,-0.034482758620689655,-0.05005561735261402,0.0460511679644049,-0.09054505005561733,-0.21067853170189096,0.10834260289210233,0.24849833147942155,0.0914349276974416,0.006006674082313682,-0.05850945494994438,-0.06295884315906564,-0.1875417130144605,-0.2449388209121246
2018-12-18,-0.07452725250278086,-0.05850945494994438,0.05272525027808676,-0.04204671857619577,-0.02469410456062291,-0.04916573971078977,0.06785317018909899,0.021134593993325918,0.058064516129032254,0.0371523915461624,0.047830923248053395,-0.018020022246941044,-0.05139043381535039
2018-12-19,-0.07764182424916574,-0.16974416017797553,0.15283648498331479,0.07541713014460512,0.11902113459399331,-0.21067853170189096,0.1599555061179088,0.0825361512791991,0.16751946607341492,-0.0006674082313681868,-0.0037819799777530586,0.06251390433815351,-0.07986651835372637
2018-12-20,0.10478309232480533,-0.3775305895439377,-0.2053392658509455,-0.02246941045606229,-0.19510567296996661,-0.3308120133481646,0.08387096774193549,0.057174638487208,0.12703003337041155,-0.2053392658509455,-0.2729699666295884,-0.061179087875417135,-0.3268075639599555
2018-12-21,0.1884315906562848,-0.3899888765294772,-0.19332591768631813,-0.14349276974416017,-0.3352614015572859,-0.3232480533926585,0.1906562847608454,0.05583982202447163,0.2,-0.2671857619577308,-0.37486095661846497,-0.2520578420467186,-0.3993325917686318
2018-12-24,0.06295884315906564,-0.4776418242491657,-0.17953281423804227,-0.20756395995550608,-0.34949944382647385,-0.43403781979977757,0.1532814238042269,0.06785317018909899,0.27786429365962184,-0.35261401557285876,-0.38509454949944383,-0.30856507230255836,-0.47185761957730815
2018-12-26,0.1385984427141268,-0.5528364849833148,-0.3076751946607342,-0.2912124582869855,-0.22803114571746386,-0.4126807563959955,0.053170189098998885,0.06829810901001113,0.16440489432703,-0.4002224694104561,-0.37130144605116794,-0.38954393770856505,-0.27875417130144603
2018-12-27,0.10656284760845385,-0.5697441601779756,-0.3979977753058954,-0.3739710789766407,-0.31523915461624025,-0.4642936596218019,-0.14126807563959956,-0.01846496106785317,0.046496106785317015,-0.29076751946607343,-0.3410456062291435,-0.3032258064516129,-0.3130144605116796
2018-12-28,0.08387096774193549,-0.4242491657397108,-0.1621802002224694,-0.17063403781979977,-0.056729699666295874,-0.5701890989988877,0.03270300333704116,-0.0033370411568409346,0.16751946607341492,-0.1546162402669633,-0.14660734149054505,-0.1350389321468298,-0.11902113459399331
2018-12-31,0.08520578420467186,-0.5853170189098998,-0.4002224694104561,-0.3219132369299221,-0.2200222469410456,-0.5724137931034483,-0.25739710789766407,-0.20756395995550608,-0.047385984427141266,-0.31790878754171303,-0.27208008898776415,-0.2556173526140155,-0.19021134593993325
2019-01-02,0.06829810901001113,-0.47274749721913245,-0.19777530589543937,-0.314349276974416,-0.13904338153503895,-0.4638487208008899,-0.1586206896551724,-0.22491657397107895,-0.10522803114571745,-0.2146829810901001,-0.1385984427141268,-0.2382647385984427,-0.10300333704115683
2019-01-03,0.05005561735261402,-0.37886540600667407,-0.16484983314794216,-0.18175750834260287,0.03181312569521691,-0.47897664071190205,-0.16262513904338155,-0.07897664071190211,-0.18442714126807563,-0.17063403781979977,-0.0967741935483871,-0.13281423804226916,0.11813125695216908
2019-01-04,0.10878754171301447,-0.19555061179087874,0.03492769744160178,-0.18309232480533927,0.09454949944382647,-0.2600667408231368,0.07897664071190211,-0.001557285873192436,-0.056729699666295874,-0.16929922135706338,0.030478309232480537,-0.18175750834260287,0.18798665183537264
2019-01-07,-0.011345939933259176,-0.22803114571746386,-0.010901001112347052,-0.2,0.11279199110122358,-0.20489432703003335,-0.15417130144605118,-0.2449388209121246,-0.10344827586206896,-0.10344827586206896,0.0353726362625139,-0.041156840934371525,0.20622914349276972
2019-01-08,0.009121245828698554,-0.3472747497219132,0.01757508342602892,-0.10567296996662959,0.20934371523915463,-0.3681868743047831,-0.14705228031145717,-0.22847608453837595,0.03314794215795328,-0.04827586206896552,0.15194660734149054,0.08832035595105672,0.22758620689655173
2019-01-09,-0.010902213884349733,-0.21292691198617741,0.04672377379007028,-0.09478251254557114,0.12192680017599292,-0.2282790090886291,-0.11146957461345337,-0.09611747751100172,0.11992435272784704,0.0037824007353866413,0.06140838840980666,0.03292913581395429,0.12659917755499994
2019-01-10,-0.059844271412680755,-0.2164627363737486,-0.030923248053392655,-0.09899888765294772,0.09499443826473859,-0.028253615127919914,0.08654060066740822,0.054505005561735265,0.19911012235817574,-0.15595105672969967,-0.06651835372636263,-0.10567296996662959,0.018020022246941044
2019-01-11,-0.12080088987764183,0.22625139043381537,0.21201334816462733,0.05628476084538376,0.2645161290322581,0.1479421579532814,-0.05583982202447163,0.0460511679644049,0.22625139043381537,0.13681868743047831,0.22224694104560622,0.04872080088987764,0.2462736373748609
2019-01-14,-0.2578420467185762,0.09276974416017797,0.07853170189098999,-0.04293659621802002,0.31523915461624025,0.15728587319243603,-0.016240266963292546,0.07942157953281423,0.19332591768631813,0.014905450500556172,0.19510567296996661,-0.00867630700778643,0.26941045606229147
2019-01-15,-0.13058954393770855,0.13637374860956616,0.16885428253615126,0.13681868743047831,0.15372636262513903,0.005561735261401557,-0.01579532814238042,0.19733036707452725,0.02736373748609566,0.14838709677419354,0.23381535038932147,0.10700778642936595,0.2004449388209121
2019-01-16,-0.07274749721913237,0.0002224694104560623,0.023804226918798663,-0.018909899888765295,0.05494994438264739,0.10255839822024472,-0.18086763070077863,0.07052280311457175,-0.22847608453837595,-0.040711902113459396,0.06785317018909899,0.038042269187986644,0.17285873192436038
2019-01-17,-0.09810901001112346,0.0037819799777530586,-0.0002224694104560623,0.03136818687430478,0.15372636262513903,0.1345939933259177,-0.07942157953281423,0.05005561735261402,-0.1474972191323693,-0.010011123470522802,0.07363737486095662,0.08476084538375972,0.21067853170189096
2019-01-18,-0.17775305895439378,-0.028253615127919914,-0.004226918798665183,-0.008231368186874304,0.14438264738598441,0.09810901001112346,-0.18620689655172412,-0.11412680756395997,-0.2186874304783092,0.026918798665183537,0.08609566184649611,0.047385984427141266,0.24449388209121245
2019-01-22,-0.09232480533926585,-0.14482758620689654,-0.07096774193548387,-0.0896551724137931,0.06251390433815351,-0.005116796440489433,-0.2418242491657397,-0.18487208008898778,-0.2422691879866518,-0.041156840934371525,0.0389321468298109,-0.023359288097886538,0.20578420467185762
2019-01-23,-0.10567296996662959,0.05094549499443826,0.11546162402669634,-0.02736373748609566,0.10567296996662959,0.19243604004449388,-0.08876529477196884,-0.12258064516129033,-0.1408231368186874,0.030923248053392655,0.09410456062291435,0.01268075639599555,0.15194660734149054
2019-01-24,-0.030478309232480537,0.15150166852057842,0.21334816462736375,0.08876529477196884,0.3352614015572859,0.217797552836485,-0.0731924360400445,-0.19510567296996661,0.020244716351501667,0.15016685205784203,0.24048943270300333,0.2200222469410456,0.28231368186874306
2019-01-25,0.11546162402669634,0.20222469410456062,0.2413793103448276,0.13548387096774192,0.4220244716351501,0.1604004449388209,-0.1292547274749722,-0.18665183537263624,0.12836484983314794,0.1804226918798665,0.33392658509454953,0.27697441601779754,0.38331479421579534
2019-01-28,0.006006674082313682,0.1421579532814238,0.20622914349276972,0.18175750834260287,0.3397107897664071,0.056729699666295874,-0.03982202447163515,-0.07408231368186874,0.14482758620689654,0.1768631813125695,0.26629588431590656,0.26807563959955505,0.28898776418242494
2019-01-29,0.19777530589543937,0.20444938820912126,0.22491657397107895,0.24805339265850945,0.18131256952169075,0.18086763070077863,0.2289210233592881,0.15773081201334815,0.31078976640711903,0.16440489432703,0.12614015572858733,0.1332591768631813,0.07897664071190211
2019-01-30,0.11190211345939934,0.10478309232480533,0.030478309232480537,0.1657397107897664,0.08075639599555061,0.06518353726362626,0.010011123470522802,0.07274749721913237,0.19243604004449388,0.08743047830923248,-0.0006674082313681868,0.14171301446051168,-0.030478309232480537
2019-01-31,0.023804226918798663,0.04916573971078977,-0.025583982202447165,0.11279199110122358,-0.030478309232480537,-0.04516129032258065,0.16885428253615126,0.15283648498331479,0.1510567296996663,-0.01846496106785317,-0.034482758620689655,0.029588431590656286,-0.12747497219132367
2019-02-01,0.0033370411568409346,-0.08476084538375972,0.009566184649610678,-0.09276974416017797,-0.02736373748609566,-0.033592880978865404,0.14482758620689654,0.07897664071190211,0.03626251390433815,-0.0878754171301446,-0.0028921023359288096,-0.12658509454949946,-0.03670745272525028
2019-02-04,-0.1243604004449388,-0.18442714126807563,-0.0932146829810901,-0.14705228031145717,-0.07408231368186874,-0.07586206896551724,-0.02513904338153504,-0.0006674082313681868,-0.13770856507230256,-0.07096774193548387,-0.03848720800889878,-0.07986651835372637,0.02202447163515017
2019-02-05,-0.11368186874304784,-0.2547274749721913,-0.18175750834260287,-0.2849833147942158,-0.0967741935483871,-0.2556173526140155,-0.20622914349276972,-0.21512791991101224,-0.3388209121245828,-0.18309232480533927,0.0006674082313681868,-0.17730812013348163,0.15150166852057842
2019-02-06,-0.18887652947719688,-0.05761957730812013,0.0006674082313681868,-0.11546162402669634,0.03759733036707453,-0.18487208008898778,-0.1292547274749722,-0.15773081201334815,-0.2978865406006674,0.05939933259176862,0.18175750834260287,0.016240266963292546,0.21023359288097884
2019-02-07,-0.18131256952169075,-0.13281423804226916,-0.00867630700778643,-0.08743047830923248,0.053170189098998885,-0.20756395995550608,-0.2556173526140155,-0.1421579532814238,-0.31701890989988873,0.08698553948832036,0.16618464961067853,0.09054505005561733,0.22981090100111232
2019-02-08,-0.16129032258064516,-0.16885428253615126,-0.06518353726362626,-0.12347052280311456,0.026918798665183537,-0.17330367074527253,-0.16173526140155728,-0.12614015572858733,-0.32502780867630704,-0.05361512791991101,0.058954393770856504,0.038042269187986644,0.1221357063403782
2019-02-11,-0.06696329254727475,-0.09588431590656285,0.10300333704115683,-0.06829810901001113,0.1221357063403782,-0.17285873192436038,-0.13103448275862067,-0.15417130144605118,-0.27608453837597335,0.1332591768631813,0.17330367074527253,0.08476084538375972,0.18620689655172412
2019-02-12,-0.207119021134594,0.1114571746384872,0.2938820912124583,0.22402669632925473,0.3161290322580645,-0.14482758620689654,-0.0896551724137931,-0.13014460511679646,-0.030033370411568408,0.3098998887652948,0.3441601779755284,0.35261401557285876,0.2921023359288098
2019-02-13,-0.17819799777530587,0.0843159065628476,0.046941045606229144,0.2867630700778643,0.09899888765294772,-0.0011123470522803117,0.0825361512791991,-0.0460511679644049,0.22847608453837595,0.13948832035595105,-0.02246941045606229,0.3543937708565072,-0.07007786429365963
2019-02-14,-0.23692992213570632,-0.1982202447163515,-0.3263626251390434,-0.06340378197997774,-0.2587319243604005,-0.07007786429365963,-0.020244716351501667,-0.02513904338153504,0.1532814238042269,-0.22313681868743046,-0.3423804226918799,0.0020022246941045607,-0.33348164627363736
2019-02-15,-0.2636262513904338,-0.2004449388209121,-0.37263626251390436,-0.2462736373748609,-0.39265850945494996,-0.009566184649610678,-0.09855394883203561,-0.02246941045606229,-0.026918798665183537,-0.20800889877641823,-0.27341490545050057,-0.17730812013348163,-0.4113459399332592
2019-02-19,-0.182202447163515,-0.05939933259176862,-0.21290322580645163,-0.1670745272525028,-0.31078976640711903,0.025583982202447165,-0.024249165739710785,0.02736373748609566,-0.005116796440489433,-0.09632925472747497,-0.22135706340378197,-0.1604004449388209,-0.3575083426028921
2019-02-20,-0.11368186874304784,0.005561735261401557,-0.2449388209121246,-0.1982202447163515,-0.3815350389321468,0.11457174638487205,0.046496106785317015,0.06340378197997774,-0.17552836484983317,-0.1532814238042269,-0.30055617352614017,-0.2502780867630701,-0.39621802002224693
2019-02-21,-0.08031145717463849,0.0135706340378198,-0.2266963292547275,-0.23915461624026696,-0.3979977753058954,0.10255839822024472,0.12480533926585094,0.040266963292547274,-0.060734149054505006,-0.21334816462736375,-0.37174638487208006,-0.33392658509454953,-0.4638487208008899
2019-02-22,-0.14996106445003507,0.11368186874304784,-0.064293659621802,-0.17018909899888765,-0.3352614015572859,0.2774193548387097,0.2146829810901001,0.18131256952169075,0.059844271412680755,-0.16129032258064516,-0.3343715239154616,-0.3521690767519466,-0.41446051167964404
2019-02-25,-0.1385984427141268,-0.20934371523915463,-0.33704115684093433,-0.3130144605116796,-0.3721913236929922,0.0825361512791991,0.04338153503893215,0.04916573971078977,-0.023359288097886538,-0.4291434927697442,-0.43893214682981085,-0.3815350389321468,-0.43893214682981085
2019-02-26,-0.28097886540600664,-0.3739710789766407,-0.47541713014460507,-0.4771968854282535,-0.28898776418242494,-0.0024471635150166847,-0.05494994438264739,-0.029143492769744164,-0.0843159065628476,-0.5452725250278087,-0.40778642936596216,-0.4131256952169076,-0.37263626251390436
2019-02-27,-0.352430750873673,-0.2778952069704656,-0.2738903120741739,-0.3352987004839805,-0.12771164835952542,0.02647680514770649,-0.0008899766436203862,0.04049393728472757,0.023139392734130043,-0.3884748049402986,-0.24852597773099283,-0.2894649033375306,-0.16931805644877848
2019-02-28,-0.4064516129032258,-0.10211345939933258,-0.14438264738598441,-0.26985539488320354,0.09365962180200223,0.2596218020022247,0.24716351501668518,0.14438264738598441,0.03937708565072302,-0.30589543937708563,-0.16173526140155728,-0.2293659621802002,0.005561735261401557
2019-03-01,-0.3957730812013348,0.01579532814238042,-0.06562847608453837,-0.2422691879866518,0.020689655172413793,0.3753058954393771,0.20133481646273638,0.16395995550611792,0.0064516129032258064,-0.3090100111234705,-0.17775305895439378,-0.27697441601779754,-0.10656284760845385
2019-03-04,-0.4353726362625139,0.12747497219132367,0.21201334816462733,0.00778642936596218,0.1804226918798665,0.11724137931034483,0.045606229143492764,0.04382647385984427,0.08876529477196884,-0.03759733036707453,0.12791991101223582,-0.02736373748609566,0.10700778642936595
2019-03-05,-0.31345939933259176,-0.006006674082313682,0.024249165739710785,-0.08342602892102337,0.10745272525027807,0.012235817575083427,-0.09766407119021134,-0.07675194660734148,-0.019799777530589546,-0.05183537263626252,-0.01668520578420467,-0.0037819799777530586,0.11368186874304784
2019-03-06,-0.2978865406006674,0.06651835372636263,0.09098998887652948,0.09944382647385984,0.16885428253615126,0.028253615127919914,0.019799777530589546,-0.007341490545050056,0.055394883203559515,0.07853170189098999,0.08609566184649611,0.1296996662958843,0.1657397107897664
2019-03-07,-0.07230255839822024,0.03225806451612903,0.045606229143492764,0.1586206896551724,-0.005116796440489433,-0.011790878754171301,0.11768631813125695,0.1421579532814238,0.1003337041156841,0.05494994438264739,-0.08832035595105672,0.018020022246941044,-0.03759733036707453
2019-03-08,0.06473859844271414,0.1510567296996663,0.1385984427141268,0.1292547274749722,0.03670745272525028,0.045606229143492764,0.11412680756395997,0.1403781979977753,0.007341490545050056,0.15773081201334815,0.17908787541713014,0.06384872080088987,0.064293659621802
2019-03-11,0.09410456062291435,0.14304783092324808,0.16529477196885425,0.15728587319243603,0.045606229143492764,0.005561735261401557,-0.030033370411568408,0.13993325917686317,-0.16796440489432704,0.19733036707452725,0.15906562847608455,0.15150166852057842,0.11190211345939934
2019-03-12,0.14571746384872078,0.25383759733036704,0.20978865406006672,0.24004449388209118,0.12614015572858733,0.14927697441601778,0.06206896551724137,0.1586206896551724,-0.1764182424916574,0.19377085650723025,0.16885428253615126,0.1292547274749722,0.16885428253615126
2019-03-13,0.18309232480533927,0.31078976640711903,0.38731924360400444,0.3308120133481646,0.2921023359288098,0.026028921023359287,-0.008231368186874304,0.03670745272525028,-0.06295884315906564,0.307230255839822,0.40111234705228027,0.2996662958843159,0.32947719688542826
2019-03-14,0.1621802002224694,0.17953281423804227,0.2551724137931034,0.28186874304783094,0.20622914349276972,0.056729699666295874,0.06562847608453837,0.08075639599555061,-0.00689655172413793,0.21913236929922134,0.23203559510567295,0.22981090100111232,0.24404894327030033
2019-03-15,0.17908787541713014,0.1710789766407119,0.2204671857619577,0.23737486095661847,0.07808676307007786,-0.033592880978865404,-0.06607341490545049,-0.009121245828698554,-0.2,0.24271412680756396,0.2418242491657397,0.24048943270300333,0.20578420467185762
2019-03-18,0.2827586206896551,0.10389321468298107,0.2004449388209121,0.23159065628476083,0.02647385984427141,-0.04338153503893215,-0.013125695216907676,-0.08164627363737487,-0.05183537263626252,0.17819799777530587,0.1546162402669633,0.22447163515016688,0.17597330367074526
2019-03-19,0.2645161290322581,0.06607341490545049,0.030923248053392655,0.1003337041156841,0.0011123470522803117,-0.023804226918798663,-0.23648498331479423,-0.18442714126807563,-0.2,0.17508342602892102,0.20311457174638486,0.17374860956618463,0.20489432703003335
2019-03-20,0.18798665183537264,-0.11724137931034483,-0.10878754171301447,-0.0002224694104560623,0.04427141268075639,-0.01668520578420467,-0.23781979977753054,-0.1835372636262514,-0.23381535038932147,0.023804226918798663,0.026918798665183537,0.046941045606229144,0.20311457174638486
2019-03-21,0.27341490545050057,0.05228031145717464,0.12258064516129033,0.020244716351501667,0.2253615127919911,0.04293659621802002,-0.040266963292547274,-0.04872080088987764,-0.0028921023359288096,0.00778642936596218,0.15639599555061176,0.021579532814238044,0.19199110122358176
2019-03-22,-0.00778642936596218,-0.19866518353726362,-0.21201334816462733,-0.12791991101223582,0.035817575083426034,0.06340378197997774,-0.014905450500556172,0.14883203559510566,-0.10745272525027807,-0.3343715239154616,-0.2324805339265851,-0.23915461624026696,0.09232480533926585
2019-03-25,0.13948832035595105,-0.23203559510567295,-0.18131256952169075,-0.2716351501668521,0.030033370411568408,-0.13726362625139044,-0.18442714126807563,0.05850945494994438,-0.13192436040044492,-0.22491657397107895,-0.10745272525027807,-0.23114571746384868,0.09454949944382647
2019-03-26,0.27519466073414905,-0.13370411568409346,0.05406006674082313,-0.10834260289210233,0.07007786429365963,-0.24004449388209118,-0.2551724137931034,-0.11457174638487205,-0.07497219132369298,-0.00689655172413793,0.0896551724137931,-0.0460511679644049,0.20133481646273638
2019-03-27,0.2609566184649611,-0.1982202447163515,0.008231368186874304,-0.04204671857619577,0.1221357063403782,-0.32413793103448274,-0.2525027808676307,-0.17152391546162402,-0.32725250278086765,0.013125695216907676,0.1345939933259177,0.02513904338153504,0.2854282536151279
2019-03-28,0.364182424916574,-0.0424916573971079,0.1946607341490545,0.06874304783092325,0.2774193548387097,-0.2876529477196885,-0.19955506117908786,-0.17953281423804227,-0.38331479421579534,0.24805339265850945,0.3779755283648498,0.22180200222469412,0.44560622914349274
2019-03-29,0.2987764182424916,-0.04338153503893215,0.2200222469410456,0.12169076751946609,0.3161290322580645,-0.26985539488320354,-0.13192436040044492,-0.07986651835372637,-0.2774193548387097,0.20667408231368187,0.3228031145717464,0.22625139043381537,0.4496106785317019
2019-04-01,0.13370411568409346,0.03848720800889878,0.13103448275862067,-0.03670745272525028,0.1408231368186874,-0.1421579532814238,-0.0731924360400445,-0.05228031145717464,-0.17508342602892102,0.08743047830923248,0.11902113459399331,0.053170189098998885,0.16662958843159065
2019-04-02,0.189321468298109,0.21201334816462733,0.300111234705228,0.18175750834260287,0.31657397107897667,-0.010901001112347052,0.040266963292547274,-0.0020022246941045607,-0.18175750834260287,0.19955506117908786,0.28587319243604004,0.21067853170189096,0.4122358175750834
2019-04-03,0.15194660734149054,0.010901001112347052,0.07007786429365963,0.06473859844271414,0.1510567296996663,0.047830923248053395,0.03670745272525028,0.0460511679644049,-0.2849833147942158,-0.019799777530589546,0.11813125695216908,0.08342602892102337,0.2992213570634038
2019-04-04,0.1568409343715239,0.07452725250278086,-0.029588431590656286,-0.03626251390433815,0.13281423804226916,0.12703003337041155,0.09988876529477196,0.04338153503893215,-0.05361512791991101,-0.1345939933259177,-0.06740823136818688,0.03270300333704116,0.20222469410456062
2019-04-05,0.11946607341490545,-0.2204671857619577,-0.27786429365962184,-0.12614015572858733,0.09499443826473859,0.029143492769744164,-0.10700778642936595,-0.05939933259176862,-0.018909899888765295,-0.2996662958843159,-0.2449388209121246,-0.007341490545050056,0.03982202447163515
2019-04-08,0.05228031145717464,-0.06696329254727475,-0.14349276974416017,-0.04204671857619577,-0.07541713014460512,0.038042269187986644,-0.10878754171301447,-0.08031145717463849,-0.0020022246941045607,-0.1875417130144605,-0.16840934371523916,-0.03759733036707453,-0.19866518353726362
2019-04-09,0.056729699666295874,-0.07230255839822024,-0.01757508342602892,0.034482758620689655,-0.17552836484983317,-0.16129032258064516,-0.189321468298109,-0.10300333704115683,-0.034037819799777526,0.06562847608453837,-0.03982202447163515,0.04427141268075639,-0.1804226918798665
2019-04-10,0.16618464961067853,0.04204671857619577,0.05850945494994438,0.08476084538375972,-0.17953281423804227,0.026918798665183537,-0.04827586206896552,-0.1243604004449388,-0.020244716351501667,0.08031145717463849,-0.01846496106785317,0.03314794215795328,-0.18264738598442715
2019-04-11,0.11724137931034483,0.060734149054505006,0.182202447163515,0.20133481646273638,0.09454949944382647,-0.18175750834260287,-0.026918798665183537,-0.10611790878754171,0.13993325917686317,0.17775305895439378,0.17997775305895441,0.13726362625139044,0.01579532814238042
2019-04-12,0.09632925472747497,0.10700778642936595,0.22313681868743046,0.2849833147942158,0.23915461624026696,-0.17196885428253617,0.034482758620689655,-0.12880978865406006,0.13815350389321468,0.2800889877641824,0.3575083426028921,0.34060066740823136,0.160845383759733
2019-04-15,0.2146829810901001,-0.01757508342602892,0.09766407119021134,0.17152391546162402,0.07096774193548387,-0.12658509454949946,0.07230255839822024,0.021134593993325918,0.14660734149054505,0.12302558398220245,0.054505005561735265,0.17196885428253617,-0.005561735261401557
2019-04-16,0.22625139043381537,-0.019799777530589546,0.04872080088987764,0.02202447163515017,-0.04916573971078977,0.03492769744160178,0.17552836484983317,0.0024471635150166847,0.2164627363737486,0.028698553948832032,0.05183537263626252,0.02736373748609566,-0.05494994438264739
2019-04-17,0.196440489432703,-0.11679644048943269,0.02202447163515017,-0.01846496106785317,-0.004226918798665183,-0.2253615127919911,-0.04961067853170189,-0.04471635150166852,0.13058954393770855,0.0002224694104560623,-0.012235817575083427,-0.08387096774193549,-0.09543937708565071
2019-04-18,0.23692992213570632,-0.007341490545050056,0.10611790878754171,0.09499443826473859,-0.10567296996662959,-0.16440489432703,0.08921023359288098,0.09899888765294772,0.10433815350389322,0.11457174638487205,-0.020689655172413793,0.005116796440489433,-0.1946607341490545
2019-04-22,-0.05628476084538376,-0.10700778642936595,-0.018020022246941044,0.09276974416017797,-0.08031145717463849,-0.1292547274749722,0.03626251390433815,0.08476084538375972,-0.09098998887652948,0.0033370411568409346,-0.06874304783092325,-0.05228031145717464,0.026028921023359287
2019-04-23,-0.13904338153503895,-0.14927697441601778,0.024249165739710785,-0.00778642936596218,-0.030478309232480537,-0.19866518353726362,-0.07230255839822024,-0.0046718576195773085,-0.27341490545050057,0.033592880978865404,-0.018020022246941044,-0.12480533926585094,0.2307007786429366
2019-04-24,-0.08342602892102337,0.061179087875417135,0.2511679644048943,0.14438264738598441,0.005116796440489433,-0.10077864293659622,0.08476084538375972,0.1710789766407119,-0.04516129032258065,0.1635150166852058,0.059844271412680755,-0.041156840934371525,0.08832035595105672
2019-04-25,-0.1546162402669633,-0.09410456062291435,0.06696329254727475,0.06918798665183537,0.020689655172413793,-0.03759733036707453,0.14838709677419354,0.11857619577308119,0.0020022246941045607,-0.08209121245828699,-0.06384872080088987,-0.07007786429365963,0.058064516129032254
2019-04-26,-0.13414905450500555,0.034037819799777526,0.1096774193548387,0.11056729699666296,0.10389321468298107,-0.06874304783092325,0.30589543937708563,0.11101223581757509,0.00778642936596218,0.05494994438264739,0.056729699666295874,-0.010011123470522802,0.0825361512791991
2019-04-29,-0.3014460511679644,-0.19555061179087874,-0.009121245828698554,-0.19866518353726362,0.22313681868743046,-0.23114571746384868,-0.1239154616240267,-0.2040044493882091,-0.14883203559510566,-0.10255839822024472,0.09632925472747497,-0.10611790878754171,0.28854282536151277
2019-04-30,-0.3161290322580645,-0.18131256952169075,-0.0020022246941045607,-0.05939933259176862,0.21690767519466073,-0.19688542825361513,-0.14260289210233593,-0.1239154616240267,-0.17018909899888765,-0.04961067853170189,0.08342602892102337,0.0424916573971079,0.33704115684093433
2019-05-01,-0.35261401557285876,-0.20756395995550608,-0.08342602892102337,-0.10344827586206896,0.10656284760845385,-0.2520578420467186,-0.20222469410456062,-0.13904338153503895,-0.20088987764182425,-0.08387096774193549,0.020689655172413793,-0.03937708565072302,0.23381535038932147
2019-05-02,-0.332146829810901,-0.2525027808676307,-0.13993325917686317,-0.1239154616240267,0.09543937708565071,-0.24805339265850945,-0.22358175750834258,-0.15239154616240266,-0.19377085650723025,-0.10255839822024472,0.023804226918798663,-0.02513904338153504,0.2631813125695217
2019-05-03,-0.2631813125695217,-0.3797552836484983,-0.2516129032258065,-0.13993325917686317,0.024249165739710785,-0.35706340378198,-0.3014460511679644,-0.2507230255839822,-0.2507230255839822,-0.14616240266963293,0.08075639599555061,0.07986651835372637,0.21957730812013349
2019-05-06,-0.1604004449388209,-0.32591768631813123,-0.22847608453837595,-0.22847608453837595,0.0033370411568409346,-0.34060066740823136,-0.2756395995550612,-0.3054505005561735,-0.26896551724137935,-0.16484983314794216,0.08298109010011123,0.02246941045606229,0.19421579532814237
2019-05-07,-0.006006674082313682,0.07897664071190211,0.2765294771968854,-0.014460511679644046,0.23159065628476083,-0.0843159065628476,-0.09187986651835373,-0.12569521690767518,-0.16307007786429364,0.2511679644048943,0.296551724137931,0.2088987764182425,0.3419354838709677
2019-05-08,0.10344827586206896,0.17597330367074526,0.37486095661846497,0.18264738598442715,0.37708565072302563,-0.07185761957730812,-0.033592880978865404,-0.10522803114571745,-0.0028921023359288096,0.314349276974416,0.43448275862068964,0.3032258064516129,0.4705228031145718
2019-05-09,0.0771968854282536,0.1635150166852058,0.32146829810900995,0.21334816462736375,0.39221357063403783,-0.046496106785317015,0.020689655172413793,-0.11991101223581756,0.2667408231368187,0.2200222469410456,0.34949944382647385,0.296551724137931,0.3935483870967742
2019-05-10,-0.004226918798665183,0.2636262513904338,0.3846496106785317,0.30233592880978866,0.40155728587319245,0.08075639599555061,0.26941045606229147,0.05583982202447163,0.33125695216907675,0.3508342602892102,0.38331479421579534,0.3837597330367074,0.35350389321468295
2019-05-13,0.182202447163515,0.31345939933259176,0.19332591768631813,0.16440489432703,0.007341490545050056,0.35706340378198,0.2863181312569522,0.2676307007786429,0.10700778642936595,0.2146829810901001,0.06918798665183537,0.09187986651835373,-0.09232480533926585
2019-05-14,0.18531701890989988,0.23915461624026696,0.07808676307007786,0.15506117908787542,-0.046496106785317015,0.21512791991101224,0.12791991101223582,0.17285873192436038,0.05628476084538376,0.17463848720800887,-0.03937708565072302,0.1408231368186874,-0.13815350389321468
2019-05-15,0.2004449388209121,0.08075639599555061,-0.07541713014460512,0.02513904338153504,-0.13681868743047831,0.12836484983314794,0.03982202447163515,0.0914349276974416,-0.029588431590656286,-0.04160177975528365,-0.15283648498331479,0.001557285873192436,-0.17463848720800887
2019-05-16,0.009121245828698554,0.24271412680756396,0.20133481646273638,0.29032258064516125,0.0825361512791991,0.2507230255839822,0.37352614015572855,0.3521690767519466,0.33704115684093433,0.17196885428253617,-0.03225806451612903,0.189321468298109,-0.189321468298109
2019-05-17,0.07452725250278086,0.3432703003337041,0.2827586206896551,0.296551724137931,0.10700778642936595,0.3076751946607342,0.45494994438264746,0.35706340378198,0.28987764182424913,0.21913236929922134,0.06874304783092325,0.14126807563959956,-0.13548387096774192
2019-05-20,-0.14927697441601778,0.1510567296996663,-0.0771968854282536,0.05228031145717464,-0.10344827586206896,0.29299221357063404,0.2996662958843159,0.31345939933259176,0.23337041156840932,-0.16751946607341492,-0.2520578420467186,-0.14260289210233593,-0.2800889877641824
2019-05-21,-0.08387096774193549,0.29521690767519465,0.14660734149054505,0.2053392658509455,0.0011123470522803117,0.27430478309232476,0.41490545050055616,0.4318131256952169,0.4593993325917686,0.05583982202447163,-0.038042269187986644,-0.01668520578420467,-0.24716351501668518
2019-05-22,-0.21245828698553948,0.3864293659621802,0.26629588431590656,0.24449388209121245,0.07764182424916574,0.34282536151279197,0.43804226918798667,0.385539488320356,0.3730812013348164,0.16440489432703,0.10166852057842046,0.04382647385984427,-0.09944382647385984
2019-05-23,-0.12880978865406006,0.15061179087875418,-0.03270300333704116,0.03670745272525028,0.010901001112347052,0.22625139043381537,0.03982202447163515,0.11679644048943269,-0.04160177975528365,-0.005116796440489433,-0.015350389321468297,-0.04160177975528365,0.08921023359288098
2019-05-24,0.06607341490545049,0.08921023359288098,-0.04916573971078977,-0.13147942157953282,-0.08476084538375972,0.20088987764182425,-0.017130144605116793,-0.06518353726362626,-0.058954393770856504,-0.11457174638487205,-0.060734149054505006,-0.15773081201334815,-0.071412680756396
2019-05-28,-0.05228031145717464,-0.05850945494994438,-0.028253615127919914,-0.08743047830923248,0.009566184649610678,-0.11902113459399331,-0.22803114571746386,-0.19154616240266964,-0.15550611790878754,0.030923248053392655,0.07808676307007786,0.030923248053392655,0.024249165739710785
2019-05-29,-0.0135706340378198,0.14527252502780869,-0.0024471635150166847,0.05361512791991101,-0.09988876529477196,0.12525027808676306,0.14527252502780869,0.10700778642936595,0.08520578420467186,0.0006674082313681868,-0.18264738598442715,-0.014460511679644046,-0.2462736373748609
2019-05-30,-0.18309232480533927,-0.061179087875417135,-0.12525027808676306,-0.03670745272525028,-0.21557285873192436,0.02202447163515017,0.03670745272525028,0.029588431590656286,-0.06340378197997774,-0.14972191323692993,-0.19199110122358176,-0.16885428253615126,-0.28453837597330367
2019-05-31,-0.053170189098998885,-0.2640711902113459,-0.17330367074527253,-0.12880978865406006,0.018909899888765295,-0.2164627363737486,-0.24093437152391545,-0.20177975528364847,-0.11546162402669634,-0.05094549499443826,0.060289210233592884,-0.0024471635150166847,-0.005561735261401557
2019-06-03,-0.15951056729699667,-0.2204671857619577,0.08654060066740822,-0.019799777530589546,0.08298109010011123,-0.11902113459399331,-0.07052280311457175,-0.0389321468298109,0.22269187986651834,0.10745272525027807,0.04516129032258065,-0.0033370411568409346,-0.005116796440489433
2019-06-04,-0.03848720800889878,-0.17819799777530587,0.04916573971078977,0.0046718576195773085,-0.0064516129032258064,-0.064293659621802,0.030478309232480537,0.10478309232480533,0.16662958843159065,0.026918798665183537,-0.056729699666295874,-0.12302558398220245,-0.10700778642936595
2019-06-05,0.09187986651835373,-0.37352614015572855,-0.12169076751946609,-0.14927697441601778,0.10567296996662959,-0.22091212458286985,-0.20756395995550608,-0.2324805339265851,0.07853170189098999,-0.16929922135706338,-0.14571746384872078,-0.13726362625139044,0.05939933259176862
2019-06-06,-0.04427141268075639,-0.5724137931034483,-0.3014460511679644,-0.21601779755283645,0.053170189098998885,-0.3681868743047831,-0.34905450500556173,-0.29032258064516125,-0.01579532814238042,-0.25383759733036704,-0.14126807563959956,-0.17374860956618463,0.25294771968854285
2019-06-07,-0.047830923248053395,-0.43403781979977757,-0.1403781979977753,-0.07497219132369298,0.182202447163515,-0.3659621802002225,-0.3441601779755284,-0.3828698553948832,-0.05005561735261402,-0.0006674082313681868,0.10077864293659622,-0.020689655172413793,0.34638487208008895
2019-06-10,-0.12080088987764183,-0.2921023359288098,0.005561735261401557,0.010456062291434927,0.1621802002224694,-0.2783092324805339,-0.07541713014460512,-0.2449388209121246,0.07586206896551724,0.0353726362625139,0.08743047830923248,0.14438264738598441,0.2186874304783092
2019-06-11,-0.21334816462736375,-0.2996662958843159,0.06696329254727475,0.08609566184649611,-0.04427141268075639,-0.14571746384872078,0.1897664071190211,0.17597330367074526,0.07541713014460512,-0.028698553948832032,-0.15595105672969967,-0.14438264738598441,-0.0371523915461624
2019-06-12,-0.2938820912124583,-0.3619577308120133,-0.0460511679644049,0.01268075639599555,0.14927697441601778,-0.3299221357063403,-0.08565072302558399,-0.030033370411568408,0.06473859844271414,-0.017130144605116793,0.09944382647385984,0.0024471635150166847,0.07586206896551724
2019-06-13,-0.23648498331479423,-0.10700778642936595,0.17819799777530587,0.09365962180200223,0.17196885428253617,-0.20444938820912126,-0.03136818687430478,-0.06918798665183537,-0.004226918798665183,0.10878754171301447,0.15506117908787542,0.13681868743047831,0.196440489432703
2019-06-14,-0.2921023359288098,-0.07007786429365963,0.31523915461624025,0.2324805339265851,0.3775305895439377,-0.2640711902113459,0.005116796440489433,-0.025583982202447165,0.07986651835372637,0.2088987764182425,0.35706340378198,0.21512791991101224,0.2996662958843159
2019-06-17,-0.24360400444938823,0.022914349276974413,0.37085650723025576,0.2987764182424916,0.35350389321468295,-0.314349276974416,-0.22358175750834258,-0.17997775305895441,-0.18442714126807563,0.45984427141268075,0.4407119021134594,0.418020022246941,0.4353726362625139
2019-06-18,-0.2943270300333704,0.1385984427141268,0.300111234705228,0.3423804226918799,0.2596218020022247,-0.3543937708565072,-0.12658509454949946,-0.09232480533926585,-0.2293659621802002,0.40511679644048937,0.38064516129032255,0.38020022246941043,0.2867630700778643
2019-06-19,-0.3512791991101224,0.2489432703003337,0.24449388209121245,0.332146829810901,0.053170189098998885,-0.23292547274749723,-0.10166852057842046,-0.0353726362625139,-0.24315906562847608,0.3561735261401557,0.2560622914349277,0.28898776418242494,0.13014460511679646
2019-06-20,-0.3232480533926585,0.13014460511679646,0.34371523915461627,0.2596218020022247,0.2146829810901001,-0.3775305895439377,0.0011123470522803117,-0.1510567296996663,-0.11101223581757509,0.4068965517241379,0.3997775305895439,0.3299221357063403,0.30055617352614017
2019-06-21,-0.5572858731924359,-0.0006674082313681868,0.13948832035595105,0.1804226918798665,0.16885428253615126,-0.2511679644048943,-0.16440489432703,-0.22269187986651834,-0.1768631813125695,0.2395995550611791,0.21067853170189096,0.2983314794215795,0.19243604004449388
2019-06-24,-0.47452725250278077,0.06651835372636263,0.16885428253615126,0.1710789766407119,0.19243604004449388,-0.1474972191323693,-0.08164627363737487,-0.1096774193548387,-0.00778642936596218,0.16840934371523916,0.11101223581757509,0.20578420467185762,0.17196885428253617
2019-06-25,-0.4282536151279199,-0.17552836484983317,-0.20177975528364847,-0.14972191323692993,-0.08164627363737487,-0.08209121245828699,-0.20800889877641823,-0.23692992213570632,-0.07096774193548387,-0.07230255839822024,-0.11056729699666296,-0.040711902113459396,-0.00867630700778643
2019-06-26,-0.20934371523915463,-0.3481646273637375,-0.34371523915461627,-0.3067853170189099,-0.21690767519466073,-0.2671857619577308,-0.3886540600667408,-0.3454949944382647,-0.25294771968854285,-0.2289210233592881,-0.26629588431590656,-0.1982202447163515,-0.15728587319243603
2019-06-27,-0.21735261401557288,-0.4562847608453838,-0.36106785317018913,-0.36062291434927696,-0.3125695216907675,-0.22803114571746386,-0.40511679644048937,-0.3388209121245828,-0.27608453837597335,-0.314349276974416,-0.32502780867630704,-0.30856507230255836,-0.22224694104560622
2019-06-28,-0.10368227898177501,-0.3882091212458286,-0.3410456062291435,-0.3147942157953281,-0.3486095661846496,-0.3268075639599555,-0.37664071190211346,-0.3704115684093437,-0.32547274749721916,-0.2912124582869855,-0.27919911012235815,-0.2783092324805339,-0.11412680756395997
2019-07-01,-0.08876529477196884,-0.09632925472747497,0.04516129032258065,-0.00867630700778643,0.01757508342602892,-0.2266963292547275,-0.2947719688542826,-0.23292547274749723,-0.4318131256952169,0.17508342602892102,0.2667408231368187,0.0896551724137931,0.3503893214682981
2019-07-02,-0.10768717387806674,-0.24582869855394882,-0.17152391546162402,-0.15906562847608455,0.02736373748609566,-0.1835372636262514,-0.32413793103448274,-0.34905450500556173,-0.36907675194660733,-0.05761957730812013,0.09232480533926585,0.0389321468298109,0.2565072302558398
2019-07-03,-0.09899888765294772,-0.20444938820912126,-0.10077864293659622,-0.09988876529477196,0.05939933259176862,-0.3668520578420467,-0.4509454949944383,-0.34638487208008895,-0.2916573971078976,0.05761957730812013,0.22447163515016688,0.17463848720800887,0.28409343715239155
2019-07-05,-0.016240266963292546,-0.300111234705228,-0.3103448275862069,-0.1221357063403782,-0.19021134593993325,-0.21512791991101224,-0.21112347052280311,-0.21156840934371526,-0.24671857619577306,-0.1835372636262514,-0.17374860956618463,-0.0843159065628476,-0.04338153503893215
2019-07-08,0.13592880978865407,-0.2,-0.2,-0.056729699666295874,-0.13103448275862067,-0.22981090100111232,-0.185761957730812,-0.1657397107897664,-0.12880978865406006,-0.1096774193548387,-0.03136818687430478,0.030923248053392655,-0.07052280311457175
2019-07-09,0.2253615127919911,-0.4625139043381535,-0.4785317018909899,-0.31167964404894327,-0.27208008898776415,-0.3486095661846496,-0.24849833147942155,-0.22981090100111232,-0.3098998887652948,-0.36952169076751945,-0.289432703003337,-0.22358175750834258,-0.21023359288097884
2019-07-10,0.2805339265850945,-0.5083426028921022,-0.5323692992213571,-0.47452725250278077,-0.2956618464961067,-0.3757508342602892,-0.2711902113459399,-0.31568409343715237,-0.20489432703003335,-0.39488320355951056,-0.20978865406006672,-0.18620689655172412,-0.25917686318131256
2019-07-11,0.22580645161290322,-0.40600667408231367,-0.24938820912124582,-0.5661846496106785,-0.06384872080088987,-0.37842046718576194,-0.2943270300333704,-0.3419354838709677,-0.15150166852057842,-0.13993325917686317,-0.08342602892102337,-0.16129032258064516,-0.04204671857619577
2019-07-12,0.13058954393770855,-0.42469410456062295,-0.3343715239154616,-0.5123470522803114,-0.1114571746384872,-0.37085650723025576,-0.435817575083426,-0.27875417130144603,-0.2631813125695217,-0.0967741935483871,-0.02202447163515017,-0.1546162402669633,0.001557285873192436
2019-07-15,0.061179087875417135,-0.32235817575083425,-0.16173526140155728,-0.34282536151279197,0.0033370411568409346,-0.22714126807563956,-0.2912124582869855,-0.2961067853170189,-0.24360400444938823,-0.0002224694104560623,0.06251390433815351,-0.0825361512791991,0.05939933259176862
2019-07-16,0.011345939933259176,-0.3041156840934371,-0.17730812013348163,-0.28097886540600664,-0.046941045606229144,-0.17241379310344826,-0.16662958843159065,-0.2863181312569522,-0.20845383759733035,-0.12169076751946609,-0.014905450500556172,0.0011123470522803117,0.06829810901001113
2019-07-17,0.13548387096774192,-0.2551724137931034,-0.040711902113459396,-0.1599555061179088,0.011345939933259176,-0.035817575083426034,0.06785317018909899,-0.11857619577308119,0.0914349276974416,-0.13770856507230256,-0.07897664071190211,-0.0460511679644049,-0.04427141268075639
2019-07-18,0.18531701890989988,-0.4567296996662959,-0.33348164627363736,-0.35839822024471635,-0.14838709677419354,-0.02736373748609566,-0.06874304783092325,-0.1897664071190211,-0.07630700778642936,-0.39621802002224693,-0.28142380422691876,-0.19154616240266964,-0.08520578420467186
2019-07-19,0.10389321468298107,-0.28898776418242494,-0.2600667408231368,-0.2360400444938821,-0.04382647385984427,-0.00689655172413793,-0.07274749721913237,-0.1621802002224694,0.08387096774193549,-0.26629588431590656,-0.12480533926585094,-0.10700778642936595,-0.10344827586206896
2019-07-22,0.06963292547274749,-0.0020022246941045607,0.07586206896551724,-0.08031145717463849,0.16484983314794216,0.08120133481646273,-0.06874304783092325,-0.14660734149054505,0.023804226918798663,0.011345939933259176,0.20444938820912126,-0.026918798665183537,0.12791991101223582
2019-07-23,0.04427141268075639,0.2507230255839822,0.17508342602892102,0.10389321468298107,0.2863181312569522,0.19377085650723025,0.009566184649610678,-0.027808676307007785,0.06607341490545049,0.17508342602892102,0.2453837597330367,0.15728587319243603,0.32502780867630704
2019-07-24,-0.017130144605116793,0.07586206896551724,-0.01757508342602892,-0.03181312569521691,0.06696329254727475,0.11279199110122358,-0.11991101223581756,-0.15061179087875418,-0.05005561735261402,-0.03270300333704116,0.04961067853170189,0.14571746384872078,0.1804226918798665
2019-07-25,0.0033370411568409346,0.2182424916573971,0.1835372636262514,0.1479421579532814,0.24360400444938823,0.05005561735261402,-0.08832035595105672,-0.071412680756396,0.1421579532814238,0.25383759733036704,0.3081201334816463,0.2925472747497219,0.2578420467185762
2019-07-26,0.09855394883203561,0.11412680756395997,0.1221357063403782,0.13592880978865407,0.2654060066740823,-0.008231368186874304,-0.34060066740823136,-0.12614015572858733,0.08520578420467186,0.20222469410456062,0.3014460511679644,0.2849833147942158,0.23114571746384868
2019-07-29,0.1421579532814238,0.13058954393770855,0.09855394883203561,0.13815350389321468,0.17063403781979977,0.008231368186874304,-0.11635150166852058,-0.11635150166852058,0.1982202447163515,0.13948832035595105,0.24582869855394882,0.32725250278086765,0.11546162402669634
2019-07-30,0.0896551724137931,0.07808676307007786,-0.010901001112347052,0.11190211345939934,-0.01846496106785317,0.028253615127919914,-0.11991101223581756,-0.0825361512791991,0.21379310344827587,0.11635150166852058,0.1710789766407119,0.2925472747497219,-0.04872080088987764
2019-07-31,0.17152391546162402,-0.03982202447163515,-0.20355951056729701,-0.13637374860956616,-0.11190211345939934,0.04916573971078977,-0.2987764182424916,-0.35706340378198,0.009121245828698554,-0.034037819799777526,0.02469410456062291,0.15283648498331479,-0.14705228031145717
2019-08-01,0.18531701890989988,0.1296996662958843,0.07541713014460512,-0.005116796440489433,-0.08743047830923248,0.18264738598442715,-0.07408231368186874,-0.19733036707452725,0.02469410456062291,0.13103448275862067,0.10255839822024472,0.15061179087875418,-0.10789766407119021
2019-08-02,0.2186874304783092,0.17775305895439378,0.05183537263626252,0.007341490545050056,-0.0028921023359288096,0.2289210233592881,0.08164627363737487,-0.06963292547274749,0.1568409343715239,0.06562847608453837,0.09410456062291435,0.1132369299221357,-0.071412680756396
2019-08-05,0.33036707452725245,0.13948832035595105,0.18131256952169075,0.0011123470522803117,0.16440489432703,0.2961067853170189,0.3014460511679644,0.11813125695216908,0.38509454949944383,-0.030478309232480537,0.047830923248053395,0.014460511679644046,-0.11279199110122358
2019-08-06,0.3410456062291435,0.4068965517241379,0.4905450500556173,0.3187986651835373,0.40867630700778645,0.41446051167964404,0.30856507230255836,0.16662958843159065,0.4042269187986652,0.3899888765294772,0.33659621802002226,0.3699666295884316,0.14527252502780869
2019-08-07,0.2707452725250278,0.5363737486095662,0.6480533926585095,0.5092324805339266,0.5083426028921022,0.27519466073414905,0.3067853170189099,0.2040044493882091,0.4122358175750834,0.6591768631813125,0.5848720800889877,0.4874304783092325,0.35261401557285876
2019-08-08,0.0037819799777530586,0.43670745272525024,0.4758620689655172,0.5012235817575084,0.5452725250278087,0.2836484983314794,0.13592880978865407,0.1835372636262514,0.2395995550611791,0.5741935483870967,0.5879866518353727,0.6120133481646273,0.5030033370411569
2019-08-09,-0.034482758620689655,0.31568409343715237,0.3632925472747497,0.3388209121245828,0.457174638487208,0.2774193548387097,0.21067853170189096,0.17463848720800887,0.2453837597330367,0.3348164627363737,0.37441601779755285,0.4914349276974415,0.39265850945494996
2019-08-12,-0.06162402669632924,0.1959955506117909,0.2876529477196885,0.29343715239154616,0.3957730812013348,0.16796440489432704,0.15773081201334815,0.1421579532814238,0.12791991101223582,0.28809788654060065,0.3210233592880979,0.3979977753058954,0.3441601779755284
2019-08-13,0.045606229143492764,0.3619577308120133,0.41579532814238046,0.3935483870967742,0.4576195773081201,0.23692992213570632,0.24805339265850945,0.24938820912124582,0.3414905450500556,0.4420467185761958,0.3419354838709677,0.42335928809788653,0.22625139043381537
2019-08-14,-0.053170189098998885,0.3971078976640712,0.4122358175750834,0.36017797552836484,0.11368186874304784,0.22447163515016688,0.24671857619577306,0.23648498331479423,0.08031145717463849,0.37441601779755285,0.21601779755283645,0.25339265850945497,0.060289210233592884
2019-08-15,0.038042269187986644,0.11635150166852058,0.2854282536151279,0.403781979977753,0.04516129032258065,-0.012235817575083427,0.20311457174638486,0.12480533926585094,0.2765294771968854,0.32057842046718577,0.196440489432703,0.31746384872080086,-0.22180200222469412
2019-08-16,-0.18665183537263624,0.04471635150166852,0.2992213570634038,0.2925472747497219,-0.0046718576195773085,-0.10656284760845385,0.055394883203559515,0.012235817575083427,0.23114571746384868,0.2987764182424916,0.21201334816462733,0.3268075639599555,-0.17196885428253617
2019-08-19,-0.11946607341490545,0.07230255839822024,0.03670745272525028,0.17018909899888765,-0.18887652947719688,0.0064516129032258064,0.0914349276974416,0.10745272525027807,-0.06918798665183537,0.06918798665183537,0.023804226918798663,0.07274749721913237,-0.3103448275862069
2019-08-20,0.02513904338153504,0.189321468298109,0.1408231368186874,0.09810901001112346,-0.1581757508342603,0.10478309232480533,0.19154616240266964,0.15016685205784203,-0.2088987764182425,0.13147942157953282,0.0046718576195773085,0.040711902113459396,-0.14260289210233593
2019-08-21,0.20667408231368187,-0.1532814238042269,-0.09454949944382647,-0.10611790878754171,0.09010011123470522,-0.1764182424916574,0.1221357063403782,0.060734149054505006,0.04160177975528365,-0.13414905450500555,-0.07452725250278086,-0.10522803114571745,-0.0064516129032258064
2019-08-22,0.4024471635150167,-0.15639599555061176,0.05183537263626252,-0.03314794215795328,0.1835372636262514,-0.21423804226918797,-0.018020022246941044,0.022914349276974413,0.17597330367074526,0.029588431590656286,0.1292547274749722,0.04160177975528365,0.04471635150166852
2019-08-23,0.1599555061179088,-0.4313681868743047,-0.15595105672969967,-0.27252502780867627,0.22224694104560622,-0.3730812013348164,-0.38954393770856505,-0.2596218020022247,0.05628476084538376,-0.1657397107897664,0.1003337041156841,-0.035817575083426034,0.23737486095661847
2019-08-26,0.025583982202447165,-0.6164627363737486,-0.26941045606229147,-0.3864293659621802,0.2565072302558398,-0.4006674082313682,-0.3236929922135706,-0.26184649610678534,0.020689655172413793,-0.3619577308120133,0.10567296996662959,-0.11056729699666296,0.3299221357063403
2019-08-27,-0.05494994438264739,-0.5977753058954393,-0.20088987764182425,-0.3543937708565072,0.32947719688542826,-0.4496106785317019,-0.396662958843159,-0.3548387096774193,0.08743047830923248,-0.17908787541713014,0.22313681868743046,0.05005561735261402,0.3575083426028921
2019-08-28,0.030033370411568408,-0.5635150166852058,0.14260289210233593,-0.05050055617352613,0.5706340378197998,-0.6934371523915461,-0.44649610678531704,-0.4273637374860957,0.09543937708565071,0.3010011123470523,0.5612903225806452,0.4282536151279199,0.5586206896551724
2019-08-29,-0.023804226918798663,-0.45317018909899887,0.3846496106785317,0.2146829810901001,0.657842046718576,-0.6849833147942158,-0.403781979977753,-0.42602892102335926,0.0932146829810901,0.47230255839822033,0.6329254727474972,0.5799777530589544,0.7187986651835372
2019-08-30,-0.07408231368186874,-0.335706340378198,0.4162402669632926,0.33748609566184645,0.6671857619577308,-0.7317018909899888,-0.3810901001112347,-0.385539488320356,0.21512791991101224,0.5452725250278087,0.6453837597330366,0.6547274749721913,0.7174638487208009
2019-09-03,-0.13236929922135707,-0.40111234705228027,0.26807563959955505,0.3699666295884316,0.5768631813125694,-0.7005561735261402,-0.24004449388209118,-0.335706340378198,0.21334816462736375,0.5096774193548387,0.5323692992213571,0.7139043381535038,0.5230255839822024
2019-09-04,-0.15283648498331479,-0.34905450500556173,0.2961067853170189,0.4131256952169076,0.4567296996662959,-0.7526140155728587,-0.20756395995550608,-0.2805339265850945,0.2978865406006674,0.4522803114571746,0.4220244716351501,0.7236929922135705,0.39221357063403783
2019-09-05,-0.11457174638487205,-0.03759733036707453,0.4825361512791991,0.4398220244716351,0.4251390433815351,-0.7134593993325918,0.13058954393770855,-0.16885428253615126,0.4309232480533926,0.5096774193548387,0.5114571746384872,0.5862068965517241,0.34371523915461627
2019-09-06,-0.1532814238042269,-0.10344827586206896,0.4651835372636262,0.46206896551724136,0.4242491657397108,-0.6778642936596218,0.15728587319243603,-0.14304783092324808,0.5025583982202447,0.4780867630700778,0.5003337041156841,0.5866518353726363,0.34282536151279197
2019-09-09,-0.18442714126807563,0.16307007786429364,0.3530589543937709,0.4126807563959955,0.2707452725250278,-0.49988876529477194,0.22625139043381537,0.1546162402669633,0.421579532814238,0.4442714126807564,0.35261401557285876,0.457174638487208,0.2489432703003337
2019-09-10,-0.034037819799777526,-0.15239154616240266,-0.05094549499443826,-0.04160177975528365,-0.20311457174638486,-0.0896551724137931,0.09054505005561733,0.061179087875417135,0.058954393770856504,0.004226918798665183,-0.11412680756395997,-0.07096774193548387,-0.24938820912124582
2019-09-11,-0.09365962180200223,-0.2707452725250278,-0.25294771968854285,-0.23025583982202447,-0.2996662958843159,0.05183537263626252,-0.2360400444938821,-0.11679644048943269,-0.2622914349276974,-0.18620689655172412,-0.17730812013348163,-0.2146829810901001,-0.23337041156840932
2019-09-12,0.012235817575083427,-0.14126807563959956,-0.2729699666295884,-0.2783092324805339,-0.3236929922135706,0.3281423804226919,-0.14438264738598441,-0.09766407119021134,-0.33704115684093433,-0.26629588431590656,-0.34282536151279197,-0.28854282536151277,-0.2040044493882091
2019-09-13,-0.004226918798665183,-0.1764182424916574,-0.21557285873192436,-0.2520578420467186,-0.22135706340378197,0.17730812013348163,-0.21245828698553948,-0.16751946607341492,-0.32947719688542826,-0.17196885428253617,-0.17419354838709677,-0.1403781979977753,-0.15728587319243603
2019-09-16,0.10300333704115683,-0.08342602892102337,-0.20311457174638486,-0.17463848720800887,-0.20444938820912126,0.09365962180200223,-0.22981090100111232,-0.15239154616240266,-0.32591768631813123,-0.13058954393770855,-0.0914349276974416,-0.08921023359288098,-0.034482758620689655
2019-09-17,0.029143492769744164,0.034482758620689655,-0.11546162402669634,-0.15239154616240266,-0.207119021134594,0.15639599555061176,-0.207119021134594,-0.1621802002224694,-0.3552836484983315,-0.07897664071190211,-0.017130144605116793,-0.11590656284760845,0.14705228031145717
2019-09-18,-0.010011123470522802,-0.28854282536151277,-0.3899888765294772,-0.3939933259176863,-0.33748609566184645,0.07897664071190211,-0.3592880978865406,-0.33303670745272523,-0.5248053392658508,-0.41090100111234706,-0.26184649610678534,-0.3067853170189099,0.28720800889877635
2019-09-19,-0.03492769744160178,-0.43893214682981085,-0.5350389321468298,-0.5150166852057843,-0.2645161290322581,-0.1479421579532814,-0.45317018909899887,-0.3810901001112347,-0.5715239154616241,-0.5030033370411569,-0.3045606229143492,-0.36462736373748605,0.35884315906562847
2019-09-20,-0.015350389321468297,-0.33659621802002226,-0.4264738598442714,-0.39888765294771966,-0.057174638487208,-0.07230255839822024,-0.29032258064516125,-0.32769744160177977,-0.4295884315906563,-0.435817575083426,-0.28453837597330367,-0.3348164627363737,0.2609566184649611
2019-09-23,0.05761957730812013,-0.22981090100111232,-0.20311457174638486,-0.28809788654060065,0.16262513904338155,0.05005561735261402,-0.1621802002224694,-0.2053392658509455,-0.1345939933259177,-0.38776418242491656,-0.19199110122358176,-0.38776418242491656,0.21601779755283645
2019-09-24,0.03225806451612903,-0.2387096774193548,-0.11946607341490545,-0.3552836484983315,0.3299221357063403,-0.09010011123470522,-0.2916573971078976,-0.27697441601779754,-0.21512791991101224,-0.3187986651835373,0.13726362625139044,-0.23515016685205786,0.4318131256952169
2019-09-25,0.059844271412680755,-0.10389321468298107,0.08342602892102337,-0.1132369299221357,0.525250278086763,-0.189321468298109,-0.2520578420467186,-0.23515016685205786,-0.16796440489432704,0.06251390433815351,0.5047830923248053,0.17196885428253617,0.5959955506117909
2019-09-26,-0.02736373748609566,-0.08565072302558399,0.2916573971078976,0.0046718576195773085,0.5199110122358176,-0.19421579532814237,-0.23737486095661847,-0.26184649610678534,-0.07096774193548387,0.15906562847608455,0.4905450500556173,0.42335928809788653,0.5773081201334815
2019-09-27,0.12347052280311456,-0.217797552836485,0.056729699666295874,-0.14260289210233593,0.3397107897664071,-0.37352614015572855,-0.34015572858731924,-0.3352614015572859,-0.35661846496106786,0.05139043381535039,0.37486095661846497,0.29521690767519465,0.47185761957730815
2019-09-30,0.03270300333704116,0.09944382647385984,0.3931034482758621,0.13592880978865407,0.4771968854282535,-0.4082313681868743,-0.3997775305895439,-0.48476084538375974,-0.20177975528364847,0.5430478309232479,0.5937708565072302,0.5537263626251391,0.5973303670745272
2019-10-01,0.018020022246941044,-0.09810901001112346,0.07897664071190211,0.07007786429365963,0.13147942157953282,-0.385539488320356,-0.18131256952169075,-0.2729699666295884,-0.185761957730812,0.1897664071190211,0.18264738598442715,0.260511679644049,0.22358175750834258
2019-10-02,-0.061179087875417135,-0.15239154616240266,-0.16173526140155728,-0.07408231368186874,-0.15728587319243603,-0.08476084538375972,-0.018909899888765295,-0.03937708565072302,-0.14972191323692993,-0.1421579532814238,-0.1670745272525028,-0.09365962180200223,-0.11101223581757509
2019-10-03,-0.17552836484983317,-0.314349276974416,-0.19510567296996661,-0.33036707452725245,-0.31701890989988873,0.10433815350389322,0.25917686318131256,0.1510567296996663,-0.12080088987764183,-0.20978865406006672,-0.2413793103448276,-0.23781979977753054,-0.3263626251390434
2019-10-04,-0.2462736373748609,-0.1657397107897664,-0.23559510567296996,-0.2649610678531702,-0.26896551724137935,0.19199110122358176,0.15239154616240266,0.18665183537263624,-0.04204671857619577,-0.29744160177975526,-0.2387096774193548,-0.25917686318131256,-0.3650723025583982
2019-10-07,-0.1479421579532814,-0.01268075639599555,-0.03136818687430478,-0.13948832035595105,-0.11101223581757509,0.3196885428253615,0.2978865406006674,0.20800889877641823,0.08520578420467186,-0.13770856507230256,-0.1132369299221357,-0.17374860956618463,-0.24449388209121245
2019-10-08,-0.20934371523915463,-0.17374860956618463,-0.29032258064516125,-0.2649610678531702,-0.27430478309232476,0.14527252502780869,0.11368186874304784,0.2925472747497219,-0.1710789766407119,-0.27608453837597335,-0.26273637374860953,-0.32057842046718577,-0.27875417130144603
2019-10-09,-0.28854282536151277,-0.3103448275862069,-0.32858731924360396,-0.36106785317018913,-0.30589543937708563,0.038042269187986644,-0.040266963292547274,0.0878754171301446,-0.29076751946607343,-0.3681868743047831,-0.27519466073414905,-0.3793103448275862,-0.17018909899888765
2019-10-10,-0.1243604004449388,-0.3032258064516129,-0.31345939933259176,-0.314349276974416,-0.19421579532814237,0.0932146829810901,0.019799777530589546,0.040711902113459396,-0.25917686318131256,-0.3268075639599555,-0.27208008898776415,-0.28720800889877635,0.016240266963292546
2019-10-11,-0.11101223581757509,-0.35572858731924356,-0.35661846496106786,-0.3454949944382647,-0.17063403781979977,0.08698553948832036,-0.07408231368186874,-0.01935483870967742,-0.2164627363737486,-0.3512791991101224,-0.30233592880978866,-0.27430478309232476,-0.035817575083426034
2019-10-14,-0.05361512791991101,-0.4278086763070078,-0.3045606229143492,-0.41090100111234706,-0.07897664071190211,0.0914349276974416,0.006006674082313682,0.013125695216907676,-0.21023359288097884,-0.40956618464961064,-0.296551724137931,-0.35661846496106786,0.14349276974416017
2019-10-15,-0.1096774193548387,-0.48075639599555064,-0.3263626251390434,-0.3548387096774193,-0.00689655172413793,-0.09899888765294772,-0.19510567296996661,-0.1345939933259177,-0.13103448275862067,-0.4162402669632926,-0.23337041156840932,-0.2645161290322581,0.07897664071190211
2019-10-16,-0.19510567296996661,-0.2609566184649611,-0.17374860956618463,-0.2961067853170189,-0.07586206896551724,0.04427141268075639,0.05850945494994438,0.035817575083426034,-0.026028921023359287,-0.3810901001112347,-0.25294771968854285,-0.36907675194660733,0.0002224694104560623
2019-10-17,-0.0371523915461624,-0.17864293659621802,-0.17419354838709677,-0.20222469410456062,-0.22135706340378197,0.07942157953281423,0.09855394883203561,-0.01846496106785317,0.16796440489432704,-0.2640711902113459,-0.19021134593993325,-0.26140155728587317,-0.19555061179087874
2019-10-18,0.1296996662958843,-0.10567296996662959,-0.046941045606229144,0.07808676307007786,-0.0046718576195773085,-0.060289210233592884,0.20489432703003335,0.22580645161290322,0.260511679644049,-0.14304783092324808,-0.16173526140155728,-0.09988876529477196,-0.04338153503893215
2019-10-21,-0.06785317018909899,-0.030478309232480537,0.2182424916573971,0.18665183537263624,0.4593993325917686,-0.2382647385984427,-0.1479421579532814,0.00689655172413793,-0.12080088987764183,0.19777530589543937,0.38731924360400444,0.2596218020022247,0.432258064516129
2019-10-22,-0.14349276974416017,-0.15728587319243603,0.0371523915461624,0.1003337041156841,0.2413793103448276,-0.3050055617352614,-0.3908787541713014,-0.16440489432703,-0.32057842046718577,0.13681868743047831,0.2511679644048943,0.21690767519466073,0.3815350389321468
2019-10-23,-0.0020022246941045607,-0.18620689655172412,-0.02202447163515017,-0.0389321468298109,0.16529477196885425,-0.26585094549499444,-0.3236929922135706,-0.1132369299221357,-0.29076751946607343,0.08520578420467186,0.17330367074527253,0.11101223581757509,0.23559510567296996
2019-10-24,-0.1403781979977753,0.014460511679644046,0.0771968854282536,0.07185761957730812,0.21379310344827587,-0.22758620689655173,-0.30945494994438266,-0.17508342602892102,-0.40778642936596216,0.1203559510567297,0.2289210233592881,0.17864293659621802,0.28587319243604004
2019-10-25,-0.033592880978865404,0.015350389321468297,0.1350389321468298,0.057174638487208,0.182202447163515,-0.16129032258064516,-0.22091212458286985,-0.2551724137931034,-0.38020022246941043,0.16395995550611792,0.2667408231368187,0.19911012235817574,0.3423804226918799
2019-10-28,-0.05761957730812013,0.11279199110122358,0.18798665183537264,0.030478309232480537,0.11190211345939934,-0.160845383759733,-0.2182424916573971,-0.2088987764182425,-0.38242491657397104,0.24582869855394882,0.3098998887652948,0.14171301446051168,0.3979977753058954
2019-10-29,-0.05628476084538376,0.005116796440489433,0.10433815350389322,0.10656284760845385,0.1203559510567297,-0.21379310344827587,-0.27208008898776415,-0.23781979977753054,-0.2511679644048943,0.17819799777530587,0.24938820912124582,0.1884315906562848,0.3343715239154616
2019-10-30,-0.12258064516129033,0.2796440489432703,0.3815350389321468,0.25294771968854285,0.1586206896551724,0.057174638487208,0.16751946607341492,-0.014905450500556172,-0.08164627363737487,0.33036707452725245,0.3281423804226919,0.26273637374860953,0.38064516129032255
2019-10-31,-0.14660734149054505,0.23915461624026696,0.27519466073414905,0.3139043381535039,0.21067853170189096,0.1243604004449388,0.1439377085650723,0.07096774193548387,0.0460511679644049,0.3299221357063403,0.2453837597330367,0.314349276974416,0.27208008898776415
2019-11-01,-0.040266963292547274,0.18086763070077863,0.23381535038932147,0.19510567296996661,0.185761957730812,0.11234705228031144,0.11902113459399331,0.07007786429365963,0.06518353726362626,0.1345939933259177,0.19199110122358176,0.13592880978865407,0.15951056729699667
2019-11-04,0.09365962180200223,0.03225806451612903,0.09454949944382647,0.1003337041156841,0.2507230255839822,0.13993325917686317,0.004226918798665183,0.15194660734149054,0.026028921023359287,-0.023804226918798663,0.04382647385984427,0.05228031145717464,0.21379310344827587
2019-11-05,0.16484983314794216,-0.0878754171301446,-0.33837597330367075,-0.20222469410456062,-0.1510567296996663,0.12836484983314794,-0.25294771968854285,0.060289210233592884,-0.40600667408231367,-0.20133481646273638,-0.14972191323692993,-0.24849833147942155,0.14571746384872078
2019-11-06,0.07497219132369298,-0.03136818687430478,-0.07853170189098999,-0.16840934371523916,-0.030033370411568408,0.2987764182424916,0.03492769744160178,0.09187986651835373,-0.3041156840934371,-0.18131256952169075,-0.0878754171301446,-0.19377085650723025,0.17374860956618463
2019-11-07,0.07096774193548387,0.1581757508342603,0.04516129032258065,-0.047385984427141266,-0.01846496106785317,0.27519466073414905,-0.030033370411568408,0.053170189098998885,-0.2551724137931034,0.05939933259176862,0.07052280311457175,-0.021134593993325918,0.1332591768631813
2019-11-08,0.05583982202447163,0.3508342602892102,0.07764182424916574,0.061179087875417135,-0.057174638487208,0.5061179087875418,0.23381535038932147,0.22625139043381537,-0.0424916573971079,-0.07096774193548387,-0.12302558398220245,-0.13637374860956616,0.07052280311457175
2019-11-11,0.04516129032258065,0.47541713014460507,0.2943270300333704,0.24449388209121245,0.1804226918798665,0.40600667408231367,0.2551724137931034,0.31167964404894327,0.060734149054505006,0.1408231368186874,0.06518353726362626,-0.020689655172413793,0.11279199110122358
2019-11-12,0.2511679644048943,0.3864293659621802,0.27786429365962184,0.17597330367074526,0.2422691879866518,0.2765294771968854,0.11857619577308119,0.1243604004449388,-0.07052280311457175,0.2836484983314794,0.2266963292547275,0.10656284760845385,0.2507230255839822
2019-11-13,0.19421579532814237,0.41045606229143494,0.28142380422691876,0.307230255839822,0.28453837597330367,0.26985539488320354,0.1768631813125695,0.24360400444938823,-0.061179087875417135,0.3054505005561735,0.296551724137931,0.18175750834260287,0.296551724137931
2019-11-14,0.18620689655172412,0.4211345939933259,0.20622914349276972,0.18887652947719688,0.1510567296996663,0.32725250278086765,0.182202447163515,0.28987764182424913,0.008231368186874304,0.24315906562847608,0.2253615127919911,0.11190211345939934,0.11412680756395997
2019-11-15,0.2876529477196885,0.3539488320355951,-0.025583982202447165,0.18086763070077863,-0.16751946607341492,0.29744160177975526,0.20667408231368187,0.31123470522803115,-0.01668520578420467,0.02647385984427141,-0.05583982202447163,-0.01935483870967742,-0.0932146829810901
2019-11-18,0.056729699666295874,0.2943270300333704,0.0002224694104560623,0.1657397107897664,-0.05628476084538376,0.23515016685205786,0.10122358175750834,0.2186874304783092,-0.33837597330367075,0.07897664071190211,0.006006674082313682,0.05005561735261402,0.08654060066740822
2019-11-19,-0.10834260289210233,0.3681868743047831,0.13815350389321468,0.10834260289210233,-0.009566184649610678,0.3882091212458286,0.2387096774193548,0.2796440489432703,-0.217797552836485,0.058954393770856504,-0.03225806451612903,-0.0002224694104560623,0.058064516129032254
2019-11-20,-0.07541713014460512,0.2587319243604005,-0.05272525027808676,0.025583982202447165,-0.2631813125695217,0.33036707452725245,0.2204671857619577,0.2854282536151279,-0.2578420467185762,-0.09499443826473859,-0.22981090100111232,-0.17953281423804227,-0.19777530589543937
2019-11-21,-0.0878754171301446,0.1479421579532814,0.1764182424916574,0.09588431590656285,-0.18131256952169075,0.23292547274749723,0.37842046718576194,0.3090100111234705,-0.11635150166852058,0.06918798665183537,-0.0878754171301446,-0.10344827586206896,-0.13192436040044492
2019-11-22,-0.10745272525027807,0.12658509454949946,0.15728587319243603,0.14260289210233593,-0.011345939933259176,0.12747497219132367,0.20444938820912126,0.207119021134594,-0.04916573971078977,0.11056729699666296,0.01757508342602892,0.014015572858731925,0.021579532814238044
2019-11-25,-0.20177975528364847,0.038042269187986644,-0.11056729699666296,-0.07096774193548387,-0.20311457174638486,0.2783092324805339,0.09721913236929922,0.22491657397107895,-0.05272525027808676,-0.10611790878754171,-0.1884315906562848,-0.207119021134594,-0.12880978865406006
2019-11-26,-0.19377085650723025,-0.10166852057842046,-0.15639599555061176,-0.09721913236929922,-0.21156840934371526,0.007341490545050056,-0.029143492769744164,0.07853170189098999,-0.0967741935483871,-0.09766407119021134,-0.22847608453837595,-0.1764182424916574,-0.17463848720800887
2019-11-27,-0.31078976640711903,-0.11234705228031144,-0.3130144605116796,-0.2867630700778643,-0.2947719688542826,0.13192436040044492,0.058064516129032254,0.07185761957730812,-0.2565072302558398,-0.34015572858731924,-0.2418242491657397,-0.4540600667408231,-0.07185761957730812
2019-11-29,-0.1670745272525028,0.010011123470522802,-0.10389321468298107,-0.1906562847608454,-0.13592880978865407,0.2200222469410456,0.20222469410456062,0.15150166852057842,-0.045606229143492764,-0.2413793103448276,-0.22625139043381537,-0.3014460511679644,-0.00778642936596218
2019-12-02,-0.1479421579532814,0.21067853170189096,0.1479421579532814,0.05494994438264739,-0.02246941045606229,0.3103448275862069,0.32057842046718577,0.3050055617352614,0.18264738598442715,-0.10522803114571745,-0.12080088987764183,-0.196440489432703,-0.07230255839822024
2019-12-03,0.005116796440489433,-0.2289210233592881,-0.35706340378198,-0.32591768631813123,-0.20667408231368187,0.19154616240266964,0.03225806451612903,0.10834260289210233,-0.11902113459399331,-0.43270300333704115,-0.3819799777530589,-0.44471635150166855,-0.1345939933259177
2019-12-04,0.06829810901001113,-0.058064516129032254,-0.020689655172413793,-0.11902113459399331,-0.09365962180200223,0.18798665183537264,0.1221357063403782,0.21201334816462733,-0.11101223581757509,-0.11724137931034483,-0.12791991101223582,-0.2716351501668521,-0.08209121245828699
2019-12-05,-0.038042269187986644,0.3561735261401557,0.300111234705228,0.17864293659621802,0.0006674082313681868,0.2382647385984427,0.21112347052280311,0.2609566184649611,-0.15773081201334815,0.1114571746384872,0.09944382647385984,-0.12703003337041155,0.10745272525027807
2019-12-06,-0.058064516129032254,0.5038932146829811,0.22269187986651834,0.20756395995550608,0.007341490545050056,0.3388209121245828,0.207119021134594,0.30233592880978866,-0.196440489432703,0.12124582869855395,0.03492769744160178,-0.057174638487208,0.08164627363737487
2019-12-09,-0.07897664071190211,0.4309232480533926,0.16395995550611792,0.30055617352614017,0.06740823136818688,0.2422691879866518,0.2088987764182425,0.3010011123470523,-0.11991101223581756,0.17063403781979977,0.05494994438264739,0.05628476084538376,0.08120133481646273
2019-12-10,-0.11412680756395997,0.5243604004449388,0.2983314794215795,0.2520578420467186,0.07541713014460512,0.39532814238042263,0.3659621802002225,0.3468298109010011,-0.05583982202447163,0.22758620689655173,0.14705228031145717,0.07497219132369298,0.11012235817575085
2019-12-11,-0.20355951056729701,0.5768631813125694,0.21423804226918797,0.26140155728587317,0.01757508342602892,0.4674082313681869,0.4126807563959955,0.4251390433815351,0.08209121245828699,0.2667408231368187,0.029143492769744164,0.13993325917686317,-0.013125695216907676
2019-12-12,-0.19332591768631813,0.2200222469410456,-0.185761957730812,0.0028921023359288096,-0.34060066740823136,0.19688542825361513,0.17241379310344826,0.30589543937708563,-0.05583982202447163,-0.0825361512791991,-0.3268075639599555,-0.1764182424916574,-0.4696329254727475
2019-12-13,-0.35973303670745277,0.0932146829810901,-0.11590656284760845,0.01757508342602892,-0.28898776418242494,0.16618464961067853,0.20444938820912126,0.2947719688542826,0.1568409343715239,-0.018020022246941044,-0.1839822024471635,-0.12080088987764183,-0.4420467185761958
2019-12-16,-0.38242491657397104,0.015350389321468297,-0.13548387096774192,-0.07630700778642936,-0.2774193548387097,-0.0011123470522803117,0.06518353726362626,0.06696329254727475,0.11635150166852058,-0.01935483870967742,-0.07764182424916574,-0.11056729699666296,-0.31523915461624025
2019-12-17,-0.36907675194660733,0.20978865406006672,-0.13147942157953282,-0.07897664071190211,-0.33659621802002226,0.31345939933259176,0.1546162402669633,0.2600667408231368,-0.15595105672969967,-0.035817575083426034,-0.09899888765294772,-0.14260289210233593,-0.19199110122358176
2019-12-18,-0.47541713014460507,0.2560622914349277,0.034482758620689655,-0.054505005561735265,-0.1479421579532814,0.28142380422691876,0.20355951056729701,0.16885428253615126,0.03136818687430478,-0.03314794215795328,-0.0825361512791991,-0.11546162402669634,-0.1568409343715239
2019-12-19,-0.40556173526140155,0.2146829810901001,-0.01846496106785317,-0.0020022246941045607,0.021134593993325918,0.27608453837597335,0.26629588431590656,0.19377085650723025,0.055394883203559515,-0.06295884315906564,-0.18487208008898778,-0.1332591768631813,-0.040266963292547274
2019-12-20,-0.4634037819799778,0.37441601779755285,0.10478309232480533,0.12614015572858733,-0.08609566184649611,0.32146829810900995,0.42380422691879865,0.33837597330367075,0.20311457174638486,0.0878754171301446,-0.12169076751946609,-0.057174638487208,-0.12080088987764183
2019-12-23,-0.35884315906562847,0.14527252502780869,-0.06963292547274749,-0.040711902113459396,-0.12347052280311456,0.3263626251390434,0.3468298109010011,0.33392658509454953,0.17908787541713014,-0.20845383759733035,-0.3045606229143492,-0.2418242491657397,-0.16840934371523916
2019-12-24,-0.10478309232480533,0.023359288097886538,-0.15194660734149054,-0.13058954393770855,-0.022914349276974413,0.27252502780867627,-0.025583982202447165,0.13414905450500555,-0.19911012235817574,-0.31701890989988873,-0.23559510567296996,-0.27697441601779754,0.08876529477196884
2019-12-26,-0.09276974416017797,0.1096774193548387,-0.040711902113459396,-0.07230255839822024,0.006006674082313682,0.23915461624026696,0.05139043381535039,0.1586206896551724,-0.16885428253615126,-0.3125695216907675,-0.18798665183537264,-0.31523915461624025,0.1586206896551724
2019-12-27,-0.06562847608453837,0.12258064516129033,-0.0371523915461624,-0.04961067853170189,0.06651835372636263,0.185761957730812,-0.047385984427141266,0.060734149054505006,-0.28186874304783094,-0.13726362625139044,-0.0011123470522803117,-0.18442714126807563,0.19555061179087874
2019-12-30,-0.054505005561735265,0.05050055617352613,-0.06874304783092325,-0.06162402669632924,0.018020022246941044,0.14927697441601778,-0.09899888765294772,-0.09632925472747497,-0.19955506117908786,-0.08075639599555061,-0.07497219132369298,-0.18620689655172412,0.09365962180200223
2019-12-31,-0.05361512791991101,-0.10834260289210233,-0.160845383759733,-0.32769744160177977,0.11457174638487205,0.05005561735261402,-0.14171301446051168,-0.20133481646273638,-0.2805339265850945,-0.2293659621802002,0.0011123470522803117,-0.21245828698553948,0.23781979977753054
2020-01-02,-0.16395995550611792,0.011345939933259176,0.09766407119021134,-0.12258064516129033,0.31078976640711903,-0.07007786429365963,-0.21112347052280311,-0.16662958843159065,-0.18665183537263624,0.041156840934371525,0.35706340378198,0.05005561735261402,0.3899888765294772
2020-01-03,0.004226918798665183,0.028698553948832032,-0.010011123470522802,-0.10389321468298107,0.19421579532814237,0.04961067853170189,-0.33348164627363736,-0.2551724137931034,-0.26896551724137935,-0.018909899888765295,0.1581757508342603,0.12080088987764183,0.28097886540600664
2020-01-06,0.025583982202447165,0.023359288097886538,-0.03937708565072302,-0.05094549499443826,0.14260289210233593,0.07497219132369298,-0.06384872080088987,-0.2800889877641824,-0.1345939933259177,-0.09454949944382647,0.0389321468298109,0.06607341490545049,0.2
2020-01-07,0.01846496106785317,-0.034482758620689655,0.04427141268075639,0.008231368186874304,0.18798665183537264,-0.07630700778642936,-0.1510567296996663,-0.2307007786429366,-0.02647385984427141,-0.01757508342602892,0.12347052280311456,0.15372636262513903,0.23515016685205786
2020-01-08,0.061179087875417135,0.1332591768631813,0.2671857619577308,0.0967741935483871,0.33125695216907675,-0.05628476084538376,-0.0967741935483871,-0.15728587319243603,0.08698553948832036,0.22091212458286985,0.2992213570634038,0.22981090100111232,0.3419354838709677
2020-01-09,-0.03314794215795328,0.21245828698553948,0.38509454949944383,0.3121245828698554,0.41579532814238046,0.04382647385984427,0.28186874304783094,0.09766407119021134,0.3797552836484983,0.26140155728587317,0.3187986651835373,0.22180200222469412,0.3530589543937709
2020-01-10,-0.071412680756396,0.3454949944382647,0.5372636262513905,0.42469410456062295,0.47630700778642937,0.10255839822024472,0.3348164627363737,0.21512791991101224,0.4887652947719689,0.4278086763070078,0.44649610678531704,0.3721913236929922,0.4117908787541713
2020-01-13,0.0967741935483871,0.16751946607341492,0.2587319243604005,0.23559510567296996,0.3196885428253615,0.03492769744160178,0.024249165739710785,0.08342602892102337,0.13592880978865407,0.24805339265850945,0.37886540600667407,0.2462736373748609,0.4647385984427141
2020-01-14,0.030478309232480537,0.3931034482758621,0.3993325917686318,0.3730812013348164,0.3472747497219132,0.030923248053392655,-0.018020022246941044,0.1604004449388209,0.23203559510567295,0.4505005561735262,0.4825361512791991,0.3757508342602892,0.4874304783092325
2020-01-15,0.01935483870967742,0.3886540600667408,0.33926585094549494,0.38509454949944383,0.20133481646273638,0.09988876529477196,0.21156840934371526,0.11457174638487205,0.2867630700778643,0.3668520578420467,0.32858731924360396,0.37174638487208006,0.18798665183537264
2020-01-16,0.061179087875417135,0.450055617352614,0.2912124582869855,0.3842046718576196,0.0843159065628476,0.23159065628476083,0.2654060066740823,0.22135706340378197,0.21512791991101224,0.4242491657397108,0.22758620689655173,0.3819799777530589,0.045606229143492764
2020-01-17,0.06874304783092325,0.5443826473859844,0.2921023359288098,0.4407119021134594,0.13236929922135707,0.3125695216907675,0.37708565072302563,0.289432703003337,0.24404894327030033,0.40511679644048937,0.18798665183537264,0.364182424916574,-0.12169076751946609
2020-01-21,0.2600667408231368,0.5951056729699666,0.5132369299221357,0.4901001112347052,0.2783092324805339,0.36729699666295884,0.4402669632925473,0.33704115684093433,0.5105672969966629,0.5657397107897664,0.43893214682981085,0.4874304783092325,-0.01935483870967742
2020-01-22,0.2565072302558398,0.6,0.6658509454949945,0.617797552836485,0.4291434927697442,0.4189098998887653,0.5256952169076751,0.44338153503893213,0.6342602892102336,0.6778642936596218,0.5448275862068965,0.5946607341490544,0.02513904338153504
2020-01-23,0.2622914349276974,0.5216907675194661,0.4834260289210234,0.5105672969966629,0.207119021134594,0.5114571746384872,0.593325917686318,0.553281423804227,0.5474972191323693,0.40200222469410457,0.1243604004449388,0.39488320355951056,-0.1982202447163515
2020-01-24,0.1710789766407119,0.6533926585094549,0.6062291434927697,0.5719688542825361,0.2707452725250278,0.503448275862069,0.5132369299221357,0.5621802002224694,0.46562847608453833,0.5492769744160179,0.28809788654060065,0.37263626251390436,-0.08743047830923248
2020-01-27,0.17374860956618463,0.5083426028921022,0.34060066740823136,0.5154616240266964,0.057174638487208,0.3147942157953281,0.16796440489432704,0.35839822024471635,0.07942157953281423,0.4487208008898776,0.26852057842046717,0.36774193548387096,0.006006674082313682
2020-01-28,0.06518353726362626,0.3486095661846496,0.21913236929922134,0.34282536151279197,0.07630700778642936,0.20088987764182425,0.09054505005561733,0.22402669632925473,0.045606229143492764,0.2756395995550612,0.23337041156840932,0.2360400444938821,0.020244716351501667
2020-01-29,-0.05228031145717464,0.15906562847608455,-0.0037819799777530586,0.0825361512791991,-0.1439377085650723,0.06918798665183537,-0.061179087875417135,-0.02647385984427141,-0.24983314794215797,0.09543937708565071,0.038042269187986644,0.12569521690767518,0.0135706340378198
2020-01-30,0.0135706340378198,0.1003337041156841,-0.01268075639599555,0.06740823136818688,-0.14705228031145717,0.08031145717463849,-0.07230255839822024,-0.060734149054505006,-0.18798665183537264,0.11991101223581756,0.004226918798665183,0.15194660734149054,-0.05272525027808676
2020-01-31,0.005562354022627414,0.16262513904338155,0.0731924360400445,0.10077864293659622,-0.13815350389321468,0.071412680756396,-0.01935483870967742,-0.02202447163515017,-0.057174638487208,0.1835372636262514,0.017130144605116793,0.13815350389321468,-0.08209121245828699
2020-02-03,-0.05494994438264739,0.14616240266963293,0.1239154616240267,0.28809788654060065,-0.07185761957730812,0.02202447163515017,0.04916573971078977,0.09054505005561733,-0.019799777530589546,0.28142380422691876,0.16173526140155728,0.3067853170189099,-0.0033370411568409346
2020-02-04,0.053170189098998885,-0.11590656284760845,-0.0843159065628476,0.13815350389321468,-0.03937708565072302,-0.16262513904338155,-0.06829810901001113,-0.0967741935483871,-0.0460511679644049,0.0371523915461624,-0.05583982202447163,0.29744160177975526,0.10478309232480533
2020-02-05,0.03937708565072302,0.1546162402669633,-0.027808676307007785,0.13414905450500555,-0.2636262513904338,0.07853170189098999,0.08520578420467186,0.06384872080088987,-0.16262513904338155,0.10389321468298107,-0.0731924360400445,0.10211345939933258,-0.22402669632925473
2020-02-06,-0.07853170189098999,-0.020689655172413793,0.17908787541713014,0.23648498331479423,-0.03492769744160178,-0.19421579532814237,-0.024249165739710785,-0.10077864293659622,0.03670745272525028,0.2640711902113459,0.12480533926585094,0.27786429365962184,0.007341490545050056
2020-02-07,-0.12258064516129033,-0.1239154616240267,0.09098998887652948,0.08209121245828699,-0.07630700778642936,-0.2307007786429366,-0.15773081201334815,-0.1546162402669633,-0.1239154616240267,0.18442714126807563,0.11857619577308119,0.17018909899888765,-0.009566184649610678
2020-02-10,0.010011123470522802,-0.12791991101223582,0.008231368186874304,0.13904338153503895,-0.06607341490545049,-0.19199110122358176,-0.12169076751946609,-0.07808676307007786,-0.08743047830923248,0.2164627363737486,0.004226918798665183,0.27608453837597335,-0.026918798665183537
2020-02-11,0.09010011123470522,0.07497219132369298,-0.2596218020022247,-0.08120133481646273,-0.31345939933259176,0.1221357063403782,-0.1003337041156841,-0.06740823136818688,-0.3090100111234705,0.07007786429365963,-0.1221357063403782,0.001557285873192436,-0.18264738598442715
2020-02-12,0.16484983314794216,0.05272525027808676,-0.3864293659621802,-0.17018909899888765,-0.4113459399332592,0.23025583982202447,0.055394883203559515,0.10211345939933258,-0.28987764182424913,-0.27341490545050057,-0.3521690767519466,-0.14171301446051168,-0.28987764182424913
2020-02-13,0.2783092324805339,-0.030033370411568408,-0.2716351501668521,-0.2307007786429366,-0.2774193548387097,0.10478309232480533,-0.011790878754171301,0.0064516129032258064,-0.17775305895439378,-0.15417130144605118,-0.14972191323692993,-0.12480533926585094,-0.16751946607341492
2020-02-14,0.23559510567296996,-0.12258064516129033,-0.3819799777530589,-0.3232480533926585,-0.31568409343715237,0.12791991101223582,-0.06295884315906564,-0.008231368186874304,-0.20489432703003335,-0.2800889877641824,-0.30589543937708563,-0.2756395995550612,-0.2507230255839822
2020-02-18,0.22981090100111232,-0.0002224694104560623,-0.1897664071190211,-0.25383759733036704,-0.19332591768631813,0.19688542825361513,0.12258064516129033,0.056729699666295874,-0.08298109010011123,-0.1911012235817575,-0.1835372636262514,-0.19243604004449388,-0.17997775305895441
2020-02-19,0.27341490545050057,-0.1599555061179088,-0.2961067853170189,-0.33036707452725245,-0.2867630700778643,0.17597330367074526,-0.07541713014460512,0.03270300333704116,-0.1946607341490545,-0.2596218020022247,-0.2805339265850945,-0.30634037819799775,-0.2596218020022247
2020-02-20,0.2707452725250278,-0.12791991101223582,-0.41090100111234706,-0.3993325917686318,-0.37130144605116794,0.1292547274749722,-0.2186874304783092,-0.1132369299221357,-0.31345939933259176,-0.2938820912124583,-0.3486095661846496,-0.3454949944382647,-0.26985539488320354
2020-02-21,0.350205809264622,-0.13770856507230256,-0.3521690767519466,-0.4046718576195773,-0.35261401557285876,0.12525027808676306,-0.31345939933259176,-0.24849833147942155,-0.3552836484983315,-0.31657397107897667,-0.33170189098998887,-0.30634037819799775,-0.13948832035595105
2020-02-24,0.396662958843159,-0.05406006674082313,-0.24938820912124582,-0.3299221357063403,-0.2422691879866518,0.16662958843159065,-0.22358175750834258,-0.27252502780867627,-0.30233592880978866,-0.18309232480533927,-0.1581757508342603,-0.22135706340378197,0.06562847608453837
2020-02-25,0.46696329254727476,-0.041156840934371525,-0.3486095661846496,-0.3219132369299221,-0.28809788654060065,0.24449388209121245,-0.17018909899888765,-0.20578420467185762,-0.27252502780867627,-0.3899888765294772,-0.3121245828698554,-0.30189098998887653,-0.006006674082313682
2020-02-26,0.43403781979977757,0.1710789766407119,0.11635150166852058,-0.26585094549499444,0.12747497219132367,0.2382647385984427,-0.04160177975528365,-0.14482758620689654,-0.11946607341490545,-0.11991101223581756,0.2511679644048943,-0.18531701890989988,0.1804226918798665
2020-02-27,0.28453837597330367,0.0006674082313681868,-0.11857619577308119,-0.19154616240266964,0.1385984427141268,0.1096774193548387,-0.26184649610678534,-0.23203559510567295,-0.05272525027808676,-0.17374860956618463,0.06295884315906564,-0.005116796440489433,0.18620689655172412
2020-02-28,0.23692992213570632,-0.2729699666295884,-0.2992213570634038,-0.3686318131256952,0.02513904338153504,-0.1239154616240267,-0.3779755283648498,-0.37619577308120133,-0.14349276974416017,-0.3459399332591768,-0.04471635150166852,-0.14527252502780869,0.1239154616240267
2020-03-02,0.2832035595105673,0.02246941045606229,-0.05628476084538376,-0.260511679644049,0.16618464961067853,0.1768631813125695,-0.12347052280311456,-0.2164627363737486,0.0878754171301446,-0.23470522803114574,0.06607341490545049,-0.05628476084538376,0.13948832035595105
2020-03-03,0.33926585094549494,0.36952169076751945,0.27608453837597335,0.030033370411568408,0.3913236929922136,0.3121245828698554,0.007341490545050056,-0.15150166852057842,0.1096774193548387,0.2253615127919911,0.3503893214682981,0.19866518353726362,0.34371523915461627
2020-03-04,0.40867630700778645,0.5635150166852058,0.5474972191323693,0.20978865406006672,0.5879866518353727,0.4362625139043382,0.24805339265850945,-0.015350389321468297,0.27786429365962184,0.3414905450500556,0.5096774193548387,0.3161290322580645,0.46206896551724136
2020-03-05,0.3917686318131257,0.4113459399332592,0.41846496106785314,0.2422691879866518,0.5568409343715239,0.43270300333704115,0.24315906562847608,0.18887652947719688,0.24004449388209118,0.17330367074527253,0.2289210233592881,0.16974416017797553,0.40155728587319245
2020-03-06,0.37085650723025576,0.4291434927697442,0.18620689655172412,0.16307007786429364,0.4834260289210234,0.44649610678531704,0.1982202447163515,0.10122358175750834,0.30634037819799775,-0.018909899888765295,0.21512791991101224,0.18620689655172412,0.36907675194660733
2020-03-09,0.17908787541713014,0.2462736373748609,-0.08609566184649611,-0.01846496106785317,0.26807563959955505,0.25428253615127916,-0.12258064516129033,-0.03225806451612903,0.17018909899888765,-0.04516129032258065,0.0878754171301446,0.05628476084538376,0.18887652947719688
2020-03-10,0.04916573971078977,0.10300333704115683,-0.29299221357063404,-0.1911012235817575,0.016240266963292546,0.18487208008898778,-0.4024471635150167,-0.11457174638487205,-0.16885428253615126,-0.19688542825361513,-0.06295884315906564,-0.05050055617352613,0.08387096774193549
2020-03-11,0.10789766407119021,0.040266963292547274,-0.20489432703003335,-0.2783092324805339,-0.04382647385984427,0.16796440489432704,-0.39265850945494996,-0.37441601779755285,-0.2164627363737486,-0.0020022246941045607,-0.001557285873192436,-0.016240266963292546,0.08387096774193549
2020-03-12,0.12569521690767518,0.13103448275862067,-0.19421579532814237,-0.3659621802002225,0.10166852057842046,0.13948832035595105,-0.4647385984427141,-0.4682981090100112,-0.34949944382647385,0.005116796440489433,0.14972191323692993,0.021579532814238044,0.314349276974416
2020-03-13,0.0878754171301446,0.00778642936596218,-0.19154616240266964,-0.32725250278086765,0.011790878754171301,0.2609566184649611,-0.5145717463848721,-0.5381535038932147,-0.33704115684093433,-0.13681868743047831,0.0002224694104560623,-0.020689655172413793,0.217797552836485
2020-03-16,0.15417130144605118,-0.08698553948832036,-0.3757508342602892,-0.40867630700778645,-0.06518353726362626,0.17196885428253617,-0.5706340378197998,-0.5951056729699666,-0.3161290322580645,-0.20978865406006672,-0.01579532814238042,0.009566184649610678,0.1581757508342603
2020-03-17,0.001557285873192436,-0.36907675194660733,-0.5270300333704115,-0.4625139043381535,-0.07808676307007786,-0.17018909899888765,-0.6671857619577308,-0.6137931034482759,-0.32235817575083425,-0.3699666295884316,-0.14838709677419354,-0.011345939933259176,0.1959955506117909
2020-03-18,-0.28720800889877635,-0.517686318131257,-0.649833147942158,-0.6048943270300334,-0.06340378197997774,-0.21067853170189096,-0.6347052280311457,-0.539043381535039,-0.260511679644049,-0.5826473859844271,-0.37486095661846497,-0.36284760845383757,0.040266963292547274
2020-03-19,-0.2253615127919911,-0.2943270300333704,-0.49766407119021133,-0.5706340378197998,-0.2146829810901001,-0.1439377085650723,-0.6204671857619577,-0.5919911012235817,-0.2520578420467186,-0.36151279199110126,-0.07675194660734148,-0.24004449388209118,-0.11724137931034483
2020-03-20,-0.1474972191323693,-0.33036707452725245,-0.5973303670745272,-0.5225806451612903,-0.24004449388209118,-0.2395995550611791,-0.7228031145717464,-0.5586206896551724,-0.48476084538375974,-0.24271412680756396,-0.04516129032258065,-0.13103448275862067,-0.02469410456062291
2020-03-23,-0.3468298109010011,-0.3348164627363737,-0.3450500556173526,-0.4576195773081201,-0.0371523915461624,-0.3196885428253615,-0.4580645161290322,-0.49899888765294764,-0.28809788654060065,-0.10166852057842046,-0.07853170189098999,-0.029588431590656286,0.11546162402669634
2020-03-24,-0.064293659621802,0.0371523915461624,-0.1870967741935484,0.009121245828698554,-0.15194660734149054,-0.12791991101223582,-0.3014460511679644,-0.217797552836485,-0.12880978865406006,0.11635150166852058,-0.02647385984427141,0.2307007786429366,-0.10433815350389322
2020-03-25,-0.13058954393770855,0.11190211345939934,-0.3508342602892102,-0.05583982202447163,-0.25383759733036704,0.15639599555061176,-0.33926585094549494,-0.1385984427141268,-0.16618464961067853,-0.19688542825361513,-0.1839822024471635,-0.0046718576195773085,-0.1203559510567297
2020-03-26,-0.20622914349276972,-0.0932146829810901,-0.33704115684093433,-0.17997775305895441,-0.10611790878754171,0.018909899888765295,-0.2547274749721913,-0.12124582869855395,-0.13147942157953282,-0.260511679644049,-0.1870967741935484,-0.1332591768631813,-0.03181312569521691
2020-03-27,-0.10211345939933258,-0.24849833147942155,-0.2609566184649611,-0.20222469410456062,0.0024471635150166847,0.019799777530589546,-0.28720800889877635,-0.11590656284760845,-0.20578420467185762,-0.17330367074527253,-0.08298109010011123,-0.07586206896551724,0.1292547274749722
2020-03-30,-0.30856507230255836,-0.3592880978865406,-0.2987764182424916,-0.21201334816462733,-0.03937708565072302,-0.1897664071190211,-0.2040044493882091,-0.13014460511679646,-0.24360400444938823,-0.16885428253615126,-0.13948832035595105,-0.15239154616240266,0.06696329254727475
2020-03-31,-0.1479421579532814,-0.300111234705228,-0.3548387096774193,-0.31123470522803115,-0.2182424916573971,-0.05406006674082313,-0.13637374860956616,-0.07096774193548387,-0.26852057842046717,-0.2418242491657397,-0.21156840934371526,-0.22180200222469412,-0.0011123470522803117
2020-04-01,-0.06607341490545049,-0.08565072302558399,-0.15194660734149054,-0.10567296996662959,-0.021134593993325918,0.055394883203559515,-0.09632925472747497,-0.15239154616240266,-0.15061179087875418,-0.1804226918798665,-0.06607341490545049,0.010011123470522802,0.030033370411568408
2020-04-02,-0.10077864293659622,-0.37085650723025576,-0.3103448275862069,-0.22580645161290322,-0.09944382647385984,-0.349944382647386,-0.5243604004449388,-0.47630700778642937,-0.4242491657397108,-0.0371523915461624,0.0135706340378198,0.12525027808676306,0.14527252502780869
2020-04-03,-0.1203559510567297,-0.2716351501668521,-0.07586206896551724,-0.040711902113459396,0.06562847608453837,-0.33303670745272523,-0.49543937708565067,-0.521245828698554,-0.3592880978865406,0.17419354838709677,0.18264738598442715,0.2654060066740823,0.2551724137931034
2020-04-06,0.3281423804226919,-0.10923248053392658,-0.17597330367074526,-0.08476084538375972,0.08120133481646273,0.06785317018909899,-0.49187986651835364,-0.3530589543937709,-0.3187986651835373,-0.0389321468298109,0.018020022246941044,0.09010011123470522,0.17374860956618463
2020-04-07,0.20222469410456062,0.07853170189098999,-0.0460511679644049,-0.1350389321468298,0.06829810901001113,0.3846496106785317,-0.25739710789766407,-0.28854282536151277,-0.07541713014460512,-0.10656284760845385,0.015350389321468297,-0.008231368186874304,0.04516129032258065
2020-04-08,0.22491657397107895,-0.04293659621802002,-0.1670745272525028,-0.11946607341490545,-0.10567296996662959,0.33837597330367075,-0.3810901001112347,-0.2609566184649611,-0.20934371523915463,-0.16618464961067853,-0.08164627363737487,-0.06206896551724137,-0.014905450500556172
2020-04-09,0.2636262513904338,-0.056729699666295874,-0.31523915461624025,-0.182202447163515,-0.31701890989988873,0.27875417130144603,-0.5007786429365962,-0.33704115684093433,-0.2961067853170189,-0.31835372636262516,-0.24805339265850945,-0.15550611790878754,-0.2947719688542826
2020-04-13,0.26298809818982416,-0.1581757508342603,-0.385539488320356,-0.3472747497219132,-0.2600667408231368,0.35350389321468295,-0.3032258064516129,-0.33926585094549494,-0.11946607341490545,-0.4794215795328142,-0.31568409343715237,-0.30055617352614017,-0.2711902113459399
2020-04-14,0.05139043381535039,-0.17819799777530587,-0.2289210233592881,-0.32013348164627364,-0.2342602892102336,0.11412680756395997,-0.09543937708565071,-0.15417130144605118,-0.0843159065628476,-0.45850945494994433,-0.27786429365962184,-0.37842046718576194,-0.2800889877641824
2020-04-15,-0.15728587319243603,-0.37263626251390436,-0.3325917686318131,-0.40734149054505003,-0.41090100111234706,-0.2921023359288098,-0.16262513904338155,-0.16662958843159065,0.05761957730812013,-0.3027808676307008,-0.296551724137931,-0.40511679644048937,-0.3908787541713014
2020-04-16,-0.26985539488320354,-0.6155728587319244,-0.5047830923248053,-0.3917686318131257,-0.539043381535039,-0.6560622914349278,-0.17864293659621802,-0.11635150166852058,0.00778642936596218,-0.30856507230255836,-0.4629588431590656,-0.36151279199110126,-0.5283648498331479
2020-04-17,-0.14260289210233593,-0.30189098998887653,-0.1421579532814238,-0.16173526140155728,-0.23203559510567295,-0.29032258064516125,0.012235817575083427,-0.13993325917686317,0.06518353726362626,-0.0460511679644049,-0.13637374860956616,-0.12747497219132367,-0.2186874304783092
2020-04-20,-0.03982202447163515,-0.09810901001112346,0.15951056729699667,-0.02469410456062291,0.10611790878754171,-0.2489432703003337,0.06340378197997774,-0.08698553948832036,0.2582869855394883,0.07541713014460512,0.10122358175750834,-0.011790878754171301,-0.0460511679644049
2020-04-21,0.0037819799777530586,-0.21245828698553948,0.02513904338153504,0.030923248053392655,0.11501668520578419,-0.016240266963292546,0.19510567296996661,0.08609566184649611,0.36729699666295884,-0.12791991101223582,-0.08609566184649611,-0.12124582869855395,-0.05494994438264739
2020-04-22,0.058954393770856504,-0.029588431590656286,0.14927697441601778,0.06251390433815351,0.28097886540600664,-0.026028921023359287,0.19510567296996661,0.13058954393770855,0.3423804226918799,-0.053170189098998885,0.02513904338153504,-0.10923248053392658,0.13993325917686317
2020-04-23,0.0460511679644049,-0.14171301446051168,0.0006674082313681868,-0.09855394883203561,0.1586206896551724,0.02202447163515017,0.23025583982202447,0.13726362625139044,0.32769744160177977,-0.2418242491657397,-0.10166852057842046,-0.21290322580645163,0.027808676307007785
2020-04-24,-0.1581757508342603,-0.14660734149054505,0.12124582869855395,-0.028253615127919914,0.1657397107897664,-0.32725250278086765,0.05139043381535039,0.20978865406006672,0.19777530589543937,-0.029588431590656286,0.10700778642936595,-0.11857619577308119,0.15906562847608455
2020-04-27,0.01757508342602892,0.09588431590656285,0.1510567296996663,0.15906562847608455,0.22758620689655173,0.07630700778642936,0.20800889877641823,0.29032258064516125,0.25383759733036704,0.0006674082313681868,0.04160177975528365,-0.02513904338153504,0.11012235817575085
2020-04-28,0.10878754171301447,0.06562847608453837,-0.0825361512791991,0.1581757508342603,0.058954393770856504,0.15639599555061176,0.10433815350389322,0.28720800889877635,0.045606229143492764,-0.14260289210233593,-0.12880978865406006,-0.02513904338153504,-0.04204671857619577
2020-04-29,0.16262513904338155,0.3014460511679644,-0.07185761957730812,-0.03136818687430478,-0.26140155728587317,0.2796440489432703,-0.05139043381535039,-0.0389321468298109,-0.1946607341490545,0.028253615127919914,0.02246941045606229,-0.008231368186874304,-0.1243604004449388
2020-04-30,0.17285873192436038,0.5167964404894326,0.35172413793103446,0.2551724137931034,0.21290322580645163,0.28409343715239155,-0.06295884315906564,0.041156840934371525,-0.10300333704115683,0.3779755283648498,0.34015572858731924,0.217797552836485,0.18309232480533927
2020-05-01,0.25383759733036704,0.3632925472747497,0.046941045606229144,0.3041156840934371,0.08342602892102337,0.18887652947719688,-0.1332591768631813,-0.06162402669632924,-0.20133481646273638,0.3521690767519466,0.260511679644049,0.35661846496106786,0.24582869855394882
2020-05-04,-0.04916573971078977,0.07541713014460512,-0.016240266963292546,0.08565072302558399,-0.05361512791991101,-0.11679644048943269,-0.13414905450500555,-0.005116796440489433,-0.2756395995550612,0.04916573971078977,0.034037819799777526,0.057174638487208,0.04204671857619577
2020-05-05,-0.033592880978865404,0.011790878754171301,-0.21112347052280311,0.03937708565072302,-0.2560622914349277,-0.03982202447163515,-0.0825361512791991,-0.04427141268075639,-0.21913236929922134,-0.025583982202447165,-0.16395995550611792,-0.024249165739710785,-0.11946607341490545
2020-05-06,-0.2307007786429366,0.024249165739710785,-0.2556173526140155,-0.08031145717463849,-0.3477196885428253,0.03937708565072302,-0.010456062291434927,0.03848720800889878,-0.3454949944382647,-0.10656284760845385,-0.1839822024471635,-0.14171301446051168,-0.10211345939933258
2020-05-07,-0.20311457174638486,0.038042269187986644,0.0020022246941045607,-0.058954393770856504,-0.2943270300333704,0.023804226918798663,0.14883203559510566,0.07675194660734148,-0.3161290322580645,0.038042269187986644,-0.027808676307007785,-0.17196885428253617,-0.1474972191323693
2020-05-08,0.023804226918798663,0.034482758620689655,-0.2547274749721913,-0.1479421579532814,-0.4273637374860957,0.3521690767519466,0.2307007786429366,0.1421579532814238,0.10522803114571745,-0.2671857619577308,-0.46073414905450494,-0.32013348164627364,-0.421579532814238
2020-05-11,-0.30589543937708563,0.04827586206896552,0.1421579532814238,0.06340378197997774,0.05139043381535039,0.03982202447163515,0.182202447163515,0.19777530589543937,0.17463848720800887,0.06785317018909899,-0.04338153503893215,-0.13414905450500555,0.009121245828698554
2020-05-12,-0.11635150166852058,0.09054505005561733,0.1350389321468298,0.1835372636262514,-0.0825361512791991,-0.02246941045606229,0.1586206896551724,0.2640711902113459,0.09543937708565071,0.21690767519466073,0.05005561735261402,0.04382647385984427,-0.064293659621802
2020-05-13,-0.196440489432703,0.04382647385984427,-0.0020022246941045607,0.16173526140155728,-0.02647385984427141,-0.0024471635150166847,0.21512791991101224,0.2774193548387097,0.040711902113459396,-0.020689655172413793,-0.19021134593993325,-0.02647385984427141,-0.09899888765294772
2020-05-14,-0.1804226918798665,-0.06340378197997774,-0.08298109010011123,-0.060734149054505006,-0.07764182424916574,-0.023804226918798663,0.1982202447163515,0.20578420467185762,0.020244716351501667,-0.1132369299221357,-0.307230255839822,-0.28142380422691876,-0.19955506117908786
2020-05-15,-0.2596218020022247,-0.20622914349276972,-0.13681868743047831,-0.10166852057842046,-0.20667408231368187,-0.17953281423804227,0.012235817575083427,0.12480533926585094,-0.07986651835372637,-0.10122358175750834,-0.23114571746384868,-0.20489432703003335,-0.13904338153503895
2020-05-18,-0.01935483870967742,-0.15239154616240266,-0.11012235817575085,-0.1532814238042269,-0.22224694104560622,-0.07497219132369298,0.11590656284760845,0.07052280311457175,-0.05139043381535039,-0.1568409343715239,-0.2867630700778643,-0.335706340378198,-0.182202447163515
2020-05-19,-0.37352614015572855,-0.2996662958843159,-0.3668520578420467,-0.12525027808676306,-0.4006674082313682,-0.335706340378198,-0.12169076751946609,-0.0424916573971079,-0.2560622914349277,-0.17953281423804227,-0.4100111234705228,-0.13370411568409346,-0.32458286985539486
2020-05-20,-0.34371523915461627,-0.31568409343715237,-0.33036707452725245,-0.047385984427141266,-0.4442714126807564,-0.28898776418242494,-0.13058954393770855,-0.0135706340378198,-0.2654060066740823,-0.15417130144605118,-0.27919911012235815,-0.0914349276974416,-0.31568409343715237
2020-05-21,-0.31568409343715237,-0.3281423804226919,-0.23915461624026696,-0.21913236929922134,-0.38064516129032255,-0.22091212458286985,0.29744160177975526,0.15239154616240266,0.020689655172413793,-0.16929922135706338,-0.29343715239154616,-0.2631813125695217,-0.37263626251390436
2020-05-22,-0.39488320355951056,-0.3548387096774193,-0.16440489432703,-0.17819799777530587,-0.2182424916573971,-0.28409343715239155,0.3308120133481646,0.21245828698553948,0.2253615127919911,-0.1243604004449388,-0.207119021134594,-0.16529477196885425,-0.27341490545050057
2020-05-26,-0.1657397107897664,0.04382647385984427,0.29032258064516125,0.11056729699666296,0.14349276974416017,-0.18442714126807563,0.43359288097886545,0.3348164627363737,0.23559510567296996,0.2164627363737486,0.1911012235817575,0.010456062291434927,0.016240266963292546
2020-05-27,0.06651835372636263,-0.1804226918798665,0.03314794215795328,-0.06651835372636263,0.029143492769744164,-0.22758620689655173,0.16129032258064516,0.11590656284760845,0.11946607341490545,-0.04961067853170189,0.03670745272525028,-0.11012235817575085,-0.0135706340378198
2020-05-28,0.09588431590656285,-0.21557285873192436,0.10300333704115683,-0.021579532814238044,0.15506117908787542,-0.3236929922135706,0.07808676307007786,0.030033370411568408,0.19154616240266964,0.026028921023359287,0.12658509454949946,0.0353726362625139,0.1239154616240267
2020-05-29,0.0460511679644049,-0.3032258064516129,-0.010456062291434927,0.02647385984427141,0.1599555061179088,-0.09276974416017797,0.49543937708565067,0.43893214682981085,0.41490545050055616,-0.21112347052280311,-0.1982202447163515,-0.13726362625139044,-0.06607341490545049
2020-06-01,0.025583982202447165,-0.2983314794215795,-0.038042269187986644,-0.040266963292547274,0.014905450500556172,-0.1296996662958843,0.20756395995550608,0.41045606229143494,0.19377085650723025,-0.06384872080088987,-0.18175750834260287,-0.15728587319243603,-0.12658509454949946
2020-06-02,-0.08031145717463849,-0.1875417130144605,0.11234705228031144,0.008231368186874304,0.08209121245828699,-0.17063403781979977,0.26140155728587317,0.15728587319243603,0.2582869855394883,-0.034482758620689655,-0.02647385984427141,-0.10700778642936595,-0.05361512791991101
2020-06-03,0.24093437152391545,0.1096774193548387,0.1350389321468298,0.1243604004449388,0.25917686318131256,-0.03225806451612903,0.11946607341490545,0.020689655172413793,0.14126807563959956,0.03848720800889878,0.09855394883203561,0.19866518353726362,0.15906562847608455
2020-06-04,0.33392658509454953,0.055394883203559515,0.11991101223581756,0.08120133481646273,0.22803114571746386,-0.11679644048943269,-0.12836484983314794,-0.17997775305895441,0.03225806451612903,0.0843159065628476,0.1835372636262514,0.18175750834260287,0.24849833147942155
2020-06-05,0.2947719688542826,-0.07274749721913237,-0.08164627363737487,-0.05494994438264739,0.005116796440489433,-0.27697441601779754,-0.33303670745272523,-0.3619577308120133,-0.07853170189098999,-0.005116796440489433,0.03626251390433815,0.09276974416017797,0.0825361512791991
2020-06-08,0.3388209121245828,-0.24582869855394882,-0.2796440489432703,-0.20222469410456062,-0.2507230255839822,-0.37174638487208006,-0.40556173526140155,-0.5012235817575084,-0.1897664071190211,-0.14260289210233593,-0.12703003337041155,0.011790878754171301,-0.16662958843159065
2020-06-09,0.2707452725250278,-0.3139043381535039,-0.35172413793103446,-0.2382647385984427,-0.2654060066740823,-0.13548387096774192,-0.1906562847608454,-0.35884315906562847,-0.01579532814238042,-0.22269187986651834,-0.2609566184649611,-0.10300333704115683,-0.3281423804226919
2020-06-10,0.15194660734149054,-0.2382647385984427,-0.09187986651835373,-0.22803114571746386,-0.11190211345939934,0.046496106785317015,-0.013125695216907676,-0.2516129032258065,0.2996662958843159,-0.2,-0.13770856507230256,-0.10878754171301447,-0.2547274749721913
2020-06-11,-0.11635150166852058,-0.06651835372636263,0.0135706340378198,-0.20088987764182425,0.05583982202447163,0.17864293659621802,0.02202447163515017,-0.1421579532814238,0.29744160177975526,-0.15372636262513903,-0.0024471635150166847,-0.2382647385984427,-0.10077864293659622
2020-06-12,-0.025583982202447165,-0.28097886540600664,-0.20978865406006672,-0.26941045606229147,0.10745272525027807,-0.0932146829810901,-0.21423804226918797,-0.26585094549499444,0.44649610678531704,-0.2565072302558398,-0.10656284760845385,-0.27252502780867627,-0.060734149054505006
2020-06-15,-0.06473859844271414,-0.17552836484983317,0.0011123470522803117,-0.1764182424916574,0.024249165739710785,-0.05183537263626252,-0.22358175750834258,-0.20311457174638486,0.31657397107897667,-0.016240266963292546,0.06651835372636263,-0.18442714126807563,-0.001557285873192436
2020-06-16,-0.035817575083426034,-0.10433815350389322,0.029143492769744164,-0.13548387096774192,0.07230255839822024,0.022914349276974413,-0.19777530589543937,-0.23692992213570632,0.28142380422691876,-0.013125695216907676,0.11101223581757509,0.011345939933259176,0.02513904338153504
2020-06-17,-0.1292547274749722,-0.22402669632925473,-0.0389321468298109,-0.04827586206896552,0.1599555061179088,-0.2551724137931034,-0.11368186874304784,-0.13726362625139044,0.21334816462736375,-0.05050055617352613,0.018909899888765295,-0.06874304783092325,0.005116796440489433
2020-06-18,-0.1710789766407119,-0.33170189098998887,-0.11857619577308119,-0.04338153503893215,0.11946607341490545,-0.22491657397107895,-0.03626251390433815,-0.05050055617352613,0.34905450500556173,-0.33348164627363736,0.028253615127919914,0.0424916573971079,0.033592880978865404
2020-06-19,-0.33659621802002226,-0.22091212458286985,0.010456062291434927,0.0371523915461624,0.15194660734149054,-0.038042269187986644,0.13592880978865407,0.07007786429365963,0.29343715239154616,-0.1764182424916574,-0.08565072302558399,0.09365962180200223,0.045606229143492764
2020-06-22,-0.26896551724137935,-0.04293659621802002,0.014905450500556172,0.08120133481646273,0.058954393770856504,0.1599555061179088,0.19332591768631813,0.14972191323692993,0.19777530589543937,-0.08476084538375972,-0.10077864293659622,0.04471635150166852,-0.05939933259176862
2020-06-23,-0.001557285873192436,-0.057174638487208,0.00867630700778643,-0.006006674082313682,0.15550611790878754,0.05850945494994438,0.05005561735261402,-0.0028921023359288096,0.13014460511679646,-0.0932146829810901,0.03982202447163515,0.046496106785317015,0.05005561735261402
2020-06-24,0.06295884315906564,0.32725250278086765,0.5016685205784205,0.2800889877641824,0.3699666295884316,0.06295884315906564,0.040711902113459396,-0.01846496106785317,0.1657397107897664,0.31790878754171303,0.4487208008898776,0.27786429365962184,0.3192436040044494
2020-06-25,0.14304783092324808,0.1897664071190211,0.09098998887652948,0.18086763070077863,0.10923248053392658,-0.027808676307007785,-0.035817575083426034,0.00867630700778643,0.03626251390433815,0.10478309232480533,0.10300333704115683,0.17330367074527253,0.07363737486095662
2020-06-26,-0.05628476084538376,-0.009566184649610678,-0.004226918798665183,0.01268075639599555,-0.1221357063403782,-0.01935483870967742,-0.11279199110122358,-0.08520578420467186,-0.07630700778642936,0.005561735261401557,-0.01579532814238042,0.04827586206896552,-0.11635150166852058
2020-06-29,-0.04160177975528365,0.21512791991101224,0.04382647385984427,0.20800889877641823,0.040711902113459396,0.13236929922135707,0.18442714126807563,0.11546162402669634,0.1911012235817575,0.016240266963292546,0.047385984427141266,0.11768631813125695,-0.05183537263626252
2020-06-30,-0.021134593993325918,0.16840934371523916,0.030923248053392655,0.05361512791991101,0.071412680756396,0.15906562847608455,0.03270300333704116,-0.10745272525027807,0.3446051167964405,0.09499443826473859,0.07630700778642936,0.1764182424916574,-0.05050055617352613
2020-07-01,-0.09054505005561733,-0.12703003337041155,-0.2961067853170189,-0.08698553948832036,-0.18487208008898778,0.13103448275862067,-0.12658509454949946,-0.04872080088987764,-0.0046718576195773085,-0.16173526140155728,-0.1764182424916574,-0.053170189098998885,-0.2876529477196885
2020-07-02,-0.02513904338153504,0.11457174638487205,-0.0002224694104560623,0.011345939933259176,-0.15550611790878754,0.32769744160177977,0.07808676307007786,0.13147942157953282,0.185761957730812,-0.021134593993325918,-0.11012235817575085,0.00778642936596218,-0.2961067853170189
2020-07-06,0.1114571746384872,0.36907675194660733,0.2578420467185762,0.24671857619577306,-0.020689655172413793,0.28720800889877635,0.16129032258064516,0.1221357063403782,0.03136818687430478,0.28186874304783094,0.2040044493882091,0.24938820912124582,-0.13815350389321468
2020-07-07,0.014460511679644046,0.41579532814238046,0.4282536151279199,0.23381535038932147,0.25339265850945497,0.19866518353726362,0.0825361512791991,0.047830923248053395,0.1332591768631813,0.41090100111234706,0.36952169076751945,0.27875417130144603,-0.01757508342602892
2020-07-08,-0.19955506117908786,0.12080088987764183,0.07230255839822024,0.19377085650723025,0.06162402669632924,0.06651835372636263,-0.00778642936596218,0.026028921023359287,-0.06918798665183537,0.14972191323692993,0.07675194660734148,0.29343715239154616,0.030033370411568408
2020-07-09,-0.3828698553948832,0.027808676307007785,0.0028921023359288096,0.09588431590656285,0.07630700778642936,0.05005561735261402,-0.11279199110122358,-0.06473859844271414,-0.06473859844271414,0.10433815350389322,0.034037819799777526,0.2395995550611791,0.23737486095661847
2020-07-10,-0.32458286985539486,0.2961067853170189,0.23025583982202447,0.289432703003337,-0.03759733036707453,0.13637374860956616,0.19733036707452725,0.038042269187986644,0.22091212458286985,0.3125695216907675,0.22313681868743046,0.385539488320356,-0.1203559510567297
2020-07-13,-0.15417130144605118,0.064293659621802,-0.10789766407119021,0.15194660734149054,-0.3014460511679644,0.07764182424916574,0.03937708565072302,-0.08120133481646273,0.14171301446051168,0.1532814238042269,-0.18487208008898778,0.2453837597330367,-0.3864293659621802
2020-07-14,-0.04916573971078977,0.004226918798665183,-0.10433815350389322,0.01579532814238042,-0.40333704115684094,0.0460511679644049,0.12791991101223582,-0.06562847608453837,0.20355951056729701,0.05494994438264739,-0.22180200222469412,-0.02469410456062291,-0.44916573971078977
2020-07-15,-0.06295884315906564,0.21201334816462733,-0.20800889877641823,0.16662958843159065,-0.4046718576195773,0.2947719688542826,0.2582869855394883,0.16395995550611792,0.25383759733036704,0.0028921023359288096,-0.35350389321468295,-0.11813125695216908,-0.49365962180200224
2020-07-16,0.08476084538375972,0.12658509454949946,-0.24449388209121245,-0.04293659621802002,-0.5208008898776418,0.3913236929922136,0.5043381535038932,0.3592880978865406,0.3219132369299221,-0.3045606229143492,-0.5314794215795328,-0.3842046718576196,-0.6204671857619577
2020-07-17,-0.007787295631678379,0.2663255106034006,-0.06674824827152898,-0.08165535705217043,-0.2652130397988751,0.41962398746701207,0.5433307409302459,0.38936478158391896,0.48592724741673093,-0.2701079113387872,-0.3691178129415552,-0.33596618296669584,-0.4369785320176096
2020-07-20,-0.14972191323692993,0.33704115684093433,0.2266963292547275,0.11768631813125695,-0.01935483870967742,0.3819799777530589,0.4407119021134594,0.3668520578420467,0.503448275862069,0.046496106785317015,-0.04872080088987764,-0.17597330367074526,-0.19288097886540603
2020-07-21,-0.0002224694104560623,0.26140155728587317,0.10789766407119021,0.028253615127919914,-0.04827586206896552,0.3846496106785317,0.4002224694104561,0.3904338153503893,0.4318131256952169,-0.06696329254727475,-0.16796440489432704,-0.32769744160177977,-0.23737486095661847
2020-07-22,0.10745272525027807,0.13058954393770855,-0.03181312569521691,-0.018909899888765295,0.02202447163515017,0.2547274749721913,0.04338153503893215,0.1345939933259177,-0.058954393770856504,-0.06562847608453837,-0.03136818687430478,-0.14705228031145717,0.05183537263626252
2020-07-23,-0.07096774193548387,-0.0878754171301446,-0.2387096774193548,-0.21557285873192436,-0.17196885428253617,0.0932146829810901,-0.014460511679644046,0.021579532814238044,-0.09899888765294772,-0.30189098998887653,-0.2582869855394883,-0.3530589543937709,-0.07363737486095662
2020-07-24,-0.24849833147942155,-0.2342602892102336,-0.11279199110122358,-0.20444938820912126,-0.00778642936596218,-0.32769744160177977,-0.22847608453837595,-0.26941045606229147,-0.2342602892102336,-0.10433815350389322,0.04872080088987764,-0.10122358175750834,0.15283648498331479
2020-07-27,-0.36240266963292544,-0.2671857619577308,-0.23292547274749723,-0.17419354838709677,-0.1132369299221357,-0.36017797552836484,-0.3130144605116796,-0.2738598442714127,-0.21067853170189096,0.014015572858731925,0.14171301446051168,0.1239154616240267,0.07185761957730812
2020-07-28,-0.2565072302558398,-0.23692992213570632,-0.16173526140155728,-0.10433815350389322,-0.05761957730812013,-0.3521690767519466,-0.28587319243604004,-0.260511679644049,-0.014015572858731925,0.010456062291434927,0.06206896551724137,0.24805339265850945,-0.034482758620689655
2020-07-29,-0.1239154616240267,-0.07230255839822024,-0.08209121245828699,-0.06651835372636263,-0.026028921023359287,-0.11501668520578419,-0.10923248053392658,-0.12169076751946609,0.0878754171301446,0.05272525027808676,0.07942157953281423,0.0878754171301446,-0.033592880978865404
2020-07-30,-0.024249165739710785,-0.1408231368186874,-0.1959955506117909,-0.11590656284760845,-0.1835372636262514,-0.16885428253615126,-0.24760845383759733,-0.18487208008898778,0.03670745272525028,-0.04382647385984427,-0.03626251390433815,0.0006674082313681868,-0.17152391546162402
2020-07-31,-0.07408231368186874,-0.3041156840934371,-0.3979977753058954,-0.17864293659621802,-0.2520578420467186,-0.2636262513904338,-0.2413793103448276,-0.20578420467185762,0.1586206896551724,-0.20667408231368187,-0.2631813125695217,-0.0914349276974416,-0.3539488320355951
2020-08-03,-0.1096774193548387,-0.28231368186874306,-0.38064516129032255,-0.2053392658509455,-0.37130144605116794,-0.2289210233592881,-0.25428253615127916,-0.17908787541713014,0.009566184649610678,-0.15194660734149054,-0.25383759733036704,-0.1421579532814238,-0.4082313681868743
2020-08-04,0.08876529477196884,-0.25917686318131256,-0.3397107897664071,-0.2956618464961067,-0.5101223581757508,-0.1345939933259177,-0.08387096774193549,-0.17152391546162402,0.09588431590656285,-0.31568409343715237,-0.41935483870967744,-0.23025583982202447,-0.5003337041156841
2020-08-05,0.09766407119021134,-0.12080088987764183,-0.17285873192436038,-0.2382647385984427,-0.2996662958843159,0.07897664071190211,0.3957730812013348,0.03181312569521691,0.14616240266963293,-0.2943270300333704,-0.3432703003337041,-0.2978865406006674,-0.40734149054505003
2020-08-06,0.3192436040044494,-0.20177975528364847,-0.25339265850945497,-0.3521690767519466,-0.2413793103448276,0.0020022246941045607,0.13014460511679646,0.10878754171301447,0.10878754171301447,-0.349944382647386,-0.3619577308120133,-0.39888765294771966,-0.32235817575083425
2020-08-07,0.5310344827586206,0.20934371523915463,-0.07185761957730812,-0.10077864293659622,-0.07675194660734148,0.45984427141268075,0.14838709677419354,0.15595105672969967,-0.004226918798665183,-0.07363737486095662,-0.17463848720800887,-0.14527252502780869,-0.0771968854282536
2020-08-10,0.6791991101223581,-0.0460511679644049,-0.10745272525027807,-0.02647385984427141,-0.0731924360400445,0.10433815350389322,0.08342602892102337,0.16484983314794216,0.015350389321468297,-0.12747497219132367,-0.21023359288097884,-0.11190211345939934,-0.19243604004449388
2020-08-11,0.6529477196885429,-0.18620689655172412,-0.31657397107897667,-0.2756395995550612,-0.3348164627363737,0.06963292547274749,-0.3450500556173526,-0.20266963292547271,-0.3481646273637375,-0.26852057842046717,-0.27786429365962184,-0.1710789766407119,-0.2253615127919911
2020-08-12,0.5159065628476084,-0.11679644048943269,-0.1621802002224694,-0.23292547274749723,-0.21957730812013349,-0.012235817575083427,-0.23159065628476083,-0.24360400444938823,-0.1982202447163515,-0.054505005561735265,-0.01579532814238042,-0.06251390433815351,-0.1132369299221357
2020-08-13,0.47274749721913245,-0.028698553948832032,0.16484983314794216,0.08565072302558399,0.17063403781979977,-0.1657397107897664,0.03314794215795328,-0.07230255839822024,0.013125695216907676,0.08876529477196884,0.17819799777530587,0.17419354838709677,0.21557285873192436
2020-08-14,0.36551724137931035,-0.19911012235817574,-0.11412680756395997,-0.08698553948832036,-0.045606229143492764,-0.11902113459399331,-0.10834260289210233,-0.1203559510567297,-0.07007786429365963,-0.13236929922135707,-0.059844271412680755,0.017130144605116793,0.014905450500556172
2020-08-17,0.32725250278086765,-0.04204671857619577,0.10789766407119021,0.08209121245828699,0.1835372636262514,-0.24849833147942155,0.023804226918798663,0.046496106785317015,0.06874304783092325,0.09810901001112346,0.21957730812013349,0.1657397107897664,0.15550611790878754
2020-08-18,0.24716351501668518,-0.017130144605116793,0.1439377085650723,0.08209121245828699,0.10478309232480533,-0.22625139043381537,0.060289210233592884,0.07942157953281423,0.08743047830923248,0.2040044493882091,0.1332591768631813,0.2053392658509455,0.09632925472747497
2020-08-19,0.2738598442714127,-0.01935483870967742,0.20266963292547271,0.10834260289210233,0.2004449388209121,-0.2938820912124583,0.0011123470522803117,-0.01268075639599555,0.08565072302558399,0.2382647385984427,0.23515016685205786,0.24093437152391545,0.15639599555061176
2020-08-20,0.17018909899888765,-0.13058954393770855,0.11279199110122358,0.08476084538375972,0.03492769744160178,-0.1875417130144605,0.16929922135706338,0.15417130144605118,0.2053392658509455,0.053170189098998885,0.01935483870967742,0.10611790878754171,-0.08342602892102337
2020-08-21,-0.01579532814238042,-0.11234705228031144,0.12791991101223582,0.14171301446051168,0.10611790878754171,-0.3014460511679644,0.1599555061179088,0.10122358175750834,0.16840934371523916,0.17330367074527253,0.12525027808676306,0.1884315906562848,-0.017130144605116793
2020-08-24,0.10433815350389322,-0.05628476084538376,0.2636262513904338,0.13993325917686317,0.1959955506117909,-0.04961067853170189,0.3081201334816463,0.22803114571746386,0.31078976640711903,0.14838709677419354,0.12880978865406006,0.11635150166852058,0.053170189098998885
2020-08-25,0.11324952790069416,0.11635150166852058,0.28854282536151277,0.21290322580645163,0.18531701890989988,-0.018909899888765295,0.22758620689655173,0.2640711902113459,0.2556173526140155,0.19377085650723025,0.18086763070077863,0.04204671857619577,0.10077864293659622
2020-08-26,0.1203559510567297,0.29032258064516125,0.3975528364849833,0.3975528364849833,0.31523915461624025,0.04382647385984427,0.10567296996662959,0.2631813125695217,0.2,0.40778642936596216,0.3552836484983315,0.27697441601779754,0.3281423804226919
2020-08-27,0.04916573971078977,0.2961067853170189,0.2525027808676307,0.207119021134594,0.3548387096774193,0.27474972191323693,0.24048943270300333,0.24849833147942155,0.21379310344827587,0.16796440489432704,0.21023359288097884,0.18131256952169075,0.32769744160177977
2020-08-28,-0.06740823136818688,0.22491657397107895,0.2489432703003337,0.22224694104560622,0.3187986651835373,0.21290322580645163,0.18086763070077863,0.16929922135706338,0.17330367074527253,0.13370411568409346,0.17997775305895441,0.19688542825361513,0.2765294771968854
2020-08-31,-0.047385984427141266,0.35261401557285876,0.457174638487208,0.332146829810901,0.3139043381535039,0.29032258064516125,0.2146829810901001,0.2711902113459399,0.2525027808676307,0.3548387096774193,0.3268075639599555,0.23381535038932147,0.260511679644049
2020-09-01,-0.24938820912124582,0.0932146829810901,0.2961067853170189,0.2565072302558398,0.22135706340378197,0.02647385984427141,0.22803114571746386,0.2849833147942158,0.3632925472747497,0.11101223581757509,0.13370411568409346,0.0914349276974416,0.08031145717463849
2020-09-02,-0.33392658509454953,-0.03982202447163515,0.0353726362625139,0.10433815350389322,0.1408231368186874,-0.06340378197997774,-0.026028921023359287,0.023804226918798663,0.07230255839822024,-0.0024471635150166847,0.030033370411568408,0.07052280311457175,0.15506117908787542
2020-09-03,-0.36462736373748605,-0.06608076578881368,-0.11546162402669634,-0.08120133481646273,0.08743047830923248,0.0064516129032258064,-0.14126807563959956,-0.13948832035595105,-0.12169076751946609,-0.0825361512791991,-0.004226918798665183,0.02736373748609566,0.15016685205784203
2020-09-04,-0.07363737486095662,0.02647385984427141,-0.11457174638487205,0.055394883203559515,-0.0460511679644049,0.05406006674082313,-0.20978865406006672,-0.04427141268075639,-0.21334816462736375,-0.017130144605116793,-0.02736373748609566,0.15372636262513903,0.09187986651835373
2020-09-08,-0.029588431590656286,-0.10300333704115683,-0.28409343715239155,-0.1114571746384872,-0.20578420467185762,-0.06785317018909899,-0.3045606229143492,-0.14883203559510566,-0.3793103448275862,-0.11234705228031144,-0.08609566184649611,0.0135706340378198,-0.06607341490545049
2020-09-09,0.04382647385984427,-0.03670745272525028,-0.21245828698553948,-0.17463848720800887,-0.1875417130144605,0.12836484983314794,-0.13948832035595105,-0.06162402669632924,-0.3441601779755284,-0.12525027808676306,-0.08520578420467186,-0.12569521690767518,0.056729699666295874
2020-09-10,0.03937708565072302,-0.11857619577308119,-0.2387096774193548,-0.21201334816462733,-0.18531701890989988,0.024249165739710785,-0.29744160177975526,-0.19243604004449388,-0.38776418242491656,-0.08387096774193549,0.03270300333704116,-0.1096774193548387,0.11056729699666296
2020-09-11,0.11056729699666296,-0.029588431590656286,-0.22091212458286985,-0.1408231368186874,-0.217797552836485,-0.02513904338153504,-0.17241379310344826,-0.11768631813125695,-0.37842046718576194,0.034037819799777526,-0.04916573971078977,-0.018909899888765295,0.01757508342602892
2020-09-14,0.34015572858731924,-0.21423804226918797,-0.31123470522803115,-0.34638487208008895,-0.3477196885428253,0.0135706340378198,-0.25428253615127916,-0.1604004449388209,-0.439377085650723,-0.27875417130144603,-0.22402669632925473,-0.33303670745272523,-0.1096774193548387
2020-09-15,0.2547274749721913,-0.28231368186874306,-0.3014460511679644,-0.418020022246941,-0.1203559510567297,-0.015350389321468297,-0.24048943270300333,-0.3561735261401557,-0.22091212458286985,-0.3343715239154616,-0.19421579532814237,-0.29744160177975526,-0.018909899888765295
2020-09-16,0.4117908787541713,-0.24271412680756396,-0.3935483870967742,-0.33748609566184645,-0.10745272525027807,0.09054505005561733,-0.2596218020022247,-0.20088987764182425,-0.10656284760845385,-0.36017797552836484,-0.24582869855394882,-0.3067853170189099,-0.08921023359288098
2020-09-17,0.47408231368186876,-0.055394883203559515,-0.19777530589543937,-0.32057842046718577,-0.007341490545050056,0.15595105672969967,-0.06829810901001113,-0.2088987764182425,0.08832035595105672,-0.31790878754171303,-0.1604004449388209,-0.1911012235817575,-0.04338153503893215
2020-09-18,0.40333704115684094,-0.17374860956618463,-0.3886540600667408,-0.26896551724137935,-0.25739710789766407,0.15906562847608455,-0.1768631813125695,-0.09010011123470522,-0.01668520578420467,-0.3468298109010011,-0.31167964404894327,-0.296551724137931,-0.24360400444938823
2020-09-21,0.18264738598442715,-0.29343715239154616,-0.3548387096774193,-0.21290322580645163,-0.2004449388209121,-0.12747497219132367,-0.26273637374860953,-0.14171301446051168,-0.19911012235817574,-0.09721913236929922,-0.06473859844271414,-0.13770856507230256,-0.07986651835372637
2020-09-22,0.2293659621802002,-0.3196885428253615,-0.3632925472747497,-0.3281423804226919,-0.23648498331479423,-0.09810901001112346,-0.2916573971078976,-0.24716351501668518,-0.40956618464961064,-0.15061179087875418,-0.14438264738598441,-0.15417130144605118,-0.001557285873192436
2020-09-23,-0.03314794215795328,-0.046496106785317015,0.02736373748609566,-0.13192436040044492,-0.06340378197997774,-0.20355951056729701,-0.12302558398220245,-0.23559510567296996,-0.27519466073414905,0.02246941045606229,0.08654060066740822,0.012235817575083427,0.05094549499443826
2020-09-24,-0.1875417130144605,-0.020244716351501667,-0.03492769744160178,-0.007341490545050056,-0.08565072302558399,-0.15239154616240266,0.05850945494994438,-0.02513904338153504,-0.10656284760845385,-0.024249165739710785,-0.05761957730812013,0.018020022246941044,-0.0389321468298109
2020-09-25,-0.2360400444938821,-0.20266963292547271,-0.2053392658509455,-0.0825361512791991,-0.055394883203559515,-0.29699666295884314,-0.07185761957730812,-0.05494994438264739,0.06740823136818688,-0.1510567296996663,-0.13993325917686317,0.004226918798665183,-0.06340378197997774
2020-09-28,-0.15951056729699667,0.21290322580645163,0.16618464961067853,0.17374860956618463,0.09365962180200223,-0.09410456062291435,0.22180200222469412,0.16307007786429364,0.24983314794215797,0.10211345939933258,0.05761957730812013,0.0878754171301446,0.02736373748609566
2020-09-29,-0.12480533926585094,0.2520578420467186,0.17063403781979977,0.15016685205784203,0.16751946607341492,-0.07630700778642936,0.1568409343715239,0.13770856507230256,0.11546162402669634,0.1292547274749722,0.185761957730812,0.021134593993325918,0.13904338153503895
2020-09-30,-0.38242491657397104,0.13414905450500555,0.11991101223581756,0.09232480533926585,0.058064516129032254,-0.023804226918798663,0.17864293659621802,0.13948832035595105,0.11012235817575085,0.03937708565072302,0.06874304783092325,0.013125695216907676,-0.030478309232480537
2020-10-01,-0.16618464961067853,0.17330367074527253,0.10834260289210233,0.06874304783092325,0.08120133481646273,0.10389321468298107,0.24093437152391545,0.3125695216907675,0.04872080088987764,0.023359288097886538,0.033592880978865404,-0.012235817575083427,-0.011345939933259176
2020-10-02,-0.026028921023359287,0.2916573971078976,0.26140155728587317,0.3592880978865406,0.18620689655172412,0.01757508342602892,0.20489432703003335,0.23781979977753054,0.09054505005561733,0.2204671857619577,0.11635150166852058,0.16618464961067853,0.2
2020-10-05,0.05850945494994438,0.22313681868743046,0.20800889877641823,0.23025583982202447,0.19377085650723025,0.17285873192436038,0.17552836484983317,0.13770856507230256,0.029588431590656286,0.14260289210233593,0.16751946607341492,0.08654060066740822,0.18131256952169075
2020-10-06,-0.09499443826473859,0.13726362625139044,0.189321468298109,0.2565072302558398,0.21423804226918797,0.018909899888765295,0.1510567296996663,0.15506117908787542,0.17063403781979977,0.2636262513904338,0.21290322580645163,0.1670745272525028,0.04827586206896552
2020-10-07,-0.09499443826473859,0.08832035595105672,0.2289210233592881,0.15372636262513903,0.1296996662958843,0.12658509454949946,0.23915461624026696,0.16173526140155728,0.17419354838709677,0.1479421579532814,0.1479421579532814,0.13103448275862067,-0.07541713014460512
2020-10-08,-0.10700778642936595,0.22091212458286985,0.37842046718576194,0.36462736373748605,0.29744160177975526,0.2293659621802002,0.3908787541713014,0.2978865406006674,0.29343715239154616,0.2654060066740823,0.260511679644049,0.2649610678531702,0.08698553948832036
2020-10-09,-0.13681868743047831,0.24938820912124582,0.3410456062291435,0.3343715239154616,0.35261401557285876,0.3539488320355951,0.38776418242491656,0.35261401557285876,0.37130144605116794,0.2182424916573971,0.2324805339265851,0.300111234705228,0.15194660734149054
2020-10-12,-0.1345939933259177,0.27608453837597335,0.3419354838709677,0.29343715239154616,0.32591768631813123,0.3032258064516129,0.27341490545050057,0.27697441601779754,0.39532814238042263,0.2204671857619577,0.27519466073414905,0.2649610678531702,0.06384872080088987
2020-10-13,-0.1132369299221357,0.16974416017797553,0.2551724137931034,0.17018909899888765,0.28409343715239155,0.1203559510567297,0.10923248053392658,0.11857619577308119,0.1546162402669633,0.3103448275862069,0.2676307007786429,0.2507230255839822,0.07096774193548387
2020-10-14,-0.015350389321468297,0.17419354838709677,0.17285873192436038,0.1764182424916574,0.10389321468298107,0.09276974416017797,0.19021134593993325,0.22447163515016688,0.12124582869855395,0.2146829810901001,0.00778642936596218,0.10611790878754171,-0.0932146829810901
2020-10-15,-0.01757508342602892,0.07853170189098999,0.17730812013348163,0.17463848720800887,0.07853170189098999,-0.07052280311457175,0.12569521690767518,0.09543937708565071,0.1096774193548387,0.28987764182424913,0.13993325917686317,0.16129032258064516,-0.09855394883203561
2020-10-16,-0.10433815350389322,0.1221357063403782,0.22847608453837595,0.24983314794215797,0.15951056729699667,-0.01668520578420467,0.12080088987764183,0.058954393770856504,0.16440489432703,0.30634037819799775,0.08075639599555061,0.24582869855394882,0.01935483870967742
2020-10-19,-0.23559510567296996,0.013125695216907676,0.01935483870967742,0.12836484983314794,-0.04516129032258065,-0.07452725250278086,0.0002224694104560623,0.040711902113459396,0.1835372636262514,0.21957730812013349,-0.02469410456062291,0.011345939933259176,-0.057174638487208
2020-10-20,-0.3899888765294772,0.03982202447163515,0.17730812013348163,0.08698553948832036,0.023359288097886538,-0.14171301446051168,0.0771968854282536,0.016240266963292546,0.11101223581757509,0.21512791991101224,0.08476084538375972,0.04916573971078977,0.017130144605116793
2020-10-21,-0.1479421579532814,-0.1292547274749722,-0.20489432703003335,-0.1599555061179088,-0.24671857619577306,-0.12569521690767518,-0.00778642936596218,0.0046718576195773085,0.05494994438264739,-0.13948832035595105,-0.2382647385984427,-0.2729699666295884,-0.23292547274749723
2020-10-22,-0.04427141268075639,-0.0967741935483871,-0.21112347052280311,-0.13414905450500555,-0.2186874304783092,-0.16173526140155728,-0.07675194660734148,0.015350389321468297,-0.03270300333704116,-0.06696329254727475,-0.27786429365962184,-0.27875417130144603,-0.2805339265850945
2020-10-23,0.10166852057842046,-0.15150166852057842,-0.2422691879866518,-0.2462736373748609,-0.23159065628476083,-0.10878754171301447,-0.15951056729699667,-0.11012235817575085,-0.20133481646273638,-0.16796440489432704,-0.2649610678531702,-0.31123470522803115,-0.16484983314794216
2020-10-26,-0.29032258064516125,-0.14482758620689654,0.0731924360400445,0.0002224694104560623,0.21957730812013349,-0.2912124582869855,-0.24760845383759733,-0.09499443826473859,0.12569521690767518,0.020244716351501667,0.17552836484983317,0.11813125695216908,0.21557285873192436
2020-10-27,-0.3561735261401557,-0.24671857619577306,-0.1421579532814238,-0.10878754171301447,-0.11012235817575085,-0.21735261401557288,-0.18264738598442715,-0.13637374860956616,-0.03759733036707453,-0.13993325917686317,-0.08654060066740822,-0.04471635150166852,-0.09187986651835373
2020-10-28,-0.48609566184649605,-0.006006674082313682,0.07586206896551724,0.05494994438264739,0.006006674082313682,-0.09588431590656285,0.046496106785317015,-0.009566184649610678,0.03136818687430478,0.11501668520578419,0.14304783092324808,0.12614015572858733,0.014015572858731925
2020-10-29,-0.48787541713014465,-0.03492769744160178,0.1292547274749722,0.11412680756395997,0.15951056729699667,-0.2636262513904338,-0.09454949944382647,-0.04427141268075639,0.10567296996662959,0.12747497219132367,0.20311457174638486,0.19911012235817574,0.12302558398220245
2020-10-30,-0.5523915461624027,-0.01668520578420467,0.2164627363737486,0.13726362625139044,0.1479421579532814,-0.19911012235817574,-0.07007786429365963,-0.06696329254727475,0.04471635150166852,0.14660734149054505,0.3081201334816463,0.2453837597330367,0.17552836484983317
2020-11-02,-0.49632925472747497,-0.12880978865406006,0.15550611790878754,0.11991101223581756,0.11012235817575085,-0.15150166852057842,-0.14527252502780869,-0.08743047830923248,0.0878754171301446,0.2204671857619577,0.300111234705228,0.22224694104560622,0.04827586206896552
2020-11-03,-0.44249165739710794,0.04427141268075639,0.08298109010011123,0.185761957730812,0.01935483870967742,-0.06607341490545049,0.0006674082313681868,-0.030478309232480537,0.12569521690767518,0.2453837597330367,0.061179087875417135,0.27786429365962184,-0.0389321468298109
2020-11-04,-0.4522803114571746,-0.08031145717463849,-0.045606229143492764,0.13548387096774192,-0.08921023359288098,-0.09632925472747497,-0.19688542825361513,-0.08876529477196884,-0.0011123470522803117,0.13548387096774192,0.020689655172413793,0.11546162402669634,-0.12747497219132367
2020-11-05,-0.4304783092324805,-0.20845383759733035,-0.006006674082313682,0.06696329254727475,-0.009566184649610678,-0.26585094549499444,-0.2867630700778643,-0.18531701890989988,-0.011345939933259176,0.1621802002224694,0.10122358175750834,0.189321468298109,-0.02736373748609566
2020-11-06,-0.48698553948832035,-0.24404894327030033,-0.09766407119021134,0.01268075639599555,-0.07096774193548387,-0.2004449388209121,-0.2088987764182425,-0.2200222469410456,0.0843159065628476,0.02469410456062291,-0.04382647385984427,0.07541713014460512,-0.16440489432703
2020-11-09,-0.31746384872080086,0.3739710789766407,0.44783092324805335,0.28854282536151277,0.30856507230255836,0.26985539488320354,0.5065628476084539,0.15417130144605118,0.4202447163515017,0.2502780867630701,0.21201334816462733,0.18487208008898778,0.13058954393770855
2020-11-10,-0.2053392658509455,0.38954393770856505,0.4264738598442714,0.28898776418242494,0.26140155728587317,0.21290322580645163,0.4562847608453838,0.21423804226918797,0.5203559510567297,0.19866518353726362,0.18798665183537264,0.16129032258064516,0.07942157953281423
2020-11-11,-0.07452725250278086,0.06696329254727475,0.09454949944382647,0.17285873192436038,0.2289210233592881,0.09410456062291435,0.18086763070077863,0.17419354838709677,0.3793103448275862,0.001557285873192436,-0.04916573971078977,0.03225806451612903,0.030923248053392655
2020-11-12,-0.16840934371523916,0.11056729699666296,0.10878754171301447,0.12480533926585094,0.1421579532814238,0.1959955506117909,0.1870967741935484,0.1946607341490545,0.33837597330367075,-0.014015572858731925,-0.0825361512791991,-0.04916573971078977,-0.06874304783092325
2020-11-13,-0.033592880978865404,0.12302558398220245,0.09010011123470522,0.16529477196885425,0.07942157953281423,0.09232480533926585,0.05583982202447163,0.09276974416017797,0.19021134593993325,0.12525027808676306,0.04827586206896552,0.0033370411568409346,-0.05139043381535039
2020-11-16,-0.03759733036707453,0.021134593993325918,-0.014015572858731925,0.04471635150166852,-0.023804226918798663,0.014015572858731925,-0.024249165739710785,-0.01268075639599555,0.07052280311457175,0.11190211345939934,0.017130144605116793,0.018909899888765295,-0.05228031145717464
2020-11-17,-0.06295884315906564,0.03136818687430478,0.0424916573971079,0.07853170189098999,0.01668520578420467,0.12080088987764183,0.19243604004449388,0.08921023359288098,0.1532814238042269,-0.012235817575083427,-0.08876529477196884,-0.011790878754171301,-0.03848720800889878
2020-11-18,-0.1292547274749722,0.14304783092324808,0.19510567296996661,0.10745272525027807,0.18264738598442715,0.1243604004449388,0.217797552836485,0.1292547274749722,0.2307007786429366,0.059844271412680755,0.057174638487208,0.06340378197997774,0.05005561735261402
2020-11-19,-0.18264738598442715,0.17597330367074526,0.2525027808676307,0.1350389321468298,0.3650723025583982,0.22847608453837595,0.24938820912124582,0.13815350389321468,0.2987764182424916,0.07363737486095662,0.14616240266963293,0.08876529477196884,0.25428253615127916
2020-11-20,-0.2587319243604005,0.2520578420467186,0.30589543937708563,0.15061179087875418,0.3686318131256952,0.21334816462736375,0.08654060066740822,0.08342602892102337,0.01668520578420467,0.3045606229143492,0.37708565072302563,0.18442714126807563,0.32057842046718577
2020-11-23,-0.15150166852057842,0.0389321468298109,0.05094549499443826,0.07853170189098999,0.18086763070077863,-0.028698553948832032,-0.12347052280311456,-0.10923248053392658,-0.2088987764182425,0.2182424916573971,0.2849833147942158,0.22981090100111232,0.3997775305895439
2020-11-24,-0.0389321468298109,-0.034037819799777526,-0.12480533926585094,0.0028921023359288096,-0.05583982202447163,-0.16529477196885425,-0.23515016685205786,-0.18264738598442715,-0.24671857619577306,0.08520578420467186,0.1332591768631813,0.31835372636262516,0.1532814238042269
2020-11-25,-0.2582869855394883,-0.056729699666295874,-0.14660734149054505,-0.06963292547274749,-0.16440489432703,-0.1403781979977753,-0.19332591768631813,-0.18131256952169075,-0.32235817575083425,-0.07274749721913237,-0.046941045606229144,0.034482758620689655,0.10344827586206896
2020-11-27,-0.23781979977753054,-0.09543937708565071,-0.10433815350389322,-0.030478309232480537,-0.14883203559510566,-0.1657397107897664,-0.28097886540600664,-0.20266963292547271,-0.2992213570634038,0.06696329254727475,0.07230255839822024,0.05406006674082313,0.10122358175750834
2020-11-30,-0.19243604004449388,0.0843159065628476,-0.0914349276974416,0.010456062291434927,-0.05850945494994438,-0.0135706340378198,-0.2,-0.13236929922135707,-0.22447163515016688,0.05939933259176862,0.14705228031145717,0.12569521690767518,0.09499443826473859
2020-12-01,-0.2645161290322581,-0.04916573971078977,-0.11056729699666296,-0.07675194660734148,-0.09454949944382647,-0.12569521690767518,-0.17997775305895441,-0.17864293659621802,-0.09543937708565071,0.014460511679644046,0.0037819799777530586,0.08031145717463849,-0.11902113459399331
2020-12-02,0.00689655172413793,-0.01846496106785317,0.009566184649610678,0.06562847608453837,0.060289210233592884,-0.207119021134594,-0.2253615127919911,-0.23337041156840932,0.06384872080088987,0.053170189098998885,0.07007786429365963,0.18264738598442715,0.04961067853170189
2020-12-03,-0.07185761957730812,0.12569521690767518,0.24805339265850945,0.13592880978865407,0.22447163515016688,-0.1510567296996663,-0.021579532814238044,-0.14171301446051168,0.28987764182424913,0.18175750834260287,0.24271412680756396,0.22447163515016688,0.13192436040044492
2020-12-04,0.027808676307007785,0.020244716351501667,0.2307007786429366,0.18798665183537264,0.3468298109010011,-0.19243604004449388,0.07942157953281423,-0.11991101223581756,0.5830923248053392,0.1568409343715239,0.22402669632925473,0.2849833147942158,0.13904338153503895
2020-12-07,0.005561735261401557,0.11813125695216908,0.23292547274749723,0.23159065628476083,0.2578420467185762,-0.0731924360400445,0.3308120133481646,0.07007786429365963,0.6137931034482759,0.14126807563959956,0.09855394883203561,0.24093437152391545,-0.023804226918798663
2020-12-08,0.1132369299221357,0.05406006674082313,0.19911012235817574,0.17330367074527253,0.20934371523915463,0.0914349276974416,0.4513904338153503,0.2489432703003337,0.6783092324805339,0.030923248053392655,0.01668520578420467,0.10878754171301447,-0.13592880978865407
2020-12-09,-0.16662958843159065,0.1439377085650723,0.05361512791991101,0.09232480533926585,-0.0002224694104560623,0.13192436040044492,0.2578420467185762,0.22358175750834258,0.35706340378198,0.011790878754171301,-0.10166852057842046,0.05272525027808676,-0.24048943270300333
2020-12-10,-0.0932146829810901,0.10211345939933258,0.17419354838709677,0.13058954393770855,0.1132369299221357,0.0135706340378198,0.2921023359288098,0.2600667408231368,0.3704115684093437,0.00689655172413793,-0.020689655172413793,0.030478309232480537,-0.185761957730812
2020-12-11,-0.22714126807563956,0.2342602892102336,0.18798665183537264,0.13236929922135707,0.007341490545050056,0.12124582869855395,0.27341490545050057,0.26140155728587317,0.31123470522803115,0.04827586206896552,0.015350389321468297,-0.05228031145717464,-0.1657397107897664
2020-12-14,-0.17241379310344826,0.12614015572858733,-0.026918798665183537,-0.04872080088987764,-0.15417130144605118,0.2266963292547275,0.13548387096774192,0.18531701890989988,0.071412680756396,-0.0353726362625139,-0.06651835372636263,-0.1946607341490545,-0.14927697441601778
2020-12-15,0.013125695216907676,0.16173526140155728,0.0843159065628476,0.0353726362625139,-0.071412680756396,0.19199110122358176,0.1292547274749722,0.1203559510567297,-0.009566184649610678,0.12124582869855395,0.05228031145717464,-0.016240266963292546,-0.071412680756396
2020-12-16,-0.17597330367074526,0.07052280311457175,-0.0843159065628476,-0.06295884315906564,-0.10433815350389322,0.3477196885428253,0.05228031145717464,0.13637374860956616,0.00778642936596218,-0.0731924360400445,-0.10745272525027807,-0.12302558398220245,-0.09276974416017797
2020-12-17,-0.24671857619577306,0.24048943270300333,0.18531701890989988,0.18665183537263624,0.24360400444938823,0.20978865406006672,0.160845383759733,0.15194660734149054,-0.05628476084538376,0.14126807563959956,0.20622914349276972,0.20133481646273638,0.36017797552836484
2020-12-18,-0.4117908787541713,-0.26807563959955505,-0.2565072302558398,-0.160845383759733,-0.016240266963292546,-0.22180200222469412,-0.4273637374860957,-0.2783092324805339,-0.33348164627363736,-0.14883203559510566,-0.016240266963292546,0.0020022246941045607,0.2667408231368187
2020-12-21,-0.4593993325917686,-0.2916573971078976,-0.17908787541713014,-0.2502780867630701,0.01935483870967742,-0.2596218020022247,-0.4251390433815351,-0.43270300333704115,-0.2520578420467186,-0.1421579532814238,0.10300333704115683,-0.016240266963292546,0.2961067853170189
2020-12-22,-0.3503893214682981,-0.2765294771968854,-0.23515016685205786,-0.1604004449388209,0.018020022246941044,-0.2667408231368187,-0.48476084538375974,-0.39265850945494996,-0.20266963292547271,-0.05850945494994438,0.08921023359288098,0.1768631813125695,0.15417130144605118
2020-12-23,-0.11501668520578419,-0.07675194660734148,-0.09365962180200223,-0.08342602892102337,-0.1296996662958843,-0.17953281423804227,-0.3236929922135706,-0.3121245828698554,-0.15773081201334815,0.10122358175750834,0.16484983314794216,0.20845383759733035,0.011790878754171301
2020-12-24,-0.11501668520578419,-0.0932146829810901,-0.0011123470522803117,-0.046496106785317015,0.054505005561735265,-0.14972191323692993,-0.21245828698553948,-0.2462736373748609,-0.0424916573971079,0.08342602892102337,0.10389321468298107,0.2253615127919911,-0.09098998887652948
2020-12-28,-0.21379310344827587,-0.20266963292547271,-0.16662958843159065,-0.10211345939933258,-0.11635150166852058,-0.16974416017797553,-0.260511679644049,-0.25739710789766407,0.010901001112347052,-0.059844271412680755,-0.0064516129032258064,0.1332591768631813,-0.12258064516129033
2020-12-29,-0.3931034482758621,-0.07185761957730812,-0.09721913236929922,-0.018020022246941044,0.053170189098998885,-0.11679644048943269,-0.20222469410456062,-0.23470522803114574,0.01935483870967742,-0.05761957730812013,0.10255839822024472,0.1510567296996663,0.05050055617352613
2020-12-30,-0.3908787541713014,-0.11813125695216908,0.001557285873192436,-0.028253615127919914,0.185761957730812,-0.3410456062291435,-0.2987764182424916,-0.27697441601779754,-0.0967741935483871,0.13103448275862067,0.25739710789766407,0.24938820912124582,0.1764182424916574
2020-12-31,-0.30634037819799775,-0.19154616240266964,-0.02246941045606229,-0.05850945494994438,0.05406006674082313,-0.4384872080088987,-0.1875417130144605,-0.28587319243604004,-0.10745272525027807,0.07675194660734148,0.1768631813125695,0.16129032258064516,0.09588431590656285
2021-01-04,-0.22580645161290322,-0.16885428253615126,0.00778642936596218,-0.0460511679644049,0.034482758620689655,-0.33348164627363736,-0.16440489432703,-0.23515016685205786,-0.05628476084538376,0.07853170189098999,0.09098998887652948,0.18887652947719688,0.05939933259176862
2021-01-05,-0.15283648498331479,-0.1568409343715239,-0.001557285873192436,-0.01935483870967742,0.021579532814238044,-0.37130144605116794,-0.20622914349276972,-0.17730812013348163,-0.06206896551724137,0.06518353726362626,0.07764182424916574,0.10834260289210233,0.04471635150166852
2021-01-06,-0.0024471635150166847,-0.27474972191323693,-0.31078976640711903,-0.2729699666295884,-0.19377085650723025,-0.20622914349276972,-0.22269187986651834,-0.23114571746384868,-0.303670745272525,-0.1532814238042269,-0.03848720800889878,-0.07007786429365963,-0.05139043381535039
2021-01-07,-0.2040044493882091,-0.3837597330367074,-0.34015572858731924,-0.289432703003337,-0.16529477196885425,-0.34371523915461627,-0.3352614015572859,-0.29343715239154616,-0.3210233592880979,-0.026918798665183537,0.05583982202447163,0.040711902113459396,-0.0037819799777530586
2021-01-08,-0.14482758620689654,-0.40778642936596216,-0.2622914349276974,-0.2983314794215795,-0.12258064516129033,-0.450055617352614,-0.42246941045606223,-0.41935483870967744,-0.3548387096774193,-0.02202447163515017,0.12080088987764183,0.10611790878754171,0.09899888765294772
2021-01-11,-0.07408231368186874,-0.5368186874304783,-0.22135706340378197,-0.32235817575083425,-0.07541713014460512,-0.37441601779755285,-0.2854282536151279,-0.332146829810901,-0.14838709677419354,-0.28409343715239155,-0.06206896551724137,0.025583982202447165,0.060734149054505006
2021-01-12,-0.034037819799777526,-0.5203559510567297,-0.17552836484983317,-0.2654060066740823,-0.001557285873192436,-0.432258064516129,-0.3161290322580645,-0.41713014460511677,-0.13281423804226916,-0.17463848720800887,0.034482758620689655,0.015350389321468297,0.030478309232480537
2021-01-13,0.05406006674082313,-0.4002224694104561,-0.1203559510567297,-0.3090100111234705,0.057174638487208,-0.332146829810901,-0.14927697441601778,-0.3348164627363737,-0.07897664071190211,-0.14304783092324808,0.054505005561735265,-0.04427141268075639,0.07363737486095662
2021-01-14,0.10522803114571745,-0.5061179087875418,-0.20978865406006672,-0.36729699666295884,0.05494994438264739,-0.3775305895439377,-0.2609566184649611,-0.33704115684093433,-0.09944382647385984,-0.28720800889877635,-0.0020022246941045607,-0.16662958843159065,0.06874304783092325
2021-01-15,0.07007786429365963,-0.3939933259176863,-0.047385984427141266,-0.24315906562847608,0.04516129032258065,-0.21290322580645163,-0.022914349276974413,-0.1870967741935484,-0.021579532814238044,-0.2004449388209121,-0.0024471635150166847,-0.17819799777530587,0.10789766407119021
2021-01-19,0.04427141268075639,-0.36952169076751945,-0.12614015572858733,-0.2204671857619577,0.055394883203559515,-0.31123470522803115,-0.1474972191323693,-0.2462736373748609,0.007341490545050056,-0.1546162402669633,0.034037819799777526,-0.08298109010011123,0.1911012235817575
2021-01-20,0.005116796440489433,-0.3530589543937709,-0.12569521690767518,-0.15372636262513903,0.16751946607341492,-0.31345939933259176,-0.24760845383759733,-0.22714126807563956,0.011790878754171301,-0.11679644048943269,0.06918798665183537,0.026918798665183537,0.2921023359288098
2021-01-21,-0.08075639599555061,-0.19555061179087874,0.018020022246941044,0.040266963292547274,0.11946607341490545,-0.3575083426028921,-0.07007786429365963,-0.10611790878754171,0.2556173526140155,-0.041156840934371525,0.001557285873192436,0.18131256952169075,-0.07096774193548387
2021-01-22,0.08209121245828699,-0.11012235817575085,0.0825361512791991,0.060289210233592884,0.03270300333704116,-0.30589543937708563,0.07630700778642936,-0.028253615127919914,0.18309232480533927,-0.004226918798665183,0.010456062291434927,0.053170189098998885,-0.1804226918798665
2021-01-25,-0.2200222469410456,0.16751946607341492,-0.07052280311457175,0.10344827586206896,-0.26896551724137935,0.10611790878754171,0.11902113459399331,0.12791991101223582,-0.012235817575083427,-0.004226918798665183,-0.13103448275862067,-0.08654060066740822,-0.24449388209121245
2021-01-26,-0.2716351501668521,-0.17419354838709677,-0.38064516129032255,-0.2578420467185762,-0.47363737486095664,-0.05494994438264739,-0.26273637374860953,-0.1096774193548387,-0.3521690767519466,-0.29521690767519465,-0.3419354838709677,-0.3481646273637375,-0.32235817575083425
2021-01-27,-0.36284760845383757,-0.3931034482758621,-0.5648498331479421,-0.4972191323692992,-0.7112347052280311,-0.21379310344827587,-0.42869855394883205,-0.3632925472747497,-0.6427141268075639,-0.4593993325917686,-0.5239154616240267,-0.5119021134593993,-0.4509454949944383
2021-01-28,-0.43715239154616237,-0.0967741935483871,-0.33748609566184645,-0.23337041156840932,-0.46562847608453833,0.17241379310344826,-0.13548387096774192,-0.10389321468298107,-0.31835372636262516,-0.2854282536151279,-0.37085650723025576,-0.44160177975528364,-0.35839822024471635
2021-01-29,-0.4002224694104561,-0.12080088987764183,-0.37441601779755285,-0.37886540600667407,-0.35795328142380417,0.21245828698553948,0.015350389321468297,-0.14660734149054505,-0.1884315906562848,-0.453615127919911,-0.43403781979977757,-0.5052280311457175,-0.27208008898776415
2021-02-01,-0.40333704115684094,-0.2912124582869855,-0.5181312569521691,-0.4562847608453838,-0.4829810901001112,0.13370411568409346,-0.22135706340378197,-0.12347052280311456,-0.32413793103448274,-0.5426028921023358,-0.5274749721913237,-0.5728587319243604,-0.3014460511679644
2021-02-02,-0.296551724137931,0.07986651835372637,-0.19911012235817574,-0.16974416017797553,-0.24449388209121245,0.46206896551724136,0.14972191323692993,0.17508342602892102,-0.14438264738598441,-0.2253615127919911,-0.3014460511679644,-0.3979977753058954,-0.24582869855394882
2021-02-03,-0.1670745272525028,-0.03225806451612903,-0.4353726362625139,-0.3076751946607342,-0.3187986651835373,0.46117908787541706,0.06651835372636263,0.030923248053392655,-0.06785317018909899,-0.4909899888765294,-0.4687430478309232,-0.44293659621801995,-0.26184649610678534
2021-02-04,-0.3619577308120133,-0.2489432703003337,-0.5194660734149055,-0.432258064516129,-0.15906562847608455,0.22135706340378197,-0.12347052280311456,-0.1621802002224694,0.08876529477196884,-0.6146829810901,-0.44160177975528364,-0.44293659621801995,-0.11635150166852058
2021-02-05,-0.3592880978865406,-0.17152391546162402,-0.31701890989988873,-0.41446051167964404,0.04338153503893215,0.08342602892102337,-0.11635150166852058,-0.14482758620689654,0.15773081201334815,-0.35661846496106786,-0.07942157953281423,-0.314349276974416,0.04382647385984427
2021-02-08,-0.21067853170189096,-0.10300333704115683,-0.14349276974416017,-0.25428253615127916,-0.04160177975528365,0.0878754171301446,0.14260289210233593,0.10878754171301447,0.1403781979977753,-0.19866518353726362,-0.08342602892102337,-0.24271412680756396,-0.1003337041156841
2021-02-09,-0.20845383759733035,-0.14482758620689654,-0.18442714126807563,-0.2854282536151279,-0.00867630700778643,-0.01935483870967742,-0.07764182424916574,0.024249165739710785,0.10789766407119021,-0.1768631813125695,-0.1421579532814238,-0.182202447163515,-0.05139043381535039
2021-02-10,-0.332146829810901,0.26852057842046717,0.22714126807563956,0.16484983314794216,0.07675194660734148,0.0064516129032258064,-0.020244716351501667,0.08654060066740822,-0.06518353726362626,0.22091212458286985,0.23337041156840932,0.10300333704115683,0.11279199110122358
2021-02-11,-0.314349276974416,0.1839822024471635,0.05761957730812013,0.16929922135706338,0.07853170189098999,-0.13770856507230256,-0.009121245828698554,0.10789766407119021,-0.04916573971078977,0.10389321468298107,0.07497219132369298,0.07541713014460512,0.12791991101223582
2021-02-12,-0.36284760845383757,-0.15194660734149054,-0.14883203559510566,-0.09810901001112346,-0.03136818687430478,-0.17819799777530587,-0.20756395995550608,0.0389321468298109,-0.20355951056729701,-0.0896551724137931,-0.10433815350389322,-0.07942157953281423,0.022914349276974413
2021-02-16,-0.23559510567296996,-0.07452725250278086,-0.038042269187986644,-0.07363737486095662,-0.007341490545050056,-0.23381535038932147,-0.2765294771968854,-0.11813125695216908,-0.2645161290322581,-0.060289210233592884,-0.015350389321468297,-0.014015572858731925,0.07363737486095662
2021-02-17,-0.2164627363737486,-0.046496106785317015,-0.07630700778642936,-0.0843159065628476,-0.05628476084538376,-0.289432703003337,-0.26140155728587317,-0.207119021134594,-0.4402669632925473,-0.03937708565072302,0.05094549499443826,-0.0064516129032258064,0.057174638487208
2021-02-18,-0.22714126807563956,-0.013125695216907676,0.08342602892102337,-0.05183537263626252,0.03759733036707453,-0.21957730812013349,-0.07675194660734148,-0.217797552836485,-0.32235817575083425,0.09899888765294772,0.14705228031145717,-0.0033370411568409346,0.10567296996662959
2021-02-19,-0.16262513904338155,0.11501668520578419,0.2307007786429366,0.05850945494994438,0.17597330367074526,-0.10433815350389322,0.2729699666295884,-0.03225806451612903,0.001557285873192436,0.1586206896551724,0.18798665183537264,0.11234705228031144,0.13993325917686317
2021-02-22,-0.015350389321468297,0.26807563959955505,0.3664071190211346,0.1982202447163515,0.36729699666295884,0.09855394883203561,0.3219132369299221,0.28409343715239155,0.19199110122358176,0.2738598442714127,0.33704115684093433,0.14705228031145717,0.2996662958843159
2021-02-23,-0.0825361512791991,0.31568409343715237,0.37619577308120133,0.2525027808676307,0.41446051167964404,0.09899888765294772,0.21156840934371526,0.1670745272525028,0.17864293659621802,0.3348164627363737,0.3686318131256952,0.21245828698553948,0.33793103448275863
2021-02-24,-0.12703003337041155,0.2707452725250278,0.3210233592880979,0.24449388209121245,0.4545050055617353,0.12169076751946609,0.11768631813125695,0.18531701890989988,0.1911012235817575,0.23470522803114574,0.3228031145717464,0.23337041156840932,0.44783092324805335
2021-02-25,-0.09810901001112346,0.3975528364849833,0.3757508342602892,0.4269187986651835,0.38598442714126807,0.2307007786429366,0.21379310344827587,0.23915461624026696,0.1804226918798665,0.36062291434927696,0.2996662958843159,0.3423804226918799,0.34905450500556173
2021-02-26,-0.20266963292547271,0.37619577308120133,0.4398220244716351,0.5234705228031146,0.335706340378198,0.2413793103448276,0.396662958843159,0.45494994438264746,0.3552836484983315,0.3775305895439377,0.27786429365962184,0.32725250278086765,0.1439377085650723
2021-03-01,-0.21334816462736375,0.3121245828698554,0.2502780867630701,0.4251390433815351,0.22358175750834258,0.26273637374860953,0.46651835372636263,0.48698553948832035,0.36151279199110126,0.20489432703003335,0.016240266963292546,0.22580645161290322,-0.00867630700778643
2021-03-02,-0.20622914349276972,0.3512791991101224,0.3343715239154616,0.3397107897664071,0.1239154616240267,0.29521690767519465,0.3864293659621802,0.45984427141268075,0.2587319243604005,0.2805339265850945,0.19154616240266964,0.2266963292547275,-0.01846496106785317
2021-03-03,-0.10789766407119021,0.11368186874304784,0.2395995550611791,0.19955506117908786,0.15906562847608455,0.07897664071190211,0.14349276974416017,0.19021134593993325,-0.03626251390433815,0.25294771968854285,0.22269187986651834,0.16262513904338155,0.1332591768631813
2021-03-04,-0.21512791991101224,0.28854282536151277,0.4255839822024471,0.3454949944382647,0.2836484983314794,0.1243604004449388,0.2992213570634038,0.24449388209121245,0.12347052280311456,0.40734149054505003,0.3348164627363737,0.314349276974416,0.1474972191323693
2021-03-05,-0.2182424916573971,0.2578420467185762,0.3659621802002225,0.3423804226918799,0.3503893214682981,0.04382647385984427,0.2164627363737486,0.18309232480533927,0.064293659621802,0.33793103448275863,0.35973303670745277,0.37263626251390436,0.26273637374860953
2021-03-08,-0.09365962180200223,-0.36151279199110126,-0.332146829810901,-0.24671857619577306,-0.2307007786429366,-0.4843159065628476,-0.37664071190211346,-0.33392658509454953,-0.36462736373748605,-0.2204671857619577,-0.15728587319243603,-0.17552836484983317,-0.060289210233592884
2021-03-09,0.09054505005561733,-0.289432703003337,0.020689655172413793,-0.0771968854282536,0.17730812013348163,-0.49543937708565067,-0.33303670745272523,-0.28898776418242494,-0.23292547274749723,0.14838709677419354,0.3446051167964405,0.2551724137931034,0.3414905450500556
2021-03-10,0.02513904338153504,-0.22758620689655173,-0.06295884315906564,-0.05183537263626252,0.1132369299221357,-0.2511679644048943,-0.0843159065628476,-0.007341490545050056,0.026028921023359287,0.029143492769744164,0.0389321468298109,0.03181312569521691,0.024249165739710785
2021-03-11,0.09632925472747497,0.23915461624026696,0.40289210233592887,0.41090100111234706,0.18264738598442715,-0.04516129032258065,0.19288097886540603,0.13681868743047831,0.217797552836485,0.40200222469410457,0.207119021134594,0.32591768631813123,0.12169076751946609
2021-03-12,0.05406006674082313,0.14260289210233593,0.21512791991101224,0.3045606229143492,0.17730812013348163,0.08743047830923248,0.41935483870967744,0.37486095661846497,0.3975528364849833,0.1982202447163515,0.020244716351501667,0.07897664071190211,-0.08209121245828699
2021-03-15,0.10300333704115683,0.04338153503893215,0.10522803114571745,0.24048943270300333,0.09944382647385984,0.028253615127919914,0.2961067853170189,0.40556173526140155,0.3454949944382647,0.03314794215795328,-0.011345939933259176,-0.021134593993325918,-0.09187986651835373
2021-03-16,0.0914349276974416,0.22358175750834258,0.1439377085650723,0.24760845383759733,-0.014015572858731925,0.33926585094549494,0.4901001112347052,0.6097886540600668,0.1768631813125695,0.03225806451612903,-0.10255839822024472,-0.08520578420467186,-0.19688542825361513
2021-03-17,0.059844271412680755,0.10745272525027807,0.23648498331479423,0.16618464961067853,0.2,0.05228031145717464,0.17374860956618463,0.2489432703003337,0.06785317018909899,0.06963292547274749,0.1586206896551724,0.022914349276974413,0.18665183537263624
2021-03-18,-0.26941045606229147,-0.19911012235817574,-0.11813125695216908,-0.08743047830923248,0.015350389321468297,-0.1510567296996663,-0.04382647385984427,0.045606229143492764,0.0046718576195773085,-0.1474972191323693,-0.10389321468298107,-0.01846496106785317,0.025583982202447165
2021-03-19,-0.17374860956618463,-0.13058954393770855,-0.12614015572858733,0.04160177975528365,0.13014460511679646,-0.1532814238042269,-0.07230255839822024,0.04382647385984427,-0.07096774193548387,0.01935483870967742,0.015350389321468297,0.15417130144605118,0.1003337041156841
2021-03-22,-0.25383759733036704,-0.015350389321468297,-0.07096774193548387,0.08654060066740822,-0.0135706340378198,-0.11724137931034483,-0.16484983314794216,-0.016240266963292546,-0.21201334816462733,0.14171301446051168,0.11546162402669634,0.22180200222469412,0.07452725250278086
2021-03-23,-0.4647385984427141,0.045606229143492764,-0.14660734149054505,-0.047830923248053395,-0.16618464961067853,0.2556173526140155,-0.0771968854282536,0.11768631813125695,-0.32502780867630704,-0.0771968854282536,-0.11857619577308119,-0.01935483870967742,-0.07986651835372637
2021-03-24,-0.3232480533926585,0.11412680756395997,-0.08520578420467186,-0.11101223581757509,-0.17552836484983317,0.12124582869855395,-0.1003337041156841,0.0371523915461624,-0.2040044493882091,-0.01668520578420467,-0.08609566184649611,-0.10300333704115683,-0.05939933259176862
2021-03-25,-0.4175750834260289,0.1657397107897664,0.15951056729699667,0.15906562847608455,0.12525027808676306,-0.02647385984427141,-0.12747497219132367,-0.07897664071190211,-0.08031145717463849,0.22981090100111232,0.22758620689655173,0.21290322580645163,0.19688542825361513
2021-03-26,-0.17597330367074526,0.12614015572858733,0.1657397107897664,0.2289210233592881,0.10389321468298107,-0.10433815350389322,-0.07274749721913237,-0.09187986651835373,0.08164627363737487,0.20578420467185762,0.15283648498331479,0.2738598442714127,0.03626251390433815
2021-03-29,-0.03225806451612903,-0.17730812013348163,0.0006674082313681868,0.16395995550611792,0.06829810901001113,-0.3441601779755284,-0.20978865406006672,-0.2987764182424916,0.2502780867630701,0.20444938820912126,0.12703003337041155,0.3067853170189099,-0.06696329254727475
2021-03-30,0.0037819799777530586,-0.3299221357063403,-0.041156840934371525,0.0389321468298109,0.0006674082313681868,-0.3868743047830923,-0.1586206896551724,-0.31835372636262516,0.26273637374860953,0.0731924360400445,0.07897664071190211,0.20311457174638486,-0.15595105672969967
2021-03-31,0.060289210233592884,0.09944382647385984,0.21112347052280311,0.23114571746384868,-0.08120133481646273,-0.09543937708565071,0.16529477196885425,0.08743047830923248,0.435817575083426,0.26629588431590656,0.10745272525027807,0.17330367074527253,-0.3041156840934371
2021-04-01,0.07096774193548387,0.2992213570634038,0.22269187986651834,0.19955506117908786,0.12258064516129033,0.14972191323692993,0.24671857619577306,0.19199110122358176,0.14972191323692993,0.20578420467185762,0.16173526140155728,0.08698553948832036,-0.04471635150166852
2021-04-05,0.12124582869855395,0.16974416017797553,-0.009566184649610678,0.05761957730812013,0.08298109010011123,0.3010011123470523,0.14171301446051168,0.13948832035595105,0.03270300333704116,-0.05272525027808676,-0.064293659621802,-0.07497219132369298,-0.00689655172413793
2021-04-06,0.19555061179087874,0.2395995550611791,0.060289210233592884,0.09187986651835373,-0.07808676307007786,0.33926585094549494,0.24983314794215797,0.27474972191323693,0.0002224694104560623,-0.05939933259176862,-0.17997775305895441,-0.1292547274749722,-0.12658509454949946
2021-04-07,0.28186874304783094,0.20667408231368187,0.01757508342602892,0.02469410456062291,-0.17508342602892102,0.17819799777530587,0.15061179087875418,0.2578420467185762,-0.06874304783092325,-0.08120133481646273,-0.1906562847608454,-0.19911012235817574,-0.1421579532814238
2021-04-08,0.22714126807563956,0.12258064516129033,-0.27208008898776415,-0.10166852057842046,-0.3668520578420467,0.20311457174638486,-0.06785317018909899,0.06384872080088987,-0.30856507230255836,-0.24404894327030033,-0.3228031145717464,-0.32235817575083425,-0.15417130144605118
2021-04-09,0.3281423804226919,0.09187986651835373,-0.15639599555061176,-0.1096774193548387,-0.3281423804226919,0.23692992213570632,0.055394883203559515,0.07942157953281423,-0.3477196885428253,-0.1604004449388209,-0.296551724137931,-0.2854282536151279,-0.13192436040044492
2021-04-12,0.03937708565072302,-0.07230255839822024,-0.3508342602892102,-0.1510567296996663,-0.3472747497219132,-0.13370411568409346,-0.22402669632925473,-0.064293659621802,-0.3268075639599555,-0.12302558398220245,-0.20756395995550608,-0.11902113459399331,-0.1385984427141268
2021-04-13,0.014015572858731925,-0.05272525027808676,-0.3984427141268076,-0.3503893214682981,-0.314349276974416,0.1906562847608454,-0.1768631813125695,-0.13592880978865407,-0.43759733036707454,-0.4229143492769744,-0.2765294771968854,-0.3010011123470523,-0.0896551724137931
2021-04-14,0.028253615127919914,-0.26896551724137935,-0.4696329254727475,-0.41490545050055616,-0.34371523915461627,-0.0006674082313681868,-0.182202447163515,-0.15194660734149054,-0.3592880978865406,-0.37174638487208006,-0.2912124582869855,-0.2729699666295884,-0.1586206896551724
2021-04-15,-0.10834260289210233,-0.17285873192436038,-0.5172413793103449,-0.3939933259176863,-0.32013348164627364,-0.03314794215795328,-0.36240266963292544,-0.3352614015572859,-0.5741935483870967,-0.27919911012235815,-0.22447163515016688,-0.1114571746384872,-0.09899888765294772
2021-04-16,-0.09721913236929922,-0.28898776418242494,-0.48787541713014465,-0.5688542825361512,-0.36017797552836484,0.04827586206896552,-0.1946607341490545,-0.28453837597330367,-0.2395995550611791,-0.46918798665183536,-0.3098998887652948,-0.3419354838709677,-0.20266963292547271
2021-04-19,-0.16974416017797553,-0.18620689655172412,-0.32458286985539486,-0.4776418242491657,-0.21379310344827587,0.18531701890989988,-0.04961067853170189,-0.26585094549499444,-0.20133481646273638,-0.37664071190211346,-0.19510567296996661,-0.30945494994438266,-0.15595105672969967
2021-04-20,-0.14838709677419354,-0.22981090100111232,-0.5145717463848721,-0.43003337041156836,-0.38598442714126807,0.13592880978865407,-0.28854282536151277,-0.18175750834260287,-0.32057842046718577,-0.4407119021134594,-0.49454949944382637,-0.3081201334816463,-0.3979977753058954
2021-04-21,-0.07764182424916574,-0.07096774193548387,-0.40200222469410457,-0.3882091212458286,-0.4278086763070078,0.21023359288097884,-0.1296996662958843,-0.2387096774193548,-0.07630700778642936,-0.4064516129032258,-0.37174638487208006,-0.24938820912124582,-0.45850945494994433
2021-04-22,-0.1532814238042269,0.06874304783092325,-0.21201334816462733,-0.35973303670745277,-0.17063403781979977,0.2422691879866518,-0.21601779755283645,-0.17597330367074526,-0.09588431590656285,-0.18887652947719688,-0.12169076751946609,-0.2,-0.24048943270300333
2021-04-23,-0.17241379310344826,0.25739710789766407,-0.040266963292547274,-0.08609566184649611,-0.040266963292547274,0.32725250278086765,-0.020244716351501667,-0.047830923248053395,0.07675194660734148,-0.06740823136818688,-0.08476084538375972,-0.12258064516129033,-0.08743047830923248
2021-04-26,-0.10834260289210233,0.22847608453837595,-0.23292547274749723,-0.1408231368186874,-0.15773081201334815,0.4398220244716351,-0.21512791991101224,-0.09365962180200223,-0.14260289210233593,-0.16840934371523916,-0.17374860956618463,-0.03492769744160178,-0.11368186874304784
2021-04-27,-0.11457174638487205,0.10122358175750834,-0.3543937708565072,-0.20667408231368187,-0.3121245828698554,0.36017797552836484,-0.21690767519466073,-0.05583982202447163,-0.19021134593993325,-0.23515016685205786,-0.2783092324805339,-0.1911012235817575,-0.27252502780867627
2021-04-28,-0.07853170189098999,0.2729699666295884,-0.014015572858731925,-0.1408231368186874,-0.11902113459399331,0.2342602892102336,-0.3917686318131257,-0.28720800889877635,-0.2266963292547275,0.10389321468298107,0.05094549499443826,-0.058954393770856504,-0.03492769744160178
2021-04-29,-0.05272525027808676,0.15372636262513903,-0.06651835372636263,-0.02246941045606229,0.03626251390433815,0.001557285873192436,-0.43893214682981085,-0.5568409343715239,-0.2324805339265851,0.12302558398220245,0.10923248053392658,0.1332591768631813,0.11012235817575085
2021-04-30,-0.060289210233592884,-0.02736373748609566,-0.17463848720800887,-0.13103448275862067,-0.060289210233592884,-0.014905450500556172,-0.2765294771968854,-0.4402669632925473,-0.040266963292547274,-0.14972191323692993,-0.17463848720800887,0.02513904338153504,-0.07007786429365963
2021-05-03,-0.09365962180200223,0.2382647385984427,0.10789766407119021,0.06295884315906564,0.10700778642936595,0.16395995550611792,0.2551724137931034,-0.1474972191323693,0.24938820912124582,0.1003337041156841,0.01757508342602892,0.10923248053392658,-0.0389321468298109
2021-05-04,-0.1768631813125695,0.07986651835372637,-0.010011123470522802,0.1510567296996663,0.010011123470522802,0.0064516129032258064,0.06562847608453837,-0.08476084538375972,0.3139043381535039,0.14660734149054505,-0.0028921023359288096,0.12836484983314794,-0.08609566184649611
2021-05-05,-0.1586206896551724,-0.10344827586206896,-0.1870967741935484,-0.0914349276974416,-0.17063403781979977,-0.1292547274749722,-0.2182424916573971,-0.20978865406006672,0.029588431590656286,-0.10300333704115683,-0.10878754171301447,0.026918798665183537,-0.19866518353726362
2021-05-06,-0.24404894327030033,-0.1421579532814238,-0.11813125695216908,-0.11368186874304784,-0.19288097886540603,-0.2,-0.1385984427141268,-0.17463848720800887,-0.10478309232480533,0.0020022246941045607,-0.033592880978865404,-0.017130144605116793,-0.1345939933259177
2021-05-07,-0.18531701890989988,-0.14527252502780869,-0.08387096774193549,-0.03314794215795328,-0.08609566184649611,-0.3530589543937709,-0.18798665183537264,-0.27208008898776415,-0.09276974416017797,0.08832035595105672,0.15550611790878754,0.1897664071190211,-0.014460511679644046
2021-05-10,-0.2182424916573971,-0.3459399332591768,-0.28898776418242494,-0.21957730812013349,-0.2453837597330367,-0.3984427141268076,-0.3348164627363737,-0.3503893214682981,-0.2738598442714127,-0.20444938820912126,-0.20800889877641823,0.017130144605116793,-0.10211345939933258
2021-05-11,-0.13904338153503895,-0.33793103448275863,-0.3530589543937709,-0.2547274749721913,-0.30233592880978866,-0.32547274749721916,-0.35795328142380417,-0.37174638487208006,-0.21334816462736375,-0.24671857619577306,-0.23692992213570632,-0.07897664071190211,-0.2854282536151279
2021-05-12,-0.07230255839822024,-0.4634037819799778,-0.41490545050055616,-0.36952169076751945,-0.4353726362625139,-0.4816462736373748,-0.46117908787541706,-0.5377085650723026,-0.31568409343715237,-0.2565072302558398,-0.3014460511679644,-0.14482758620689654,-0.37619577308120133
2021-05-13,-0.07185761957730812,-0.4780867630700778,-0.39265850945494996,-0.3477196885428253,-0.33704115684093433,-0.4522803114571746,-0.38020022246941043,-0.31835372636262516,-0.23737486095661847,-0.2912124582869855,-0.30589543937708563,-0.24805339265850945,-0.4291434927697442
2021-05-14,-0.07185761957730812,-0.332146829810901,-0.2631813125695217,-0.24805339265850945,-0.26184649610678534,-0.3917686318131257,-0.22625139043381537,-0.2956618464961067,-0.14705228031145717,-0.2204671857619577,-0.2507230255839822,-0.23114571746384868,-0.3441601779755284
2021-05-17,-0.064293659621802,-0.47319243604004446,-0.418020022246941,-0.38509454949944383,-0.3575083426028921,-0.4981090100111235,-0.3917686318131257,-0.4068965517241379,-0.21512791991101224,-0.23692992213570632,-0.2707452725250278,-0.3098998887652948,-0.30589543937708563
2021-05-18,-0.2040044493882091,-0.32858731924360396,-0.1221357063403782,-0.2631813125695217,-0.12124582869855395,-0.3637374860956618,-0.16529477196885425,-0.2876529477196885,0.06785317018909899,-0.07986651835372637,-0.1003337041156841,-0.11279199110122358,-0.20578420467185762
2021-05-19,-0.2636262513904338,-0.18086763070077863,-0.13993325917686317,-0.16440489432703,-0.21245828698553948,-0.13637374860956616,0.12791991101223582,-0.03848720800889878,0.30634037819799775,-0.21601779755283645,-0.30945494994438266,-0.23915461624026696,-0.36774193548387096
2021-05-20,-0.14527252502780869,-0.10700778642936595,-0.11546162402669634,-0.0914349276974416,-0.16885428253615126,0.005561735261401557,0.2360400444938821,0.035817575083426034,0.30055617352614017,-0.17374860956618463,-0.28186874304783094,-0.1839822024471635,-0.27786429365962184
2021-05-21,-0.18887652947719688,-0.15239154616240266,-0.059844271412680755,-0.11056729699666296,-0.02513904338153504,0.023804226918798663,0.29076751946607343,0.021579532814238044,0.4874304783092325,-0.2622914349276974,-0.15951056729699667,-0.26585094549499444,-0.1332591768631813
2021-05-24,-0.07764182424916574,-0.32502780867630704,-0.20133481646273638,-0.28587319243604004,-0.1568409343715239,-0.05628476084538376,0.06473859844271414,0.06874304783092325,0.15150166852057842,-0.3575083426028921,-0.23648498331479423,-0.32458286985539486,-0.20177975528364847
2021-05-25,-0.2551724137931034,-0.26852057842046717,-0.13681868743047831,-0.18620689655172412,-0.196440489432703,-0.0037819799777530586,0.14527252502780869,0.1635150166852058,0.13637374860956616,-0.18531701890989988,-0.22135706340378197,-0.2609566184649611,-0.25339265850945497
2021-05-26,-0.2854282536151279,-0.13370411568409346,0.07630700778642936,0.06295884315906564,0.038042269187986644,0.06473859844271414,0.32502780867630704,0.32769744160177977,0.2876529477196885,-0.09365962180200223,-0.10567296996662959,-0.13948832035595105,-0.04872080088987764
2021-05-27,-0.22491657397107895,0.012235817575083427,0.18264738598442715,0.2854282536151279,0.2253615127919911,-0.09454949944382647,0.2293659621802002,0.29076751946607343,0.2774193548387097,0.08298109010011123,0.11946607341490545,0.1243604004449388,0.16840934371523916
2021-05-28,-0.20355951056729701,0.23692992213570632,0.36106785317018913,0.32591768631813123,0.3472747497219132,-0.18798665183537264,0.0460511679644049,0.20800889877641823,0.24849833147942155,0.29699666295884314,0.32413793103448274,0.2040044493882091,0.33348164627363736
2021-06-01,-0.20622914349276972,0.1510567296996663,0.3508342602892102,0.30189098998887653,0.26140155728587317,-0.18175750834260287,0.010011123470522802,0.19421579532814237,0.2462736373748609,0.30233592880978866,0.3103448275862069,0.18487208008898778,0.2631813125695217
2021-06-02,-0.36151279199110126,0.08298109010011123,0.30055617352614017,0.18665183537263624,0.3352614015572859,-0.31701890989988873,-0.10300333704115683,-0.047385984427141266,0.10166852057842046,0.37886540600667407,0.4513904338153503,0.32013348164627364,0.37174638487208006
2021-06-03,-0.053170189098998885,0.3290322580645161,0.4651835372636262,0.5296996662958843,0.403781979977753,-0.3050055617352614,0.07408231368186874,0.06206896551724137,0.19377085650723025,0.5047830923248053,0.4255839822024471,0.49410456062291436,0.40155728587319245
2021-06-04,0.1239154616240267,0.22491657397107895,0.3187986651835373,0.3779755283648498,0.22625139043381537,-0.2395995550611791,-0.08565072302558399,-0.14304783092324808,0.020689655172413793,0.37708565072302563,0.3343715239154616,0.47319243604004446,0.2645161290322581
2021-06-07,0.06829810901001113,0.16173526140155728,0.3103448275862069,0.2711902113459399,0.3228031145717464,-0.24849833147942155,0.03982202447163515,-0.16751946607341492,0.41846496106785314,0.29032258064516125,0.2645161290322581,0.37174638487208006,0.18487208008898778
2021-06-08,0.14571746384872078,0.24582869855394882,0.27919911012235815,0.3423804226918799,0.20311457174638486,-0.1096774193548387,0.35795328142380417,0.09010011123470522,0.43492769744160176,0.2636262513904338,0.21112347052280311,0.3050055617352614,0.08654060066740822
2021-06-09,0.18620689655172412,0.2703003337041157,0.45272525027808674,0.4291434927697442,0.1764182424916574,-0.15728587319243603,0.26807563959955505,0.15906562847608455,0.34282536151279197,0.4273637374860957,0.3810901001112347,0.3730812013348164,0.022914349276974413
2021-06-10,0.2649610678531702,0.2040044493882091,0.31835372636262516,0.3668520578420467,0.1510567296996663,-0.21557285873192436,0.09588431590656285,0.14482758620689654,0.2707452725250278,0.4318131256952169,0.3686318131256952,0.36106785317018913,0.022914349276974413
2021-06-11,0.5181312569521691,0.2636262513904338,0.3868743047830923,0.40956618464961064,0.09543937708565071,-0.11056729699666296,0.13993325917686317,0.08120133481646273,0.3147942157953281,0.45317018909899887,0.3721913236929922,0.37441601779755285,-0.0006674082313681868
2021-06-14,0.5368186874304783,0.2382647385984427,0.44338153503893213,0.3454949944382647,0.2854282536151279,-0.1474972191323693,0.20177975528364847,0.11012235817575085,0.36284760845383757,0.3757508342602892,0.30055617352614017,0.33125695216907675,0.004226918798665183
2021-06-15,0.45984427141268075,-0.009566184649610678,0.14660734149054505,0.2640711902113459,0.07764182424916574,-0.2956618464961067,0.11635150166852058,0.05850945494994438,0.3619577308120133,0.23292547274749723,-0.010011123470522802,0.24983314794215797,-0.14660734149054505
2021-06-16,0.5457174638487208,-0.02736373748609566,0.04160177975528365,0.13058954393770855,-0.0024471635150166847,-0.22135706340378197,0.05494994438264739,0.018909899888765295,0.2004449388209121,0.11012235817575085,-0.08298109010011123,0.04516129032258065,-0.22447163515016688
2021-06-17,0.3098998887652948,-0.32413793103448274,-0.09010011123470522,-0.06251390433815351,0.24271412680756396,-0.5314794215795328,-0.23692992213570632,-0.3508342602892102,-0.00867630700778643,-0.040711902113459396,0.08387096774193549,0.27519466073414905,0.17730812013348163
2021-06-18,0.19777530589543937,-0.31345939933259176,-0.1546162402669633,-0.12614015572858733,0.09054505005561733,-0.4700778642936596,-0.18309232480533927,-0.3343715239154616,-0.019799777530589546,-0.19332591768631813,-0.026028921023359287,0.2266963292547275,0.08120133481646273
2021-06-21,0.2947719688542826,-0.10077864293659622,0.02469410456062291,0.06518353726362626,0.0371523915461624,-0.09410456062291435,0.07052280311457175,-0.05005561735261402,0.3775305895439377,0.04293659621802002,-0.015350389321468297,0.010011123470522802,-0.17374860956618463
2021-06-22,0.30233592880978866,0.0460511679644049,0.2876529477196885,0.12258064516129033,0.29299221357063404,-0.08565072302558399,0.13370411568409346,-0.005561735261401557,0.46607341490545046,0.19911012235817574,0.3067853170189099,0.24849833147942155,0.0731924360400445
2021-06-23,0.2502780867630701,0.060289210233592884,0.2088987764182425,0.15639599555061176,0.3041156840934371,-0.1221357063403782,0.06918798665183537,0.047385984427141266,0.3971078976640712,0.2387096774193548,0.19510567296996661,0.27208008898776415,0.10077864293659622
2021-06-24,0.20177975528364847,0.10656284760845385,0.17419354838709677,0.16129032258064516,0.30945494994438266,-0.1096774193548387,0.1096774193548387,0.040711902113459396,0.3779755283648498,0.30233592880978866,0.24404894327030033,0.26852057842046717,0.12791991101223582
2021-06-25,-0.17597330367074526,-0.040711902113459396,0.060734149054505006,0.06384872080088987,0.11279199110122358,-0.1586206896551724,0.01668520578420467,0.0028921023359288096,0.28409343715239155,0.10344827586206896,0.1332591768631813,0.18175750834260287,-0.0033370411568409346
2021-06-28,-0.03181312569521691,-0.21023359288097884,-0.1839822024471635,-0.12080088987764183,0.026918798665183537,-0.2676307007786429,-0.14616240266963293,-0.09410456062291435,0.08387096774193549,-0.12569521690767518,-0.053170189098998885,0.01579532814238042,-0.12302558398220245
2021-06-29,-0.11991101223581756,-0.3308120133481646,-0.43804226918798667,-0.33615127919911014,-0.19377085650723025,-0.24048943270300333,-0.22091212458286985,-0.2293659621802002,-0.17152391546162402,-0.3699666295884316,-0.24271412680756396,-0.1586206896551724,-0.3027808676307008
2021-06-30,-0.05494994438264739,-0.3076751946607342,-0.36240266963292544,-0.2596218020022247,-0.24404894327030033,-0.1884315906562848,-0.2413793103448276,-0.16796440489432704,-0.08387096774193549,-0.27252502780867627,-0.2654060066740823,-0.08921023359288098,-0.300111234705228
2021-07-01,-0.023359288097886538,-0.18665183537263624,-0.19021134593993325,-0.2836484983314794,-0.2204671857619577,-0.07675194660734148,-0.08298109010011123,-0.11101223581757509,-0.040711902113459396,-0.28097886540600664,-0.17419354838709677,-0.18665183537263624,-0.20444938820912126
2021-07-02,0.16129032258064516,0.11234705228031144,0.09944382647385984,-0.06696329254727475,-0.05050055617352613,0.06785317018909899,0.040266963292547274,0.03937708565072302,0.023359288097886538,0.07675194660734148,0.01668520578420467,-0.047385984427141266,0.0024471635150166847
2021-07-06,0.22135706340378197,0.004226918798665183,0.064293659621802,0.03670745272525028,0.1657397107897664,-0.06340378197997774,0.02736373748609566,0.02736373748609566,0.16395995550611792,0.034037819799777526,0.0967741935483871,0.04516129032258065,0.17953281423804227
2021-07-07,-0.022914349276974413,-0.060734149054505006,0.041156840934371525,0.03848720800889878,0.1764182424916574,-0.0825361512791991,0.10522803114571745,0.0967741935483871,0.055394883203559515,0.05139043381535039,0.11457174638487205,0.10923248053392658,0.1621802002224694
2021-07-08,0.21156840934371526,0.06963292547274749,0.33659621802002226,0.1982202447163515,0.28987764182424913,-0.0843159065628476,0.014015572858731925,0.12080088987764183,0.08743047830923248,0.33748609566184645,0.31701890989988873,0.3397107897664071,0.2800889877641824
2021-07-09,0.3486095661846496,0.27208008898776415,0.3308120133481646,0.3388209121245828,0.24760845383759733,0.027808676307007785,0.185761957730812,0.17864293659621802,0.12258064516129033,0.36062291434927696,0.2716351501668521,0.3842046718576196,0.2916573971078976
2021-07-12,0.3503893214682981,0.17908787541713014,0.2738598442714127,0.4634037819799778,0.28453837597330367,-0.13414905450500555,0.10656284760845385,0.0932146829810901,0.2600667408231368,0.37085650723025576,0.2774193548387097,0.48476084538375974,0.23915461624026696
2021-07-13,0.21379310344827587,0.19377085650723025,0.3045606229143492,0.40778642936596216,0.19555061179087874,-0.008231368186874304,0.014460511679644046,0.09855394883203561,0.22224694104560622,0.27430478309232476,0.17152391546162402,0.30856507230255836,0.18887652947719688
2021-07-14,0.36729699666295884,0.09810901001112346,0.18798665183537264,0.24449388209121245,-0.0028921023359288096,0.08921023359288098,-0.058954393770856504,-0.03670745272525028,-0.0002224694104560623,0.15906562847608455,0.1385984427141268,0.17419354838709677,0.05005561735261402
2021-07-15,0.21557285873192436,0.05183537263626252,0.0424916573971079,0.18131256952169075,-0.09054505005561733,-0.02246941045606229,-0.217797552836485,-0.08342602892102337,-0.06740823136818688,0.21379310344827587,0.018909899888765295,0.1875417130144605,-0.05583982202447163
2021-07-16,0.13014460511679646,0.10211345939933258,0.004226918798665183,0.1657397107897664,-0.182202447163515,-0.1239154616240267,-0.20266963292547271,-0.21290322580645163,-0.07942157953281423,0.23025583982202447,0.060734149054505006,0.17063403781979977,-0.16484983314794216
2021-07-19,-0.08164627363737487,0.20355951056729701,0.10567296996662959,0.22447163515016688,-0.07541713014460512,-0.053170189098998885,0.0020022246941045607,-0.14616240266963293,0.15016685205784203,0.20489432703003335,0.08698553948832036,0.18531701890989988,-0.1768631813125695
2021-07-20,-0.07452725250278086,0.005561735261401557,-0.2342602892102336,0.019799777530589546,-0.32458286985539486,-0.09054505005561733,0.046941045606229144,0.030478309232480537,0.06785317018909899,-0.014015572858731925,-0.2636262513904338,-0.07052280311457175,-0.40867630700778645
2021-07-21,-0.0028921023359288096,0.15506117908787542,-0.013125695216907676,-0.05583982202447163,-0.30233592880978866,-0.01579532814238042,0.13014460511679646,0.10433815350389322,0.047385984427141266,0.09721913236929922,-0.10166852057842046,-0.04516129032258065,-0.349944382647386
2021-07-22,-0.1875417130144605,0.09410456062291435,0.2582869855394883,0.23159065628476083,-0.12747497219132367,-0.20756395995550608,0.36774193548387096,0.18798665183537264,0.35261401557285876,0.23114571746384868,-0.017130144605116793,0.021579532814238044,-0.24716351501668518
2021-07-23,-0.14349276974416017,-0.064293659621802,0.15194660734149054,0.13548387096774192,-0.22180200222469412,-0.05272525027808676,0.42380422691879865,0.3793103448275862,0.4442714126807564,-0.054505005561735265,-0.33303670745272523,-0.1911012235817575,-0.5078976640711901
2021-07-26,-0.025583982202447165,0.024249165739710785,0.2667408231368187,0.1474972191323693,-0.01757508342602892,-0.0914349276974416,0.34015572858731924,0.36551724137931035,0.4255839822024471,-0.024249165739710785,-0.13147942157953282,-0.20934371523915463,-0.4896551724137932
2021-07-27,0.0731924360400445,0.07230255839822024,0.2867630700778643,0.18309232480533927,0.26985539488320354,-0.05850945494994438,0.3414905450500556,0.40734149054505003,0.38776418242491656,0.02647385984427141,0.0033370411568409346,-0.17775305895439378,-0.1982202447163515
2021-07-28,0.06696329254727475,0.17063403781979977,0.2876529477196885,0.31568409343715237,0.10122358175750834,0.06963292547274749,0.489210233592881,0.5323692992213571,0.4562847608453838,0.04293659621802002,-0.2,-0.18264738598442715,-0.2587319243604005
2021-07-29,0.09766407119021134,0.05272525027808676,0.14304783092324808,0.2943270300333704,-0.033592880978865404,0.19288097886540603,0.4353726362625139,0.49410456062291436,0.4562847608453838,-0.1532814238042269,-0.2947719688542826,-0.2422691879866518,-0.30233592880978866
2021-07-30,0.10878754171301447,0.08476084538375972,0.1345939933259177,0.31746384872080086,-0.09721913236929922,0.05361512791991101,0.39532814238042263,0.4816462736373748,0.38509454949944383,0.09988876529477196,-0.0967741935483871,-0.19021134593993325,-0.2992213570634038
2021-08-02,0.20578420467185762,0.08609566184649611,0.14171301446051168,0.3147942157953281,-0.14349276974416017,-0.0002224694104560623,0.37085650723025576,0.4567296996662959,0.22091212458286985,0.1835372636262514,-0.12258064516129033,-0.1510567296996663,-0.22981090100111232
2021-08-03,0.18175750834260287,0.16173526140155728,0.23737486095661847,0.33793103448275863,-0.08565072302558399,0.08120133481646273,0.3268075639599555,0.36062291434927696,0.3352614015572859,0.2502780867630701,0.013125695216907676,-0.05939933259176862,-0.182202447163515
2021-08-04,0.17908787541713014,0.001557285873192436,0.020689655172413793,0.160845383759733,-0.06562847608453837,-0.10567296996662959,0.12169076751946609,0.22758620689655173,0.15150166852057842,0.11813125695216908,0.05494994438264739,-0.030033370411568408,-0.05272525027808676
2021-08-05,0.31568409343715237,0.11234705228031144,0.15372636262513903,0.046941045606229144,0.014015572858731925,0.01579532814238042,0.17241379310344826,0.2,-0.04382647385984427,0.1239154616240267,0.08298109010011123,-0.05939933259176862,0.034037819799777526
2021-08-06,0.332146829810901,0.10522803114571745,0.14838709677419354,0.04827586206896552,0.11412680756395997,0.08298109010011123,0.09232480533926585,0.07986651835372637,0.05005561735261402,0.09410456062291435,0.08476084538375972,0.03848720800889878,0.11457174638487205
2021-08-09,0.25428253615127916,0.1804226918798665,0.22091212458286985,0.21957730812013349,0.19154616240266964,0.18175750834260287,0.22447163515016688,0.21557285873192436,0.16262513904338155,0.10166852057842046,0.10211345939933258,0.05939933259176862,0.14927697441601778
2021-08-10,0.15372636262513903,0.04961067853170189,0.11501668520578419,0.10389321468298107,0.1114571746384872,0.11679644048943269,0.14304783092324808,0.026028921023359287,0.33303670745272523,-0.0033370411568409346,0.05139043381535039,-0.03225806451612903,0.024249165739710785
2021-08-11,0.2253615127919911,0.0002224694104560623,-0.026918798665183537,0.0020022246941045607,-0.02246941045606229,-0.014460511679644046,-0.10344827586206896,-0.15506117908787542,0.1581757508342603,0.020244716351501667,0.015350389321468297,0.07897664071190211,-0.06963292547274749
2021-08-12,-0.01268075639599555,-0.07853170189098999,-0.060289210233592884,-0.035817575083426034,-0.04293659621802002,-0.14972191323692993,-0.09543937708565071,-0.13548387096774192,0.13414905450500555,-0.03225806451612903,-0.0064516129032258064,0.04516129032258065,-0.17552836484983317
2021-08-13,-0.21245828698553948,-0.260511679644049,-0.13147942157953282,-0.14838709677419354,-0.04471635150166852,-0.38731924360400444,-0.23781979977753054,-0.2182424916573971,0.09054505005561733,-0.10166852057842046,-0.04427141268075639,-0.009121245828698554,-0.13815350389321468
2021-08-16,-0.25383759733036704,-0.22224694104560622,-0.14883203559510566,-0.024249165739710785,-0.10700778642936595,-0.31345939933259176,-0.09410456062291435,-0.14571746384872078,0.14972191323692993,-0.05406006674082313,-0.06162402669632924,0.10478309232480533,-0.31835372636262516
2021-08-17,-0.32146829810900995,-0.1532814238042269,0.046941045606229144,0.0389321468298109,-0.04160177975528365,-0.2511679644048943,0.056729699666295874,-0.01579532814238042,0.2622914349276974,0.08387096774193549,0.020244716351501667,0.11056729699666296,-0.2636262513904338
2021-08-18,-0.3699666295884316,-0.09454949944382647,0.2146829810901001,0.07452725250278086,0.04204671857619577,-0.32502780867630704,0.08609566184649611,-0.01668520578420467,0.22758620689655173,0.15906562847608455,0.1621802002224694,0.1421579532814238,-0.12347052280311456
2021-08-19,-0.35261401557285876,-0.2783092324805339,-0.04961067853170189,0.033592880978865404,0.059844271412680755,-0.3668520578420467,-0.07230255839822024,0.0064516129032258064,0.0825361512791991,0.03270300333704116,-0.018020022246941044,0.019799777530589546,-0.10300333704115683
2021-08-20,-0.2849833147942158,-0.3054505005561735,-0.13770856507230256,-0.08387096774193549,-0.12302558398220245,-0.3290322580645161,-0.059844271412680755,0.07274749721913237,-0.010011123470522802,-0.12480533926585094,-0.06562847608453837,-0.12258064516129033,-0.217797552836485
2021-08-23,-0.15595105672969967,-0.06607341490545049,0.23381535038932147,0.0896551724137931,0.12347052280311456,-0.13770856507230256,0.20222469410456062,0.1875417130144605,0.09766407119021134,0.13281423804226916,0.2164627363737486,0.08520578420467186,-0.00867630700778643
2021-08-24,-0.014460511679644046,0.03492769744160178,0.19288097886540603,0.18131256952169075,0.06918798665183537,-0.04160177975528365,0.05494994438264739,0.15417130144605118,0.1884315906562848,0.13548387096774192,0.06340378197997774,0.17463848720800887,0.0024471635150166847
2021-08-25,-0.04160177975528365,-0.09232480533926585,0.09721913236929922,0.1479421579532814,0.11857619577308119,-0.14527252502780869,-0.0002224694104560623,0.07586206896551724,0.185761957730812,0.10878754171301447,0.1221357063403782,0.1439377085650723,0.0460511679644049
2021-08-26,-0.0878754171301446,0.189321468298109,0.43003337041156836,0.3348164627363737,0.2996662958843159,-0.09766407119021134,0.16529477196885425,0.1479421579532814,0.20311457174638486,0.421579532814238,0.3681868743047831,0.29032258064516125,0.21379310344827587
2021-08-27,0.05361512791991101,0.08342602892102337,0.1546162402669633,0.1621802002224694,0.23381535038932147,-0.09410456062291435,-0.02469410456062291,0.04471635150166852,-0.046496106785317015,0.18798665183537264,0.16173526140155728,0.2186874304783092,0.20489432703003335
2021-08-30,0.09944382647385984,-0.0002224694104560623,-0.029143492769744164,-0.07007786429365963,0.0020022246941045607,0.00778642936596218,-0.009121245828698554,0.12080088987764183,-0.1479421579532814,-0.07853170189098999,0.01846496106785317,-0.0033370411568409346,0.0033370411568409346
2021-08-31,0.05761957730812013,-0.21423804226918797,-0.2805339265850945,-0.28097886540600664,-0.17819799777530587,0.02246941045606229,-0.2560622914349277,-0.02469410456062291,-0.36151279199110126,-0.2547274749721913,-0.1764182424916574,-0.14838709677419354,-0.08921023359288098
2021-09-01,0.20978865406006672,-0.1946607341490545,-0.3348164627363737,-0.31746384872080086,-0.30233592880978866,0.09632925472747497,-0.34015572858731924,-0.17775305895439378,-0.503448275862069,-0.21067853170189096,-0.20266963292547271,-0.17152391546162402,-0.10745272525027807
2021-09-02,0.26896551724137935,-0.2925472747497219,-0.3472747497219132,-0.4384872080088987,-0.15951056729699667,-0.0006674082313681868,-0.42869855394883205,-0.33748609566184645,-0.5701890989988877,-0.22625139043381537,-0.10656284760845385,-0.17152391546162402,-0.004226918798665183
2021-09-03,0.07764182424916574,-0.45850945494994433,-0.489210233592881,-0.4545050055617353,-0.3481646273637375,-0.16129032258064516,-0.5145717463848721,-0.4647385984427141,-0.4616240266963292,-0.4113459399332592,-0.3775305895439377,-0.2,-0.19777530589543937
2021-09-07,-0.0011123470522803117,-0.5408231368186874,-0.5510567296996662,-0.5337041156840934,-0.4629588431590656,-0.18309232480533927,-0.48698553948832035,-0.5190211345939933,-0.41401557285873186,-0.47230255839822033,-0.41446051167964404,-0.32858731924360396,-0.3508342602892102
2021-09-08,-0.14260289210233593,-0.4291434927697442,-0.38954393770856505,-0.42380422691879865,-0.24760845383759733,-0.19688542825361513,-0.42335928809788653,-0.4642936596218019,-0.2525027808676307,-0.31657397107897667,-0.13770856507230256,-0.21334816462736375,-0.15283648498331479
2021-09-09,-0.0967741935483871,-0.3268075639599555,-0.3121245828698554,-0.4229143492769744,-0.10745272525027807,-0.11546162402669634,-0.36774193548387096,-0.44560622914349274,-0.24315906562847608,-0.26807563959955505,-0.1546162402669633,-0.22981090100111232,0.02246941045606229
2021-09-10,-0.014905450500556172,-0.45317018909899887,-0.38064516129032255,-0.4780867630700778,-0.09632925472747497,-0.17196885428253617,-0.3575083426028921,-0.39488320355951056,-0.15595105672969967,-0.40155728587319245,-0.18620689655172412,-0.34371523915461627,-0.06295884315906564
2021-09-13,0.05494994438264739,-0.17152391546162402,-0.207119021134594,-0.31568409343715237,0.2547274749721913,-0.0046718576195773085,-0.1385984427141268,-0.24404894327030033,-0.05361512791991101,-0.27697441601779754,0.023804226918798663,-0.17597330367074526,0.26852057842046717
2021-09-14,0.01579532814238042,-0.21245828698553948,-0.12836484983314794,-0.33348164627363736,0.34949944382647385,0.16307007786429364,-0.04872080088987764,-0.15372636262513903,0.010011123470522802,-0.3530589543937709,-0.12169076751946609,-0.20845383759733035,0.31078976640711903
2021-09-15,-0.1403781979977753,-0.1710789766407119,-0.06918798665183537,-0.207119021134594,0.15283648498331479,0.16484983314794216,0.04382647385984427,0.02513904338153504,0.1510567296996663,-0.29744160177975526,-0.13103448275862067,-0.18487208008898778,0.0731924360400445
2021-09-16,-0.2204671857619577,0.02246941045606229,0.1203559510567297,0.07096774193548387,0.11279199110122358,0.2164627363737486,0.09855394883203561,0.12124582869855395,0.11724137931034483,-0.028698553948832032,0.014905450500556172,-0.03136818687430478,0.0843159065628476
2021-09-17,-0.3931034482758621,-0.19688542825361513,-0.24449388209121245,-0.14660734149054505,-0.22803114571746386,0.19154616240266964,0.017130144605116793,0.10745272525027807,-0.10834260289210233,-0.3410456062291435,-0.3414905450500556,-0.27697441601779754,-0.18531701890989988
2021-09-20,-0.43448275862068964,0.029143492769744164,0.047830923248053395,-0.06251390433815351,-0.033592880978865404,0.06918798665183537,-0.09499443826473859,-0.021579532814238044,-0.19332591768631813,0.06384872080088987,0.07764182424916574,-0.16840934371523916,0.07942157953281423
2021-09-21,-0.4006674082313682,0.026918798665183537,-0.025583982202447165,-0.07452725250278086,-0.00689655172413793,-0.07185761957730812,-0.35884315906562847,-0.2636262513904338,-0.45317018909899887,0.1239154616240267,0.19288097886540603,-0.0002224694104560623,0.25428253615127916
2021-09-22,-0.41935483870967744,-0.1203559510567297,-0.10611790878754171,-0.16262513904338155,0.024249165739710785,-0.19733036707452725,-0.3779755283648498,-0.3797552836484983,-0.3721913236929922,-0.047385984427141266,0.08698553948832036,0.035817575083426034,0.17374860956618463
2021-09-23,-0.3090100111234705,-0.3561735261401557,-0.32725250278086765,-0.2925472747497219,-0.2707452725250278,-0.38776418242491656,-0.3050055617352614,-0.2805339265850945,-0.27252502780867627,-0.2449388209121246,-0.14438264738598441,-0.10834260289210233,-0.12836484983314794
2021-09-24,-0.4100111234705228,-0.39532814238042263,-0.34015572858731924,-0.3299221357063403,-0.3561735261401557,-0.3530589543937709,-0.19332591768631813,-0.15906562847608455,-0.20444938820912126,-0.2507230255839822,-0.2587319243604005,-0.22580645161290322,-0.26807563959955505
2021-09-27,-0.27519466073414905,-0.39221357063403783,-0.2565072302558398,-0.40511679644048937,-0.22358175750834258,-0.43492769744160176,-0.2783092324805339,-0.32458286985539486,-0.24671857619577306,-0.2516129032258065,-0.17063403781979977,-0.22402669632925473,-0.14972191323692993
2021-09-28,-0.2556173526140155,-0.4545050055617353,-0.2636262513904338,-0.4834260289210234,-0.18798665183537264,-0.35261401557285876,-0.06562847608453837,-0.27875417130144603,-0.1657397107897664,-0.4331479421579533,-0.2716351501668521,-0.3868743047830923,-0.16129032258064516
2021-09-29,-0.06740823136818688,-0.5337041156840934,-0.33837597330367075,-0.49855394883203563,-0.1657397107897664,-0.35973303670745277,-0.2289210233592881,-0.3539488320355951,-0.1546162402669633,-0.48209121245828696,-0.28186874304783094,-0.4153503893214683,-0.12836484983314794
2021-09-30,-0.07230255839822024,-0.3388209121245828,-0.01668520578420467,-0.14883203559510566,0.31835372636262516,-0.17819799777530587,-0.17597330367074526,-0.3192436040044494,0.18887652947719688,-0.18442714126807563,0.10567296996662959,-0.017130144605116793,0.22269187986651834
2021-10-01,0.18887652947719688,-0.3050055617352614,-0.29299221357063404,-0.3343715239154616,0.08209121245828699,-0.19555061179087874,-0.37085650723025576,-0.4282536151279199,0.22447163515016688,-0.2609566184649611,0.026028921023359287,-0.07897664071190211,-0.03270300333704116
2021-10-04,0.4896551724137932,-0.535483870967742,-0.4197997775305895,-0.503448275862069,-0.053170189098998885,-0.4064516129032258,-0.4887652947719689,-0.48209121245828696,-0.08520578420467186,-0.3721913236929922,-0.2307007786429366,-0.2,0.060289210233592884
2021-10-05,0.432258064516129,-0.6218020022246942,-0.3842046718576196,-0.43670745272525024,0.05094549499443826,-0.5474972191323693,-0.4834260289210234,-0.4318131256952169,-0.06162402669632924,-0.30634037819799775,-0.07408231368186874,-0.17241379310344826,0.21379310344827587
2021-10-06,0.3343715239154616,-0.3027808676307008,-0.06696329254727475,-0.10211345939933258,0.058064516129032254,-0.2649610678531702,-0.23470522803114574,-0.3263626251390434,0.16974416017797553,-0.1332591768631813,0.0046718576195773085,-0.038042269187986644,0.07497219132369298
2021-10-07,0.4687430478309232,-0.09454949944382647,0.06651835372636263,0.020244716351501667,-0.009121245828698554,-0.06918798665183537,-0.0024471635150166847,-0.1114571746384872,0.2596218020022247,-0.0353726362625139,-0.019799777530589546,0.10522803114571745,-0.11056729699666296
2021-10-08,0.5105672969966629,0.03492769744160178,0.03937708565072302,0.05050055617352613,0.016240266963292546,-0.008231368186874304,0.0011123470522803117,-0.10300333704115683,0.32013348164627364,0.1408231368186874,0.03982202447163515,0.11857619577308119,-0.1203559510567297
2021-10-11,0.5279199110122358,-0.08031145717463849,-0.09855394883203561,-0.11279199110122358,-0.10122358175750834,-0.021134593993325918,0.12614015572858733,0.020689655172413793,0.40867630700778645,-0.06473859844271414,-0.10389321468298107,-0.13726362625139044,-0.21245828698553948
2021-10-12,0.4229143492769744,-0.11056729699666296,0.012235817575083427,0.010456062291434927,0.02202447163515017,-0.15506117908787542,0.11857619577308119,0.012235817575083427,0.5038932146829811,0.03759733036707453,0.03225806451612903,0.011345939933259176,-0.11768631813125695
2021-10-13,0.2360400444938821,-0.010901001112347052,0.06740823136818688,0.10077864293659622,-0.009566184649610678,-0.029143492769744164,0.3010011123470523,0.2996662958843159,0.5310344827586206,0.011345939933259176,-0.059844271412680755,0.0011123470522803117,-0.17597330367074526
2021-10-14,0.26273637374860953,-0.09988876529477196,0.016240266963292546,0.061179087875417135,-0.00689655172413793,-0.11368186874304784,0.1546162402669633,0.2520578420467186,0.21957730812013349,-0.010901001112347052,-0.064293659621802,0.011345939933259176,-0.16395995550611792
2021-10-15,0.23203559510567295,-0.2961067853170189,-0.1946607341490545,-0.046941045606229144,-0.13815350389321468,-0.2253615127919911,0.05228031145717464,0.08164627363737487,0.1421579532814238,-0.13014460511679646,-0.19377085650723025,-0.05628476084538376,-0.3014460511679644
2021-10-18,0.04204671857619577,-0.2756395995550612,-0.1003337041156841,-0.04293659621802002,-0.11190211345939934,-0.32769744160177977,-0.1657397107897664,-0.08298109010011123,-0.13592880978865407,0.03492769744160178,-0.03314794215795328,-0.03626251390433815,-0.10656284760845385
2021-10-19,0.07897664071190211,-0.16307007786429364,-0.2088987764182425,-0.05228031145717464,-0.2867630700778643,0.0011123470522803117,0.09054505005561733,0.1875417130144605,0.17463848720800887,-0.18620689655172412,-0.32858731924360396,-0.1599555061179088,-0.3899888765294772
2021-10-20,0.17819799777530587,0.0020022246941045607,-0.0024471635150166847,-0.1439377085650723,-0.23292547274749723,0.12703003337041155,0.1292547274749722,0.08565072302558399,0.1599555061179088,-0.07897664071190211,-0.20311457174638486,-0.22224694104560622,-0.35261401557285876
2021-10-21,0.06785317018909899,-0.08876529477196884,-0.08298109010011123,-0.014905450500556172,-0.1096774193548387,-0.08743047830923248,0.025583982202447165,-0.09365962180200223,0.196440489432703,-0.071412680756396,-0.17285873192436038,-0.041156840934371525,-0.19421579532814237
2021-10-22,-0.2622914349276974,-0.23025583982202447,-0.22758620689655173,-0.09499443826473859,-0.32458286985539486,-0.185761957730812,-0.058064516129032254,-0.08075639599555061,0.02469410456062291,-0.12302558398220245,-0.3054505005561735,-0.14482758620689654,-0.33125695216907675
2021-10-25,-0.14527252502780869,-0.2511679644048943,-0.20133481646273638,-0.19955506117908786,-0.16484983314794216,-0.21735261401557288,-0.10611790878754171,-0.16751946607341492,0.01846496106785317,-0.17285873192436038,-0.19510567296996661,-0.19199110122358176,-0.22091212458286985
2021-10-26,-0.05761957730812013,-0.2516129032258065,-0.16885428253615126,-0.1804226918798665,-0.03225806451612903,-0.10923248053392658,-0.11457174638487205,-0.18131256952169075,0.0011123470522803117,-0.17152391546162402,-0.09810901001112346,-0.14838709677419354,-0.06473859844271414
2021-10-27,-0.07853170189098999,-0.26852057842046717,-0.2832035595105673,-0.29076751946607343,-0.16885428253615126,-0.055394883203559515,-0.17018909899888765,-0.24716351501668518,-0.07986651835372637,-0.2854282536151279,-0.2525027808676307,-0.2560622914349277,-0.11991101223581756
2021-10-28,-0.05183537263626252,-0.18131256952169075,-0.12258064516129033,-0.2640711902113459,-0.07764182424916574,-0.23381535038932147,-0.3219132369299221,-0.2796440489432703,-0.15194660734149054,-0.04293659621802002,0.1221357063403782,-0.13370411568409346,0.07452725250278086
2021-10-29,-0.09232480533926585,-0.21156840934371526,-0.1439377085650723,-0.16173526140155728,0.023359288097886538,-0.05406006674082313,-0.10077864293659622,-0.24805339265850945,-0.0006674082313681868,-0.10611790878754171,-0.08654060066740822,-0.034037819799777526,0.06340378197997774
2021-11-01,0.03848720800889878,-0.03848720800889878,-0.05761957730812013,-0.053170189098998885,-0.035817575083426034,0.05228031145717464,-0.01935483870967742,-0.10300333704115683,-0.008231368186874304,-0.058954393770856504,-0.04471635150166852,0.006006674082313682,-0.02202447163515017
2021-11-02,0.045606229143492764,-0.08698553948832036,-0.19510567296996661,-0.0825361512791991,-0.12258064516129033,0.0011123470522803117,0.009566184649610678,0.03759733036707453,-0.001557285873192436,-0.14126807563959956,-0.17953281423804227,-0.1096774193548387,-0.189321468298109
2021-11-03,-0.016240266963292546,0.0011123470522803117,-0.16796440489432704,0.018909899888765295,-0.1906562847608454,0.16662958843159065,0.2600667408231368,0.26273637374860953,0.2182424916573971,-0.20133481646273638,-0.34905450500556173,-0.23515016685205786,-0.3842046718576196
2021-11-04,-0.0843159065628476,0.020244716351501667,-0.0424916573971079,-0.1114571746384872,-0.27608453837597335,0.16840934371523916,0.17196885428253617,0.10700778642936595,0.11590656284760845,-0.20088987764182425,-0.3090100111234705,-0.2836484983314794,-0.3192436040044494
2021-11-05,0.13993325917686317,0.13236929922135707,-0.1096774193548387,-0.023804226918798663,-0.33926585094549494,0.2796440489432703,0.20800889877641823,0.19955506117908786,0.13192436040044492,-0.13147942157953282,-0.4113459399332592,-0.29299221357063404,-0.3864293659621802
2021-11-08,0.06696329254727475,0.1546162402669633,-0.09899888765294772,-0.055394883203559515,-0.10433815350389322,0.14972191323692993,-0.16751946607341492,-0.0006674082313681868,-0.16840934371523916,0.09365962180200223,-0.0006674082313681868,-0.09988876529477196,-0.01846496106785317
2021-11-09,0.09232480533926585,-0.026918798665183537,-0.18887652947719688,-0.2622914349276974,-0.17196885428253617,0.2978865406006674,0.06162402669632924,0.001557285873192436,-0.09944382647385984,-0.32858731924360396,-0.26273637374860953,-0.3210233592880979,-0.17463848720800887
2021-11-10,0.030923248053392655,-0.02513904338153504,-0.07675194660734148,-0.19866518353726362,-0.0389321468298109,0.1670745272525028,0.07630700778642936,-0.012235817575083427,0.17196885428253617,-0.23515016685205786,-0.1421579532814238,-0.18086763070077863,-0.10433815350389322
2021-11-11,0.04961067853170189,-0.17152391546162402,-0.2186874304783092,-0.26941045606229147,-0.17508342602892102,0.07497219132369298,-0.11724137931034483,-0.055394883203559515,-0.09232480533926585,-0.2547274749721913,-0.17196885428253617,-0.22402669632925473,-0.1510567296996663
2021-11-12,0.0028921023359288096,0.07096774193548387,-0.10745272525027807,-0.15061179087875418,-0.11813125695216908,0.29699666295884314,0.19955506117908786,0.10522803114571745,-0.029588431590656286,-0.2863181312569522,-0.23915461624026696,-0.19777530589543937,-0.18131256952169075
2021-11-15,-0.07853170189098999,0.0896551724137931,-0.12791991101223582,-0.12658509454949946,-0.22180200222469412,0.2925472747497219,0.05494994438264739,0.11946607341490545,-0.20311457174638486,-0.2040044493882091,-0.19154616240266964,-0.21557285873192436,-0.2489432703003337
2021-11-16,-0.08209121245828699,0.001557285873192436,-0.15550611790878754,-0.11012235817575085,-0.15550611790878754,0.3637374860956618,-0.01668520578420467,0.07541713014460512,-0.25739710789766407,-0.11768631813125695,-0.12258064516129033,-0.1946607341490545,-0.09365962180200223
2021-11-17,-0.02246941045606229,-0.047830923248053395,-0.1870967741935484,-0.1479421579532814,-0.14972191323692993,0.24760845383759733,-0.07007786429365963,0.008231368186874304,-0.1408231368186874,-0.1884315906562848,-0.18620689655172412,-0.21512791991101224,-0.07630700778642936
2021-11-18,0.011790878754171301,0.0896551724137931,-0.013125695216907676,-0.07942157953281423,0.02202447163515017,0.3050055617352614,0.054505005561735265,0.038042269187986644,-0.10211345939933258,-0.11279199110122358,0.025583982202447165,-0.1114571746384872,0.18665183537263624
2021-11-19,-0.028253615127919914,-0.026028921023359287,-0.008231368186874304,-0.09855394883203561,0.09988876529477196,0.14838709677419354,-0.12480533926585094,-0.07452725250278086,-0.2547274749721913,-0.14438264738598441,0.0135706340378198,-0.13993325917686317,0.2422691879866518
2021-11-22,-0.08209121245828699,0.1670745272525028,0.15639599555061176,-0.061179087875417135,0.24716351501668518,0.2511679644048943,0.10567296996662959,0.029588431590656286,-0.14527252502780869,-0.10923248053392658,0.10834260289210233,-0.16262513904338155,0.3014460511679644
2021-11-23,-0.12703003337041155,0.10433815350389322,0.1132369299221357,-0.07363737486095662,0.24716351501668518,0.16751946607341492,0.08876529477196884,0.08164627363737487,-0.11991101223581756,-0.0932146829810901,0.013125695216907676,-0.1439377085650723,0.2676307007786429
2021-11-24,-0.010901001112347052,0.21735261401557288,0.1221357063403782,0.047830923248053395,0.1870967741935484,0.3268075639599555,0.046496106785317015,0.1096774193548387,-0.08031145717463849,-0.03848720800889878,0.06918798665183537,-0.10433815350389322,0.30945494994438266
2021-11-26,0.04916573971078977,0.1839822024471635,-0.1906562847608454,0.0006674082313681868,-0.026028921023359287,0.3521690767519466,-0.19866518353726362,0.06874304783092325,-0.2578420467185762,-0.1581757508342603,-0.060289210233592884,-0.10834260289210233,0.19866518353726362
2021-11-29,0.0006674082313681868,-0.01935483870967742,0.0424916573971079,-0.04160177975528365,0.060734149054505006,-0.0064516129032258064,-0.21735261401557288,-0.12703003337041155,-0.260511679644049,0.04961067853170189,0.1243604004449388,-0.028698553948832032,0.19866518353726362
2021-11-30,0.0772054738340685,-0.005561735261401557,-0.060734149054505006,0.00689655172413793,0.09365962180200223,-0.07853170189098999,-0.3939933259176863,-0.20355951056729701,-0.31746384872080086,0.11946607341490545,0.15283648498331479,0.17374860956618463,0.28854282536151277
2021-12-01,-0.08298109010011123,-0.18798665183537264,-0.08476084538375972,-0.0771968854282536,0.0064516129032258064,-0.2,-0.13770856507230256,-0.13281423804226916,-0.0771968854282536,0.023804226918798663,0.05094549499443826,0.006006674082313682,0.040266963292547274
2021-12-02,-0.11501668520578419,-0.10656284760845385,-0.11590656284760845,-0.09098998887652948,-0.1479421579532814,-0.07942157953281423,-0.20845383759733035,-0.22224694104560622,-0.160845383759733,0.07675194660734148,0.061179087875417135,0.064293659621802,-0.06384872080088987
2021-12-03,-0.01268075639599555,-0.4331479421579533,-0.29076751946607343,-0.24582869855394882,-0.060289210233592884,-0.3913236929922136,-0.303670745272525,-0.3548387096774193,0.04160177975528365,-0.04293659621802002,-0.0731924360400445,0.04516129032258065,-0.007341490545050056
2021-12-06,0.06384872080088987,-0.24671857619577306,-0.03626251390433815,-0.027808676307007785,-0.009121245828698554,-0.27208008898776415,-0.018909899888765295,-0.06963292547274749,0.10166852057842046,0.03670745272525028,-0.00778642936596218,-0.009566184649610678,-0.05139043381535039
2021-12-07,-0.0914349276974416,-0.11368186874304784,0.3187986651835373,0.07363737486095662,0.1581757508342603,-0.18264738598442715,0.3081201334816463,0.027808676307007785,0.4687430478309232,0.17419354838709677,0.1243604004449388,0.0731924360400445,0.010456062291434927
2021-12-08,-0.06340378197997774,0.19332591768631813,0.2587319243604005,0.23515016685205786,0.22313681868743046,0.12836484983314794,0.5568409343715239,0.32235817575083425,0.6258064516129032,0.10700778642936595,0.06162402669632924,0.04961067853170189,-0.011345939933259176
2021-12-09,-0.058064516129032254,0.04427141268075639,0.3343715239154616,0.22580645161290322,0.36240266963292544,-0.07007786429365963,0.3348164627363737,0.2961067853170189,0.4278086763070078,0.14838709677419354,0.1599555061179088,0.09454949944382647,0.18665183537263624
2021-12-10,-0.021134593993325918,0.02513904338153504,0.14438264738598441,0.21512791991101224,0.21023359288097884,-0.04471635150166852,0.3139043381535039,0.3917686318131257,0.3757508342602892,0.001557285873192436,-0.02469410456062291,0.033592880978865404,0.09855394883203561
2021-12-13,0.12258064516129033,-0.0878754171301446,-0.12747497219132367,-0.08342602892102337,-0.060734149054505006,0.0914349276974416,0.0046718576195773085,0.20622914349276972,0.10166852057842046,-0.2266963292547275,-0.19688542825361513,-0.15550611790878754,-0.17196885428253617
2021-12-14,-0.014015572858731925,-0.047830923248053395,0.030033370411568408,-0.07007786429365963,0.04382647385984427,0.10923248053392658,0.03314794215795328,0.1350389321468298,0.13726362625139044,-0.11724137931034483,-0.01668520578420467,-0.15283648498331479,-0.055394883203559515
2021-12-15,0.060734149054505006,-0.19866518353726362,-0.16796440489432704,-0.1132369299221357,-0.019799777530589546,0.01268075639599555,0.07363737486095662,0.08698553948832036,0.14126807563959956,-0.3263626251390434,-0.2796440489432703,-0.2556173526140155,-0.09988876529477196
2021-12-16,-0.11679644048943269,-0.0878754171301446,-0.05228031145717464,-0.045606229143492764,-0.06518353726362626,-0.19377085650723025,-0.21423804226918797,-0.05583982202447163,-0.17508342602892102,-0.020689655172413793,0.00867630700778643,-0.11991101223581756,0.0825361512791991
2021-12-17,-0.28409343715239155,0.010901001112347052,-0.026918798665183537,-0.05094549499443826,-0.12836484983314794,-0.14705228031145717,-0.24805339265850945,-0.23025583982202447,-0.22091212458286985,0.04471635150166852,0.09543937708565071,0.10834260289210233,0.10611790878754171
2021-12-20,-0.40111234705228027,-0.13592880978865407,-0.20622914349276972,-0.12525027808676306,-0.14838709677419354,-0.2293659621802002,-0.3098998887652948,-0.2832035595105673,-0.260511679644049,-0.09988876529477196,-0.041156840934371525,0.06651835372636263,0.11902113459399331
2021-12-21,-0.2876529477196885,-0.08120133481646273,-0.16929922135706338,-0.17997775305895441,-0.2418242491657397,-0.08209121245828699,-0.14660734149054505,-0.1835372636262514,-0.19243604004449388,-0.16974416017797553,-0.20489432703003335,-0.14705228031145717,-0.1332591768631813
2021-12-22,-0.19733036707452725,-0.20622914349276972,-0.12614015572858733,-0.1635150166852058,-0.2649610678531702,-0.17419354838709677,-0.06607341490545049,-0.11412680756395997,-0.06651835372636263,-0.10789766407119021,-0.15506117908787542,-0.1479421579532814,-0.2609566184649611
2021-12-23,-0.1604004449388209,-0.0424916573971079,0.053170189098998885,-0.0033370411568409346,-0.11279199110122358,-0.14171301446051168,0.08654060066740822,0.04427141268075639,0.060734149054505006,0.05583982202447163,0.04916573971078977,-0.013125695216907676,-0.1292547274749722
2021-12-27,-0.17285873192436038,-0.18309232480533927,-0.09543937708565071,-0.07185761957730812,-0.17597330367074526,-0.0932146829810901,0.06384872080088987,0.04872080088987764,0.04516129032258065,-0.07764182424916574,-0.160845383759733,-0.060289210233592884,-0.1586206896551724
2021-12-28,-0.31657397107897667,0.06562847608453837,0.2040044493882091,0.1884315906562848,0.08565072302558399,-0.14705228031145717,0.1897664071190211,0.1604004449388209,0.3650723025583982,0.13103448275862067,0.08609566184649611,0.07675194660734148,-0.1243604004449388
2021-12-29,-0.30945494994438266,0.08698553948832036,0.3045606229143492,0.2525027808676307,0.2502780867630701,-0.09232480533926585,0.1408231368186874,0.15372636262513903,0.35661846496106786,0.26273637374860953,0.19021134593993325,0.13058954393770855,0.14927697441601778
2021-12-30,-0.27430478309232476,0.008231368186874304,-0.09632925472747497,0.0731924360400445,0.023359288097886538,0.06696329254727475,0.15906562847608455,0.16840934371523916,0.42335928809788653,-0.16885428253615126,-0.21112347052280311,-0.09543937708565071,-0.10923248053392658
2021-12-31,-0.29076751946607343,0.10300333704115683,0.20177975528364847,0.1532814238042269,0.07986651835372637,0.04204671857619577,0.4006674082313682,0.2182424916573971,0.5599555061179087,-0.011345939933259176,-0.05939933259176862,0.06384872080088987,-0.2040044493882091
2022-01-03,-0.21334816462736375,0.09010011123470522,0.08743047830923248,0.18264738598442715,0.04427141268075639,0.10344827586206896,0.16529477196885425,0.22758620689655173,0.3619577308120133,0.028698553948832032,-0.0046718576195773085,-0.023804226918798663,-0.09232480533926585
2022-01-04,-0.1959955506117909,0.18487208008898778,0.06384872080088987,0.1884315906562848,-0.056729699666295874,0.12258064516129033,0.14438264738598441,0.19955506117908786,0.18175750834260287,0.11234705228031144,-0.06162402669632924,-0.004226918798665183,-0.14482758620689654
2022-01-05,-0.04961067853170189,0.2992213570634038,0.32413793103448274,0.23737486095661847,0.1096774193548387,0.08298109010011123,0.2088987764182425,0.17997775305895441,0.23381535038932147,0.26896551724137935,0.16929922135706338,0.08209121245828699,-0.028698553948832032
2022-01-06,-0.16129032258064516,0.1421579532814238,0.029588431590656286,0.1096774193548387,0.005561735261401557,0.0878754171301446,-0.020244716351501667,-0.02513904338153504,0.08164627363737487,-0.06562847608453837,-0.14482758620689654,0.13770856507230256,0.030478309232480537
2022-01-07,-0.03225806451612903,-0.06785317018909899,-0.0020022246941045607,0.006006674082313682,0.1835372636262514,-0.12169076751946609,-0.2489432703003337,-0.3419354838709677,-0.019799777530589546,0.13281423804226916,0.1710789766407119,0.14616240266963293,0.21913236929922134
2022-01-10,-0.24315906562847608,0.3632925472747497,0.24093437152391545,0.303670745272525,0.3098998887652948,0.29299221357063404,0.189321468298109,0.0371523915461624,0.27252502780867627,0.3054505005561735,0.19866518353726362,0.364182424916574,0.14838709677419354
2022-01-11,-0.1408231368186874,0.4046718576195773,0.31523915461624025,0.32413793103448274,0.3543937708565072,0.22981090100111232,-0.059844271412680755,0.014905450500556172,0.18442714126807563,0.34638487208008895,0.3592880978865406,0.4189098998887653,0.2
2022-01-12,-0.11012235817575085,0.2631813125695217,0.19332591768631813,0.2765294771968854,0.335706340378198,0.07586206896551724,-0.13058954393770855,-0.09810901001112346,0.07541713014460512,0.3268075639599555,0.349944382647386,0.36462736373748605,0.2525027808676307
2022-01-13,-0.20800889877641823,0.06785317018909899,0.08832035595105672,0.03848720800889878,0.16618464961067853,-0.05183537263626252,-0.1581757508342603,-0.17374860956618463,-0.005561735261401557,0.13192436040044492,0.2360400444938821,0.1568409343715239,0.160845383759733
2022-01-14,-0.010901001112347052,-0.19288097886540603,-0.07096774193548387,-0.10789766407119021,0.17730812013348163,-0.2578420467185762,-0.33793103448275863,-0.2796440489432703,-0.0825361512791991,-0.0046718576195773085,0.13103448275862067,0.07230255839822024,0.2676307007786429
2022-01-18,0.046496106785317015,-0.05183537263626252,0.09365962180200223,0.07675194660734148,0.22491657397107895,-0.21512791991101224,-0.11457174638487205,-0.10389321468298107,0.10389321468298107,0.18442714126807563,0.20934371523915463,0.19421579532814237,0.2040044493882091
2022-01-19,0.030478309232480537,-0.0033370411568409346,-0.07408231368186874,0.011345939933259176,-0.0064516129032258064,0.035817575083426034,0.009566184649610678,-0.0424916573971079,0.1332591768631813,-0.0006674082313681868,-0.04516129032258065,0.12569521690767518,-0.05361512791991101
2022-01-20,0.1403781979977753,0.06340378197997774,0.00778642936596218,-0.04160177975528365,-0.08743047830923248,0.04471635150166852,-0.1408231368186874,-0.08164627363737487,0.08698553948832036,0.058954393770856504,0.12525027808676306,0.08476084538375972,-0.1884315906562848
2022-01-21,0.10834260289210233,0.07675194660734148,-0.019799777530589546,0.009566184649610678,-0.03982202447163515,0.10433815350389322,-0.10300333704115683,0.09543937708565071,-0.005116796440489433,-0.021134593993325918,0.01668520578420467,-0.025583982202447165,-0.03492769744160178
2022-01-24,-0.06963292547274749,0.18531701890989988,-0.014905450500556172,-0.03848720800889878,-0.02246941045606229,0.41045606229143494,-0.014015572858731925,0.1408231368186874,-0.17597330367074526,-0.030923248053392655,-0.04471635150166852,-0.16484983314794216,0.07452725250278086
2022-01-25,0.22491657397107895,0.029588431590656286,-0.047830923248053395,-0.1332591768631813,0.1003337041156841,0.05406006674082313,-0.11190211345939934,-0.05361512791991101,-0.24716351501668518,-0.06562847608453837,0.07007786429365963,-0.17152391546162402,0.1946607341490545
2022-01-26,0.21290322580645163,0.0460511679644049,0.21334816462736375,-0.010011123470522802,0.34371523915461627,-0.025583982202447165,0.029588431590656286,0.034482758620689655,-0.07897664071190211,0.0011123470522803117,0.2,0.04471635150166852,0.35973303670745277
2022-01-27,0.07007786429365963,-0.015350389321468297,0.06295884315906564,-0.030923248053392655,0.22491657397107895,0.12614015572858733,0.16173526140155728,0.17196885428253617,-0.04471635150166852,-0.16307007786429364,-0.059844271412680755,-0.0731924360400445,0.20489432703003335
2022-01-28,-0.1114571746384872,-0.030923248053392655,-0.19377085650723025,-0.030033370411568408,-0.1906562847608454,0.2547274749721913,-0.1332591768631813,0.21290322580645163,-0.3659621802002225,-0.1408231368186874,-0.16262513904338155,-0.17775305895439378,-0.045606229143492764
2022-01-31,-0.11368186874304784,0.09810901001112346,-0.37619577308120133,-0.2667408231368187,-0.3592880978865406,0.49766407119021133,-0.12302558398220245,0.13993325917686317,-0.4411568409343715,-0.2387096774193548,-0.260511679644049,-0.3130144605116796,-0.21557285873192436
2022-02-01,-0.1345939933259177,0.27875417130144603,-0.0033370411568409346,0.0046718576195773085,-0.20444938820912126,0.4487208008898776,0.09543937708565071,0.22491657397107895,-0.20756395995550608,-0.0037819799777530586,-0.14616240266963293,-0.11902113459399331,-0.07185761957730812
2022-02-02,-0.06874304783092325,0.3067853170189099,0.0371523915461624,0.11635150166852058,-0.12658509454949946,0.27919911012235815,0.07630700778642936,0.21957730812013349,-0.25294771968854285,0.15906562847608455,0.019799777530589546,0.015350389321468297,-0.0046718576195773085
2022-02-03,-0.20667408231368187,0.3041156840934371,0.03492769744160178,0.027808676307007785,-0.14838709677419354,0.36774193548387096,0.13414905450500555,0.11991101223581756,-0.3721913236929922,0.07808676307007786,-0.046941045606229144,-0.10166852057842046,-0.0006674082313681868
2022-02-04,-0.19288097886540603,0.21112347052280311,0.01268075639599555,0.1003337041156841,-0.10255839822024472,0.2711902113459399,0.16395995550611792,0.15773081201334815,-0.2004449388209121,-0.009121245828698554,-0.09054505005561733,-0.03670745272525028,0.014905450500556172
2022-02-07,-0.15728587319243603,0.07452725250278086,-0.08476084538375972,-0.03626251390433815,-0.10077864293659622,0.2716351501668521,0.17908787541713014,0.13414905450500555,-0.13414905450500555,-0.10433815350389322,-0.14126807563959956,-0.12747497219132367,-0.023359288097886538
2022-02-08,-0.32502780867630704,-0.1350389321468298,-0.2636262513904338,-0.3196885428253615,-0.18798665183537264,0.08609566184649611,-0.10300333704115683,-0.11190211345939934,-0.2863181312569522,-0.24671857619577306,-0.1292547274749722,-0.24938820912124582,-0.058954393770856504
2022-02-09,-0.3704115684093437,-0.03314794215795328,-0.21067853170189096,-0.17463848720800887,-0.2520578420467186,-0.0033370411568409346,-0.07764182424916574,-0.033592880978865404,-0.332146829810901,-0.12614015572858733,-0.22269187986651834,-0.21334816462736375,-0.23515016685205786
2022-02-10,-0.3281423804226919,-0.07541713014460512,-0.1835372636262514,-0.19777530589543937,-0.17285873192436038,-0.01579532814238042,-0.09632925472747497,-0.053170189098998885,-0.19777530589543937,-0.19288097886540603,-0.2293659621802002,-0.16796440489432704,-0.16129032258064516
2022-02-11,-0.11590656284760845,-0.01935483870967742,0.10166852057842046,0.07630700778642936,-0.1345939933259177,0.0020022246941045607,0.21512791991101224,0.13014460511679646,0.026918798665183537,0.00689655172413793,-0.12080088987764183,-0.07363737486095662,-0.2502780867630701
2022-02-14,-0.054505005561735265,0.04916573971078977,0.09187986651835373,0.09632925472747497,-0.1221357063403782,-0.0011123470522803117,0.3397107897664071,0.32146829810900995,0.09365962180200223,-0.01668520578420467,-0.20489432703003335,-0.13103448275862067,-0.2551724137931034
2022-02-15,-0.1604004449388209,-0.026918798665183537,-0.022914349276974413,-0.0037819799777530586,-0.09187986651835373,0.10300333704115683,0.13948832035595105,0.1621802002224694,0.17775305895439378,-0.13014460511679646,-0.2164627363737486,-0.19688542825361513,-0.1959955506117909
2022-02-16,-0.23648498331479423,-0.11457174638487205,0.030033370411568408,-0.0011123470522803117,-0.022914349276974413,0.022914349276974413,0.08387096774193549,0.026918798665183537,0.1296996662958843,-0.1243604004449388,-0.20756395995550608,-0.21379310344827587,-0.071412680756396
2022-02-17,-0.13548387096774192,-0.06829810901001113,0.071412680756396,-0.00689655172413793,0.10611790878754171,-0.013125695216907676,0.2551724137931034,0.1221357063403782,0.30945494994438266,-0.05939933259176862,-0.058954393770856504,-0.19421579532814237,-0.06785317018909899
2022-02-18,-0.31568409343715237,-0.03626251390433815,0.19777530589543937,0.009121245828698554,0.2805339265850945,0.02736373748609566,0.15239154616240266,0.11412680756395997,0.2654060066740823,-0.005116796440489433,0.10834260289210233,-0.06473859844271414,0.207119021134594
2022-02-22,-0.2783092324805339,0.15061179087875418,0.3121245828698554,0.17063403781979977,0.43359288097886545,0.11991101223581756,0.22758620689655173,0.18531701890989988,0.2578420467185762,0.16484983314794216,0.27474972191323693,0.10300333704115683,0.33348164627363736
2022-02-23,-0.24716351501668518,-0.034037819799777526,0.05850945494994438,0.10522803114571745,0.19911012235817574,0.08565072302558399,0.1403781979977753,0.21423804226918797,0.22714126807563956,-0.15595105672969967,-0.16885428253615126,-0.10567296996662959,0.0371523915461624
2022-02-24,-0.21334816462736375,0.08743047830923248,0.15016685205784203,0.19021134593993325,0.3450500556173526,0.07007786429365963,0.038042269187986644,0.09232480533926585,0.13770856507230256,0.0914349276974416,0.10166852057842046,0.10211345939933258,0.2395995550611791
2022-02-25,-0.2587319243604005,0.13281423804226916,0.185761957730812,0.15239154616240266,0.38242491657397104,0.022914349276974413,-0.01935483870967742,-0.02469410456062291,0.06384872080088987,0.17597330367074526,0.33926585094549494,0.23337041156840932,0.3899888765294772
2022-02-28,-0.2849833147942158,0.11501668520578419,0.14883203559510566,0.17953281423804227,0.418020022246941,-0.09499443826473859,-0.03626251390433815,-0.09010011123470522,0.01268075639599555,0.21913236929922134,0.4162402669632926,0.40333704115684094,0.4838709677419355
2022-03-01,-0.2992213570634038,-0.0037819799777530586,0.06295884315906564,0.07986651835372637,0.2961067853170189,-0.22714126807563956,-0.09810901001112346,-0.07986651835372637,0.02202447163515017,0.02736373748609566,0.16840934371523916,0.19510567296996661,0.35172413793103446
2022-03-02,-0.24315906562847608,-0.17819799777530587,0.008231368186874304,-0.11813125695216908,0.05183537263626252,-0.3815350389321468,-0.3753058954393771,-0.3161290322580645,-0.2511679644048943,-0.00778642936596218,0.17419354838709677,0.0967741935483871,0.2636262513904338
2022-03-03,0.060734149054505006,-0.056729699666295874,0.09766407119021134,-0.047385984427141266,0.196440489432703,-0.21379310344827587,-0.3103448275862069,-0.26629588431590656,-0.28231368186874306,0.10700778642936595,0.25739710789766407,0.12880978865406006,0.3548387096774193
2022-03-04,0.02202447163515017,-0.5194660734149055,-0.3908787541713014,-0.41846496106785314,-0.24271412680756396,-0.5230255839822024,-0.5946607341490544,-0.5403781979977753,-0.5394883203559511,-0.2596218020022247,-0.13592880978865407,-0.2636262513904338,-0.035817575083426034
2022-03-07,0.10389321468298107,-0.5515016685205784,-0.4625139043381535,-0.4972191323692992,-0.3819799777530589,-0.5590656284760844,-0.4794215795328142,-0.4767519466073415,-0.47497219132369295,-0.42602892102335926,-0.28720800889877635,-0.396662958843159,-0.06340378197997774
2022-03-08,0.3130144605116796,-0.6302558398220245,-0.5394883203559511,-0.6200222469410456,-0.46117908787541706,-0.5274749721913237,-0.4229143492769744,-0.37352614015572855,-0.3882091212458286,-0.6186874304783093,-0.38954393770856505,-0.5403781979977753,-0.11902113459399331
2022-03-09,0.3837597330367074,-0.2551724137931034,-0.22091212458286985,-0.32146829810900995,-0.1114571746384872,-0.3561735261401557,-0.30856507230255836,-0.20266963292547271,-0.24849833147942155,-0.15728587319243603,0.023359288097886538,-0.2645161290322581,0.08743047830923248
2022-03-10,0.35572858731924356,-0.33926585094549494,-0.1635150166852058,-0.27341490545050057,0.13192436040044492,-0.3441601779755284,-0.13815350389321468,-0.22447163515016688,-0.012235817575083427,-0.182202447163515,-0.03181312569521691,-0.23648498331479423,0.13904338153503895
2022-03-11,0.22180200222469412,-0.4545050055617353,-0.3775305895439377,-0.3882091212458286,0.05050055617352613,-0.35973303670745277,-0.3210233592880979,-0.2987764182424916,-0.29521690767519465,-0.2765294771968854,-0.02513904338153504,-0.22491657397107895,0.2462736373748609
2022-03-14,0.26629588431590656,-0.4407119021134594,-0.22447163515016688,-0.3232480533926585,0.04204671857619577,-0.3864293659621802,-0.3486095661846496,-0.2796440489432703,-0.29076751946607343,-0.20222469410456062,-0.010011123470522802,-0.11813125695216908,0.2609566184649611
2022-03-15,0.13058954393770855,-0.5421579532814237,-0.39532814238042263,-0.432258064516129,-0.08876529477196884,-0.36729699666295884,-0.30055617352614017,-0.2783092324805339,-0.3125695216907675,-0.4353726362625139,-0.2516129032258065,-0.25383759733036704,0.17152391546162402
2022-03-16,0.04160177975528365,-0.10834260289210233,-0.06785317018909899,-0.17330367074527253,-0.15283648498331479,0.08520578420467186,0.07853170189098999,0.01668520578420467,-0.11546162402669634,-0.15372636262513903,-0.14571746384872078,-0.071412680756396,-0.0914349276974416
2022-03-17,-0.0011123470522803117,0.061179087875417135,-0.10211345939933258,-0.09944382647385984,-0.19243604004449388,0.07942157953281423,0.03136818687430478,0.05583982202447163,-0.1546162402669633,-0.045606229143492764,0.018020022246941044,-0.10478309232480533,-0.10611790878754171
2022-03-18,-0.15016685205784203,0.04471635150166852,-0.16796440489432704,-0.07942157953281423,-0.24849833147942155,0.23159065628476083,0.0424916573971079,0.14438264738598441,-0.27474972191323693,-0.014905450500556172,-0.11635150166852058,-0.14260289210233593,-0.17730812013348163
2022-03-21,0.026918798665183537,-0.160845383759733,-0.014905450500556172,0.0389321468298109,-0.06251390433815351,0.04293659621802002,0.23470522803114574,0.20756395995550608,-0.05850945494994438,-0.10122358175750834,-0.12836484983314794,0.005561735261401557,-0.05494994438264739
2022-03-22,-0.03181312569521691,0.29076751946607343,0.3090100111234705,0.19332591768631813,-0.016240266963292546,0.17196885428253617,0.32458286985539486,0.3010011123470523,0.01668520578420467,0.27519466073414905,0.07363737486095662,0.02647385984427141,-0.08387096774193549
2022-03-23,-0.1296996662958843,0.12836484983314794,0.00867630700778643,0.18620689655172412,-0.17508342602892102,0.2186874304783092,0.31835372636262516,0.27786429365962184,0.2551724137931034,-0.02246941045606229,-0.20978865406006672,0.00689655172413793,-0.29744160177975526
2022-03-24,-0.10789766407119021,0.1003337041156841,-0.007341490545050056,0.04160177975528365,-0.2578420467185762,0.2983314794215795,0.31746384872080086,0.3592880978865406,0.15150166852057842,-0.03270300333704116,-0.17908787541713014,-0.11902113459399331,-0.32458286985539486
2022-03-25,-0.020244716351501667,0.13904338153503895,0.05228031145717464,0.060289210233592884,-0.2004449388209121,0.34949944382647385,0.4647385984427141,0.418020022246941,0.30634037819799775,0.0011123470522803117,-0.1350389321468298,-0.17419354838709677,-0.3575083426028921
2022-03-28,-0.06384872080088987,0.1408231368186874,-0.0389321468298109,-0.04827586206896552,-0.31657397107897667,0.26629588431590656,0.13948832035595105,0.2453837597330367,0.06651835372636263,-0.0135706340378198,-0.24449388209121245,-0.2600667408231368,-0.3997775305895439
2022-03-29,-0.06829810901001113,0.14349276974416017,-0.10300333704115683,-0.07764182424916574,-0.4002224694104561,0.35795328142380417,0.08876529477196884,0.15372636262513903,-0.08698553948832036,-0.058064516129032254,-0.20622914349276972,-0.2916573971078976,-0.2836484983314794
2022-03-30,-0.014905450500556172,0.0771968854282536,-0.19911012235817574,-0.010901001112347052,-0.3468298109010011,0.1003337041156841,-0.09899888765294772,-0.01757508342602892,-0.1532814238042269,-0.04827586206896552,-0.2631813125695217,-0.14171301446051168,-0.1764182424916574
2022-03-31,-0.07274749721913237,-0.13726362625139044,-0.4682981090100112,-0.19911012235817574,-0.4616240266963292,0.057174638487208,-0.26807563959955505,-0.2387096774193548,-0.34949944382647385,-0.22847608453837595,-0.3721913236929922,-0.2796440489432703,-0.31123470522803115
2022-04-01,0.0914349276974416,-0.19332591768631813,-0.41490545050055616,-0.3450500556173526,-0.36106785317018913,-0.006006674082313682,-0.2,-0.2676307007786429,-0.2422691879866518,-0.21557285873192436,-0.3410456062291435,-0.3192436040044494,-0.36240266963292544
2022-04-04,0.07586206896551724,-0.34638487208008895,-0.5225806451612903,-0.4162402669632926,-0.4905450500556173,-0.060289210233592884,-0.2511679644048943,-0.26896551724137935,-0.17730812013348163,-0.21112347052280311,-0.3913236929922136,-0.3130144605116796,-0.43403781979977757
2022-04-05,-0.0064516129032258064,-0.14972191323692993,-0.41045606229143494,-0.5408231368186874,-0.37352614015572855,-0.058954393770856504,-0.20088987764182425,-0.32146829810900995,-0.09232480533926585,-0.2849833147942158,-0.2667408231368187,-0.3477196885428253,-0.3446051167964405
2022-04-06,-0.005561735261401557,-0.20578420467185762,-0.27252502780867627,-0.41045606229143494,-0.38242491657397104,-0.16929922135706338,-0.034482758620689655,-0.20311457174638486,0.06785317018909899,-0.19332591768631813,-0.3423804226918799,-0.39488320355951056,-0.44471635150166855
2022-04-07,0.02647385984427141,-0.13815350389321468,-0.1546162402669633,-0.27252502780867627,-0.17241379310344826,-0.13370411568409346,-0.005116796440489433,-0.11768631813125695,0.1635150166852058,-0.1203559510567297,-0.15639599555061176,-0.34638487208008895,-0.2146829810901001
2022-04-08,0.15174101773727586,-0.0825361512791991,0.1474972191323693,-0.20489432703003335,0.13236929922135707,-0.11101223581757509,0.13904338153503895,-0.06206896551724137,0.19866518353726362,-0.029143492769744164,0.03270300333704116,-0.3125695216907675,-0.010901001112347052
2022-04-11,0.0914349276974416,0.026918798665183537,0.3886540600667408,-0.012235817575083427,0.4509454949944383,0.024249165739710785,0.13548387096774192,0.04471635150166852,0.26941045606229147,0.2266963292547275,0.2600667408231368,-0.04516129032258065,0.24360400444938823
2022-04-12,0.2671857619577308,0.27608453837597335,0.5612903225806452,0.2774193548387097,0.5136818687430478,0.12258064516129033,0.2774193548387097,0.2676307007786429,0.29299221357063404,0.37886540600667407,0.3753058954393771,0.11234705228031144,0.26985539488320354
2022-04-13,0.20845383759733035,0.1408231368186874,0.43270300333704115,0.2921023359288098,0.47897664071190205,0.014460511679644046,0.21201334816462733,0.19866518353726362,0.2849833147942158,0.23203559510567295,0.24671857619577306,0.1292547274749722,0.2854282536151279
2022-04-14,0.4162402669632926,-0.071412680756396,0.07853170189098999,0.14705228031145717,0.15061179087875418,-0.023804226918798663,0.28097886540600664,0.21334816462736375,0.24671857619577306,-0.15150166852057842,-0.2088987764182425,-0.13770856507230256,0.019799777530589546
2022-04-18,0.3686318131256952,-0.16840934371523916,-0.023804226918798663,0.09232480533926585,-0.033592880978865404,-0.11234705228031144,0.2992213570634038,0.2186874304783092,0.22491657397107895,-0.12791991101223582,-0.1959955506117909,-0.14304783092324808,-0.1670745272525028
2022-04-19,0.23781979977753054,0.035817575083426034,0.15595105672969967,0.13592880978865407,0.0002224694104560623,0.047830923248053395,0.2800889877641824,0.24449388209121245,0.057174638487208,-0.040266963292547274,-0.11190211345939934,-0.09010011123470522,-0.028698553948832032
2022-04-20,0.2640711902113459,-0.025583982202447165,-0.0037819799777530586,0.01935483870967742,-0.06518353726362626,0.0460511679644049,0.3348164627363737,0.3828698553948832,0.07986651835372637,-0.12169076751946609,-0.18620689655172412,-0.2640711902113459,-0.12747497219132367
2022-04-21,0.25294771968854285,0.15951056729699667,0.1839822024471635,0.11902113459399331,-0.011345939933259176,0.10389321468298107,0.26896551724137935,0.3619577308120133,0.22981090100111232,0.09187986651835373,0.047385984427141266,-0.07052280311457175,-0.018020022246941044
2022-04-22,0.30945494994438266,0.2622914349276974,0.1586206896551724,0.1403781979977753,0.11902113459399331,0.17997775305895441,0.12258064516129033,0.23114571746384868,0.1604004449388209,0.14349276974416017,0.09944382647385984,0.026028921023359287,0.17241379310344826
2022-04-25,0.2774193548387097,0.4006674082313682,0.2600667408231368,0.2600667408231368,0.1604004449388209,0.2849833147942158,0.1604004449388209,0.20311457174638486,-0.023804226918798663,0.3130144605116796,0.28097886540600664,0.20311457174638486,0.28142380422691876
2022-04-26,0.2204671857619577,0.09454949944382647,0.07764182424916574,0.10166852057842046,0.08743047830923248,0.1114571746384872,0.040711902113459396,0.033592880978865404,0.03937708565072302,0.14883203559510566,0.10611790878754171,0.11724137931034483,0.20088987764182425
2022-04-27,0.17285873192436038,0.2053392658509455,0.11813125695216908,0.16395995550611792,0.055394883203559515,0.10656284760845385,-0.05494994438264739,0.0033370411568409346,-0.02647385984427141,0.16751946607341492,0.1670745272525028,0.16618464961067853,0.1421579532814238
2022-04-28,0.17285873192436038,0.2600667408231368,0.09810901001112346,0.2600667408231368,-0.029588431590656286,0.24404894327030033,0.21023359288097884,0.13815350389321468,0.08921023359288098,0.18309232480533927,0.035817575083426034,0.20311457174638486,-0.09899888765294772
2022-04-29,0.14482758620689654,0.2449388209121246,0.035817575083426034,0.1906562847608454,-0.06651835372636263,0.2088987764182425,0.15194660734149054,0.2040044493882091,0.07853170189098999,0.054505005561735265,-0.07096774193548387,0.12791991101223582,-0.17330367074527253
2022-05-02,0.12480533926585094,0.06340378197997774,-0.21512791991101224,-0.10656284760845385,-0.2507230255839822,0.2560622914349277,0.009566184649610678,0.03626251390433815,-0.007341490545050056,-0.13192436040044492,-0.24404894327030033,-0.06651835372636263,-0.37085650723025576
2022-05-03,0.1345939933259177,-0.10522803114571745,-0.3686318131256952,-0.22269187986651834,-0.40867630700778645,0.3139043381535039,0.014460511679644046,0.0011123470522803117,-0.10166852057842046,-0.3459399332591768,-0.4994438264738598,-0.25917686318131256,-0.457174638487208
2022-05-04,-0.10923248053392658,-0.05139043381535039,-0.20311457174638486,-0.28453837597330367,-0.19421579532814237,0.064293659621802,-0.0002224694104560623,-0.10522803114571745,0.05939933259176862,-0.1839822024471635,-0.2053392658509455,-0.19777530589543937,-0.26852057842046717
2022-05-05,-0.10789766407119021,-0.19777530589543937,-0.1408231368186874,-0.19777530589543937,-0.021579532814238044,-0.06295884315906564,-0.15773081201334815,-0.20444938820912126,0.06874304783092325,-0.1839822024471635,-0.0771968854282536,-0.10166852057842046,-0.010901001112347052
2022-05-06,-0.12525027808676306,0.07363737486095662,0.03225806451612903,0.060289210233592884,0.07007786429365963,0.10745272525027807,0.07986651835372637,0.08209121245828699,0.10656284760845385,-0.08698553948832036,0.00689655172413793,-0.010901001112347052,0.0460511679644049
2022-05-09,-0.25230837846637955,-0.24805339265850945,0.03982202447163515,0.06829810901001113,0.29744160177975526,-0.31167964404894327,-0.38731924360400444,-0.289432703003337,-0.06651835372636263,0.09365962180200223,0.28453837597330367,0.23203559510567295,0.25917686318131256
2022-05-10,-0.3793103448275862,-0.2796440489432703,-0.11813125695216908,-0.19021134593993325,0.10878754171301447,-0.24315906562847608,-0.34949944382647385,-0.3730812013348164,-0.03759733036707453,-0.14438264738598441,-0.01846496106785317,-0.059844271412680755,0.06651835372636263
2022-05-11,-0.20845383759733035,-0.2849833147942158,-0.10789766407119021,-0.09543937708565071,0.018020022246941044,-0.36284760845383757,-0.4046718576195773,-0.4593993325917686,-0.22135706340378197,-0.017130144605116793,0.18798665183537264,0.18264738598442715,0.1946607341490545
2022-05-12,-0.05050055617352613,-0.23915461624026696,-0.057174638487208,-0.018909899888765295,0.015350389321468297,-0.3076751946607342,-0.39488320355951056,-0.43492769744160176,-0.15417130144605118,0.14616240266963293,0.2382647385984427,0.24760845383759733,0.17463848720800887
2022-05-13,-0.07230255839822024,-0.08743047830923248,0.15016685205784203,0.011345939933259176,0.18887652947719688,-0.23337041156840932,-0.3281423804226919,-0.42380422691879865,-0.12525027808676306,0.24404894327030033,0.35706340378198,0.29521690767519465,0.2943270300333704
2022-05-16,-0.047830923248053395,0.054505005561735265,0.40289210233592887,0.2667408231368187,0.13236929922135707,-0.1911012235817575,-0.09232480533926585,-0.1839822024471635,0.056729699666295874,0.457174638487208,0.44293659621801995,0.42869855394883205,0.19777530589543937
2022-05-17,-0.1768631813125695,0.22180200222469412,0.49899888765294764,0.3521690767519466,0.2854282536151279,-0.07363737486095662,0.03136818687430478,0.019799777530589546,0.1710789766407119,0.49632925472747497,0.47230255839822033,0.3619577308120133,0.3468298109010011
2022-05-18,0.05850945494994438,0.26629588431590656,0.2387096774193548,0.49499443826473855,-0.03270300333704116,0.02736373748609566,0.37619577308120133,0.32413793103448274,0.3263626251390434,0.28987764182424913,-0.0011123470522803117,0.28186874304783094,-0.19243604004449388
2022-05-19,0.10656284760845385,0.4505005561735262,0.1292547274749722,0.27474972191323693,-0.027808676307007785,0.39265850945494996,0.2040044493882091,0.34905450500556173,-0.0037819799777530586,0.1670745272525028,-0.001557285873192436,0.10389321468298107,-0.07808676307007786
2022-05-20,0.27919911012235815,0.33303670745272523,0.0033370411568409346,0.20444938820912126,-0.24582869855394882,0.37486095661846497,0.12302558398220245,0.25294771968854285,-0.15239154616240266,0.11546162402669634,-0.055394883203559515,0.04382647385984427,-0.1870967741935484
2022-05-23,0.37664071190211346,0.20578420467185762,-0.05628476084538376,0.07363737486095662,-0.2992213570634038,0.4002224694104561,0.19733036707452725,0.3397107897664071,-0.028253615127919914,-0.08120133481646273,-0.24805339265850945,-0.10700778642936595,-0.4046718576195773
2022-05-24,0.25917686318131256,-0.03270300333704116,-0.2956618464961067,-0.10478309232480533,-0.5817575083426029,0.12569521690767518,0.04427141268075639,0.35884315906562847,-0.20622914349276972,-0.19777530589543937,-0.37664071190211346,-0.35706340378198,-0.5826473859844271
2022-05-25,0.17819799777530587,0.18442714126807563,-0.16440489432703,-0.017130144605116793,-0.5030033370411569,0.35572858731924356,0.3637374860956618,0.4981090100111235,-0.1096774193548387,-0.1474972191323693,-0.3846496106785317,-0.27208008898776415,-0.6026696329254727
2022-05-26,0.022914349276974413,0.17908787541713014,-0.03225806451612903,0.07052280311457175,-0.3098998887652948,0.26985539488320354,0.3121245828698554,0.3975528364849833,0.010011123470522802,-0.055394883203559515,-0.2827586206896551,-0.11234705228031144,-0.4229143492769744
2022-05-27,-0.12747497219132367,0.12703003337041155,-0.04516129032258065,0.08120133481646273,-0.2547274749721913,0.26807563959955505,0.2938820912124583,0.4117908787541713,-0.016240266963292546,-0.09988876529477196,-0.27252502780867627,-0.16529477196885425,-0.3032258064516129
2022-05-31,-0.05139043381535039,-0.013125695216907676,-0.25428253615127916,-0.300111234705228,-0.43448275862068964,0.3103448275862069,0.19243604004449388,0.23337041156840932,-0.05939933259176862,-0.35839822024471635,-0.4278086763070078,-0.44827586206896547,-0.3957730812013348
2022-06-01,-0.010901001112347052,0.0878754171301446,-0.05494994438264739,-0.12747497219132367,-0.1239154616240267,0.1132369299221357,0.207119021134594,0.2992213570634038,0.11279199110122358,-0.23515016685205786,-0.21557285873192436,-0.3592880978865406,-0.22714126807563956
2022-06-02,-0.05005561735261402,0.11501668520578419,0.005561735261401557,0.015350389321468297,-0.07942157953281423,0.0771968854282536,0.1710789766407119,0.23203559510567295,0.13414905450500555,-0.10433815350389322,-0.14349276974416017,-0.16929922135706338,-0.12480533926585094
2022-06-03,-0.022914349276974413,-0.09810901001112346,-0.10789766407119021,-0.0731924360400445,-0.059844271412680755,-0.02647385984427141,-0.014460511679644046,0.12124582869855395,-0.03492769744160178,-0.22135706340378197,-0.10522803114571745,-0.24004449388209118,-0.0771968854282536
2022-06-06,-0.0064516129032258064,0.03982202447163515,-0.010456062291434927,-0.04293659621802002,-0.207119021134594,0.011345939933259176,0.0002224694104560623,0.10567296996662959,-0.08298109010011123,-0.15283648498331479,-0.04827586206896552,-0.13192436040044492,-0.08120133481646273
2022-06-07,0.008231368186874304,0.08031145717463849,0.016240266963292546,-0.03759733036707453,-0.07808676307007786,0.04916573971078977,0.028698553948832032,0.0037819799777530586,-0.22313681868743046,-0.08075639599555061,0.14438264738598441,-0.08387096774193549,0.02736373748609566
2022-06-08,-0.033592880978865404,0.09632925472747497,0.09766407119021134,-0.07230255839822024,0.06918798665183537,0.08164627363737487,0.01579532814238042,-0.06251390433815351,-0.18487208008898778,-0.047830923248053395,0.08164627363737487,-0.061179087875417135,0.1203559510567297
2022-06-09,0.05228031145717464,0.023804226918798663,0.16662958843159065,-0.06874304783092325,0.2609566184649611,0.060289210233592884,0.11412680756395997,-0.06651835372636263,0.13103448275862067,0.09232480533926585,0.2565072302558398,0.14304783092324808,0.24983314794215797
2022-06-10,0.12481922426775918,0.09588431590656285,0.25428253615127916,0.14438264738598441,0.2200222469410456,0.0020022246941045607,0.08565072302558399,0.046496106785317015,0.21067853170189096,0.22091212458286985,0.2146829810901001,0.17819799777530587,0.12525027808676306
2022-06-13,0.18531701890989988,0.038042269187986644,0.12169076751946609,0.11946607341490545,0.07986651835372637,0.030923248053392655,0.06295884315906564,0.011790878754171301,0.06562847608453837,0.05761957730812013,0.0024471635150166847,0.0932146829810901,0.030923248053392655
2022-06-14,0.15417130144605118,-0.07452725250278086,0.006006674082313682,0.04427141268075639,-0.0135706340378198,0.0011123470522803117,0.27697441601779754,0.09010011123470522,0.196440489432703,-0.07764182424916574,-0.06384872080088987,0.0033370411568409346,-0.09410456062291435
2022-06-15,0.09410456062291435,0.16529477196885425,-0.007341490545050056,0.005561735261401557,-0.09855394883203561,0.24671857619577306,0.3076751946607342,0.22269187986651834,0.15150166852057842,-0.07007786429365963,-0.1657397107897664,-0.1003337041156841,-0.20578420467185762
2022-06-16,0.11946607341490545,0.14438264738598441,-0.10389321468298107,0.06384872080088987,-0.05183537263626252,0.2609566184649611,0.28231368186874306,0.19555061179087874,0.17953281423804227,-0.09543937708565071,-0.14126807563959956,-0.06162402669632924,-0.21601779755283645
2022-06-17,0.10923248053392658,0.11412680756395997,0.09410456062291435,0.10433815350389322,0.029143492769744164,0.2671857619577308,0.2827586206896551,0.19288097886540603,0.2489432703003337,-0.08654060066740822,-0.0843159065628476,-0.05850945494994438,-0.14883203559510566
2022-06-21,0.1243604004449388,0.20667408231368187,0.24271412680756396,0.14838709677419354,0.09276974416017797,0.2863181312569522,0.4068965517241379,0.37486095661846497,0.24404894327030033,0.03136818687430478,-0.04427141268075639,-0.05272525027808676,-0.1764182424916574
2022-06-22,0.2088987764182425,0.453615127919911,0.5265850945494994,0.3481646273637375,0.23648498331479423,0.4785317018909899,0.5274749721913237,0.48075639599555064,0.30233592880978866,0.2832035595105673,0.10300333704115683,0.047830923248053395,-0.09454949944382647
2022-06-23,0.18487208008898778,0.26941045606229147,0.2716351501668521,0.296551724137931,0.13058954393770855,0.2200222469410456,0.39621802002224693,0.39621802002224693,0.24449388209121245,0.2004449388209121,0.1114571746384872,0.11012235817575085,-0.06384872080088987
2022-06-24,0.1132369299221357,0.11946607341490545,-0.030478309232480537,-0.0028921023359288096,-0.11234705228031144,0.300111234705228,0.22981090100111232,0.25739710789766407,0.07096774193548387,-0.10433815350389322,-0.1946607341490545,-0.1345939933259177,-0.20444938820912126
2022-06-27,0.2186874304783092,0.24315906562847608,0.26941045606229147,0.17597330367074526,0.2556173526140155,0.23470522803114574,0.3686318131256952,0.32947719688542826,0.2996662958843159,0.07541713014460512,0.06562847608453837,0.05628476084538376,0.0825361512791991
2022-06-28,0.15550611790878754,0.3414905450500556,0.34060066740823136,0.3010011123470523,0.31167964404894327,0.2996662958843159,0.4046718576195773,0.403781979977753,0.207119021134594,0.13192436040044492,0.1421579532814238,0.11768631813125695,0.18264738598442715
2022-06-29,0.041161419767442864,0.3815350389321468,0.3067853170189099,0.3187986651835373,0.17552836484983317,0.32235817575083425,0.2525027808676307,0.42380422691879865,0.08921023359288098,0.24582869855394882,0.10255839822024472,0.2040044493882091,0.12480533926585094
2022-06-30,0.13681868743047831,0.3459399332591768,0.3704115684093437,0.43492769744160176,0.2387096774193548,0.13904338153503895,0.31790878754171303,0.385539488320356,0.24849833147942155,0.32146829810900995,0.2774193548387097,0.3699666295884316,0.04961067853170189
2022-07-01,0.04338153503893215,0.1621802002224694,0.13592880978865407,0.2836484983314794,-0.010901001112347052,0.1350389321468298,0.1764182424916574,0.31078976640711903,0.0046718576195773085,0.24983314794215797,0.059844271412680755,0.23781979977753054,-0.023804226918798663
2022-07-05,0.09855394883203561,-0.11724137931034483,-0.11412680756395997,-0.12347052280311456,0.0967741935483871,-0.00689655172413793,-0.09098998887652948,-0.10389321468298107,-0.059844271412680755,-0.10700778642936595,0.05583982202447163,-0.017130144605116793,0.18887652947719688
2022-07-06,-0.00867630700778643,-0.16129032258064516,0.0024471635150166847,-0.022914349276974413,0.2204671857619577,-0.19911012235817574,0.20756395995550608,0.09098998887652948,0.33837597330367075,-0.06251390433815351,-0.011345939933259176,0.10433815350389322,0.05406006674082313
2022-07-07,-0.06206896551724137,-0.001557285873192436,0.10789766407119021,0.10478309232480533,0.06562847608453837,0.01668520578420467,0.1911012235817575,0.19021134593993325,0.21156840934371526,0.06384872080088987,0.04204671857619577,0.0843159065628476,-0.001557285873192436
2022-07-08,-0.04293659621802002,-0.06340378197997774,0.1657397107897664,0.15016685205784203,0.18487208008898778,-0.207119021134594,0.06829810901001113,0.08164627363737487,0.20756395995550608,0.15906562847608455,0.21201334816462733,0.2631813125695217,0.1385984427141268
2022-07-11,-0.2449388209121246,-0.22803114571746386,0.05183537263626252,0.00867630700778643,0.08387096774193549,-0.40556173526140155,-0.22269187986651834,-0.13014460511679646,0.06607341490545049,0.1296996662958843,0.16840934371523916,0.24004449388209118,0.10478309232480533
2022-07-12,-0.2182424916573971,-0.08075639599555061,0.21067853170189096,0.06696329254727475,0.34015572858731924,-0.1870967741935484,-0.22180200222469412,-0.2827586206896551,-0.046941045606229144,0.22313681868743046,0.3308120133481646,0.3575083426028921,0.3512791991101224
2022-07-13,-0.2453837597330367,-0.14660734149054505,0.1906562847608454,0.08921023359288098,0.3290322580645161,-0.2040044493882091,-0.185761957730812,-0.2582869855394883,-0.04961067853170189,0.23515016685205786,0.3325917686318131,0.33170189098998887,0.35172413793103446
2022-07-14,-0.21201334816462733,-0.14571746384872078,0.10077864293659622,0.04872080088987764,0.4153503893214683,-0.46607341490545046,-0.3441601779755284,-0.453615127919911,0.03270300333704116,0.20578420467185762,0.38242491657397104,0.42469410456062295,0.41935483870967744
2022-07-15,-0.19154616240266964,0.07897664071190211,0.32725250278086765,0.20489432703003335,0.40556173526140155,-0.38509454949944383,-0.24582869855394882,-0.3650723025583982,0.08387096774193549,0.42380422691879865,0.5003337041156841,0.47452725250278077,0.43492769744160176
2022-07-18,-0.014460511679644046,0.10077864293659622,0.05939933259176862,0.1510567296996663,0.13993325917686317,-0.23470522803114574,-0.303670745272525,-0.2596218020022247,-0.1884315906562848,0.33392658509454953,0.32858731924360396,0.4206896551724138,0.19777530589543937
2022-07-19,0.00689655172413793,0.2413793103448276,0.17152391546162402,0.13770856507230256,0.04204671857619577,-0.08743047830923248,-0.19510567296996661,-0.2266963292547275,-0.16262513904338155,0.4255839822024471,0.3187986651835373,0.33615127919911014,0.15372636262513903
2022-07-20,-0.05406006674082313,0.19243604004449388,0.26985539488320354,0.17285873192436038,0.22758620689655173,-0.14705228031145717,-0.1906562847608454,-0.2582869855394883,-0.1510567296996663,0.3793103448275862,0.4264738598442714,0.35795328142380417,0.37619577308120133
2022-07-21,0.09365962180200223,0.059844271412680755,0.08298109010011123,0.1332591768631813,0.16395995550611792,0.013125695216907676,-0.0914349276974416,-0.13770856507230256,0.06384872080088987,0.059844271412680755,0.11190211345939934,0.2489432703003337,0.13103448275862067
2022-07-22,0.04827586206896552,0.2342602892102336,0.02246941045606229,0.20578420467185762,0.021579532814238044,0.24271412680756396,0.07853170189098999,0.09276974416017797,0.11635150166852058,0.07675194660734148,0.05005561735261402,0.09499443826473859,-0.10344827586206896
2022-07-25,0.02202447163515017,0.07675194660734148,-0.14126807563959956,0.04516129032258065,-0.09632925472747497,0.2040044493882091,-0.10255839822024472,-0.009566184649610678,-0.07007786429365963,-0.040711902113459396,-0.09098998887652948,0.010456062291434927,-0.08031145717463849
2022-07-26,-0.10166852057842046,-0.15506117908787542,-0.17597330367074526,-0.059844271412680755,-0.11279199110122358,0.05761957730812013,-0.1403781979977753,-0.06829810901001113,-0.09098998887652948,-0.10433815350389322,-0.11813125695216908,-0.009121245828698554,-0.2516129032258065
2022-07-27,-0.10923248053392658,0.0037819799777530586,-0.03626251390433815,0.0028921023359288096,-0.1408231368186874,-0.021134593993325918,-0.0896551724137931,-0.03225806451612903,-0.03759733036707453,0.054505005561735265,-0.0002224694104560623,0.014905450500556172,-0.16529477196885425
2022-07-28,-0.25339265850945497,-0.14838709677419354,-0.14838709677419354,-0.15506117908787542,-0.1804226918798665,-0.10166852057842046,-0.14883203559510566,-0.04204671857619577,-0.2636262513904338,-0.08075639599555061,-0.047830923248053395,-0.12480533926585094,-0.024249165739710785
2022-07-29,-0.26629588431590656,-0.2516129032258065,-0.21913236929922134,-0.26585094549499444,-0.2876529477196885,-0.160845383759733,-0.2756395995550612,-0.14438264738598441,-0.4407119021134594,-0.17018909899888765,-0.07897664071190211,-0.2649610678531702,0.02469410456062291
2022-08-01,-0.21201334816462733,-0.19288097886540603,-0.2053392658509455,-0.19955506117908786,-0.2449388209121246,-0.10567296996662959,-0.17463848720800887,-0.08743047830923248,-0.40155728587319245,-0.1710789766407119,-0.19421579532814237,-0.2676307007786429,-0.01846496106785317
2022-08-02,-0.08120133481646273,-0.1897664071190211,-0.3014460511679644,-0.18086763070077863,-0.31345939933259176,-0.0772054738340685,-0.1132369299221357,-0.0424916573971079,-0.2342602892102336,-0.2729699666295884,-0.27697441601779754,-0.21023359288097884,-0.19332591768631813
2022-08-03,0.0046718576195773085,0.005116796440489433,-0.06251390433815351,-0.11590656284760845,-0.20978865406006672,0.16484983314794216,0.1408231368186874,0.07185761957730812,-0.038042269187986644,-0.1421579532814238,-0.2578420467185762,-0.21334816462736375,-0.24582869855394882
2022-08-04,-0.11813125695216908,-0.014460511679644046,-0.10923248053392658,0.010011123470522802,-0.20934371523915463,0.011345939933259176,0.0011123470522803117,0.12569521690767518,-0.027808676307007785,-0.12791991101223582,-0.24938820912124582,-0.22269187986651834,-0.22091212458286985
2022-08-05,-0.04516129032258065,0.15194660734149054,0.047385984427141266,0.11368186874304784,-0.10656284760845385,0.14527252502780869,0.09988876529477196,0.14883203559510566,-0.0020022246941045607,0.07808676307007786,-0.05850945494994438,-0.027808676307007785,-0.12614015572858733
2022-08-08,-0.0033370411568409346,0.018020022246941044,-0.053170189098998885,0.053170189098998885,-0.16395995550611792,0.06963292547274749,-0.071412680756396,-0.0389321468298109,-0.1421579532814238,0.08120133481646273,-0.015350389321468297,0.1003337041156841,-0.023359288097886538
2022-08-09,0.029143492769744164,0.13948832035595105,-0.03136818687430478,0.0037819799777530586,-0.12703003337041155,0.1479421579532814,0.14571746384872078,0.15728587319243603,-0.0967741935483871,-0.01757508342602892,-0.10255839822024472,-0.11501668520578419,-0.047385984427141266
2022-08-10,0.029588431590656286,0.2088987764182425,0.2324805339265851,0.14838709677419354,0.17152391546162402,0.08031145717463849,-0.060289210233592884,0.005116796440489433,-0.06562847608453837,0.332146829810901,0.36062291434927696,0.3147942157953281,0.3196885428253615
2022-08-11,0.22402669632925473,0.16885428253615126,0.11857619577308119,0.17196885428253617,0.09187986651835373,0.0389321468298109,-0.1439377085650723,-0.06384872080088987,-0.2596218020022247,0.3441601779755284,0.2832035595105673,0.3899888765294772,0.2836484983314794
2022-08-12,0.20222469410456062,-0.01579532814238042,-0.12080088987764183,0.00778642936596218,-0.023359288097886538,0.046941045606229144,-0.07230255839822024,-0.11991101223581756,-0.22269187986651834,0.0878754171301446,-0.04160177975528365,0.22447163515016688,0.07230255839822024
2022-08-15,0.1546162402669633,-0.12525027808676306,-0.2654060066740823,-0.0389321468298109,-0.21423804226918797,-0.06251390433815351,-0.07274749721913237,-0.04872080088987764,-0.035817575083426034,-0.10611790878754171,-0.20177975528364847,0.05050055617352613,-0.16929922135706338
2022-08-16,-0.11368186874304784,-0.2146829810901001,-0.30634037819799775,-0.23114571746384868,-0.30634037819799775,-0.13592880978865407,-0.27208008898776415,-0.22269187986651834,-0.1982202447163515,-0.19733036707452725,-0.15016685205784203,-0.07541713014460512,-0.1479421579532814
2022-08-17,-0.2507230255839822,-0.2507230255839822,-0.04338153503893215,-0.16929922135706338,0.05628476084538376,-0.29299221357063404,-0.36062291434927696,-0.4175750834260289,-0.05272525027808676,0.09365962180200223,0.2182424916573971,0.22358175750834258,0.09187986651835373
2022-08-18,-0.21601779755283645,-0.1096774193548387,0.15773081201334815,-0.03937708565072302,0.27608453837597335,-0.21201334816462733,-0.2253615127919911,-0.3388209121245828,0.2783092324805339,0.1096774193548387,0.2413793103448276,0.16885428253615126,0.10522803114571745
2022-08-19,-0.28142380422691876,-0.14927697441601778,0.2413793103448276,0.07497219132369298,0.1911012235817575,-0.2413793103448276,-0.10522803114571745,-0.19866518353726362,0.33704115684093433,0.1408231368186874,0.1510567296996663,0.12658509454949946,0.007341490545050056
2022-08-22,-0.2560622914349277,0.22491657397107895,0.3757508342602892,0.25294771968854285,0.3125695216907675,0.041156840934371525,0.0046718576195773085,-0.11546162402669634,0.314349276974416,0.2,0.2703003337041157,0.17552836484983317,0.15194660734149054
2022-08-23,-0.09899888765294772,0.2088987764182425,0.2996662958843159,0.2992213570634038,0.2783092324805339,0.1408231368186874,0.03225806451612903,-0.10522803114571745,0.24760845383759733,0.26184649610678534,0.26184649610678534,0.2921023359288098,0.10122358175750834
2022-08-24,0.03937708565072302,0.1439377085650723,0.14438264738598441,0.14705228031145717,0.07007786429365963,0.13014460511679646,-0.038042269187986644,-0.04338153503893215,-0.058954393770856504,0.16974416017797553,0.1439377085650723,0.17730812013348163,0.03670745272525028
2022-08-25,-0.03982202447163515,0.024249165739710785,-0.09010011123470522,-0.020244716351501667,-0.16751946607341492,0.06918798665183537,-0.10255839822024472,-0.060289210233592884,-0.196440489432703,-0.038042269187986644,-0.07452725250278086,0.07230255839822024,-0.04382647385984427
2022-08-26,-0.06918798665183537,-0.10745272525027807,-0.14349276974416017,-0.1385984427141268,-0.3161290322580645,-0.13948832035595105,-0.28231368186874306,-0.2164627363737486,-0.2912124582869855,-0.07096774193548387,-0.12614015572858733,-0.07541713014460512,-0.21379310344827587
2022-08-29,-0.10122358175750834,-0.11190211345939934,-0.2556173526140155,-0.06206896551724137,-0.23781979977753054,-0.1296996662958843,-0.2645161290322581,-0.25428253615127916,-0.20978865406006672,-0.0064516129032258064,-0.09098998887652948,0.010456062291434927,-0.1670745272525028
2022-08-30,-0.059844271412680755,-0.18531701890989988,-0.29521690767519465,-0.19021134593993325,-0.32591768631813123,-0.18309232480533927,-0.20667408231368187,-0.21690767519466073,-0.16796440489432704,-0.18442714126807563,-0.2382647385984427,-0.15417130144605118,-0.27519466073414905
2022-08-31,-0.09187986651835373,-0.24805339265850945,-0.31835372636262516,-0.2413793103448276,-0.3686318131256952,-0.2182424916573971,-0.12747497219132367,-0.2266963292547275,-0.0843159065628476,-0.23292547274749723,-0.28587319243604004,-0.13948832035595105,-0.33793103448275863
2022-09-01,-0.18467015355123015,-0.2507230255839822,-0.21156840934371526,-0.23159065628476083,-0.1875417130144605,-0.15239154616240266,-0.020689655172413793,-0.1203559510567297,0.08698553948832036,-0.2422691879866518,-0.26585094549499444,-0.1764182424916574,-0.23692992213570632
2022-09-02,-0.033592880978865404,-0.15061179087875418,-0.12525027808676306,-0.1875417130144605,-0.09632925472747497,-0.09944382647385984,0.04471635150166852,-0.09232480533926585,0.09899888765294772,-0.11946607341490545,-0.15372636262513903,-0.1292547274749722,-0.1804226918798665
2022-09-06,-0.054505005561735265,-0.2462736373748609,0.00867630700778643,-0.10166852057842046,0.2182424916573971,-0.27919911012235815,0.15906562847608455,-0.061179087875417135,0.2,-0.02736373748609566,-0.08298109010011123,-0.03492769744160178,0.010901001112347052
2022-09-07,-0.14883203559510566,-0.217797552836485,0.046496106785317015,-0.0353726362625139,0.2569521690767519,-0.20800889877641823,0.07230255839822024,-0.09098998887652948,0.22981090100111232,-0.08565072302558399,-0.09899888765294772,-0.02647385984427141,0.028253615127919914
2022-09-08,-0.30948937781898933,-0.05361512791991101,0.023359288097886538,0.2578420467185762,-0.06607341490545049,-0.17374860956618463,0.15372636262513903,0.19021134593993325,0.17152391546162402,0.10122358175750834,-0.08876529477196884,0.12703003337041155,-0.20177975528364847
2022-09-09,-0.04471635150166852,-0.4046718576195773,-0.5363737486095662,-0.36062291434927696,-0.5528364849833148,-0.16395995550611792,-0.2645161290322581,-0.14304783092324808,-0.185761957730812,-0.36240266963292544,-0.5296996662958843,-0.41579532814238046,-0.5025583982202447
2022-09-12,-0.014905450500556172,-0.5377085650723026,-0.5408231368186874,-0.4255839822024471,-0.5403781979977753,-0.12614015572858733,-0.23559510567296996,-0.22180200222469412,-0.1532814238042269,-0.539043381535039,-0.6048943270300334,-0.4602892102335928,-0.5724137931034483
2022-09-13,0.09232480533926585,-0.5968854282536151,-0.5506117908787541,-0.5692992213570635,-0.47230255839822033,-0.27430478309232476,-0.4874304783092325,-0.35706340378198,-0.30233592880978866,-0.4874304783092325,-0.3575083426028921,-0.507007786429366,-0.4313681868743047
2022-09-14,0.14571746384872078,-0.5488320355951056,-0.3045606229143492,-0.5030033370411569,-0.35261401557285876,-0.30945494994438266,-0.30055617352614017,-0.37664071190211346,-0.22091212458286985,-0.2729699666295884,-0.1546162402669633,-0.3975528364849833,-0.2729699666295884
2022-09-15,0.13815350389321468,-0.489210233592881,-0.22269187986651834,-0.40289210233592887,-0.09054505005561733,-0.33392658509454953,-0.22091212458286985,-0.3846496106785317,-0.0967741935483871,-0.22491657397107895,-0.04204671857619577,-0.189321468298109,0.007341490545050056
2022-09-16,0.13236929922135707,-0.2654060066740823,-0.05050055617352613,-0.2395995550611791,-0.09098998887652948,-0.23025583982202447,-0.05361512791991101,-0.1474972191323693,0.08654060066740822,-0.09454949944382647,-0.09054505005561733,-0.18887652947719688,-0.007341490545050056
2022-09-19,0.060734149054505006,-0.27786429365962184,-0.13147942157953282,-0.18531701890989988,-0.05050055617352613,-0.1897664071190211,-0.03626251390433815,-0.1621802002224694,0.14126807563959956,-0.11546162402669634,-0.13770856507230256,-0.1768631813125695,-0.038042269187986644
2022-09-20,0.09944382647385984,0.0353726362625139,-0.014905450500556172,-0.004226918798665183,-0.13548387096774192,0.12302558398220245,0.22625139043381537,0.1897664071190211,0.19288097886540603,-0.08698553948832036,-0.26273637374860953,-0.17908787541713014,-0.22091212458286985
2022-09-21,0.1479421579532814,0.030478309232480537,-0.09187986651835373,-0.07230255839822024,-0.16796440489432704,0.2578420467185762,0.15906562847608455,0.28987764182424913,0.10433815350389322,-0.09543937708565071,-0.2631813125695217,-0.296551724137931,-0.3050055617352614
2022-09-22,0.14927697441601778,-0.05494994438264739,-0.1621802002224694,-0.034482758620689655,-0.05272525027808676,0.2266963292547275,0.11635150166852058,0.14883203559510566,0.04338153503893215,-0.1884315906562848,-0.21957730812013349,-0.217797552836485,-0.15951056729699667
2022-09-23,0.07764182424916574,0.13192436040044492,-0.26941045606229147,0.023359288097886538,-0.3446051167964405,0.47274749721913245,0.21245828698553948,0.3446051167964405,-0.1385984427141268,-0.16262513904338155,-0.43893214682981085,-0.17819799777530587,-0.3971078976640712
2022-09-26,0.15194660734149054,0.11368186874304784,-0.2146829810901001,-0.05361512791991101,-0.22447163515016688,0.3397107897664071,0.09721913236929922,0.19332591768631813,-0.11457174638487205,-0.07185761957730812,-0.2088987764182425,-0.13681868743047831,-0.13281423804226916
2022-09-27,0.03492769744160178,0.025583982202447165,-0.26629588431590656,-0.12302558398220245,-0.2525027808676307,0.3263626251390434,0.00867630700778643,0.12658509454949946,-0.2622914349276974,-0.0878754171301446,-0.2578420467185762,-0.21290322580645163,-0.11279199110122358
2022-09-28,0.2200222469410456,-0.08298109010011123,-0.3067853170189099,-0.22580645161290322,-0.20133481646273638,0.2547274749721913,-0.045606229143492764,0.047385984427141266,-0.25739710789766407,-0.15372636262513903,-0.18264738598442715,-0.20177975528364847,-0.018020022246941044
2022-09-29,0.14260289210233593,0.07497219132369298,-0.20934371523915463,-0.2622914349276974,-0.16840934371523916,0.28898776418242494,-0.12347052280311456,-0.09098998887652948,-0.3993325917686318,-0.10389321468298107,-0.05583982202447163,-0.16440489432703,0.08298109010011123
2022-09-30,0.07185761957730812,-0.07853170189098999,-0.24093437152391545,-0.15906562847608455,-0.20222469410456062,0.09010011123470522,-0.1911012235817575,-0.18798665183537264,-0.33704115684093433,-0.09232480533926585,-0.045606229143492764,-0.05361512791991101,-0.08342602892102337
2022-10-03,0.11813125695216908,0.22625139043381537,-0.0424916573971079,-0.16885428253615126,-0.28409343715239155,0.3196885428253615,-0.060289210233592884,-0.04827586206896552,-0.33303670745272523,0.03181312569521691,-0.030033370411568408,-0.1332591768631813,-0.15194660734149054
2022-10-04,0.17241379310344826,0.2716351501668521,0.22625139043381537,0.10745272525027807,-0.020689655172413793,0.25339265850945497,0.046496106785317015,-0.11279199110122358,-0.015350389321468297,0.25739710789766407,0.12836484983314794,0.16885428253615126,-0.05494994438264739
2022-10-05,-0.005116796440489433,0.14482758620689654,0.14927697441601778,0.1599555061179088,-0.04382647385984427,0.20978865406006672,0.09899888765294772,-0.1203559510567297,0.16395995550611792,0.12169076751946609,-0.07497219132369298,0.20266963292547271,-0.17908787541713014
2022-10-06,-0.017577038711502627,0.03314794215795328,0.0024471635150166847,0.15639599555061176,0.005561735261401557,0.060289210233592884,-0.04338153503893215,-0.12258064516129033,0.13770856507230256,0.07986651835372637,-0.05005561735261402,0.14482758620689654,-0.13770856507230256
2022-10-07,0.0424916573971079,0.20756395995550608,0.0037819799777530586,0.27474972191323693,0.12169076751946609,0.01668520578420467,0.05183537263626252,-0.015350389321468297,0.418020022246941,0.1670745272525028,-0.03982202447163515,0.18264738598442715,-0.18264738598442715
2022-10-10,0.10834260289210233,0.04872080088987764,-0.0389321468298109,0.07853170189098999,-0.11457174638487205,0.060289210233592884,0.03848720800889878,0.008231368186874304,0.2956618464961067,-0.02513904338153504,-0.1568409343715239,-0.053170189098998885,-0.3423804226918799
2022-10-11,0.13014460511679646,0.016240266963292546,-0.10166852057842046,-0.04160177975528365,-0.11768631813125695,0.056729699666295874,0.06562847608453837,0.053170189098998885,0.17908787541713014,-0.1510567296996663,-0.09721913236929922,-0.13236929922135707,-0.3797552836484983
2022-10-12,-0.019799777530589546,-0.07497219132369298,-0.14571746384872078,-0.11190211345939934,-0.2289210233592881,0.00778642936596218,0.10567296996662959,0.12703003337041155,0.12480533926585094,-0.18487208008898778,-0.20978865406006672,-0.2266963292547275,-0.4126807563959955
2022-10-13,0.13993325917686317,0.06651835372636263,-0.04160177975528365,-0.0002224694104560623,-0.07630700778642936,0.2507230255839822,0.33348164627363736,0.2569521690767519,0.28587319243604004,-0.12525027808676306,-0.1604004449388209,-0.13103448275862067,-0.27519466073414905
2022-10-14,0.12302558398220245,0.055394883203559515,-0.0046718576195773085,0.0389321468298109,-0.05761957730812013,0.06918798665183537,0.1221357063403782,0.08921023359288098,0.2921023359288098,0.03626251390433815,-0.05939933259176862,0.064293659621802,-0.2996662958843159
2022-10-17,0.14705228031145717,0.13815350389321468,0.19154616240266964,0.13147942157953282,0.12569521690767518,0.08342602892102337,0.2204671857619577,0.0932146829810901,0.3908787541713014,0.17241379310344826,0.08609566184649611,0.10611790878754171,-0.09276974416017797
2022-10-18,0.058954393770856504,0.1710789766407119,0.28854282536151277,0.20266963292547271,0.19288097886540603,0.15016685205784203,0.36284760845383757,0.1768631813125695,0.4994438264738598,0.15595105672969967,0.10878754171301447,0.1243604004449388,-0.07497219132369298
2022-10-19,0.14527252502780869,0.07096774193548387,0.23292547274749723,0.05939933259176862,0.19688542825361513,0.13770856507230256,0.26985539488320354,0.10745272525027807,0.35706340378198,0.03136818687430478,0.10300333704115683,0.022914349276974413,-0.04427141268075639
2022-10-20,-0.021579532814238044,0.1385984427141268,0.2738598442714127,0.1906562847608454,0.33303670745272523,0.2146829810901001,0.47185761957730815,0.35172413793103446,0.5897664071190212,-0.014905450500556172,-0.0028921023359288096,0.02246941045606229,-0.05094549499443826
2022-10-21,-0.09988876529477196,-0.0460511679644049,-0.15283648498331479,0.11724137931034483,-0.07363737486095662,0.12791991101223582,0.21957730812013349,0.21557285873192436,0.40956618464961064,-0.15150166852057842,-0.20978865406006672,0.0028921023359288096,-0.1657397107897664
2022-10-24,-0.1911012235817575,-0.2489432703003337,-0.2422691879866518,-0.16840934371523916,-0.189321468298109,-0.17508342602892102,-0.1532814238042269,-0.0731924360400445,0.017130144605116793,-0.24004449388209118,-0.07586206896551724,-0.17018909899888765,-0.20311457174638486
2022-10-25,-0.0771968854282536,-0.3503893214682981,-0.48565072302558404,-0.4091212458286986,-0.4175750834260289,-0.17063403781979977,-0.3014460511679644,-0.13058954393770855,0.0028921023359288096,-0.38509454949944383,-0.3637374860956618,-0.2756395995550612,-0.435817575083426
2022-10-26,-0.0825361512791991,-0.10344827586206896,-0.13770856507230256,-0.1959955506117909,-0.21379310344827587,-0.10211345939933258,-0.17374860956618463,-0.07764182424916574,0.05761957730812013,-0.10389321468298107,-0.04872080088987764,-0.20444938820912126,-0.2289210233592881
2022-10-27,-0.24716351501668518,-0.2600667408231368,-0.2667408231368187,-0.3446051167964405,-0.19688542825361513,-0.14171301446051168,-0.1408231368186874,-0.1635150166852058,-0.06384872080088987,-0.30055617352614017,-0.1657397107897664,-0.3187986651835373,-0.19243604004449388
2022-10-28,-0.2716351501668521,-0.6231368186874304,-0.49365962180200224,-0.5470522803114571,-0.2307007786429366,-0.4838709677419355,-0.5078976640711901,-0.4411568409343715,-0.3432703003337041,-0.5056729699666296,-0.3103448275862069,-0.4206896551724138,-0.17374860956618463
2022-10-31,-0.24938820912124582,-0.5345939933259177,-0.37263626251390436,-0.5078976640711901,-0.13726362625139044,-0.4780867630700778,-0.43804226918798667,-0.45494994438264746,-0.30945494994438266,-0.28142380422691876,-0.10433815350389322,-0.2938820912124583,-0.023359288097886538
2022-11-01,-0.15239154616240266,-0.5452725250278087,-0.4651835372636262,-0.435817575083426,-0.10433815350389322,-0.5657397107897664,-0.4616240266963292,-0.4647385984427141,-0.2947719688542826,-0.2854282536151279,-0.13948832035595105,-0.16840934371523916,0.026028921023359287
2022-11-02,0.07541713014460512,-0.4398220244716351,-0.3139043381535039,-0.3512791991101224,-0.06384872080088987,-0.31568409343715237,-0.28898776418242494,-0.28186874304783094,-0.07808676307007786,-0.3027808676307008,-0.17997775305895441,-0.20088987764182425,0.06562847608453837
2022-11-03,0.1096774193548387,-0.42335928809788653,-0.17419354838709677,-0.2716351501668521,0.10745272525027807,-0.4625139043381535,-0.33704115684093433,-0.40111234705228027,-0.025583982202447165,-0.19377085650723025,-0.05094549499443826,-0.09454949944382647,0.13147942157953282
2022-11-04,0.11768631813125695,-0.2863181312569522,0.0011123470522803117,-0.06518353726362626,0.1604004449388209,-0.37352614015572855,-0.14927697441601778,-0.23025583982202447,0.03270300333704116,0.040711902113459396,0.2146829810901001,0.11902113459399331,0.2551724137931034
2022-11-07,0.23470522803114574,-0.2556173526140155,-0.11768631813125695,-0.015350389321468297,-0.06206896551724137,-0.2600667408231368,-0.12791991101223582,-0.07408231368186874,-0.04961067853170189,0.004226918798665183,-0.013125695216907676,0.03225806451612903,0.004226918798665183
2022-11-08,0.19243604004449388,-0.2520578420467186,-0.17552836484983317,-0.1345939933259177,-0.14571746384872078,-0.15061179087875418,-0.06340378197997774,-0.07853170189098999,-0.15150166852057842,-0.11012235817575085,-0.06874304783092325,-0.12747497219132367,-0.07274749721913237
2022-11-09,-0.009121245828698554,-0.2774193548387097,-0.1906562847608454,-0.207119021134594,-0.10389321468298107,-0.2053392658509455,-0.18487208008898778,-0.15150166852057842,-0.17819799777530587,-0.14349276974416017,-0.056729699666295874,-0.10122358175750834,-0.11590656284760845
2022-11-10,0.1350389321468298,-0.20266963292547271,-0.1804226918798665,-0.15150166852057842,-0.1243604004449388,0.01579532814238042,0.19421579532814237,0.053170189098998885,-0.056729699666295874,-0.24004449388209118,-0.2867630700778643,-0.20355951056729701,-0.20622914349276972
2022-11-11,0.3210233592880979,-0.027808676307007785,-0.06518353726362626,0.01846496106785317,-0.02736373748609566,0.04471635150166852,-0.07007786429365963,0.08565072302558399,-0.04471635150166852,0.04872080088987764,-0.07630700778642936,0.02202447163515017,-0.047385984427141266
2022-11-14,0.2387096774193548,0.0424916573971079,-0.02736373748609566,0.04293659621802002,0.0033370411568409346,0.09588431590656285,-0.04471635150166852,0.023804226918798663,-0.057174638487208,0.10255839822024472,0.06384872080088987,0.060734149054505006,0.04293659621802002
2022-11-15,0.11190211345939934,0.217797552836485,0.014460511679644046,0.07586206896551724,-0.0135706340378198,0.15016685205784203,-0.06295884315906564,0.02736373748609566,-0.12080088987764183,0.21201334816462733,0.0389321468298109,0.09365962180200223,0.04160177975528365
2022-11-16,-0.17819799777530587,0.023804226918798663,0.08342602892102337,-0.02513904338153504,0.07185761957730812,0.05272525027808676,0.05583982202447163,-0.016240266963292546,0.14660734149054505,-0.04916573971078977,-0.012235817575083427,-0.040711902113459396,0.08698553948832036
2022-11-17,-0.2996662958843159,-0.08298109010011123,-0.01268075639599555,-0.07675194660734148,0.12347052280311456,-0.17330367074527253,-0.160845383759733,-0.21557285873192436,-0.15239154616240266,0.0006674082313681868,0.21735261401557288,0.07853170189098999,0.4264738598442714
2022-11-18,-0.4100111234705228,-0.0843159065628476,-0.14883203559510566,-0.2204671857619577,-0.02513904338153504,-0.10789766407119021,-0.18131256952169075,-0.24271412680756396,-0.20934371523915463,-0.057174638487208,0.046941045606229144,-0.057174638487208,0.13637374860956616
2022-11-21,-0.2289210233592881,0.06963292547274749,0.09899888765294772,0.038042269187986644,0.2956618464961067,-0.16129032258064516,-0.19332591768631813,-0.1670745272525028,-0.013125695216907676,0.0967741935483871,0.19555061179087874,0.12258064516129033,0.29699666295884314
2022-11-22,-0.22224694104560622,0.04471635150166852,0.12480533926585094,0.05406006674082313,0.20222469410456062,-0.026918798665183537,-0.0028921023359288096,-0.08654060066740822,0.23648498331479423,0.12703003337041155,0.10389321468298107,0.12080088987764183,0.02736373748609566
2022-11-23,-0.15639599555061176,0.02246941045606229,0.1532814238042269,0.1804226918798665,0.05094549499443826,-0.10077864293659622,0.12347052280311456,0.018020022246941044,0.4100111234705228,0.185761957730812,0.028698553948832032,0.1911012235817575,-0.14126807563959956
2022-11-25,-0.10567296996662959,-0.025583982202447165,0.008231368186874304,0.06607341490545049,-0.11279199110122358,-0.02469410456062291,0.10789766407119021,-0.0002224694104560623,0.41846496106785314,0.010901001112347052,-0.18309232480533927,0.053170189098998885,-0.2547274749721913
2022-11-28,-0.17597330367074526,-0.12836484983314794,-0.060734149054505006,0.0424916573971079,-0.2916573971078976,-0.034037819799777526,0.04916573971078977,0.0024471635150166847,0.3423804226918799,-0.12569521690767518,-0.3290322580645161,-0.1345939933259177,-0.35795328142380417
2022-11-29,-0.19377085650723025,-0.07586206896551724,0.05761957730812013,0.04827586206896552,-0.13281423804226916,-0.09276974416017797,0.06918798665183537,0.007341490545050056,0.17508342602892102,0.0020022246941045607,-0.016240266963292546,-0.10789766407119021,-0.09988876529477196
2022-11-30,-0.18531701890989988,-0.06651835372636263,0.06963292547274749,0.012235817575083427,-0.06696329254727475,-0.00778642936596218,0.24716351501668518,0.15194660734149054,0.35973303670745277,0.023359288097886538,-0.01757508342602892,-0.05050055617352613,-0.04293659621802002
2022-12-01,0.014905450500556172,-0.07675194660734148,-0.01935483870967742,-0.07541713014460512,-0.02736373748609566,0.09054505005561733,0.31345939933259176,0.2943270300333704,0.421579532814238,-0.13014460511679646,-0.21201334816462733,-0.20311457174638486,-0.25339265850945497
2022-12-02,0.10700778642936595,0.15951056729699667,0.12525027808676306,0.11368186874304784,-0.01268075639599555,0.2253615127919911,0.14660734149054505,0.22269187986651834,0.1581757508342603,0.11056729699666296,0.02202447163515017,-0.07274749721913237,-0.10656284760845385
2022-12-05,0.23114571746384868,0.3637374860956618,0.300111234705228,0.24938820912124582,0.24093437152391545,0.14571746384872078,0.0878754171301446,0.1332591768631813,0.09588431590656285,0.21379310344827587,0.3228031145717464,0.08698553948832036,0.2547274749721913
2022-12-06,0.13192436040044492,-0.007341490545050056,-0.17419354838709677,-0.1132369299221357,-0.04471635150166852,0.24404894327030033,-0.09944382647385984,0.0135706340378198,-0.17819799777530587,-0.20934371523915463,-0.11902113459399331,-0.14438264738598441,0.07096774193548387
2022-12-07,0.13726362625139044,0.05761957730812013,-0.11546162402669634,-0.0914349276974416,-0.07942157953281423,0.289432703003337,0.02513904338153504,0.058954393770856504,-0.05583982202447163,-0.16840934371523916,-0.13192436040044492,-0.15550611790878754,-0.04160177975528365
2022-12-08,0.15194660734149054,0.009121245828698554,0.00778642936596218,-0.15595105672969967,0.046496106785317015,0.10344827586206896,-0.3410456062291435,-0.26184649610678534,-0.2796440489432703,0.021134593993325918,0.14438264738598441,0.008231368186874304,0.20088987764182425
2022-12-09,0.08298109010011123,-0.046496106785317015,-0.08031145717463849,-0.0825361512791991,0.13058954393770855,0.09410456062291435,-0.26941045606229147,-0.2453837597330367,-0.19332591768631813,-0.02647385984427141,0.1586206896551724,0.0371523915461624,0.3161290322580645
2022-12-12,-0.12791991101223582,-0.12080088987764183,0.0002224694104560623,0.04338153503893215,0.17864293659621802,-0.054505005561735265,-0.23559510567296996,-0.1884315906562848,0.026028921023359287,-0.02736373748609566,0.06785317018909899,0.13014460511679646,0.31790878754171303
2022-12-13,-0.03270300333704116,-0.19955506117908786,-0.22358175750834258,-0.10656284760845385,-0.020244716351501667,-0.08387096774193549,-0.27608453837597335,-0.29032258064516125,-0.21690767519466073,-0.04961067853170189,-0.0011123470522803117,0.14972191323692993,0.18086763070077863
2022-12-14,-0.06473859844271414,-0.2342602892102336,-0.296551724137931,-0.17419354838709677,-0.09543937708565071,-0.15595105672969967,-0.3797552836484983,-0.2489432703003337,-0.2640711902113459,-0.05494994438264739,0.02513904338153504,0.06740823136818688,0.09944382647385984
2022-12-15,-0.17552836484983317,-0.2053392658509455,-0.1710789766407119,-0.1884315906562848,-0.11101223581757509,-0.22580645161290322,-0.45850945494994433,-0.29521690767519465,-0.32947719688542826,-0.01668520578420467,0.17997775305895441,0.08075639599555061,0.0878754171301446
2022-12-16,-0.20978865406006672,-0.09410456062291435,0.010456062291434927,-0.12747497219132367,0.13726362625139044,-0.1332591768631813,-0.26985539488320354,-0.21557285873192436,-0.36729699666295884,0.11012235817575085,0.2266963292547275,0.056729699666295874,0.18487208008898778
2022-12-19,-0.22180200222469412,0.1884315906562848,0.19332591768631813,0.06607341490545049,0.10789766407119021,0.06251390433815351,-0.064293659621802,0.041156840934371525,-0.2654060066740823,0.2836484983314794,0.189321468298109,0.1221357063403782,0.15372636262513903
2022-12-20,-0.2453837597330367,0.21290322580645163,0.2511679644048943,0.2716351501668521,0.04916573971078977,0.08075639599555061,0.0371523915461624,0.08832035595105672,-0.19510567296996661,0.2827586206896551,0.16618464961067853,0.20800889877641823,0.012235817575083427
2022-12-21,-0.3446051167964405,0.1403781979977753,0.057174638487208,0.2453837597330367,-0.07853170189098999,0.19911012235817574,0.16173526140155728,0.13948832035595105,-0.0932146829810901,0.014015572858731925,-0.15150166852057842,0.09276974416017797,-0.10255839822024472
2022-12-22,-0.3686318131256952,0.018020022246941044,-0.12658509454949946,0.053170189098998885,-0.22135706340378197,0.10255839822024472,0.03982202447163515,0.0424916573971079,-0.10255839822024472,-0.018909899888765295,-0.15639599555061176,-0.046941045606229144,-0.10478309232480533
2022-12-23,-0.3886540600667408,0.046496106785317015,-0.15550611790878754,-0.054505005561735265,-0.21735261401557288,0.12836484983314794,0.060289210233592884,0.07452725250278086,-0.1296996662958843,-0.09054505005561733,-0.15906562847608455,-0.17819799777530587,-0.20311457174638486
2022-12-27,-0.3067853170189099,-0.1875417130144605,-0.3468298109010011,-0.40111234705228027,-0.37842046718576194,0.02513904338153504,-0.014905450500556172,0.009121245828698554,-0.3481646273637375,-0.2711902113459399,-0.31345939933259176,-0.4197997775305895,-0.22491657397107895
2022-12-28,-0.2912124582869855,-0.20667408231368187,-0.36774193548387096,-0.4589543937708565,-0.3419354838709677,0.10255839822024472,-0.05761957730812013,-0.018020022246941044,-0.3842046718576196,-0.33125695216907675,-0.28987764182424913,-0.439377085650723,-0.059844271412680755
2022-12-29,-0.23381535038932147,-0.21334816462736375,-0.26807563959955505,-0.3842046718576196,-0.1870967741935484,0.09410456062291435,-0.1546162402669633,-0.06651835372636263,-0.35706340378198,-0.23337041156840932,-0.14616240266963293,-0.2854282536151279,-0.014905450500556172
2022-12-30,-0.17241379310344826,-0.27430478309232476,-0.28186874304783094,-0.3414905450500556,-0.17330367074527253,0.02736373748609566,-0.08743047830923248,-0.14260289210233593,-0.4068965517241379,-0.2654060066740823,-0.17063403781979977,-0.18175750834260287,0.07185761957730812
2023-01-03,-0.20978865406006672,-0.189321468298109,-0.15906562847608455,-0.3196885428253615,-0.11946607341490545,0.10700778642936595,0.08164627363737487,-0.026918798665183537,-0.19021134593993325,-0.2738598442714127,-0.19377085650723025,-0.2587319243604005,0.058064516129032254
2023-01-04,-0.24582869855394882,0.012235817575083427,0.09499443826473859,-0.10478309232480533,0.07096774193548387,0.0967741935483871,0.1982202447163515,0.14304783092324808,0.08387096774193549,-0.10122358175750834,-0.0024471635150166847,-0.12169076751946609,0.2182424916573971
2023-01-05,-0.2640711902113459,-0.02736373748609566,-0.03181312569521691,-0.15595105672969967,0.03314794215795328,0.1474972191323693,0.13548387096774192,0.1906562847608454,-0.04516129032258065,-0.19377085650723025,-0.08654060066740822,-0.2556173526140155,0.07586206896551724
2023-01-06,-0.23692992213570632,-0.02469410456062291,-0.08342602892102337,-0.16484983314794216,0.05361512791991101,0.06162402669632924,0.11012235817575085,0.13147942157953282,-0.055394883203559515,-0.2489432703003337,-0.10478309232480533,-0.23915461624026696,0.1982202447163515
2023-01-09,-0.20934371523915463,-0.046941045606229144,-0.06206896551724137,-0.14927697441601778,0.08698553948832036,0.014460511679644046,0.09410456062291435,0.15595105672969967,0.018020022246941044,-0.24849833147942155,-0.08698553948832036,-0.2182424916573971,0.2146829810901001
2023-01-10,-0.12525027808676306,-0.26273637374860953,-0.28186874304783094,-0.22847608453837595,-0.025583982202447165,-0.09810901001112346,-0.12347052280311456,0.033592880978865404,-0.12480533926585094,-0.3076751946607342,-0.17508342602892102,-0.22358175750834258,0.09098998887652948
2023-01-11,-0.11234705228031144,-0.1875417130144605,-0.2551724137931034,-0.10344827586206896,-0.08476084538375972,0.022914349276974413,0.06874304783092325,0.10433815350389322,0.00689655172413793,-0.24048943270300333,-0.19021134593993325,-0.14527252502780869,0.03759733036707453
2023-01-12,-0.15372636262513903,0.005561735261401557,0.026918798665183537,-0.010901001112347052,0.16840934371523916,-0.01846496106785317,0.1439377085650723,0.16173526140155728,0.09543937708565071,-0.018909899888765295,0.12080088987764183,0.01935483870967742,0.217797552836485
2023-01-13,-0.22447163515016688,-0.05228031145717464,0.03982202447163515,0.07764182424916574,0.08565072302558399,-0.09766407119021134,0.19199110122358176,0.27697441601779754,0.0028921023359288096,0.058954393770856504,0.0002224694104560623,0.005116796440489433,0.08832035595105672
2023-01-17,-0.2996662958843159,-0.15150166852057842,-0.1604004449388209,-0.06162402669632924,-0.12302558398220245,-0.11234705228031144,-0.02736373748609566,0.14527252502780869,-0.02202447163515017,-0.10567296996662959,-0.11724137931034483,-0.057174638487208,-0.08921023359288098
2023-01-18,-0.14883203559510566,-0.00867630700778643,-0.047385984427141266,-0.033592880978865404,-0.10255839822024472,-0.060734149054505006,0.13414905450500555,0.15728587319243603,0.022914349276974413,0.0020022246941045607,-0.026028921023359287,-0.053170189098998885,-0.13770856507230256
2023-01-19,-0.04471635150166852,-0.15951056729699667,0.05628476084538376,0.11590656284760845,0.13236929922135707,-0.33392658509454953,-0.06918798665183537,0.045606229143492764,0.1532814238042269,0.2360400444938821,0.20622914349276972,0.17775305895439378,0.14171301446051168
2023-01-20,0.12347052280311456,-0.1408231368186874,0.10611790878754171,0.14438264738598441,0.12791991101223582,-0.3450500556173526,0.03937708565072302,0.047385984427141266,0.32057842046718577,0.13815350389321468,0.09899888765294772,0.16662958843159065,-0.008231368186874304
2023-01-23,0.2671857619577308,-0.10923248053392658,0.18531701890989988,0.18887652947719688,0.2324805339265851,-0.2711902113459399,0.08342602892102337,0.0353726362625139,0.4024471635150167,0.21023359288097884,0.21601779755283645,0.19688542825361513,0.04827586206896552
2023-01-24,0.2556173526140155,-0.03492769744160178,0.07897664071190211,0.1906562847608454,-0.018020022246941044,-0.17463848720800887,-0.11012235817575085,0.08164627363737487,0.14260289210233593,0.20578420467185762,0.0731924360400445,0.1835372636262514,-0.08921023359288098
2023-01-25,0.1982202447163515,-0.10478309232480533,0.03181312569521691,0.18309232480533927,-0.15150166852057842,-0.20845383759733035,-0.06785317018909899,0.10789766407119021,0.007341490545050056,0.2453837597330367,0.05583982202447163,0.21067853170189096,-0.1635150166852058
2023-01-26,0.33036707452725245,-0.1804226918798665,0.00867630700778643,0.03982202447163515,-0.1439377085650723,-0.21735261401557288,-0.009121245828698554,0.029588431590656286,-0.10478309232480533,0.12347052280311456,0.08654060066740822,0.05050055617352613,-0.1439377085650723
2023-01-27,0.31746384872080086,-0.2711902113459399,-0.07586206896551724,-0.19377085650723025,0.022914349276974413,-0.1884315906562848,-0.01935483870967742,-0.15951056729699667,0.046496106785317015,-0.13236929922135707,0.0011123470522803117,-0.033592880978865404,0.016240266963292546
2023-01-30,0.11857619577308119,0.11991101223581756,0.2983314794215795,0.1875417130144605,0.21156840934371526,-0.06651835372636263,0.22758620689655173,0.05494994438264739,0.35661846496106786,0.2578420467185762,0.20756395995550608,0.15906562847608455,0.1586206896551724
2023-01-31,0.10077864293659622,0.37263626251390436,0.41090100111234706,0.39532814238042263,0.2088987764182425,0.09054505005561733,0.37352614015572855,0.2587319243604005,0.4513904338153503,0.2996662958843159,0.27430478309232476,0.29076751946607343,0.11101223581757509
2023-02-01,-0.07808676307007786,0.20622914349276972,0.21735261401557288,0.3419354838709677,0.19332591768631813,0.057174638487208,0.33303670745272523,0.23470522803114574,0.45984427141268075,0.23470522803114574,0.1239154616240267,0.27519466073414905,-0.03492769744160178
2023-02-02,-0.1243604004449388,-0.18264738598442715,-0.06384872080088987,0.020689655172413793,0.034037819799777526,-0.12124582869855395,-0.11946607341490545,-0.020689655172413793,0.07363737486095662,-0.02246941045606229,0.06162402669632924,0.13281423804226916,-0.009121245828698554
2023-02-03,-0.16173526140155728,0.06963292547274749,0.10166852057842046,0.12614015572858733,0.06607341490545049,0.11190211345939934,0.21201334816462733,0.16529477196885425,0.19733036707452725,0.12302558398220245,0.10878754171301447,0.19332591768631813,-0.030923248053392655
2023-02-06,-0.17552836484983317,0.11279199110122358,0.1621802002224694,0.16484983314794216,-0.0006674082313681868,0.03982202447163515,0.2676307007786429,0.1982202447163515,0.1510567296996663,0.2395995550611791,0.11946607341490545,0.16974416017797553,-0.021134593993325918
2023-02-07,-0.07986651835372637,0.08698553948832036,0.2204671857619577,0.28720800889877635,0.06696329254727475,-0.06473859844271414,0.24716351501668518,0.2671857619577308,0.2556173526140155,0.31523915461624025,0.13058954393770855,0.24716351501668518,0.02246941045606229
2023-02-08,-0.11056729699666296,0.17864293659621802,0.21379310344827587,0.2342602892102336,0.024249165739710785,0.09410456062291435,0.44160177975528364,0.4091212458286986,0.31746384872080086,0.16796440489432704,0.07630700778642936,0.015350389321468297,-0.0460511679644049
2023-02-09,-0.32769744160177977,-0.059844271412680755,-0.11368186874304784,0.021134593993325918,-0.10878754171301447,-0.06251390433815351,0.041156840934371525,0.25383759733036704,0.023359288097886538,-0.010456062291434927,-0.08921023359288098,-0.053170189098998885,-0.027808676307007785
2023-02-10,-0.23114571746384868,-0.1296996662958843,-0.15283648498331479,-0.09365962180200223,-0.04827586206896552,-0.08520578420467186,0.0914349276974416,0.19510567296996661,-0.10745272525027807,-0.06340378197997774,-0.12480533926585094,-0.08298109010011123,0.040711902113459396
2023-02-13,-0.1670745272525028,-0.23159065628476083,-0.10344827586206896,-0.05850945494994438,-0.05494994438264739,-0.023804226918798663,0.17597330367074526,0.16307007786429364,-0.08698553948832036,-0.18131256952169075,-0.20444938820912126,-0.12169076751946609,-0.040266963292547274
2023-02-14,-0.1599555061179088,-0.20622914349276972,-0.15728587319243603,-0.13815350389321468,-0.05939933259176862,-0.05272525027808676,0.035817575083426034,0.07764182424916574,0.0424916573971079,-0.20355951056729701,-0.20978865406006672,-0.13414905450500555,-0.14438264738598441
2023-02-15,-0.2146829810901001,-0.15194660734149054,0.11457174638487205,-0.09187986651835373,0.04338153503893215,-0.1635150166852058,-0.03982202447163515,-0.010011123470522802,0.0064516129032258064,0.040266963292547274,0.22180200222469412,-0.053170189098998885,0.024249165739710785
2023-02-16,-0.2182424916573971,0.10077864293659622,0.34949944382647385,0.0967741935483871,0.2636262513904338,-0.020689655172413793,0.28142380422691876,0.16484983314794216,0.1839822024471635,0.13103448275862067,0.21379310344827587,0.03626251390433815,0.13058954393770855
2023-02-17,-0.2053392658509455,-0.09187986651835373,0.06251390433815351,0.02647385984427141,0.21423804226918797,-0.22714126807563956,-0.06829810901001113,-0.012235817575083427,0.046496106785317015,0.05939933259176862,0.1764182424916574,0.12302558398220245,0.15061179087875418
2023-02-21,-0.22625139043381537,0.32591768631813123,0.1870967741935484,0.35795328142380417,0.10522803114571745,0.13770856507230256,0.09944382647385984,0.17285873192436038,0.03848720800889878,0.2938820912124583,0.1835372636262514,0.2186874304783092,0.1884315906562848
2023-02-22,-0.3828698553948832,0.11857619577308119,0.02202447163515017,0.15283648498331479,0.011345939933259176,-0.0046718576195773085,-0.20266963292547271,-0.07185761957730812,-0.22758620689655173,0.217797552836485,0.2088987764182425,0.2912124582869855,0.2525027808676307
2023-02-23,-0.20578420467185762,-0.028253615127919914,0.02469410456062291,0.06562847608453837,-0.18531701890989988,-0.2796440489432703,-0.3041156840934371,-0.19777530589543937,-0.2516129032258065,0.35973303670745277,0.20266963292547271,0.189321468298109,-0.010011123470522802
2023-02-24,0.1003337041156841,-0.3196885428253615,-0.3410456062291435,-0.31345939933259176,-0.3815350389321468,-0.24048943270300333,-0.4100111234705228,-0.36551724137931035,-0.56440489432703,-0.1350389321468298,-0.14616240266963293,-0.14616240266963293,-0.16974416017797553
2023-02-27,0.05939933259176862,-0.4100111234705228,-0.43715239154616237,-0.3619577308120133,-0.39221357063403783,-0.40556173526140155,-0.4981090100111235,-0.3650723025583982,-0.5995550611790879,-0.1599555061179088,-0.2293659621802002,-0.20444938820912126,-0.2053392658509455
2023-02-28,-0.05761957730812013,-0.4420467185761958,-0.4273637374860957,-0.4024471635150167,-0.36729699666295884,-0.3979977753058954,-0.49988876529477194,-0.439377085650723,-0.5305895439377085,-0.22491657397107895,-0.21023359288097884,-0.2418242491657397,-0.14705228031145717
2023-03-01,-0.071412680756396,-0.48031145717463847,-0.49365962180200224,-0.49543937708565067,-0.3899888765294772,-0.41579532814238046,-0.5488320355951056,-0.4567296996662959,-0.4838709677419355,-0.32591768631813123,-0.2671857619577308,-0.3045606229143492,-0.20489432703003335
2023-03-02,-0.07541713014460512,-0.5363737486095662,-0.4909899888765294,-0.560845383759733,-0.4082313681868743,-0.4682981090100112,-0.44916573971078977,-0.5813125695216907,-0.5003337041156841,-0.47897664071190205,-0.2961067853170189,-0.3027808676307008,-0.15728587319243603
2023-03-03,-0.11234705228031144,-0.5937708565072302,-0.49410456062291436,-0.5768631813125694,-0.2978865406006674,-0.589321468298109,-0.539043381535039,-0.6863181312569522,-0.3503893214682981,-0.3721913236929922,-0.22625139043381537,-0.20934371523915463,-0.09365962180200223
2023-03-06,-0.0896551724137931,-0.3530589543937709,-0.1403781979977753,-0.3957730812013348,0.029143492769744164,-0.37842046718576194,-0.3352614015572859,-0.4914349276974415,-0.0825361512791991,-0.2502780867630701,-0.10656284760845385,-0.23781979977753054,0.026028921023359287
2023-03-07,-0.07408231368186874,-0.4589543937708565,-0.21512791991101224,-0.3917686318131257,0.289432703003337,-0.5016685205784205,-0.3971078976640712,-0.5141268075639599,0.10389321468298107,-0.31746384872080086,-0.059844271412680755,-0.14260289210233593,0.2800889877641824
2023-03-08,-0.0037819799777530586,-0.3837597330367074,-0.11101223581757509,-0.2395995550611791,0.47497219132369295,-0.4509454949944383,-0.26852057842046717,-0.4874304783092325,0.2200222469410456,-0.22358175750834258,0.10077864293659622,-0.02202447163515017,0.3984427141268076
2023-03-09,-0.0002224694104560623,-0.2983314794215795,0.10656284760845385,-0.10522803114571745,0.5626251390433815,-0.4229143492769744,-0.1804226918798665,-0.3864293659621802,0.4647385984427141,-0.08876529477196884,0.4100111234705228,0.2004449388209121,0.4384872080088987
2023-03-10,-0.07230255839822024,-0.2200222469410456,0.22803114571746386,0.04916573971078977,0.5519466073414906,-0.3939933259176863,-0.09766407119021134,-0.24360400444938823,0.44471635150166855,0.023804226918798663,0.33303670745272523,0.3054505005561735,0.41357063403781974
2023-03-13,-0.11679644048943269,-0.2293659621802002,0.22091212458286985,-0.020689655172413793,0.4362625139043382,-0.3219132369299221,-0.13993325917686317,-0.20311457174638486,0.2511679644048943,0.12258064516129033,0.36729699666295884,0.34015572858731924,0.35795328142380417
2023-03-14,0.10478309232480533,-0.13815350389321468,0.11946607341490545,0.10433815350389322,0.3076751946607342,-0.24449388209121245,-0.04382647385984427,-0.04516129032258065,0.2765294771968854,-0.03270300333704116,0.10077864293659622,0.17997775305895441,0.10433815350389322
2023-03-15,-0.03181312569521691,-0.060289210233592884,-0.07541713014460512,0.025583982202447165,-0.07452725250278086,-0.11902113459399331,-0.038042269187986644,-0.011790878754171301,0.15239154616240266,-0.009121245828698554,-0.07675194660734148,0.08164627363737487,-0.23114571746384868
2023-03-16,-0.07363737486095662,0.217797552836485,0.0932146829810901,0.1768631813125695,0.007341490545050056,0.01268075639599555,0.16618464961067853,0.16395995550611792,0.16307007786429364,0.18309232480533927,0.02469410456062291,0.12480533926585094,-0.21690767519466073
2023-03-17,-0.03314794215795328,-0.2462736373748609,-0.44649610678531704,-0.33125695216907675,-0.4794215795328142,-0.0825361512791991,-0.19555061179087874,-0.14571746384872078,-0.3187986651835373,-0.30856507230255836,-0.439377085650723,-0.36952169076751945,-0.3931034482758621
2023-03-20,-0.026918798665183537,-0.10567296996662959,-0.22714126807563956,-0.17997775305895441,-0.26852057842046717,0.08921023359288098,-0.11724137931034483,-0.10834260289210233,-0.27608453837597335,-0.13548387096774192,-0.24983314794215797,-0.18175750834260287,-0.21601779755283645
2023-03-21,-0.10255839822024472,0.1096774193548387,0.0914349276974416,0.19332591768631813,-0.00689655172413793,-0.04338153503893215,0.11857619577308119,0.11590656284760845,0.10166852057842046,0.09944382647385984,-0.017130144605116793,0.10166852057842046,-0.09276974416017797
2023-03-22,-0.07363737486095662,-0.11056729699666296,0.014905450500556172,0.05628476084538376,-0.11857619577308119,-0.09944382647385984,0.057174638487208,0.18309232480533927,0.02513904338153504,0.03492769744160178,-0.046496106785317015,-0.04160177975528365,-0.19777530589543937
2023-03-23,-0.12703003337041155,-0.21245828698553948,-0.08298109010011123,-0.1479421579532814,-0.17018909899888765,-0.24048943270300333,-0.1221357063403782,-0.02513904338153504,-0.11279199110122358,-0.08120133481646273,-0.11101223581757509,-0.1959955506117909,-0.11501668520578419
2023-03-24,-0.0424916573971079,-0.3468298109010011,-0.19733036707452725,-0.3045606229143492,-0.13103448275862067,-0.18264738598442715,-0.1604004449388209,-0.10389321468298107,-0.15417130144605118,-0.2836484983314794,-0.14660734149054505,-0.3299221357063403,-0.010901001112347052
2023-03-27,-0.1546162402669633,-0.23470522803114574,0.025583982202447165,-0.12614015572858733,0.027808676307007785,-0.06829810901001113,0.07052280311457175,-0.06918798665183537,-0.0771968854282536,-0.10834260289210233,-0.02513904338153504,-0.20222469410456062,0.08031145717463849
2023-03-28,-0.2360400444938821,-0.0771968854282536,0.1710789766407119,-0.022914349276974413,0.16484983314794216,-0.023804226918798663,0.11857619577308119,-0.013125695216907676,0.008231368186874304,-0.058954393770856504,0.010011123470522802,-0.15283648498331479,0.24671857619577306
2023-03-29,-0.1239154616240267,-0.14660734149054505,0.09588431590656285,0.03225806451612903,0.15728587319243603,0.07096774193548387,0.2587319243604005,0.20800889877641823,0.13147942157953282,-0.11279199110122358,-0.13904338153503895,-0.1546162402669633,0.15639599555061176
2023-03-30,-0.15951056729699667,-0.10344827586206896,0.05850945494994438,0.08164627363737487,0.2293659621802002,-0.04427141268075639,0.17374860956618463,0.1114571746384872,0.17908787541713014,-0.19021134593993325,-0.10433815350389322,-0.07986651835372637,0.1768631813125695
2023-03-31,-0.09454949944382647,-0.1586206896551724,0.0011123470522803117,0.10077864293659622,0.15550611790878754,-0.23114571746384868,-0.09988876529477196,0.14304783092324808,0.011790878754171301,-0.05628476084538376,0.10923248053392658,-0.035817575083426034,0.19777530589543937
2023-04-03,-0.06829810901001113,0.14616240266963293,0.36551724137931035,0.27608453837597335,0.3219132369299221,-0.2987764182424916,-0.038042269187986644,0.03626251390433815,0.06295884315906564,0.33036707452725245,0.40867630700778645,0.217797552836485,0.28097886540600664
2023-04-04,-0.1003337041156841,-0.17775305895439378,0.1764182424916574,0.1421579532814238,0.4513904338153503,-0.5412680756395996,-0.33303670745272523,-0.33748609566184645,-0.2511679644048943,0.31167964404894327,0.5385984427141268,0.47363737486095664,0.5590656284760844
2023-04-05,-0.19377085650723025,-0.22803114571746386,0.04961067853170189,0.04382647385984427,0.296551724137931,-0.5363737486095662,-0.4255839822024471,-0.4042269187986652,-0.3632925472747497,0.32235817575083425,0.4642936596218019,0.5239154616240267,0.4558398220244716
2023-04-06,-0.013125695216907676,-0.018909899888765295,0.0878754171301446,0.1510567296996663,0.3548387096774193,-0.453615127919911,-0.3837597330367074,-0.4064516129032258,-0.28186874304783094,0.3561735261401557,0.43403781979977757,0.5474972191323693,0.4309232480533926
2023-04-10,-0.1350389321468298,0.04382647385984427,0.2387096774193548,0.20800889877641823,0.29076751946607343,-0.38954393770856505,-0.2164627363737486,-0.3121245828698554,-0.15061179087875418,0.38020022246941043,0.39621802002224693,0.46117908787541706,0.3757508342602892
2023-04-11,0.08876529477196884,0.2827586206896551,0.37174638487208006,0.30233592880978866,0.3810901001112347,-0.05005561735261402,0.19243604004449388,0.024249165739710785,0.2360400444938821,0.3753058954393771,0.28097886540600664,0.36907675194660733,0.29699666295884314
2023-04-12,0.16529477196885425,0.3503893214682981,0.48654060066740823,0.3686318131256952,0.314349276974416,-0.10700778642936595,0.30945494994438266,0.16751946607341492,0.41090100111234706,0.3779755283648498,0.2622914349276974,0.27519466073414905,0.17196885428253617
2023-04-13,0.20845383759733035,0.4166852057842047,0.5884315906562848,0.5096774193548387,0.5555061179087876,-0.19199110122358176,0.1875417130144605,0.071412680756396,0.4558398220244716,0.48609566184649605,0.49276974416017794,0.43670745272525024,0.37842046718576194
2023-04-14,0.18620689655172412,0.3161290322580645,0.439377085650723,0.4887652947719689,0.453615127919911,-0.18487208008898778,0.1710789766407119,-0.011790878754171301,0.4100111234705228,0.41490545050055616,0.3819799777530589,0.4709677419354839,0.3219132369299221
2023-04-17,0.26585094549499444,0.3779755283648498,0.3975528364849833,0.3797552836484983,0.4505005561735262,-0.030478309232480537,0.024249165739710785,-0.05761957730812013,0.3486095661846496,0.3890989988876529,0.4282536151279199,0.4113459399332592,0.36106785317018913
2023-04-18,0.2978865406006674,0.20978865406006672,0.12169076751946609,0.19199110122358176,0.1421579532814238,-0.023804226918798663,0.10077864293659622,0.010456062291434927,0.2947719688542826,0.054505005561735265,0.04338153503893215,0.1897664071190211,0.10522803114571745
2023-04-19,0.3147942157953281,0.15372636262513903,0.11056729699666296,0.09454949944382647,0.09944382647385984,0.11457174638487205,0.054505005561735265,0.05850945494994438,0.17508342602892102,0.057174638487208,0.07853170189098999,-0.0064516129032258064,0.14883203559510566
2023-04-20,0.36952169076751945,0.1345939933259177,-0.007341490545050056,0.028253615127919914,-0.17063403781979977,0.17864293659621802,0.040711902113459396,0.047385984427141266,-0.10700778642936595,-0.009566184649610678,-0.09454949944382647,-0.03225806451612903,0.10166852057842046
2023-04-21,0.15194660734149054,0.30589543937708563,0.23337041156840932,0.15728587319243603,0.17374860956618463,0.029143492769744164,-0.05406006674082313,0.07586206896551724,-0.07274749721913237,0.2569521690767519,0.189321468298109,0.12836484983314794,0.3659621802002225
2023-04-24,0.2516129032258065,0.20934371523915463,0.10300333704115683,0.1635150166852058,0.1350389321468298,0.22224694104560622,0.20845383759733035,0.13904338153503895,0.08609566184649611,-0.001557285873192436,0.010901001112347052,0.06785317018909899,0.0967741935483871
2023-04-25,0.21334816462736375,0.2040044493882091,0.17241379310344826,0.058954393770856504,0.22580645161290322,0.14527252502780869,0.03937708565072302,-0.05628476084538376,0.12080088987764183,0.160845383759733,0.24004449388209118,0.20266963292547271,0.17063403781979977
2023-04-26,0.2418242491657397,0.39532814238042263,0.24404894327030033,0.15550611790878754,0.17552836484983317,0.35572858731924356,0.17285873192436038,0.09410456062291435,0.11724137931034483,0.20978865406006672,0.1906562847608454,0.14126807563959956,0.1884315906562848
2023-04-27,0.15639599555061176,0.04827586206896552,-0.10611790878754171,-0.10478309232480533,0.14171301446051168,0.046496106785317015,-0.2422691879866518,-0.16662958843159065,-0.3459399332591768,-0.03848720800889878,0.11056729699666296,0.01579532814238042,0.28720800889877635
2023-04-28,0.1897664071190211,-0.09276974416017797,-0.23381535038932147,-0.2200222469410456,-0.005116796440489433,0.05850945494994438,-0.3103448275862069,-0.2289210233592881,-0.41713014460511677,-0.1635150166852058,0.029143492769744164,-0.1479421579532814,0.20800889877641823
2023-05-01,-0.0024471635150166847,-0.058954393770856504,-0.10077864293659622,-0.2253615127919911,-0.04471635150166852,0.06651835372636263,-0.19154616240266964,-0.1604004449388209,-0.39221357063403783,-0.09810901001112346,-0.04293659621802002,-0.08387096774193549,0.207119021134594
2023-05-02,0.08698553948832036,-0.03626251390433815,-0.1510567296996663,-0.17508342602892102,0.012235817575083427,-0.021134593993325918,-0.2307007786429366,-0.17196885428253617,-0.289432703003337,-0.12703003337041155,-0.02647385984427141,-0.03136818687430478,0.1884315906562848
2023-05-03,0.09010011123470522,-0.18620689655172412,-0.040266963292547274,-0.11012235817575085,0.12658509454949946,-0.20266963292547271,-0.21334816462736375,-0.18665183537263624,0.02246941045606229,-0.05494994438264739,0.05139043381535039,-0.004226918798665183,0.16529477196885425
2023-05-04,0.001557285873192436,-0.3041156840934371,-0.1604004449388209,0.023359288097886538,-0.05939933259176862,-0.3419354838709677,-0.314349276974416,-0.17152391546162402,0.04827586206896552,-0.07363737486095662,-0.1203559510567297,0.07096774193548387,-0.06340378197997774
2023-05-05,0.08698553948832036,-0.33615127919911014,-0.26941045606229147,-0.12124582869855395,-0.09232480533926585,-0.3232480533926585,-0.3343715239154616,-0.27919911012235815,-0.13815350389321468,-0.21156840934371526,-0.20088987764182425,-0.03670745272525028,-0.03225806451612903
2023-05-08,0.1296996662958843,-0.3432703003337041,-0.28587319243604004,-0.23692992213570632,-0.12791991101223582,-0.2667408231368187,-0.3290322580645161,-0.36284760845383757,-0.05005561735261402,-0.21957730812013349,-0.13147942157953282,-0.045606229143492764,-0.12480533926585094
2023-05-09,0.2289210233592881,-0.20667408231368187,-0.09721913236929922,-0.19510567296996661,-0.06295884315906564,-0.23381535038932147,-0.14927697441601778,-0.2507230255839822,0.005561735261401557,-0.09098998887652948,-0.021579532814238044,-0.058954393770856504,-0.10389321468298107
2023-05-10,0.2253615127919911,-0.2088987764182425,0.06295884315906564,-0.06251390433815351,0.13236929922135707,-0.35572858731924356,-0.17552836484983317,-0.207119021134594,0.18086763070077863,0.07096774193548387,0.14571746384872078,0.01757508342602892,0.064293659621802
2023-05-11,0.0424916573971079,-0.15906562847608455,0.09721913236929922,0.09232480533926585,0.13770856507230256,-0.3882091212458286,-0.17285873192436038,-0.1421579532814238,0.22847608453837595,0.06206896551724137,0.15639599555061176,0.07586206896551724,0.11412680756395997
2023-05-12,-0.0371523915461624,-0.18175750834260287,0.13726362625139044,0.03937708565072302,0.18531701890989988,-0.4642936596218019,-0.1221357063403782,-0.16173526140155728,0.30055617352614017,0.0460511679644049,0.14616240266963293,0.06162402669632924,0.06918798665183537
2023-05-15,0.03314794215795328,-0.0771968854282536,0.1421579532814238,0.04872080088987764,0.12569521690767518,-0.2978865406006674,0.008231368186874304,-0.0967741935483871,0.19332591768631813,0.10122358175750834,0.08698553948832036,0.06295884315906564,0.02513904338153504
2023-05-16,-0.061179087875417135,-0.09543937708565071,0.16262513904338155,0.09054505005561733,0.21023359288097884,-0.33748609566184645,0.03982202447163515,-0.11101223581757509,0.16840934371523916,0.1546162402669633,0.1586206896551724,0.13770856507230256,0.058064516129032254
2023-05-17,-0.1690955622878734,0.10879964468259223,0.3426410077938487,0.2939147865556325,0.2414061645820298,-0.21314940614708253,0.13839136808297006,-0.049616197881836535,0.29747469313011415,0.2981421756128294,0.2985871639346396,0.23161642150220554,0.08632773443117746
2023-05-18,-0.04872080088987764,0.2088987764182425,0.2912124582869855,0.33748609566184645,0.2489432703003337,-0.16929922135706338,0.13815350389321468,-0.047830923248053395,0.18442714126807563,0.3481646273637375,0.32725250278086765,0.2676307007786429,0.21601779755283645
2023-05-19,0.16885428253615126,0.13236929922135707,0.27474972191323693,0.28898776418242494,0.2516129032258065,-0.11412680756395997,0.15194660734149054,0.04160177975528365,0.2636262513904338,0.2556173526140155,0.08342602892102337,0.24271412680756396,0.030478309232480537
2023-05-22,-0.022914349276974413,0.17908787541713014,0.28898776418242494,0.25383759733036704,0.20088987764182425,-0.06162402669632924,0.1884315906562848,0.17508342602892102,0.2253615127919911,0.28854282536151277,0.21423804226918797,0.1906562847608454,0.07764182424916574
2023-05-23,-0.17953281423804227,0.27919911012235815,0.30945494994438266,0.29699666295884314,0.2707452725250278,0.08743047830923248,0.2912124582869855,0.20355951056729701,0.23737486095661847,0.33348164627363736,0.2671857619577308,0.2912124582869855,0.19199110122358176
2023-05-24,-0.22803114571746386,0.2200222469410456,0.2849833147942158,0.303670745272525,0.3050055617352614,0.035817575083426034,0.14616240266963293,0.1906562847608454,0.20489432703003335,0.24093437152391545,0.2631813125695217,0.3388209121245828,0.21156840934371526
2023-05-25,-0.22981090100111232,0.17018909899888765,0.22180200222469412,0.2449388209121246,0.2640711902113459,0.04204671857619577,0.19154616240266964,0.15506117908787542,0.20978865406006672,0.20133481646273638,0.18665183537263624,0.2453837597330367,0.16840934371523916
2023-05-26,-0.064293659621802,0.3228031145717464,0.2943270300333704,0.28186874304783094,0.36907675194660733,0.17953281423804227,0.16173526140155728,0.1835372636262514,0.06251390433815351,0.24004449388209118,0.32858731924360396,0.33704115684093433,0.31835372636262516
2023-05-30,-0.11857619577308119,0.14838709677419354,0.17775305895439378,0.23025583982202447,0.16796440489432704,0.04471635150166852,0.11902113459399331,0.14927697441601778,0.12658509454949946,0.182202447163515,0.21334816462736375,0.2266963292547275,0.01579532814238042
2023-05-31,-0.1096774193548387,0.15951056729699667,0.1670745272525028,0.2413793103448276,0.1332591768631813,0.1296996662958843,0.15194660734149054,0.25428253615127916,0.01668520578420467,0.21690767519466073,0.17063403781979977,0.2582869855394883,-0.010011123470522802
2023-06-01,0.07942157953281423,0.2587319243604005,0.20088987764182425,0.33125695216907675,0.0353726362625139,0.13726362625139044,0.17997775305895441,0.25428253615127916,0.01268075639599555,0.3468298109010011,0.1621802002224694,0.35973303670745277,-0.11368186874304784
2023-06-02,0.0037819799777530586,0.2182424916573971,0.33615127919911014,0.4273637374860957,0.2040044493882091,0.08698553948832036,0.17775305895439378,0.3268075639599555,0.17997775305895441,0.385539488320356,0.25383759733036704,0.3730812013348164,0.08565072302558399
2023-06-05,-0.020244716351501667,0.3886540600667408,0.300111234705228,0.4082313681868743,-0.033592880978865404,0.3103448275862069,0.28453837597330367,0.33303670745272523,0.029588431590656286,0.42380422691879865,0.03848720800889878,0.4451612903225806,-0.0896551724137931
2023-06-06,-0.08832035595105672,0.3397107897664071,0.21512791991101224,0.32769744160177977,-0.22981090100111232,0.32235817575083425,0.21690767519466073,0.19377085650723025,-0.09232480533926585,0.3010011123470523,-0.0389321468298109,0.2360400444938821,-0.1296996662958843
2023-06-07,0.16129032258064516,0.36952169076751945,0.005116796440489433,0.19688542825361513,-0.38242491657397104,0.418020022246941,0.27786429365962184,0.3050055617352614,-0.1670745272525028,0.061179087875417135,-0.2293659621802002,-0.09721913236929922,-0.3779755283648498
2023-06-08,0.2600667408231368,0.2186874304783092,-0.12124582869855395,0.013125695216907676,-0.4402669632925473,0.44338153503893213,0.2827586206896551,0.32858731924360396,-0.13147942157953282,-0.10389321468298107,-0.3446051167964405,-0.2342602892102336,-0.40200222469410457
2023-06-09,0.12703003337041155,0.18309232480533927,-0.11501668520578419,-0.046941045606229144,-0.26896551724137935,0.32458286985539486,0.02202447163515017,0.1586206896551724,-0.14171301446051168,-0.07586206896551724,-0.14571746384872078,-0.11234705228031144,-0.20934371523915463
2023-06-12,0.00867630700778643,0.3147942157953281,0.11590656284760845,0.09944382647385984,-0.14482758620689654,0.2827586206896551,0.08876529477196884,0.17463848720800887,-0.04338153503893215,0.08298109010011123,0.01668520578420467,-0.01668520578420467,-0.06918798665183537
2023-06-13,-0.01846496106785317,0.2738598442714127,-0.2395995550611791,-0.061179087875417135,-0.37263626251390436,0.4220244716351501,-0.06785317018909899,0.057174638487208,-0.24048943270300333,-0.1959955506117909,-0.21112347052280311,-0.21379310344827587,-0.21334816462736375
2023-06-14,-0.11056729699666296,0.17730812013348163,-0.2774193548387097,-0.15506117908787542,-0.5190211345939933,0.4923248053392658,0.1532814238042269,0.08342602892102337,-0.19955506117908786,-0.32413793103448274,-0.38954393770856505,-0.303670745272525,-0.3810901001112347
2023-06-15,-0.19555061179087874,0.02246941045606229,-0.4318131256952169,-0.260511679644049,-0.44293659621801995,0.3125695216907675,-0.04427141268075639,-0.010456062291434927,-0.0825361512791991,-0.32013348164627364,-0.3886540600667408,-0.3032258064516129,-0.3503893214682981
2023-06-16,-0.2849833147942158,-0.0731924360400445,-0.4197997775305895,-0.36462736373748605,-0.38064516129032255,0.21156840934371526,-0.06785317018909899,-0.12258064516129033,-0.09054505005561733,-0.3886540600667408,-0.32057842046718577,-0.3521690767519466,-0.31790878754171303
2023-06-20,-0.1114571746384872,-0.027808676307007785,-0.19510567296996661,-0.2667408231368187,0.0064516129032258064,0.10789766407119021,-0.09454949944382647,-0.11590656284760845,0.314349276974416,-0.2053392658509455,-0.05494994438264739,-0.14660734149054505,-0.04204671857619577
2023-06-21,0.064293659621802,0.034037819799777526,-0.08832035595105672,-0.16618464961067853,-0.0731924360400445,0.16662958843159065,0.061179087875417135,-0.01668520578420467,0.25917686318131256,-0.09365962180200223,-0.06651835372636263,-0.1132369299221357,-0.09855394883203561
2023-06-22,0.0424916573971079,-0.06740823136818688,-0.04160177975528365,-0.04382647385984427,0.07497219132369298,-0.029588431590656286,0.027808676307007785,-0.024249165739710785,0.16974416017797553,0.010456062291434927,0.047830923248053395,0.07096774193548387,0.064293659621802
2023-06-23,0.15639599555061176,0.028253615127919914,-0.07853170189098999,-0.07007786429365963,0.029143492769744164,0.2382647385984427,0.17196885428253617,0.13948832035595105,0.1870967741935484,-0.14705228031145717,-0.21023359288097884,-0.07808676307007786,-0.020244716351501667
2023-06-26,0.2703003337041157,0.07052280311457175,-0.045606229143492764,-0.09187986651835373,0.0460511679644049,0.22091212458286985,0.15016685205784203,0.1621802002224694,0.08654060066740822,-0.13815350389321468,-0.09588431590656285,-0.08565072302558399,0.03848720800889878
2023-06-27,0.37619577308120133,-0.18442714126807563,-0.08476084538375972,-0.2832035595105673,0.008231368186874304,-0.13103448275862067,-0.29699666295884314,-0.23692992213570632,-0.05228031145717464,-0.11902113459399331,0.20355951056729701,-0.023359288097886538,0.12525027808676306
2023-06-28,0.2418242491657397,-0.010456062291434927,0.14616240266963293,-0.0135706340378198,0.1875417130144605,-0.1581757508342603,-0.20622914349276972,-0.1296996662958843,-0.13637374860956616,0.2707452725250278,0.3481646273637375,0.20934371523915463,0.2956618464961067
2023-06-29,0.37842046718576194,0.056729699666295874,0.2088987764182425,0.029143492769744164,0.2449388209121246,-0.24093437152391545,-0.25428253615127916,-0.2947719688542826,-0.047830923248053395,0.16529477196885425,0.2547274749721913,0.21557285873192436,0.25339265850945497
2023-06-30,0.2711902113459399,-0.0006674082313681868,0.17374860956618463,0.017130144605116793,0.3125695216907675,-0.047385984427141266,-0.17419354838709677,-0.20088987764182425,-0.11813125695216908,0.13815350389321468,0.2293659621802002,0.1870967741935484,0.22714126807563956
2023-07-03,0.32057842046718577,0.06562847608453837,0.07230255839822024,0.15906562847608455,0.2088987764182425,-0.045606229143492764,-0.31345939933259176,-0.2587319243604005,-0.2182424916573971,0.2088987764182425,0.2489432703003337,0.29744160177975526,0.3308120133481646
2023-07-05,0.25383759733036704,-0.009121245828698554,0.05850945494994438,0.0046718576195773085,0.12302558398220245,-0.008231368186874304,-0.13770856507230256,-0.23203559510567295,-0.14660734149054505,0.0371523915461624,0.08832035595105672,0.19288097886540603,0.09944382647385984
2023-07-06,0.09988876529477196,0.1439377085650723,0.14349276974416017,0.09899888765294772,0.20311457174638486,-0.09276974416017797,-0.2182424916573971,-0.2164627363737486,-0.14438264738598441,0.22981090100111232,0.25294771968854285,0.3130144605116796,0.3130144605116796
2023-07-07,-0.05761957730812013,-0.08031145717463849,-0.08609566184649611,0.16307007786429364,0.14260289210233593,-0.27252502780867627,-0.1710789766407119,-0.22447163515016688,0.07630700778642936,0.08876529477196884,0.06473859844271414,0.26273637374860953,0.08209121245828699
2023-07-10,-0.026028921023359287,-0.02513904338153504,0.13014460511679646,0.03848720800889878,0.09766407119021134,-0.21957730812013349,-0.07853170189098999,-0.3054505005561735,0.08031145717463849,0.17997775305895441,0.2040044493882091,0.21201334816462733,0.02736373748609566
2023-07-11,-0.18531701890989988,-0.06562847608453837,0.06562847608453837,0.07230255839822024,0.18309232480533927,-0.2578420467185762,0.046941045606229144,-0.17552836484983317,0.19021134593993325,0.09721913236929922,0.09365962180200223,0.2738598442714127,0.023359288097886538
2023-07-12,0.015350389321468297,-0.09588431590656285,-0.08209121245828699,0.064293659621802,-0.13103448275862067,-0.05628476084538376,-0.03270300333704116,-0.08209121245828699,0.1296996662958843,-0.08342602892102337,-0.13548387096774192,0.03136818687430478,-0.21023359288097884
2023-07-13,0.08654060066740822,-0.03982202447163515,-0.22447163515016688,-0.0932146829810901,-0.2800889877641824,0.033592880978865404,-0.10122358175750834,-0.09899888765294772,-0.03626251390433815,-0.14527252502780869,-0.22091212458286985,-0.11635150166852058,-0.2800889877641824
2023-07-14,0.15550611790878754,0.06473859844271414,-0.061179087875417135,-0.08298109010011123,-0.13192436040044492,0.23381535038932147,-0.04204671857619577,-0.03314794215795328,0.028253615127919914,-0.06562847608453837,-0.05939933259176862,-0.11546162402669634,-0.1221357063403782
2023-07-17,0.15061179087875418,-0.0771968854282536,-0.03181312569521691,-0.03270300333704116,0.10166852057842046,0.040266963292547274,-0.060734149054505006,0.004226918798665183,-0.041156840934371525,-0.08075639599555061,0.0424916573971079,-0.11635150166852058,0.1292547274749722
2023-07-18,0.2645161290322581,-0.19733036707452725,-0.20934371523915463,-0.17196885428253617,0.030478309232480537,-0.030923248053392655,-0.22714126807563956,-0.13993325917686317,-0.22358175750834258,-0.189321468298109,-0.013125695216907676,-0.11635150166852058,0.10834260289210233
2023-07-19,0.09410456062291435,-0.20978865406006672,-0.2703003337041157,-0.2938820912124583,-0.13147942157953282,0.014905450500556172,-0.2983314794215795,-0.19243604004449388,-0.28809788654060065,-0.25294771968854285,-0.18309232480533927,-0.18086763070077863,0.0371523915461624
2023-07-20,0.09899888765294772,-0.13281423804226916,-0.12614015572858733,-0.14171301446051168,-0.033592880978865404,-0.1439377085650723,-0.28587319243604004,-0.21735261401557288,-0.3299221357063403,-0.06473859844271414,0.011345939933259176,-0.07986651835372637,0.15061179087875418
2023-07-21,0.2578420467185762,-0.09988876529477196,-0.2507230255839822,-0.2636262513904338,-0.12747497219132367,-0.029143492769744164,-0.21957730812013349,-0.21201334816462733,-0.3632925472747497,-0.11724137931034483,-0.07942157953281423,-0.04204671857619577,0.06251390433815351
2023-07-24,0.1621802002224694,-0.16796440489432704,-0.35172413793103446,-0.4362625139043382,-0.3325917686318131,0.11190211345939934,-0.2832035595105673,-0.3446051167964405,-0.38509454949944383,-0.36907675194660733,-0.349944382647386,-0.296551724137931,-0.13815350389321468
2023-07-25,0.18086763070077863,-0.05183537263626252,-0.28186874304783094,-0.3397107897664071,-0.20222469410456062,0.17552836484983317,-0.19243604004449388,-0.27519466073414905,-0.18175750834260287,-0.22135706340378197,-0.15595105672969967,-0.21067853170189096,-0.07185761957730812
2023-07-26,0.012235817575083427,-0.1474972191323693,-0.28097886540600664,-0.41579532814238046,-0.10789766407119021,-0.0460511679644049,-0.26896551724137935,-0.37085650723025576,-0.21023359288097884,-0.314349276974416,-0.11368186874304784,-0.17908787541713014,0.061179087875417135
2023-07-27,0.11501668520578419,-0.13281423804226916,-0.14527252502780869,-0.1546162402669633,-0.057174638487208,-0.08565072302558399,-0.13147942157953282,-0.23470522803114574,-0.028698553948832032,0.012235817575083427,-0.07497219132369298,-0.0353726362625139,-0.004226918798665183
2023-07-28,0.056729699666295874,-0.18531701890989988,-0.10389321468298107,-0.08832035595105672,0.04160177975528365,-0.11991101223581756,-0.05272525027808676,0.018909899888765295,0.11902113459399331,-0.06473859844271414,-0.17330367074527253,-0.21023359288097884,-0.07764182424916574
2023-07-31,0.06963292547274749,-0.1003337041156841,-0.160845383759733,-0.21423804226918797,0.09632925472747497,0.05361512791991101,-0.20088987764182425,-0.21201334816462733,0.08921023359288098,-0.2146829810901001,-0.1003337041156841,-0.1621802002224694,0.05761957730812013
2023-08-01,-0.04916573971078977,-0.07408231368186874,0.08565072302558399,-0.21957730812013349,0.2800889877641824,0.04471635150166852,-0.061179087875417135,-0.2,0.27341490545050057,-0.0825361512791991,0.1635150166852058,-0.018909899888765295,0.1875417130144605
2023-08-02,-0.057174638487208,-0.19199110122358176,-0.030478309232480537,-0.13103448275862067,0.18309232480533927,-0.30233592880978866,-0.08075639599555061,-0.15906562847608455,0.07185761957730812,-0.021579532814238044,0.09944382647385984,-0.029588431590656286,0.2729699666295884
2023-08-03,-0.2004449388209121,-0.3103448275862069,-0.09410456062291435,-0.10567296996662959,0.16484983314794216,-0.44382647385984425,-0.2956618464961067,-0.3543937708565072,-0.02647385984427141,-0.07897664071190211,0.03626251390433815,0.10433815350389322,0.217797552836485
2023-08-04,-0.20756395995550608,-0.19199110122358176,0.00689655172413793,-0.034037819799777526,0.2502780867630701,-0.41579532814238046,-0.42869855394883205,-0.4473859844271412,-0.09543937708565071,0.07007786429365963,0.2453837597330367,0.2867630700778643,0.40778642936596216
2023-08-07,-0.1479421579532814,-0.1657397107897664,-0.030923248053392655,-0.11234705228031144,0.09232480533926585,-0.2596218020022247,-0.33748609566184645,-0.3343715239154616,-0.11279199110122358,-0.05583982202447163,0.09010011123470522,0.14838709677419354,0.15239154616240266
2023-08-08,0.13681868743047831,-0.20177975528364847,-0.11546162402669634,-0.19377085650723025,-0.0037819799777530586,-0.2164627363737486,-0.18798665183537264,-0.3192436040044494,-0.03314794215795328,-0.14705228031145717,-0.05628476084538376,-0.058954393770856504,-0.020689655172413793
2023-08-09,0.16129032258064516,-0.16484983314794216,0.026028921023359287,-0.19955506117908786,0.14972191323692993,-0.1835372636262514,-0.15906562847608455,-0.2507230255839822,-0.01935483870967742,-0.04204671857619577,0.17196885428253617,-0.09543937708565071,0.13637374860956616
2023-08-10,-0.05050055617352613,0.20578420467185762,0.35350389321468295,0.14349276974416017,0.31123470522803115,-0.06340378197997774,-0.005561735261401557,-0.04293659621802002,0.20800889877641823,0.2921023359288098,0.39488320355951056,0.2796440489432703,0.2551724137931034
2023-08-11,-0.10567296996662959,0.2146829810901001,0.2453837597330367,0.13014460511679646,0.3139043381535039,-0.09098998887652948,-0.19733036707452725,-0.19243604004449388,0.17018909899888765,0.28142380422691876,0.3664071190211346,0.31078976640711903,0.21512791991101224
2023-08-14,-0.16662958843159065,0.19377085650723025,0.2938820912124583,0.207119021134594,0.33704115684093433,0.04872080088987764,0.14126807563959956,-0.06384872080088987,0.3263626251390434,0.2547274749721913,0.3032258064516129,0.2863181312569522,0.189321468298109
2023-08-15,-0.23292547274749723,0.15728587319243603,0.33170189098998887,0.2418242491657397,0.4002224694104561,-0.061179087875417135,0.15061179087875418,-0.02647385984427141,0.435817575083426,0.2342602892102336,0.2987764182424916,0.28097886540600664,0.1621802002224694
2023-08-16,-0.071412680756396,0.2422691879866518,0.28409343715239155,0.32547274749721916,0.37441601779755285,-0.04961067853170189,0.18442714126807563,0.10300333704115683,0.44338153503893213,0.23692992213570632,0.2551724137931034,0.35706340378198,0.14260289210233593
2023-08-17,-0.04427141268075639,0.25917686318131256,0.23648498331479423,0.37263626251390436,0.2418242491657397,-0.01846496106785317,0.12658509454949946,0.22714126807563956,0.332146829810901,0.3388209121245828,0.23292547274749723,0.421579532814238,0.040266963292547274
2023-08-18,0.06740823136818688,0.012235817575083427,-0.02202447163515017,0.12258064516129033,0.006006674082313682,0.09054505005561733,0.045606229143492764,0.17063403781979977,0.03759733036707453,0.03937708565072302,-0.019799777530589546,0.1296996662958843,-0.14972191323692993
2023-08-21,0.08921023359288098,0.1203559510567297,0.0825361512791991,0.10656284760845385,-0.12124582869855395,0.018909899888765295,0.025583982202447165,0.21156840934371526,0.005116796440489433,0.15417130144605118,0.08031145717463849,0.0896551724137931,-0.22847608453837595
2023-08-22,0.12347052280311456,0.07541713014460512,0.05583982202447163,0.010456062291434927,-0.005116796440489433,0.01668520578420467,-0.0371523915461624,-0.011345939933259176,-0.02513904338153504,0.10522803114571745,0.182202447163515,0.04293659621802002,-0.009566184649610678
2023-08-23,0.1003337041156841,0.07497219132369298,0.1884315906562848,0.0371523915461624,0.17775305895439378,0.1532814238042269,0.1403781979977753,0.030033370411568408,0.28142380422691876,0.07764182424916574,0.1586206896551724,0.1474972191323693,0.05406006674082313
2023-08-24,0.04293659621802002,0.13103448275862067,0.23381535038932147,0.2182424916573971,0.2783092324805339,0.030033370411568408,0.14883203559510566,0.11234705228031144,0.20177975528364847,0.21156840934371526,0.30634037819799775,0.2204671857619577,0.11234705228031144
2023-08-25,0.033592880978865404,0.053170189098998885,0.15239154616240266,0.10122358175750834,0.20978865406006672,0.0460511679644049,0.03136818687430478,0.03225806451612903,0.10077864293659622,0.11234705228031144,0.12569521690767518,0.13637374860956616,0.05228031145717464
2023-08-28,0.05005561735261402,0.017130144605116793,-0.058954393770856504,-0.05583982202447163,-0.046496106785317015,0.2507230255839822,0.05494994438264739,0.0024471635150166847,0.09810901001112346,-0.1439377085650723,-0.09454949944382647,-0.06162402669632924,-0.09899888765294772
2023-08-29,0.17374860956618463,0.11991101223581756,0.13147942157953282,-0.001557285873192436,0.10923248053392658,0.08520578420467186,-0.10656284760845385,-0.11279199110122358,0.09855394883203561,0.11279199110122358,0.207119021134594,0.09810901001112346,0.1332591768631813
2023-08-30,0.2938820912124583,-0.030478309232480537,0.0878754171301446,-0.04338153503893215,0.22313681868743046,0.07408231368186874,-0.10745272525027807,-0.16751946607341492,0.18887652947719688,-0.018909899888765295,0.14616240266963293,0.07764182424916574,0.23159065628476083
2023-08-31,0.16840934371523916,-0.16395995550611792,-0.05406006674082313,-0.05094549499443826,0.2921023359288098,-0.1568409343715239,-0.2324805339265851,-0.3187986651835373,0.011345939933259176,-0.055394883203559515,0.14927697441601778,0.16484983314794216,0.3014460511679644
2023-09-01,0.16796440489432704,-0.0932146829810901,0.056729699666295874,-0.04293659621802002,0.24849833147942155,-0.030923248053392655,-0.09187986651835373,-0.2511679644048943,0.08075639599555061,-0.006006674082313682,0.14616240266963293,0.1897664071190211,0.21690767519466073
2023-09-05,0.06696329254727475,-0.15550611790878754,-0.0896551724137931,-0.13592880978865407,0.10478309232480533,-0.034037819799777526,-0.18264738598442715,-0.08209121245828699,0.00867630700778643,-0.03759733036707453,0.03670745272525028,0.0389321468298109,0.13637374860956616
2023-09-06,-0.1096774193548387,-0.24093437152391545,-0.16395995550611792,-0.24404894327030033,0.10611790878754171,-0.1132369299221357,-0.21245828698553948,-0.207119021134594,-0.06651835372636263,-0.1982202447163515,-0.008231368186874304,0.02202447163515017,0.13548387096774192
2023-09-07,-0.09543937708565071,-0.12791991101223582,-0.047385984427141266,-0.160845383759733,0.07586206896551724,-0.04516129032258065,-0.16840934371523916,-0.17196885428253617,-0.005561735261401557,-0.0389321468298109,0.017130144605116793,0.04293659621802002,0.11679644048943269
2023-09-08,-0.056729699666295874,-0.24271412680756396,-0.207119021134594,-0.24805339265850945,0.0028921023359288096,-0.07497219132369298,-0.28186874304783094,-0.20756395995550608,-0.18264738598442715,-0.21423804226918797,-0.07541713014460512,-0.11368186874304784,0.08342602892102337
2023-09-11,0.0878754171301446,-0.20088987764182425,-0.36017797552836484,-0.38598442714126807,-0.10211345939933258,0.15194660734149054,-0.23781979977753054,-0.17597330367074526,-0.12658509454949946,-0.3975528364849833,-0.18887652947719688,-0.31701890989988873,0.009566184649610678
2023-09-12,0.20177975528364847,-0.0046718576195773085,-0.22135706340378197,-0.3325917686318131,0.057174638487208,0.17152391546162402,-0.23559510567296996,-0.12569521690767518,-0.2511679644048943,-0.2645161290322581,0.0460511679644049,-0.22491657397107895,0.24004449388209118
2023-09-13,0.2961067853170189,0.22981090100111232,-0.196440489432703,-0.21334816462736375,-0.11857619577308119,0.4509454949944383,0.01846496106785317,-0.0011123470522803117,-0.40600667408231367,-0.19688542825361513,-0.11412680756395997,-0.1132369299221357,0.07363737486095662
2023-09-14,0.2716351501668521,0.17330367074527253,-0.2640711902113459,-0.2489432703003337,-0.11234705228031144,0.5256952169076751,-0.16840934371523916,-0.05005561735261402,-0.32547274749721916,-0.19377085650723025,-0.0389321468298109,-0.05361512791991101,0.0771968854282536
2023-09-15,0.25294771968854285,0.2987764182424916,-0.3352614015572859,-0.28898776418242494,-0.19866518353726362,0.4211345939933259,-0.17552836484983317,-0.0064516129032258064,-0.5016685205784205,-0.19377085650723025,-0.12347052280311456,-0.13637374860956616,0.04916573971078977
2023-09-18,0.19021134593993325,0.07630700778642936,-0.24849833147942155,-0.24360400444938823,-0.16529477196885425,0.15239154616240266,-0.2707452725250278,-0.24449388209121245,-0.2947719688542826,-0.10522803114571745,-0.03314794215795328,0.058064516129032254,0.058954393770856504
2023-09-19,0.1604004449388209,-0.10656284760845385,-0.45494994438264746,-0.4282536151279199,-0.32458286985539486,0.03136818687430478,-0.3664071190211346,-0.300111234705228,-0.22091212458286985,-0.28898776418242494,-0.1946607341490545,-0.1408231368186874,-0.11590656284760845
2023-09-20,0.23515016685205786,-0.19332591768631813,-0.43715239154616237,-0.4776418242491657,-0.2631813125695217,-0.045606229143492764,-0.5038932146829811,-0.3837597330367074,-0.2525027808676307,-0.30233592880978866,-0.20756395995550608,-0.1096774193548387,-0.10300333704115683
2023-09-21,0.23114571746384868,-0.1906562847608454,-0.41713014460511677,-0.3886540600667408,-0.26985539488320354,-0.014905450500556172,-0.47630700778642937,-0.4651835372636262,-0.13637374860956616,-0.22847608453837595,-0.18442714126807563,-0.08921023359288098,-0.20355951056729701
2023-09-22,0.18131256952169075,-0.2324805339265851,-0.3779755283648498,-0.3325917686318131,-0.26941045606229147,-0.03670745272525028,-0.3632925472747497,-0.2987764182424916,-0.06562847608453837,-0.17775305895439378,-0.2182424916573971,-0.10389321468298107,-0.22091212458286985
2023-09-25,0.023804226918798663,-0.3668520578420467,-0.4674082313681869,-0.43448275862068964,-0.32413793103448274,-0.10567296996662959,-0.48609566184649605,-0.40333704115684094,-0.3228031145717464,-0.29699666295884314,-0.27919911012235815,-0.22803114571746386,-0.196440489432703
2023-09-26,-0.038042269187986644,-0.08698553948832036,-0.21601779755283645,-0.33837597330367075,-0.22313681868743046,0.05228031145717464,-0.23292547274749723,-0.3139043381535039,-0.1510567296996663,-0.2462736373748609,-0.23292547274749723,-0.2462736373748609,-0.12124582869855395
2023-09-27,0.04160177975528365,0.07230255839822024,-0.0353726362625139,-0.189321468298109,0.00867630700778643,0.06874304783092325,-0.21512791991101224,-0.28453837597330367,-0.1568409343715239,-0.10433815350389322,-0.040266963292547274,-0.13281423804226916,0.01846496106785317
2023-09-28,-0.014460511679644046,0.12747497219132367,0.055394883203559515,-0.1479421579532814,0.19866518353726362,0.10567296996662959,-0.19021134593993325,-0.31167964404894327,-0.0932146829810901,-0.11056729699666296,0.038042269187986644,-0.06384872080088987,0.17241379310344826
2023-09-29,-0.021579532814238044,0.0825361512791991,-0.03937708565072302,-0.07007786429365963,0.23159065628476083,0.09588431590656285,-0.19688542825361513,-0.3299221357063403,0.06562847608453837,-0.20088987764182425,-0.0135706340378198,-0.024249165739710785,0.2
2023-10-02,0.0037819799777530586,0.09365962180200223,-0.09010011123470522,-0.024249165739710785,-0.016240266963292546,0.061179087875417135,-0.1292547274749722,-0.3103448275862069,-0.08209121245828699,-0.09410456062291435,0.0011123470522803117,0.09054505005561733,-0.06829810901001113
2023-10-03,-0.02469410456062291,0.21112347052280311,0.00778642936596218,-0.07363737486095662,0.02647385984427141,0.2422691879866518,-0.19332591768631813,-0.1897664071190211,-0.09098998887652948,0.0064516129032258064,0.12347052280311456,0.06340378197997774,-0.06295884315906564
2023-10-04,-0.13281423804226916,0.27786429365962184,0.13414905450500555,0.06696329254727475,0.09543937708565071,0.05939933259176862,-0.3637374860956618,-0.32235817575083425,-0.1439377085650723,0.39221357063403783,0.39265850945494996,0.33659621802002226,0.03626251390433815
2023-10-05,-0.07096774193548387,0.10344827586206896,0.054505005561735265,0.06963292547274749,0.16307007786429364,0.021579532814238044,-0.30055617352614017,-0.27608453837597335,-0.17953281423804227,0.18665183537263624,0.19911012235817574,0.2805339265850945,0.06607341490545049
2023-10-06,-0.1096774193548387,-0.21156840934371526,-0.1804226918798665,-0.14660734149054505,-0.01935483870967742,-0.1670745272525028,-0.43804226918798667,-0.46073414905450494,-0.182202447163515,-0.0771968854282536,0.021579532814238044,0.12658509454949946,-0.020244716351501667
2023-10-09,0.0064516129032258064,-0.13770856507230256,0.00778642936596218,-0.05094549499443826,0.07007786429365963,0.018020022246941044,-0.10389321468298107,-0.3815350389321468,-0.028698553948832032,-0.11234705228031144,0.035817575083426034,0.11679644048943269,0.06473859844271414
2023-10-10,0.06918798665183537,-0.11724137931034483,0.033592880978865404,0.05761957730812013,0.24315906562847608,-0.06295884315906564,-0.08164627363737487,-0.24360400444938823,0.15639599555061176,-0.007341490545050056,0.08075639599555061,0.17730812013348163,0.12569521690767518
2023-10-11,0.06251390433815351,-0.2453837597330367,-0.08609566184649611,-0.14438264738598441,0.04293659621802002,-0.189321468298109,-0.07541713014460512,-0.296551724137931,0.2587319243604005,-0.19421579532814237,-0.07942157953281423,-0.024249165739710785,-0.0064516129032258064
2023-10-12,0.11101223581757509,-0.49321468298109006,-0.4420467185761958,-0.439377085650723,-0.29076751946607343,-0.3414905450500556,-0.05939933259176862,-0.2622914349276974,0.14571746384872078,-0.5194660734149055,-0.43670745272525024,-0.36774193548387096,-0.3503893214682981
2023-10-13,0.1599555061179088,-0.4513904338153503,-0.3503893214682981,-0.37174638487208006,-0.24271412680756396,-0.3348164627363737,-0.07230255839822024,-0.20088987764182425,0.08164627363737487,-0.42335928809788653,-0.33615127919911014,-0.3054505005561735,-0.2961067853170189
2023-10-16,0.11679644048943269,-0.17152391546162402,-0.11190211345939934,-0.09276974416017797,-0.13993325917686317,-0.22758620689655173,0.06340378197997774,0.08342602892102337,0.18086763070077863,-0.14660734149054505,-0.189321468298109,-0.22447163515016688,-0.15906562847608455
2023-10-17,0.10522803114571745,-0.22135706340378197,-0.13993325917686317,-0.1132369299221357,-0.18487208008898778,-0.189321468298109,0.12525027808676306,0.2324805339265851,0.18442714126807563,-0.15417130144605118,-0.2640711902113459,-0.24938820912124582,-0.2293659621802002
2023-10-18,0.196440489432703,-0.09588431590656285,-0.08209121245828699,-0.08698553948832036,-0.24760845383759733,-0.0064516129032258064,0.23159065628476083,0.28720800889877635,0.2164627363737486,-0.2182424916573971,-0.314349276974416,-0.3410456062291435,-0.2560622914349277
2023-10-19,0.023359288097886538,-0.1870967741935484,-0.12169076751946609,-0.2088987764182425,-0.09454949944382647,0.0046718576195773085,0.09187986651835373,0.196440489432703,0.11590656284760845,-0.30634037819799775,-0.25383759733036704,-0.48209121245828696,-0.10878754171301447
2023-10-20,0.06607341490545049,0.04916573971078977,0.16307007786429364,0.0037819799777530586,0.08832035595105672,0.038042269187986644,0.13548387096774192,0.23915461624026696,0.18620689655172412,0.046496106785317015,0.03314794215795328,-0.19332591768631813,0.028698553948832032
2023-10-23,0.028698553948832032,0.03270300333704116,0.17018909899888765,0.1332591768631813,0.15194660734149054,-0.03848720800889878,0.0967741935483871,0.20756395995550608,0.18131256952169075,0.017130144605116793,-0.0011123470522803117,-0.06251390433815351,0.12169076751946609
2023-10-24,0.040711902113459396,0.047385984427141266,0.14705228031145717,0.17953281423804227,0.20266963292547271,-0.06651835372636263,0.001557285873192436,0.06251390433815351,0.06874304783092325,0.1345939933259177,0.1403781979977753,0.046941045606229144,0.1804226918798665
2023-10-25,0.020244716351501667,-0.10789766407119021,0.1479421579532814,0.14883203559510566,0.21957730812013349,-0.14927697441601778,0.03670745272525028,0.0896551724137931,0.1003337041156841,0.05139043381535039,0.07497219132369298,0.04427141268075639,0.1764182424916574
2023-10-26,0.20978865406006672,0.16129032258064516,0.17374860956618463,0.22803114571746386,0.25383759733036704,0.0371523915461624,-0.07230255839822024,0.028253615127919914,0.029588431590656286,0.2676307007786429,0.28142380422691876,0.28898776418242494,0.27875417130144603
2023-10-27,0.2186874304783092,0.07808676307007786,-0.11101223581757509,-0.008231368186874304,-0.045606229143492764,0.08120133481646273,-0.29076751946607343,-0.11279199110122358,-0.06829810901001113,0.03136818687430478,0.055394883203559515,0.034482758620689655,0.022914349276974413
2023-10-30,0.20088987764182425,0.040266963292547274,-0.08698553948832036,-0.038042269187986644,-0.030033370411568408,0.08743047830923248,-0.20978865406006672,-0.1243604004449388,-0.11279199110122358,-0.01846496106785317,-0.016240266963292546,0.018020022246941044,0.03270300333704116
2023-10-31,0.1408231368186874,-0.04204671857619577,-0.0135706340378198,-0.04338153503893215,0.14260289210233593,-0.024249165739710785,-0.18620689655172412,-0.16484983314794216,-0.004226918798665183,0.004226918798665183,0.14126807563959956,0.11902113459399331,0.1532814238042269
2023-11-01,0.03181312569521691,0.09588431590656285,0.17508342602892102,0.1203559510567297,0.18131256952169075,-0.0731924360400445,-0.08832035595105672,-0.17285873192436038,0.11946607341490545,0.17330367074527253,0.2422691879866518,0.17953281423804227,0.21379310344827587
2023-11-02,0.060734149054505006,0.12347052280311456,0.1599555061179088,0.21290322580645163,0.10478309232480533,0.06651835372636263,-0.0033370411568409346,0.026918798665183537,0.17018909899888765,0.17285873192436038,0.21290322580645163,0.2253615127919911,0.08209121245828699
2023-11-03,0.1635150166852058,-0.00689655172413793,-0.023359288097886538,-0.05139043381535039,0.046941045606229144,0.11412680756395997,-0.19199110122358176,-0.20978865406006672,0.07274749721913237,-0.0064516129032258064,0.11546162402669634,0.09010011123470522,0.06295884315906564
2023-11-06,0.08921023359288098,0.14660734149054505,0.15639599555061176,0.09410456062291435,0.1710789766407119,0.05272525027808676,-0.05272525027808676,-0.0878754171301446,0.07185761957730812,0.13236929922135707,0.2293659621802002,0.196440489432703,0.05939933259176862
2023-11-07,0.06918798665183537,0.2631813125695217,0.22625139043381537,0.14527252502780869,0.23114571746384868,0.10255839822024472,-0.00867630700778643,-0.1114571746384872,0.07808676307007786,0.19021134593993325,0.27208008898776415,0.18887652947719688,0.20667408231368187
2023-11-08,-0.008231368186874304,0.307230255839822,0.2649610678531702,0.23337041156840932,0.2800889877641824,0.09054505005561733,0.059844271412680755,0.005561735261401557,0.14438264738598441,0.3090100111234705,0.2453837597330367,0.30945494994438266,0.14349276974416017
2023-11-09,-0.12880978865406006,0.23692992213570632,0.13014460511679646,0.20088987764182425,0.20311457174638486,0.08075639599555061,0.06473859844271414,-0.005561735261401557,0.1239154616240267,0.25739710789766407,0.20311457174638486,0.26140155728587317,0.19243604004449388
2023-11-10,-0.1870967741935484,0.185761957730812,0.07363737486095662,0.20222469410456062,0.030923248053392655,0.19154616240266964,0.23381535038932147,0.16262513904338155,0.182202447163515,0.09098998887652948,-0.0033370411568409346,0.13370411568409346,0.03848720800889878
2023-11-13,-0.17597330367074526,0.21557285873192436,0.026028921023359287,0.1350389321468298,-0.13014460511679646,0.27786429365962184,0.28097886540600664,0.32769744160177977,0.21334816462736375,0.08876529477196884,-0.10700778642936595,-0.02246941045606229,-0.33615127919911014
2023-11-14,-0.1946607341490545,0.17018909899888765,0.040711902113459396,0.13370411568409346,-0.11501668520578419,0.41401557285873186,0.23559510567296996,0.32146829810900995,0.13103448275862067,0.07230255839822024,-0.06473859844271414,-0.03314794215795328,-0.28720800889877635
2023-11-15,-0.06829810901001113,0.3454949944382647,0.07007786429365963,0.189321468298109,-0.1332591768631813,0.5141268075639599,0.19332591768631813,0.3512791991101224,0.05850945494994438,0.12569521690767518,-0.030478309232480537,0.053170189098998885,-0.2182424916573971
2023-11-16,-0.10166852057842046,0.17419354838709677,0.09232480533926585,0.15506117908787542,-0.08120133481646273,0.418020022246941,0.47185761957730815,0.36729699666295884,0.32413793103448274,-0.05850945494994438,-0.17730812013348163,-0.06696329254727475,-0.2182424916573971
2023-11-17,-0.02647385984427141,-0.05228031145717464,-0.1670745272525028,-0.12302558398220245,-0.27341490545050057,0.26896551724137935,0.3090100111234705,0.3219132369299221,0.018909899888765295,-0.26273637374860953,-0.3348164627363737,-0.3468298109010011,-0.24449388209121245
2023-11-20,0.012235817575083427,0.06562847608453837,-0.03225806451612903,-0.05406006674082313,-0.07853170189098999,0.3793103448275862,0.27608453837597335,0.3121245828698554,0.10077864293659622,-0.15639599555061176,-0.11902113459399331,-0.21601779755283645,-0.001557285873192436
2023-11-21,0.04916573971078977,-0.06295884315906564,-0.20489432703003335,-0.23025583982202447,-0.2609566184649611,0.24360400444938823,0.28809788654060065,0.33303670745272523,0.04338153503893215,-0.37352614015572855,-0.3819799777530589,-0.47141268075639603,-0.260511679644049
2023-11-22,0.1586206896551724,0.18086763070077863,-0.03937708565072302,0.011345939933259176,-0.1670745272525028,0.3632925472747497,0.300111234705228,0.40289210233592887,-0.07007786429365963,-0.09365962180200223,-0.20177975528364847,-0.23915461624026696,-0.10300333704115683
2023-11-24,0.09187986651835373,0.12703003337041155,-0.21512791991101224,-0.05628476084538376,-0.3219132369299221,0.3299221357063403,0.2676307007786429,0.3419354838709677,-0.17419354838709677,-0.16751946607341492,-0.2622914349276974,-0.2040044493882091,-0.15239154616240266
2023-11-27,0.014460511679644046,-0.055394883203559515,-0.2654060066740823,-0.22180200222469412,-0.3441601779755284,0.10611790878754171,-0.005561735261401557,0.08387096774193549,-0.4384872080088987,-0.17330367074527253,-0.2053392658509455,-0.2164627363737486,-0.04427141268075639
2023-11-28,0.001557285873192436,0.028253615127919914,-0.03314794215795328,-0.06295884315906564,-0.1906562847608454,0.14883203559510566,0.09187986651835373,0.03759733036707453,-0.22224694104560622,-0.05494994438264739,-0.13370411568409346,-0.04204671857619577,-0.1532814238042269
2023-11-29,0.0135706340378198,0.10656284760845385,-0.13236929922135707,-0.06340378197997774,-0.26585094549499444,0.2520578420467186,0.20622914349276972,0.20978865406006672,-0.09588431590656285,-0.14304783092324808,-0.2324805339265851,-0.19733036707452725,-0.14705228031145717
2023-11-30,-0.03759733036707453,0.08298109010011123,-0.013125695216907676,0.07096774193548387,-0.14571746384872078,0.16440489432703,0.20177975528364847,0.28409343715239155,-0.06874304783092325,-0.038042269187986644,-0.12169076751946609,-0.20444938820912126,-0.11546162402669634
2023-12-01,0.03181312569521691,0.05761957730812013,-0.06963292547274749,-0.010901001112347052,-0.20845383759733035,0.20800889877641823,0.1768631813125695,0.19688542825361513,-0.018020022246941044,-0.15283648498331479,-0.2729699666295884,-0.23515016685205786,-0.20222469410456062
2023-12-04,-0.08164627363737487,-0.08609566184649611,-0.18620689655172412,-0.04293659621802002,-0.16440489432703,0.02202447163515017,-0.03181312569521691,0.09855394883203561,-0.009566184649610678,-0.07052280311457175,-0.17908787541713014,-0.10878754171301447,-0.2146829810901001
2023-12-05,-0.11590656284760845,-0.09232480533926585,-0.28720800889877635,-0.18264738598442715,-0.28453837597330367,0.057174638487208,-0.07363737486095662,0.04516129032258065,-0.2996662958843159,-0.185761957730812,-0.2507230255839822,-0.21601779755283645,-0.22402669632925473
2023-12-06,-0.064293659621802,-0.21290322580645163,-0.3486095661846496,-0.2667408231368187,-0.33704115684093433,-0.0135706340378198,0.05005561735261402,0.034482758620689655,-0.07452725250278086,-0.3993325917686318,-0.4558398220244716,-0.3299221357063403,-0.37708565072302563
2023-12-07,-0.056729699666295874,-0.29076751946607343,-0.12124582869855395,-0.2186874304783092,-0.1546162402669633,-0.16529477196885425,0.04827586206896552,-0.07675194660734148,0.09588431590656285,-0.12836484983314794,-0.13815350389321468,-0.1982202447163515,-0.2711902113459399
2023-12-08,-0.09454949944382647,-0.15639599555061176,-0.06874304783092325,-0.12347052280311456,-0.15283648498331479,-0.09499443826473859,0.13948832035595105,0.0002224694104560623,0.08921023359288098,-0.11635150166852058,-0.1332591768631813,-0.16262513904338155,-0.20133481646273638
2023-12-11,-0.13281423804226916,-0.24404894327030033,-0.027808676307007785,-0.07897664071190211,0.008231368186874304,-0.207119021134594,0.05850945494994438,0.00689655172413793,0.08565072302558399,-0.058954393770856504,-0.0843159065628476,-0.03492769744160178,-0.01757508342602892
2023-12-12,-0.24716351501668518,-0.22803114571746386,-0.0843159065628476,-0.03270300333704116,-0.10433815350389322,-0.2004449388209121,0.17463848720800887,0.07675194660734148,0.10745272525027807,-0.12124582869855395,-0.15550611790878754,-0.05850945494994438,-0.15639599555061176
2023-12-13,-0.14260289210233593,-0.28453837597330367,-0.01668520578420467,-0.12880978865406006,-0.08476084538375972,-0.2293659621802002,0.09988876529477196,0.09721913236929922,0.19733036707452725,-0.20133481646273638,-0.2204671857619577,-0.22269187986651834,-0.22224694104560622
2023-12-14,-0.08698553948832036,-0.21023359288097884,-0.0389321468298109,-0.15016685205784203,0.09010011123470522,-0.12791991101223582,-0.015350389321468297,0.00867630700778643,0.160845383759733,-0.15016685205784203,-0.004226918798665183,-0.1621802002224694,-0.012235817575083427
2023-12-15,-0.12836484983314794,-0.1296996662958843,-0.17419354838709677,-0.16173526140155728,-0.11368186874304784,-0.060289210233592884,-0.00689655172413793,-0.013125695216907676,-0.0353726362625139,-0.18620689655172412,-0.22714126807563956,-0.09632925472747497,-0.12258064516129033
2023-12-18,0.0064516129032258064,-0.033592880978865404,-0.07497219132369298,-0.10567296996662959,-0.0424916573971079,-0.030033370411568408,-0.0389321468298109,-0.15150166852057842,-0.08476084538375972,-0.03225806451612903,-0.040711902113459396,-0.018020022246941044,-0.03314794215795328
2023-12-19,0.09410456062291435,0.12347052280311456,-0.0135706340378198,-0.06651835372636263,-0.1906562847608454,0.1568409343715239,0.09054505005561733,-0.047830923248053395,-0.1243604004449388,-0.029143492769744164,-0.21735261401557288,-0.09810901001112346,-0.1586206896551724
2023-12-20,0.03848720800889878,0.1474972191323693,-0.1532814238042269,-0.16129032258064516,-0.13904338153503895,0.13681868743047831,-0.0046718576195773085,-0.02736373748609566,-0.1581757508342603,-0.16929922135706338,-0.1408231368186874,-0.21957730812013349,-0.053170189098998885
2023-12-21,0.19911012235817574,0.16929922135706338,-0.2502780867630701,-0.2609566184649611,-0.20622914349276972,0.36106785317018913,-0.18086763070077863,-0.13414905450500555,-0.31790878754171303,-0.22447163515016688,-0.12791991101223582,-0.2502780867630701,0.02469410456062291
2023-12-22,0.22447163515016688,0.1804226918798665,-0.08698553948832036,-0.08565072302558399,-0.10389321468298107,0.2596218020022247,-0.15194660734149054,-0.11056729699666296,-0.3530589543937709,0.04872080088987764,0.030033370411568408,-0.020689655172413793,0.03225806451612903
2023-12-26,0.23515016685205786,0.3552836484983315,0.0967741935483871,-0.015350389321468297,0.09944382647385984,0.24849833147942155,-0.10700778642936595,-0.10344827586206896,-0.29076751946607343,0.12614015572858733,0.15372636262513903,0.13637374860956616,0.15417130144605118
2023-12-27,0.35172413793103446,0.18086763070077863,0.04916573971078977,0.0006674082313681868,0.11190211345939934,0.20578420467185762,-0.054505005561735265,-0.1568409343715239,-0.1897664071190211,0.06473859844271414,0.07942157953281423,0.10923248053392658,0.15550611790878754
2023-12-28,0.260511679644049,0.12169076751946609,-0.11902113459399331,-0.1870967741935484,0.10433815350389322,0.2289210233592881,-0.31167964404894327,-0.18665183537263624,-0.207119021134594,-0.15150166852057842,-0.01935483870967742,-0.038042269187986644,0.1474972191323693
2023-12-29,0.2502780867630701,0.12658509454949946,-0.046496106785317015,-0.1385984427141268,0.0825361512791991,0.31523915461624025,-0.2489432703003337,-0.21290322580645163,-0.13236929922135707,-0.0825361512791991,0.07497219132369298,0.027808676307007785,0.16974416017797553
2024-01-02,0.20133481646273638,-0.02246941045606229,-0.2324805339265851,-0.14126807563959956,-0.09543937708565071,0.06607341490545049,-0.30233592880978866,-0.2849833147942158,-0.19955506117908786,-0.1621802002224694,-0.12658509454949946,0.05628476084538376,0.047385984427141266
2024-01-03,0.2182424916573971,-0.08743047830923248,-0.18798665183537264,-0.09988876529477196,-0.2569521690767519,0.11501668520578419,-0.22803114571746386,-0.12658509454949946,-0.15283648498331479,-0.08698553948832036,-0.21957730812013349,-0.030478309232480537,-0.21690767519466073
2024-01-04,0.16395995550611792,0.04382647385984427,-0.17330367074527253,-0.07675194660734148,-0.2992213570634038,0.18665183537263624,-0.12614015572858733,-0.19377085650723025,-0.08609566184649611,-0.00867630700778643,-0.08698553948832036,-0.0011123470522803117,-0.21379310344827587
2024-01-05,0.1768631813125695,-0.047830923248053395,-0.20133481646273638,-0.13904338153503895,-0.39888765294771966,0.0020022246941045607,-0.25383759733036704,-0.3050055617352614,-0.1479421579532814,-0.0135706340378198,-0.1479421579532814,-0.0460511679644049,-0.3081201334816463
2024-01-08,0.09276974416017797,-0.10478309232480533,-0.14482758620689654,-0.018909899888765295,-0.2800889877641824,-0.10834260289210233,-0.15239154616240266,-0.14527252502780869,-0.034482758620689655,0.01268075639599555,-0.05050055617352613,-0.05228031145717464,-0.2551724137931034
2024-01-09,0.14349276974416017,-0.06384872080088987,-0.05628476084538376,0.030923248053392655,-0.20667408231368187,-0.07052280311457175,-0.06251390433815351,-0.18309232480533927,0.04961067853170189,0.06518353726362626,-0.06651835372636263,0.0011123470522803117,-0.21290322580645163
2024-01-10,0.26985539488320354,-0.02202447163515017,-0.033592880978865404,-0.12347052280311456,-0.27474972191323693,0.040266963292547274,0.033592880978865404,-0.05228031145717464,0.059844271412680755,-0.047830923248053395,-0.2164627363737486,-0.20177975528364847,-0.21334816462736375
2024-01-11,0.35172413793103446,0.03982202447163515,-0.015350389321468297,-0.010901001112347052,-0.05228031145717464,0.11946607341490545,0.09410456062291435,-0.04160177975528365,0.17508342602892102,-0.0371523915461624,-0.03670745272525028,-0.10255839822024472,-0.046941045606229144
2024-01-12,0.3957730812013348,-0.18175750834260287,-0.2992213570634038,-0.21023359288097884,-0.1532814238042269,0.05183537263626252,0.0896551724137931,0.04338153503893215,0.23692992213570632,-0.3512791991101224,-0.3681868743047831,-0.3432703003337041,-0.22402669632925473
2024-01-16,0.3472747497219132,-0.09588431590656285,-0.0028921023359288096,-0.09410456062291435,-0.06162402669632924,-0.014905450500556172,0.15016685205784203,0.07363737486095662,0.28987764182424913,-0.1657397107897664,-0.13637374860956616,-0.20800889877641823,-0.15417130144605118
2024-01-17,0.3704115684093437,0.18442714126807563,0.182202447163515,0.058954393770856504,0.023804226918798663,0.14883203559510566,0.3508342602892102,0.27697441601779754,0.39221357063403783,-0.03982202447163515,-0.030923248053392655,-0.19510567296996661,-0.16262513904338155
2024-01-18,0.2596218020022247,0.19510567296996661,0.0967741935483871,0.05939933259176862,0.10567296996662959,0.2978865406006674,0.4197997775305895,0.3979977753058954,0.38731924360400444,-0.1114571746384872,-0.12080088987764183,-0.27341490545050057,-0.09098998887652948
2024-01-19,0.37263626251390436,0.21067853170189096,0.24004449388209118,0.10300333704115683,0.2654060066740823,0.2204671857619577,0.3664071190211346,0.3268075639599555,0.36017797552836484,0.01579532814238042,0.016240266963292546,-0.0771968854282536,0.12347052280311456
2024-01-22,0.4122358175750834,0.14660734149054505,0.1764182424916574,0.2040044493882091,0.2360400444938821,0.011790878754171301,0.21201334816462733,0.25739710789766407,0.32057842046718577,0.13414905450500555,0.053170189098998885,0.08921023359288098,0.08921023359288098
2024-01-23,0.396662958843159,0.20978865406006672,0.2413793103448276,0.23915461624026696,0.15506117908787542,0.030478309232480537,0.16307007786429364,0.24805339265850945,0.2516129032258065,0.15595105672969967,0.11412680756395997,0.11012235817575085,0.12169076751946609
2024-01-24,0.4189098998887653,0.4513904338153503,0.30189098998887653,0.335706340378198,0.2307007786429366,0.31078976640711903,0.2164627363737486,0.18131256952169075,0.06340378197997774,0.3419354838709677,0.2849833147942158,0.2547274749721913,0.18665183537263624
2024-01-25,0.27341490545050057,0.4082313681868743,0.2921023359288098,0.31568409343715237,0.20355951056729701,0.3281423804226919,0.07230255839822024,0.07853170189098999,0.21512791991101224,0.33748609566184645,0.27430478309232476,0.332146829810901,0.12169076751946609
2024-01-26,0.1635150166852058,0.3477196885428253,0.335706340378198,0.364182424916574,0.27252502780867627,0.27208008898776415,0.20266963292547271,0.12347052280311456,0.14260289210233593,0.3561735261401557,0.2827586206896551,0.33036707452725245,0.16796440489432704
2024-01-29,0.014460511679644046,0.3632925472747497,0.17908787541713014,0.23114571746384868,0.03225806451612903,0.3236929922135706,0.1906562847608454,0.1385984427141268,0.04516129032258065,0.23692992213570632,0.06607341490545049,0.22981090100111232,0.05761957730812013
2024-01-30,-0.018909899888765295,0.2525027808676307,0.15506117908787542,0.160845383759733,-0.11412680756395997,0.3775305895439377,0.17419354838709677,0.23159065628476083,-0.05139043381535039,0.17063403781979977,0.06874304783092325,0.05094549499443826,-0.05228031145717464
2024-01-31,-0.12525027808676306,0.15773081201334815,-0.06206896551724137,0.09054505005561733,-0.27786429365962184,0.28587319243604004,0.13993325917686317,0.1568409343715239,-0.14616240266963293,0.08832035595105672,-0.17730812013348163,0.07096774193548387,-0.2547274749721913
2024-02-01,-0.11991101223581756,-0.12569521690767518,-0.33125695216907675,-0.02202447163515017,-0.5101223581757508,0.10344827586206896,0.021134593993325918,0.09899888765294772,-0.15728587319243603,-0.017130144605116793,-0.37842046718576194,-0.11813125695216908,-0.4616240266963292
2024-02-02,-0.32725250278086765,-0.11101223581757509,-0.10478309232480533,-0.10344827586206896,-0.3441601779755284,0.10389321468298107,0.0460511679644049,0.016240266963292546,-0.23159065628476083,-0.0389321468298109,-0.11902113459399331,-0.17730812013348163,-0.22180200222469412
2024-02-05,-0.5136818687430478,-0.21557285873192436,-0.2511679644048943,-0.19199110122358176,-0.3508342602892102,-0.05406006674082313,-0.04827586206896552,-0.11679644048943269,-0.19777530589543937,-0.24849833147942155,-0.27208008898776415,-0.1292547274749722,-0.3210233592880979
2024-02-06,-0.5239154616240267,-0.10700778642936595,-0.1532814238042269,-0.17196885428253617,-0.12569521690767518,0.0006674082313681868,-0.08609566184649611,-0.08342602892102337,-0.24315906562847608,-0.12124582869855395,-0.07986651835372637,-0.06473859844271414,-0.11724137931034483
2024-02-07,-0.25383759733036704,-0.054505005561735265,-0.008231368186874304,0.02736373748609566,-0.028698553948832032,0.13637374860956616,0.1604004449388209,0.16974416017797553,-0.11546162402669634,-0.07586206896551724,-0.2200222469410456,-0.17552836484983317,-0.14838709677419354
2024-02-08,-0.15239154616240266,-0.1239154616240267,-0.1635150166852058,-0.17997775305895441,-0.18175750834260287,0.11768631813125695,0.10344827586206896,0.1479421579532814,-0.10344827586206896,-0.260511679644049,-0.24404894327030033,-0.289432703003337,-0.10166852057842046
2024-02-09,-0.0967741935483871,-0.07808676307007786,-0.25339265850945497,-0.2204671857619577,-0.18131256952169075,0.10700778642936595,0.0037819799777530586,0.034482758620689655,-0.16173526140155728,-0.2507230255839822,-0.23692992213570632,-0.30589543937708563,-0.1003337041156841
2024-02-12,-0.06651835372636263,0.13637374860956616,-0.08164627363737487,-0.07986651835372637,-0.1621802002224694,0.3410456062291435,0.33837597330367075,0.31790878754171303,-0.10433815350389322,-0.29299221357063404,-0.37486095661846497,-0.4131256952169076,-0.20756395995550608
2024-02-13,-0.2413793103448276,0.2200222469410456,-0.02469410456062291,0.09988876529477196,-0.05628476084538376,0.32547274749721916,0.48209121245828696,0.48787541713014465,0.14972191323692993,-0.19332591768631813,-0.2324805339265851,-0.3468298109010011,-0.1345939933259177
2024-02-14,-0.0006674082313681868,0.18264738598442715,0.07942157953281423,-0.024249165739710785,-0.09187986651835373,0.3993325917686318,0.16885428253615126,0.20489432703003335,-0.08876529477196884,-0.20934371523915463,-0.16751946607341492,-0.3592880978865406,-0.07853170189098999
2024-02-15,0.11857619577308119,0.1221357063403782,-0.24271412680756396,-0.20177975528364847,-0.20222469410456062,0.32725250278086765,-0.13637374860956616,0.10433815350389322,-0.36284760845383757,-0.3098998887652948,-0.20622914349276972,-0.28231368186874306,-0.053170189098998885
2024-02-16,0.033592880978865404,0.05005561735261402,-0.15773081201334815,-0.1568409343715239,-0.1332591768631813,0.26585094549499444,-0.06963292547274749,0.04471635150166852,-0.3187986651835373,-0.2449388209121246,-0.11546162402669634,-0.20133481646273638,0.03626251390433815
2024-02-20,0.09232480533926585,-0.040266963292547274,-0.19154616240266964,-0.1621802002224694,-0.11813125695216908,0.0843159065628476,-0.20667408231368187,-0.12124582869855395,-0.47497219132369295,-0.1635150166852058,-0.08565072302558399,-0.06963292547274749,0.04382647385984427
2024-02-21,0.09187986651835373,-0.03314794215795328,-0.15283648498331479,-0.08120133481646273,-0.12302558398220245,0.11056729699666296,-0.1657397107897664,0.01935483870967742,-0.40155728587319245,-0.08164627363737487,-0.10300333704115683,-0.05361512791991101,0.034037819799777526
2024-02-22,-0.16395995550611792,-0.3815350389321468,-0.29299221357063404,-0.17819799777530587,-0.2462736373748609,-0.20800889877641823,-0.26807563959955505,-0.1479421579532814,-0.24671857619577306,-0.2729699666295884,-0.24360400444938823,-0.06562847608453837,-0.2266963292547275
2024-02-23,-0.24849833147942155,-0.3281423804226919,-0.27252502780867627,-0.10700778642936595,-0.10166852057842046,-0.30945494994438266,-0.3815350389321468,-0.18798665183537264,-0.2040044493882091,-0.15417130144605118,-0.05761957730812013,-0.03492769744160178,-0.08387096774193549
2024-02-26,-0.30233592880978866,-0.37352614015572855,-0.12569521690767518,-0.1474972191323693,-0.07230255839822024,-0.40111234705228027,-0.3419354838709677,-0.25383759733036704,-0.13281423804226916,-0.038042269187986644,-0.0011123470522803117,-0.017130144605116793,-0.0460511679644049
2024-02-27,-0.23515016685205786,-0.26184649610678534,-0.06206896551724137,-0.16796440489432704,-0.018020022246941044,-0.27608453837597335,-0.22402669632925473,-0.2992213570634038,-0.17997775305895441,-0.0914349276974416,0.0843159065628476,-0.13637374860956616,0.10300333704115683
2024-02-28,-0.11501668520578419,-0.4046718576195773,-0.23292547274749723,-0.32413793103448274,-0.15239154616240266,-0.2774193548387097,-0.28231368186874306,-0.3081201334816463,-0.2293659621802002,-0.31167964404894327,-0.23737486095661847,-0.2956618464961067,-0.08565072302558399
2024-02-29,-0.028698553948832032,-0.2983314794215795,-0.13147942157953282,-0.3521690767519466,-0.040711902113459396,-0.21156840934371526,-0.22269187986651834,-0.2640711902113459,-0.20667408231368187,-0.3090100111234705,-0.12836484983314794,-0.3414905450500556,0.045606229143492764
2024-03-01,-0.03136818687430478,-0.21023359288097884,-0.06740823136818688,-0.16173526140155728,0.011345939933259176,-0.25917686318131256,-0.1586206896551724,-0.24048943270300333,-0.19777530589543937,-0.15061179087875418,-0.06963292547274749,-0.17508342602892102,0.22135706340378197
2024-03-04,0.03982202447163515,-0.15506117908787542,-0.1604004449388209,-0.14972191323692993,0.02647385984427141,-0.16395995550611792,-0.36017797552836484,-0.23203559510567295,-0.2556173526140155,-0.13548387096774192,0.015350389321468297,-0.1292547274749722,0.3668520578420467
2024-03-05,0.1296996662958843,-0.22981090100111232,-0.14705228031145717,-0.2987764182424916,0.05272525027808676,-0.2040044493882091,-0.43403781979977757,-0.4758620689655172,-0.28720800889877635,-0.07897664071190211,0.1604004449388209,-0.10344827586206896,0.38731924360400444
2024-03-06,0.1959955506117909,-0.25917686318131256,-0.20088987764182425,-0.3090100111234705,0.02469410456062291,-0.19866518353726362,-0.47363737486095664,-0.5439377085650723,-0.2800889877641824,-0.1421579532814238,0.001557285873192436,-0.059844271412680755,0.22402669632925473
2024-03-07,0.3650723025583982,-0.10166852057842046,-0.18131256952169075,-0.3045606229143492,-0.021579532814238044,0.04471635150166852,-0.4901001112347052,-0.507007786429366,-0.27474972191323693,-0.21735261401557288,-0.064293659621802,-0.18531701890989988,0.15150166852057842
2024-03-08,0.31523915461624025,-0.01935483870967742,-0.15506117908787542,-0.1599555061179088,0.03225806451612903,0.260511679644049,-0.35350389321468295,-0.38509454949944383,-0.14883203559510566,-0.217797552836485,-0.0878754171301446,-0.10300333704115683,0.12747497219132367
2024-03-11,0.24671857619577306,-0.06785317018909899,-0.17241379310344826,-0.13370411568409346,-0.038042269187986644,0.1345939933259177,-0.33303670745272523,-0.2569521690767519,-0.10611790878754171,-0.15639599555061176,-0.05761957730812013,-0.10166852057842046,-0.00867630700778643
2024-03-12,0.17196885428253617,0.10878754171301447,0.22758620689655173,0.05005561735261402,0.19154616240266964,0.15550611790878754,0.09365962180200223,-0.14482758620689654,0.11012235817575085,0.12747497219132367,0.19510567296996661,0.060289210233592884,0.2040044493882091
2024-03-13,0.00867630700778643,-0.027808676307007785,0.14571746384872078,0.11679644048943269,0.2765294771968854,-0.04382647385984427,0.05583982202447163,0.04293659621802002,0.21156840934371526,0.12258064516129033,0.21201334816462733,0.09810901001112346,0.24805339265850945
2024-03-14,-0.19421579532814237,0.04872080088987764,0.21690767519466073,0.15550611790878754,0.21290322580645163,-0.11368186874304784,0.08654060066740822,0.059844271412680755,0.1408231368186874,0.22091212458286985,0.24048943270300333,0.16395995550611792,0.2088987764182425
2024-03-15,-0.15639599555061176,0.07808676307007786,0.060734149054505006,0.013125695216907676,0.08164627363737487,0.021134593993325918,-0.08743047830923248,-0.030033370411568408,0.035817575083426034,0.023804226918798663,0.09098998887652948,0.007341490545050056,0.11590656284760845
2024-03-18,-0.3067853170189099,0.2511679644048943,0.3721913236929922,0.2516129032258065,0.23292547274749723,0.03492769744160178,0.185761957730812,0.14349276974416017,0.19510567296996661,0.3196885428253615,0.28453837597330367,0.19421579532814237,0.20088987764182425
2024-03-19,-0.4002224694104561,0.3290322580645161,0.3575083426028921,0.3548387096774193,0.289432703003337,0.10656284760845385,0.2146829810901001,0.20355951056729701,0.1586206896551724,0.3308120133481646,0.30055617352614017,0.33348164627363736,0.2525027808676307
2024-03-20,-0.3125695216907675,0.33837597330367075,0.3548387096774193,0.3539488320355951,0.22714126807563956,0.1403781979977753,0.3161290322580645,0.24760845383759733,0.16796440489432704,0.3432703003337041,0.29032258064516125,0.31167964404894327,0.22981090100111232
2024-03-21,-0.33837597330367075,0.2983314794215795,0.26852057842046717,0.3228031145717464,-0.03314794215795328,0.22313681868743046,0.36462736373748605,0.3592880978865406,0.08609566184649611,0.35706340378198,0.1604004449388209,0.2827586206896551,-0.07808676307007786
2024-03-22,-0.37352614015572855,0.3503893214682981,0.28987764182424913,0.41357063403781974,-0.001557285873192436,0.12169076751946609,0.4647385984427141,0.4197997775305895,0.17196885428253617,0.3210233592880979,0.08342602892102337,0.28720800889877635,-0.06384872080088987
2024-03-25,-0.2832035595105673,0.31746384872080086,0.4100111234705228,0.4126807563959955,0.16618464961067853,0.17730812013348163,0.5403781979977753,0.47630700778642937,0.32591768631813123,0.36151279199110126,0.1835372636262514,0.32057842046718577,-0.03626251390433815
2024-03-26,-0.16618464961067853,0.2729699666295884,0.22625139043381537,0.43715239154616237,0.07808676307007786,0.19777530589543937,0.4091212458286986,0.457174638487208,0.3979977753058954,0.2565072302558398,0.019799777530589546,0.26852057842046717,-0.08565072302558399
2024-03-27,-0.16929922135706338,-0.040711902113459396,-0.17285873192436038,0.0843159065628476,-0.1345939933259177,0.09855394883203561,0.13370411568409346,0.17241379310344826,0.18175750834260287,-0.06785317018909899,-0.22358175750834258,-0.02736373748609566,-0.15506117908787542
2024-03-28,0.00778642936596218,0.056729699666295874,-0.034037819799777526,0.10344827586206896,-0.17241379310344826,0.14126807563959956,0.2,0.23737486095661847,0.18665183537263624,-0.02513904338153504,-0.1510567296996663,-0.06696329254727475,-0.22402669632925473
2024-04-01,-0.029143492769744164,0.1421579532814238,-0.009566184649610678,0.10611790878754171,-0.2382647385984427,0.2418242491657397,0.1604004449388209,0.23915461624026696,0.10211345939933258,0.08520578420467186,-0.08654060066740822,-0.057174638487208,-0.2418242491657397
2024-04-02,0.026918798665183537,0.15239154616240266,0.1479421579532814,0.1804226918798665,-0.18309232480533927,0.2676307007786429,0.24093437152391545,0.19154616240266964,0.1621802002224694,0.23737486095661847,-0.03270300333704116,0.029143492769744164,-0.26140155728587317
2024-04-03,-0.05628476084538376,0.10834260289210233,0.13592880978865407,0.09810901001112346,-0.24849833147942155,0.07185761957730812,0.1959955506117909,0.14304783092324808,0.03492769744160178,0.07185761957730812,-0.10522803114571745,-0.057174638487208,-0.16440489432703
2024-04-04,-0.010456062291434927,0.1221357063403782,0.08921023359288098,0.03225806451612903,-0.24983314794215797,0.2582869855394883,0.27875417130144603,0.38064516129032255,0.1532814238042269,-0.010456062291434927,-0.21290322580645163,-0.2551724137931034,-0.332146829810901
2024-04-05,-0.0033370411568409346,-0.18887652947719688,-0.22981090100111232,-0.14927697441601778,-0.1911012235817575,-0.01268075639599555,0.00778642936596218,0.15728587319243603,-0.13103448275862067,-0.2551724137931034,-0.3098998887652948,-0.2266963292547275,-0.2342602892102336
2024-04-08,0.09276974416017797,-0.08476084538375972,-0.03136818687430478,-0.08609566184649611,-0.15773081201334815,-0.005116796440489433,0.06340378197997774,0.022914349276974413,-0.09054505005561733,-0.08298109010011123,-0.13236929922135707,-0.16885428253615126,-0.14482758620689654
2024-04-09,0.15506117908787542,-0.22758620689655173,-0.35839822024471635,-0.21913236929922134,-0.3299221357063403,-0.05228031145717464,-0.1906562847608454,-0.13370411568409346,-0.21379310344827587,-0.24716351501668518,-0.29343715239154616,-0.13904338153503895,-0.2293659621802002
2024-04-10,0.055394883203559515,-0.03136818687430478,0.012235817575083427,-0.01668520578420467,-0.01268075639599555,-0.07408231368186874,0.045606229143492764,-0.02469410456062291,-0.07052280311457175,-0.07230255839822024,0.0011123470522803117,-0.01757508342602892,0.057174638487208
2024-04-11,0.09098998887652948,0.1403781979977753,-0.06473859844271414,-0.07897664071190211,-0.064293659621802,0.2342602892102336,0.1532814238042269,0.17330367074527253,0.06251390433815351,-0.1296996662958843,-0.16840934371523916,-0.2622914349276974,-0.07808676307007786
2024-04-12,0.07096774193548387,0.0771968854282536,-0.009121245828698554,-0.04872080088987764,-0.03848720800889878,0.21690767519466073,0.11635150166852058,0.13548387096774192,0.006006674082313682,-0.13637374860956616,-0.12525027808676306,-0.16618464961067853,-0.047385984427141266
2024-04-15,0.11101223581757509,0.020244716351501667,-0.06251390433815351,-0.03759733036707453,-0.08921023359288098,0.0037819799777530586,-0.1568409343715239,-0.03937708565072302,-0.13948832035595105,0.05761957730812013,0.04293659621802002,-0.03181312569521691,0.05761957730812013
2024-04-16,-0.03626251390433815,0.19555061179087874,0.22847608453837595,0.2507230255839822,0.14126807563959956,0.16662958843159065,0.1546162402669633,0.15194660734149054,0.13103448275862067,0.182202447163515,0.06473859844271414,0.1239154616240267,0.06251390433815351
2024-04-17,0.05183537263626252,0.14171301446051168,0.034037819799777526,0.15194660734149054,-0.00778642936596218,0.14705228031145717,0.17374860956618463,0.19911012235817574,0.19733036707452725,0.07675194660734148,-0.11190211345939934,0.010901001112347052,-0.17908787541713014
2024-04-18,0.05228031145717464,0.21601779755283645,0.018909899888765295,0.09098998887652948,-0.0424916573971079,0.2293659621802002,0.32591768631813123,0.2600667408231368,0.11768631813125695,0.027808676307007785,-0.07853170189098999,-0.05850945494994438,-0.14927697441601778
2024-04-19,0.07586206896551724,0.027808676307007785,-0.24938820912124582,-0.028698553948832032,-0.13147942157953282,0.2053392658509455,0.17819799777530587,0.18531701890989988,0.12480533926585094,-0.22847608453837595,-0.36106785317018913,-0.1884315906562848,-0.24360400444938823
2024-04-22,0.10567296996662959,0.11991101223581756,-0.09543937708565071,-0.034037819799777526,-0.1875417130144605,0.2502780867630701,0.0771968854282536,0.16840934371523916,-0.05583982202447163,-0.08743047830923248,-0.22091212458286985,-0.17953281423804227,-0.2453837597330367
2024-04-23,0.09098998887652948,0.27608453837597335,0.057174638487208,0.01757508342602892,-0.05850945494994438,0.4398220244716351,0.289432703003337,0.21023359288097884,0.10255839822024472,-0.06251390433815351,-0.13726362625139044,-0.17374860956618463,-0.18798665183537264
2024-04-24,0.16796440489432704,0.14660734149054505,0.014905450500556172,0.014015572858731925,0.10656284760845385,0.3508342602892102,0.15906562847608455,0.11902113459399331,0.13236929922135707,-0.12169076751946609,-0.08698553948832036,-0.1003337041156841,-0.0843159065628476
2024-04-25,0.1581757508342603,0.16885428253615126,0.06295884315906564,0.1604004449388209,0.11679644048943269,0.18798665183537264,0.14838709677419354,0.2489432703003337,0.09988876529477196,0.06874304783092325,0.0878754171301446,0.05494994438264739,-0.035817575083426034
2024-04-26,0.12703003337041155,0.12703003337041155,0.02202447163515017,0.14571746384872078,-0.02513904338153504,0.2266963292547275,0.21512791991101224,0.22313681868743046,0.07897664071190211,0.1239154616240267,0.02202447163515017,0.10478309232480533,-0.10122358175750834
2024-04-29,-0.014460511679644046,0.35572858731924356,0.27474972191323693,0.3668520578420467,0.025583982202447165,0.14482758620689654,0.4220244716351501,0.435817575083426,0.2854282536151279,0.20667408231368187,0.057174638487208,0.20088987764182425,-0.04827586206896552
2024-04-30,-0.07630700778642936,0.2983314794215795,0.09810901001112346,0.19733036707452725,-0.10077864293659622,0.2182424916573971,0.22135706340378197,0.2943270300333704,0.04293659621802002,0.03759733036707453,-0.13103448275862067,0.00778642936596218,-0.13548387096774192
2024-05-01,0.0064516129032258064,0.04293659621802002,-0.03136818687430478,0.0896551724137931,-0.1870967741935484,0.07675194660734148,0.09054505005561733,0.17196885428253617,-0.005116796440489433,-0.011345939933259176,-0.09543937708565071,-0.06518353726362626,-0.17463848720800887
2024-05-02,-0.1003337041156841,0.11902113459399331,0.11412680756395997,0.14571746384872078,-0.2004449388209121,0.11724137931034483,0.2551724137931034,0.32547274749721916,0.20266963292547271,0.08164627363737487,-0.04382647385984427,-0.0932146829810901,-0.3125695216907675
2024-05-03,-0.10700778642936595,0.20266963292547271,0.17196885428253617,0.21423804226918797,-0.16307007786429364,0.21112347052280311,0.5328142380422692,0.5145717463848721,0.3890989988876529,0.07808676307007786,-0.13370411568409346,-0.054505005561735265,-0.3828698553948832
2024-05-06,0.007341490545050056,0.2765294771968854,0.2088987764182425,0.3192436040044494,-0.005561735261401557,0.33659621802002226,0.4758620689655172,0.5083426028921022,0.2667408231368187,0.22447163515016688,-0.0914349276974416,0.04961067853170189,-0.19199110122358176
2024-05-07,-0.02513904338153504,0.07096774193548387,-0.040711902113459396,0.09454949944382647,-0.1332591768631813,0.23159065628476083,0.32947719688542826,0.38020022246941043,0.13548387096774192,-0.08342602892102337,-0.21201334816462733,-0.17152391546162402,-0.20800889877641823
2024-05-08,0.00778642936596218,0.28142380422691876,0.1906562847608454,0.2146829810901001,-0.01935483870967742,0.33348164627363736,0.5301446051167964,0.5617352614015573,0.13948832035595105,0.160845383759733,-0.021134593993325918,-0.071412680756396,-0.19021134593993325
2024-05-09,0.0006674082313681868,0.3753058954393771,0.29299221357063404,0.28231368186874306,0.011345939933259176,0.418020022246941,0.4981090100111235,0.5408231368186874,0.11546162402669634,0.17463848720800887,0.06206896551724137,-0.015350389321468297,-0.046496106785317015
2024-05-10,0.06651835372636263,0.3904338153503893,0.37708565072302563,0.34638487208008895,0.21201334816462733,0.4197997775305895,0.4593993325917686,0.5047830923248053,0.21735261401557288,0.2449388209121246,0.2703003337041157,0.1350389321468298,0.12880978865406006
2024-05-13,0.047385984427141266,0.44293659621801995,0.3432703003337041,0.3913236929922136,0.37352614015572855,0.3161290322580645,0.07452725250278086,0.22447163515016688,-0.033592880978865404,0.49365962180200224,0.48787541713014465,0.4794215795328142,0.3650723025583982
2024-05-14,0.18264738598442715,0.5016685205784205,0.27786429365962184,0.4197997775305895,0.1003337041156841,0.3543937708565072,0.13192436040044492,0.2560622914349277,-0.26140155728587317,0.489210233592881,0.41357063403781974,0.4838709677419355,0.34015572858731924
2024-05-15,0.2360400444938821,0.4126807563959955,0.10478309232480533,0.2836484983314794,-0.07096774193548387,0.47319243604004446,0.11590656284760845,0.23648498331479423,-0.2640711902113459,0.26852057842046717,0.08075639599555061,0.2200222469410456,0.0932146829810901
2024-05-16,0.31571921432433203,0.40778642936596216,0.20311457174638486,0.28409343715239155,-0.047385984427141266,0.5154616240266964,0.23737486095661847,0.20088987764182425,0.029588431590656286,0.2569521690767519,0.046941045606229144,0.21601779755283645,-0.03492769744160178
2024-05-17,0.16173526140155728,0.3281423804226919,0.1474972191323693,0.2667408231368187,-0.11635150166852058,0.41579532814238046,0.3450500556173526,0.33793103448275863,0.17241379310344826,0.05494994438264739,-0.23203559510567295,-0.0825361512791991,-0.1884315906562848
2024-05-20,0.12880978865406006,0.061179087875417135,0.04827586206896552,0.11724137931034483,-0.10567296996662959,0.2516129032258065,0.3779755283648498,0.3103448275862069,0.009566184649610678,-0.028698553948832032,-0.12703003337041155,-0.13548387096774192,-0.1568409343715239
2024-05-21,0.2204671857619577,0.07452725250278086,0.06562847608453837,0.060734149054505006,-0.13058954393770855,0.26184649610678534,0.5003337041156841,0.41090100111234706,-0.00867630700778643,-0.03270300333704116,-0.1581757508342603,-0.2556173526140155,-0.14972191323692993
2024-05-22,0.1621802002224694,0.3446051167964405,0.16307007786429364,0.2707452725250278,0.1096774193548387,0.21512791991101224,0.2449388209121246,0.3530589543937709,-0.035817575083426034,0.11190211345939934,0.03670745272525028,0.015350389321468297,0.19332591768631813
2024-05-23,0.1839822024471635,0.040266963292547274,0.03136818687430478,0.1586206896551724,0.03314794215795328,-0.03670745272525028,0.17330367074527253,0.23470522803114574,-0.15639599555061176,-0.00689655172413793,0.0046718576195773085,-0.0424916573971079,0.0731924360400445
2024-05-24,0.13948832035595105,-0.09988876529477196,-0.09187986651835373,-0.1581757508342603,0.01579532814238042,0.053170189098998885,-0.0967741935483871,-0.05850945494994438,0.026918798665183537,-0.1439377085650723,-0.09721913236929922,-0.09098998887652948,-0.034482758620689655
2024-05-28,0.11946607341490545,-0.19154616240266964,-0.25428253615127916,-0.22580645161290322,-0.15906562847608455,0.07497219132369298,-0.009121245828698554,0.06829810901001113,-0.08654060066740822,-0.3139043381535039,-0.3637374860956618,-0.2943270300333704,-0.13370411568409346
2024-05-29,0.1114571746384872,-0.3819799777530589,-0.16529477196885425,-0.1768631813125695,-0.005116796440489433,-0.33303670745272523,-0.2516129032258065,-0.10344827586206896,-0.14482758620689654,-0.22269187986651834,-0.03670745272525028,-0.13370411568409346,0.08342602892102337
2024-05-30,0.16395995550611792,-0.21423804226918797,-0.2516129032258065,-0.16796440489432704,-0.0389321468298109,-0.025583982202447165,-0.047830923248053395,0.08342602892102337,-0.021579532814238044,-0.40511679644048937,-0.26896551724137935,-0.2912124582869855,-0.04382647385984427
2024-05-31,0.07541713014460512,-0.12658509454949946,-0.349944382647386,-0.23737486095661847,-0.10478309232480533,-0.03181312569521691,-0.26941045606229147,0.020244716351501667,-0.25339265850945497,-0.28231368186874306,-0.1835372636262514,-0.22758620689655173,0.046941045606229144
2024-06-03,0.2422691879866518,-0.06340378197997774,0.08031145717463849,-0.1345939933259177,0.0028921023359288096,0.00867630700778643,-0.010456062291434927,-0.035817575083426034,-0.2004449388209121,-0.018020022246941044,0.09988876529477196,-0.1532814238042269,0.22714126807563956
2024-06-04,0.21601779755283645,-0.10522803114571745,0.2596218020022247,0.009566184649610678,0.2578420467185762,-0.0046718576195773085,-0.057174638487208,-0.07408231368186874,-0.10166852057842046,0.06251390433815351,0.17552836484983317,0.0011123470522803117,0.33303670745272523
2024-06-05,0.22758620689655173,0.03759733036707453,0.4282536151279199,0.3512791991101224,0.4642936596218019,-0.18175750834260287,-0.040266963292547274,-0.05005561735261402,0.028698553948832032,0.36729699666295884,0.3668520578420467,0.2863181312569522,0.4553948832035596
2024-06-06,0.13592880978865407,-0.03136818687430478,0.24048943270300333,0.2293659621802002,0.36907675194660733,-0.22447163515016688,-0.046496106785317015,-0.05005561735261402,-0.030923248053392655,0.12703003337041155,0.17419354838709677,0.28142380422691876,0.3268075639599555
2024-06-07,-0.053170189098998885,-0.026918798665183537,0.05761957730812013,0.06651835372636263,0.23781979977753054,-0.17330367074527253,-0.10166852057842046,-0.14171301446051168,0.04471635150166852,0.02469410456062291,0.10656284760845385,0.10878754171301447,0.16484983314794216
2024-06-10,-0.071412680756396,-0.05005561735261402,0.06829810901001113,0.04204671857619577,0.2164627363737486,-0.1350389321468298,-0.13904338153503895,-0.046941045606229144,0.09365962180200223,0.030478309232480537,0.07764182424916574,0.0020022246941045607,0.14304783092324808
2024-06-11,-0.13014460511679646,-0.2462736373748609,-0.09721913236929922,-0.030923248053392655,0.07764182424916574,-0.23317388062854122,-0.2671857619577308,-0.1604004449388209,-0.08342602892102337,0.005116796440489433,0.0064516129032258064,0.024249165739710785,0.08031145717463849
2024-06-12,-0.26273637374860953,-0.11012235817575085,-0.0460511679644049,-0.029143492769744164,0.03225806451612903,-0.04471635150166852,0.005116796440489433,-0.04916573971078977,-0.0006674082313681868,-0.10522803114571745,-0.12747497219132367,0.023804226918798663,-0.021579532814238044
2024-06-13,-0.32725250278086765,-0.2756395995550612,0.03270300333704116,0.01579532814238042,0.06162402669632924,-0.21112347052280311,0.11190211345939934,0.08476084538375972,0.16796440489432704,-0.08209121245828699,-0.06918798665183537,0.018909899888765295,-0.22580645161290322
2024-06-14,-0.4420467185761958,0.005116796440489433,0.22313681868743046,0.11635150166852058,0.15372636262513903,-0.11101223581757509,0.19555061179087874,0.1474972191323693,0.16840934371523916,0.17730812013348163,0.1439377085650723,0.023359288097886538,-0.014905450500556172
2024-06-17,-0.5808676307007786,-0.2987764182424916,-0.0967741935483871,-0.045606229143492764,0.011790878754171301,-0.2413793103448276,-0.09054505005561733,-0.020244716351501667,-0.07986651835372637,-0.07452725250278086,-0.030923248053392655,-0.07007786429365963,-0.060289210233592884
2024-06-18,-0.5835372636262514,-0.2800889877641824,-0.1203559510567297,-0.09632925472747497,0.005116796440489433,-0.16395995550611792,-0.19777530589543937,-0.13948832035595105,0.030478309232480537,-0.13548387096774192,-0.1221357063403782,-0.022914349276974413,-0.12525027808676306
2024-06-20,-0.5007786429365962,0.18131256952169075,0.2449388209121246,0.16751946607341492,0.07764182424916574,0.15506117908787542,0.17819799777530587,0.0002224694104560623,0.4162402669632926,0.1510567296996663,0.10789766407119021,0.14126807563959956,-0.08031145717463849
2024-06-21,-0.47630700778642937,0.27208008898776415,0.26140155728587317,0.11546162402669634,0.21201334816462733,0.1835372636262514,0.15595105672969967,0.07986651835372637,0.3236929922135706,0.21423804226918797,0.2649610678531702,0.1804226918798665,0.00867630700778643
2024-06-24,-0.3530589543937709,0.3997775305895439,0.20444938820912126,0.19733036707452725,0.26852057842046717,0.2636262513904338,0.014015572858731925,0.05850945494994438,0.12880978865406006,0.20978865406006672,0.2783092324805339,0.2200222469410456,0.11768631813125695
2024-06-25,-0.49988876529477194,0.2876529477196885,0.2040044493882091,0.2943270300333704,0.1568409343715239,-0.05005561735261402,0.11412680756395997,0.11056729699666296,0.2146829810901001,0.3890989988876529,0.31835372636262516,0.3281423804226919,0.08075639599555061
2024-06-26,-0.47363737486095664,0.11590656284760845,0.23737486095661847,0.23381535038932147,0.01757508342602892,-0.11679644048943269,0.10077864293659622,0.02246941045606229,0.2836484983314794,0.28898776418242494,0.17241379310344826,0.33837597330367075,-0.13236929922135707
2024-06-27,-0.33392658509454953,0.020689655172413793,0.12080088987764183,0.18620689655172412,-0.019799777530589546,-0.20756395995550608,0.16662958843159065,0.11190211345939934,0.2805339265850945,0.22625139043381537,0.14660734149054505,0.2186874304783092,-0.160845383759733
2024-06-28,-0.37441601779755285,0.19332591768631813,0.3686318131256952,0.3308120133481646,0.20756395995550608,-0.11813125695216908,0.2996662958843159,0.24360400444938823,0.47630700778642937,0.3757508342602892,0.26585094549499444,0.32413793103448274,0.034037819799777526
2024-07-01,-0.2738598442714127,0.10878754171301447,0.32013348164627364,0.3299221357063403,0.32057842046718577,-0.22981090100111232,0.11457174638487205,0.20133481646273638,0.2978865406006674,0.37619577308120133,0.31746384872080086,0.23559510567296996,0.17463848720800887
2024-07-02,-0.24849833147942155,0.16662958843159065,0.3081201334816463,0.38731924360400444,0.2645161290322581,-0.09988876529477196,0.29299221357063404,0.33036707452725245,0.35172413793103446,0.26629588431590656,0.17953281423804227,0.2413793103448276,0.1474972191323693
2024-07-03,-0.19332591768631813,0.17953281423804227,0.2453837597330367,0.3419354838709677,0.16529477196885425,-0.16307007786429364,0.32769744160177977,0.35350389321468295,0.4082313681868743,0.2253615127919911,0.053170189098998885,0.16484983314794216,0.0011123470522803117
2024-07-05,-0.25383759733036704,0.18487208008898778,0.23025583982202447,0.3721913236929922,0.14260289210233593,-0.1385984427141268,0.2649610678531702,0.3664071190211346,0.3032258064516129,0.2961067853170189,0.13147942157953282,0.2360400444938821,-0.00689655172413793
2024-07-08,-0.2547274749721913,0.18309232480533927,0.2186874304783092,0.3414905450500556,0.0135706340378198,-0.05228031145717464,0.2738598442714127,0.33036707452725245,0.15016685205784203,0.24716351501668518,0.06295884315906564,0.18531701890989988,-0.07897664071190211
2024-07-09,-0.23915461624026696,0.21067853170189096,0.09899888765294772,0.2867630700778643,-0.1884315906562848,-0.03626251390433815,0.18487208008898778,0.2996662958843159,0.001557285873192436,0.20934371523915463,-0.0064516129032258064,0.1408231368186874,-0.19911012235817574
2024-07-10,-0.18665183537263624,0.05494994438264739,0.0037819799777530586,0.12525027808676306,-0.1350389321468298,-0.004226918798665183,0.1221357063403782,0.14838709677419354,0.12569521690767518,-0.09365962180200223,-0.15239154616240266,-0.028253615127919914,-0.2765294771968854
2024-07-11,-0.21690767519466073,0.24360400444938823,0.2832035595105673,0.17508342602892102,-0.06963292547274749,0.1959955506117909,0.2738598442714127,0.307230255839822,0.22091212458286985,0.018909899888765295,-0.09855394883203561,-0.021579532814238044,-0.27519466073414905
2024-07-12,-0.2289210233592881,0.3027808676307008,0.3659621802002225,0.3410456062291435,0.03759733036707453,0.0932146829810901,0.17374860956618463,0.21023359288097884,0.24760845383759733,0.3543937708565072,0.15639599555061176,0.16618464961067853,-0.10700778642936595
2024-07-15,-0.15417130144605118,0.2053392658509455,0.32458286985539486,0.36774193548387096,0.13058954393770855,0.061179087875417135,0.22269187986651834,0.14438264738598441,0.37263626251390436,0.289432703003337,0.06251390433815351,0.18264738598442715,-0.004226918798665183
2024-07-16,0.001557285873192436,0.4242491657397108,0.42335928809788653,0.43359288097886545,0.1532814238042269,0.10567296996662959,0.34060066740823136,0.23515016685205786,0.36952169076751945,0.40734149054505003,0.18665183537263624,0.1946607341490545,0.033592880978865404
2024-07-17,0.22847608453837595,0.17552836484983317,0.43804226918798667,0.44560622914349274,0.36551724137931035,-0.023359288097886538,0.13058954393770855,0.08298109010011123,0.525250278086763,0.4117908787541713,0.3904338153503893,0.44338153503893213,0.21290322580645163
2024-07-18,0.1003337041156841,0.01668520578420467,0.2053392658509455,0.1982202447163515,0.3397107897664071,-0.10077864293659622,-0.08120133481646273,-0.08654060066740822,0.2565072302558398,0.23292547274749723,0.2992213570634038,0.3388209121245828,0.2547274749721913
2024-07-19,0.06829810901001113,0.05361512791991101,0.20444938820912126,0.26941045606229147,0.3993325917686318,-0.10077864293659622,-0.026918798665183537,-0.03670745272525028,0.21290322580645163,0.332146829810901,0.33303670745272523,0.4558398220244716,0.2676307007786429
2024-07-22,0.19733036707452725,-0.023804226918798663,0.2413793103448276,0.22491657397107895,0.314349276974416,-0.12614015572858733,-0.07007786429365963,-0.15639599555061176,0.22758620689655173,0.22714126807563956,0.21423804226918797,0.43003337041156836,0.24983314794215797
2024-07-23,0.17374860956618463,0.0046718576195773085,0.09632925472747497,0.1897664071190211,0.21112347052280311,-0.07897664071190211,-0.1096774193548387,-0.13103448275862067,0.303670745272525,0.14883203559510566,0.09855394883203561,0.28453837597330367,0.11056729699666296
2024-07-24,0.21023359288097884,-0.008231368186874304,0.14482758620689654,0.05494994438264739,0.21913236929922134,-0.008231368186874304,0.006006674082313682,-0.13948832035595105,0.1581757508342603,0.09365962180200223,0.16262513904338155,0.21067853170189096,0.14171301446051168
2024-07-25,0.16173526140155728,-0.1003337041156841,-0.09944382647385984,-0.13103448275862067,0.09054505005561733,-0.182202447163515,-0.2796440489432703,-0.32502780867630704,-0.08031145717463849,-0.016240266963292546,0.17953281423804227,0.22402669632925473,0.2200222469410456
2024-07-26,0.2956618464961067,-0.29744160177975526,-0.23781979977753054,-0.2649610678531702,-0.046941045606229144,-0.3098998887652948,-0.48609566184649605,-0.48609566184649605,-0.2832035595105673,-0.1408231368186874,0.11457174638487205,0.14927697441601778,0.3263626251390434
2024-07-29,0.19555061179087874,-0.35706340378198,-0.3561735261401557,-0.39488320355951056,-0.024249165739710785,-0.29343715239154616,-0.4834260289210234,-0.5439377085650723,-0.296551724137931,-0.22180200222469412,0.1296996662958843,0.09543937708565071,0.24849833147942155
2024-07-30,0.11279199110122358,-0.4709677419354839,-0.4852057842046719,-0.5074527252502781,-0.12880978865406006,-0.42869855394883205,-0.6351501668520578,-0.6351501668520578,-0.3103448275862069,-0.364182424916574,-0.0371523915461624,-0.005561735261401557,0.12302558398220245
2024-07-31,0.07452725250278086,-0.3917686318131257,-0.4189098998887653,-0.4451612903225806,-0.021579532814238044,-0.31835372636262516,-0.5555061179087876,-0.6298109010011124,-0.3010011123470523,-0.27341490545050057,0.07897664071190211,0.01668520578420467,0.2525027808676307
2024-08-01,0.20133481646273638,-0.525250278086763,-0.4006674082313682,-0.5421579532814237,0.06562847608453837,-0.44249165739710794,-0.511012235817575,-0.6226918798665184,-0.16484983314794216,-0.3477196885428253,0.09810901001112346,-0.11012235817575085,0.17730812013348163
2024-08-02,0.17063403781979977,-0.5719688542825361,-0.19777530589543937,-0.5301446051167964,0.13147942157953282,-0.48075639599555064,-0.44649610678531704,-0.6324805339265851,0.0011123470522803117,-0.3281423804226919,0.040711902113459396,-0.10122358175750834,0.14838709677419354
2024-08-05,0.07497219132369298,-0.4838709677419355,0.06518353726362626,-0.3419354838709677,0.33837597330367075,-0.5301446051167964,-0.4558398220244716,-0.6195773081201335,0.041156840934371525,0.04293659621802002,0.37486095661846497,0.12525027808676306,0.4242491657397108
2024-08-06,0.05005561735261402,-0.4255839822024471,0.11190211345939934,-0.19288097886540603,0.42335928809788653,-0.5817575083426029,-0.4709677419354839,-0.5208008898776418,0.19955506117908786,0.05761957730812013,0.31701890989988873,0.20222469410456062,0.4411568409343715
2024-08-07,0.15194660734149054,-0.22758620689655173,0.17463848720800887,0.014460511679644046,0.42469410456062295,-0.5061179087875418,-0.20934371523915463,-0.3957730812013348,0.38954393770856505,0.0914349276974416,0.32235817575083425,0.2983314794215795,0.4398220244716351
2024-08-08,0.059844271412680755,-0.3343715239154616,-0.046941045606229144,-0.14616240266963293,0.22402669632925473,-0.3459399332591768,-0.2667408231368187,-0.4264738598442714,0.10745272525027807,-0.14972191323692993,0.06384872080088987,0.13548387096774192,0.2765294771968854
2024-08-09,-0.026028921023359287,-0.24760845383759733,-0.10522803114571745,-0.13993325917686317,0.058954393770856504,-0.26941045606229147,-0.3299221357063403,-0.37708565072302563,-0.09588431590656285,-0.10211345939933258,-0.014905450500556172,0.03670745272525028,0.1906562847608454
2024-08-12,-0.09365962180200223,-0.2978865406006674,-0.3917686318131257,-0.36907675194660733,-0.1581757508342603,-0.06340378197997774,-0.3548387096774193,-0.3997775305895439,-0.307230255839822,-0.36551724137931035,-0.30233592880978866,-0.23915461624026696,-0.02469410456062291
2024-08-13,0.0006674082313681868,-0.4100111234705228,-0.1657397107897664,-0.29299221357063404,0.06251390433815351,-0.27474972191323693,-0.4420467185761958,-0.4282536151279199,-0.23737486095661847,-0.22981090100111232,-0.05761957730812013,-0.13192436040044492,0.11234705228031144
2024-08-14,-0.11501668520578419,-0.3997775305895439,-0.36062291434927696,-0.5136818687430478,-0.2565072302558398,0.040711902113459396,-0.42246941045606223,-0.3779755283648498,-0.4576195773081201,-0.36952169076751945,-0.20667408231368187,-0.3686318131256952,-0.13904338153503895
2024-08-15,-0.04160177975528365,-0.1875417130144605,-0.2863181312569522,-0.4291434927697442,-0.22358175750834258,0.32146829810900995,-0.32725250278086765,-0.3459399332591768,-0.32235817575083425,-0.3503893214682981,-0.2560622914349277,-0.37664071190211346,-0.10567296996662959
2024-08-16,0.0064516129032258064,-0.13370411568409346,-0.27519466073414905,-0.335706340378198,-0.07452725250278086,0.21156840934371526,-0.33926585094549494,-0.2832035595105673,-0.17463848720800887,-0.2805339265850945,-0.1946607341490545,-0.2640711902113459,0.022914349276974413
2024-08-19,-0.06696329254727475,-0.23114571746384868,-0.31657397107897667,-0.3423804226918799,-0.040266963292547274,0.08565072302558399,-0.41090100111234706,-0.3797552836484983,-0.2996662958843159,-0.29343715239154616,-0.20800889877641823,-0.2636262513904338,-0.009566184649610678
2024-08-20,-0.06740823136818688,-0.2507230255839822,-0.2987764182424916,-0.3228031145717464,-0.09721913236929922,0.06340378197997774,-0.36240266963292544,-0.3472747497219132,-0.303670745272525,-0.3054505005561735,-0.16662958843159065,-0.2978865406006674,0.020689655172413793
2024-08-21,-0.19199110122358176,-0.20444938820912126,-0.30945494994438266,-0.303670745272525,0.02246941045606229,0.19199110122358176,-0.1568409343715239,-0.31523915461624025,-0.04827586206896552,-0.335706340378198,-0.23025583982202447,-0.24849833147942155,0.12747497219132367
2024-08-22,-0.06473859844271414,-0.1345939933259177,-0.2765294771968854,-0.1946607341490545,-0.14660734149054505,0.34949944382647385,0.047385984427141266,-0.060289210233592884,-0.01935483870967742,-0.21735261401557288,-0.2164627363737486,-0.19955506117908786,-0.07096774193548387
2024-08-23,-0.027808676307007785,-0.13236929922135707,-0.17152391546162402,-0.21334816462736375,-0.05583982202447163,0.2600667408231368,0.009566184649610678,-0.04916573971078977,-0.01846496106785317,-0.17419354838709677,-0.10077864293659622,-0.11991101223581756,-0.02513904338153504
2024-08-26,0.029143492769744164,-0.021134593993325918,-0.1096774193548387,-0.20800889877641823,-0.12080088987764183,0.26985539488320354,-0.001557285873192436,0.08520578420467186,-0.11279199110122358,-0.13147942157953282,-0.13236929922135707,-0.1350389321468298,-0.08342602892102337
2024-08-27,-0.05228031145717464,0.24983314794215797,0.06740823136818688,-0.05761957730812013,0.012235817575083427,0.38064516129032255,0.1408231368186874,0.20934371523915463,-0.05583982202447163,0.046941045606229144,0.041156840934371525,-0.0020022246941045607,0.030033370411568408
2024-08-28,0.08565072302558399,0.1132369299221357,-0.07185761957730812,0.06251390433815351,-0.15016685205784203,0.33793103448275863,0.23470522803114574,0.38954393770856505,-0.04916573971078977,-0.02202447163515017,-0.1546162402669633,-0.1332591768631813,-0.16974416017797553
2024-08-29,0.045606229143492764,0.05583982202447163,-0.016240266963292546,0.01668520578420467,-0.04471635150166852,0.3192436040044494,0.31657397107897667,0.3739710789766407,-0.06918798665183537,-0.11813125695216908,-0.0878754171301446,-0.1568409343715239,-0.08075639599555061
2024-08-30,-0.0024471635150166847,0.16129032258064516,0.11056729699666296,0.10166852057842046,0.046496106785317015,0.364182424916574,0.3308120133481646,0.3592880978865406,0.15061179087875418,-0.020244716351501667,0.01846496106785317,-0.023359288097886538,0.023359288097886538
2024-09-03,-0.11457174638487205,0.1581757508342603,0.1532814238042269,0.16662958843159065,-0.00867630700778643,0.25383759733036704,0.4197997775305895,0.42869855394883205,0.2422691879866518,0.1203559510567297,-0.04338153503893215,0.020689655172413793,-0.11768631813125695
2024-09-04,-0.11902113459399331,0.0652125593208361,0.027808676307007785,0.05361512791991101,-0.14838709677419354,0.19332591768631813,0.2671857619577308,0.34371523915461627,0.05183537263626252,0.05272525027808676,-0.11635150166852058,-0.08520578420467186,-0.23648498331479423
2024-09-05,0.06918798665183537,-0.019799777530589546,-0.05139043381535039,0.07274749721913237,-0.19021134593993325,0.027808676307007785,0.21245828698553948,0.260511679644049,0.013125695216907676,0.01757508342602892,-0.15372636262513903,-0.0843159065628476,-0.27608453837597335
2024-09-06,0.0024471635150166847,-0.07541713014460512,-0.06963292547274749,0.0064516129032258064,-0.31345939933259176,0.010456062291434927,0.29699666295884314,0.33615127919911014,-0.07497219132369298,0.009566184649610678,-0.2418242491657397,-0.1586206896551724,-0.3917686318131257
2024-09-09,-0.13192436040044492,-0.1203559510567297,-0.09632925472747497,-0.008231368186874304,-0.22135706340378197,-0.09588431590656285,0.05094549499443826,0.15639599555061176,-0.08609566184649611,0.021579532814238044,-0.17819799777530587,-0.06918798665183537,-0.2867630700778643
2024-09-10,0.010011123470522802,-0.16796440489432704,-0.1897664071190211,-0.2200222469410456,-0.17063403781979977,0.07096774193548387,0.1568409343715239,0.2671857619577308,-0.14972191323692993,-0.20934371523915463,-0.2863181312569522,-0.34638487208008895,-0.20444938820912126
2024-09-11,0.014905450500556172,0.12124582869855395,0.11368186874304784,-0.0020022246941045607,-0.11056729699666296,0.08743047830923248,0.332146829810901,0.2738598442714127,0.05628476084538376,0.034037819799777526,-0.13192436040044492,-0.13236929922135707,-0.19866518353726362
2024-09-12,0.06206896551724137,0.2867630700778643,0.27875417130144603,0.11857619577308119,0.07185761957730812,0.19510567296996661,0.40600667408231367,0.33837597330367075,0.22447163515016688,0.06162402669632924,-0.06829810901001113,-0.10433815350389322,-0.01935483870967742
2024-09-13,0.060734149054505006,0.07096774193548387,0.01268075639599555,0.028253615127919914,-0.03181312569521691,0.21913236929922134,0.48654060066740823,0.37085650723025576,0.2587319243604005,-0.16974416017797553,-0.2547274749721913,-0.19510567296996661,-0.09855394883203561
2024-09-16,0.23559510567296996,0.19243604004449388,0.16662958843159065,0.01579532814238042,0.047385984427141266,0.2983314794215795,0.40511679644048937,0.3619577308120133,0.16262513904338155,-0.1221357063403782,-0.11279199110122358,-0.2040044493882091,0.006006674082313682
2024-09-17,0.30055617352614017,0.33659621802002226,0.2631813125695217,0.17508342602892102,0.13592880978865407,0.5127919911012235,0.2832035595105673,0.3868743047830923,0.0011123470522803117,0.029143492769744164,-0.04516129032258065,-0.13815350389321468,0.08654060066740822
2024-09-18,0.2449388209121246,0.47141268075639603,0.217797552836485,0.296551724137931,0.07052280311457175,0.4567296996662959,0.20311457174638486,0.39265850945494996,-0.047385984427141266,0.24004449388209118,0.13948832035595105,0.010011123470522802,0.11679644048943269
2024-09-19,0.23559510567296996,0.5675194660734149,0.19866518353726362,0.2943270300333704,0.06785317018909899,0.4540600667408231,0.047385984427141266,0.18131256952169075,-0.2716351501668521,0.26140155728587317,0.12480533926585094,0.13726362625139044,0.14260289210233593
2024-09-20,0.24983314794215797,0.303670745272525,0.20311457174638486,0.16974416017797553,0.1474972191323693,0.3050055617352614,0.15728587319243603,0.18175750834260287,-0.13281423804226916,0.08209121245828699,0.018909899888765295,0.001557285873192436,0.13281423804226916
2024-09-23,0.26807563959955505,0.31746384872080086,0.1474972191323693,0.17908787541713014,0.06162402669632924,0.37842046718576194,0.289432703003337,0.24716351501668518,-0.03848720800889878,-0.014460511679644046,-0.07853170189098999,-0.04872080088987764,0.06340378197997774
2024-09-24,0.45850945494994433,0.185761957730812,0.10567296996662959,0.1096774193548387,0.05094549499443826,0.3010011123470523,0.19733036707452725,0.1710789766407119,-0.05139043381535039,0.030923248053392655,-0.05406006674082313,-0.04872080088987764,0.023804226918798663
2024-09-25,0.4558398220244716,0.11857619577308119,0.10433815350389322,0.11234705228031144,0.1581757508342603,0.10789766407119021,0.07764182424916574,0.021579532814238044,0.018909899888765295,0.040266963292547274,0.03670745272525028,0.02469410456062291,0.11012235817575085
2024-09-26,0.38064516129032255,0.11501668520578419,0.12658509454949946,0.16929922135706338,0.13192436040044492,0.10166852057842046,0.059844271412680755,0.033592880978865404,-0.07586206896551724,0.12703003337041155,0.09410456062291435,0.11635150166852058,0.14927697441601778
2024-09-27,0.3739710789766407,0.07452725250278086,0.1911012235817575,0.1532814238042269,0.3014460511679644,-0.02469410456062291,-0.11857619577308119,-0.06162402669632924,-0.13370411568409346,0.22091212458286985,0.27786429365962184,0.22135706340378197,0.31701890989988873
2024-09-30,0.32547274749721916,0.19510567296996661,0.4407119021134594,0.3935483870967742,0.48120133481646277,-0.22447163515016688,-0.18175750834260287,-0.2004449388209121,-0.19154616240266964,0.4914349276974415,0.5163515016685205,0.4923248053392658,0.5555061179087876
2024-10-01,0.26852057842046717,-0.16395995550611792,0.03670745272525028,0.1510567296996663,0.19421579532814237,-0.2987764182424916,-0.33659621802002226,-0.2827586206896551,-0.24449388209121245,0.3010011123470523,0.29076751946607343,0.3045606229143492,0.32947719688542826
2024-10-02,0.23737486095661847,-0.2961067853170189,-0.14482758620689654,-0.057174638487208,0.13948832035595105,-0.36551724137931035,-0.44293659621801995,-0.4264738598442714,-0.23737486095661847,0.11368186874304784,0.20088987764182425,0.33036707452725245,0.30589543937708563
2024-10-03,0.05005561735261402,-0.28809788654060065,-0.09721913236929922,-0.14571746384872078,0.10166852057842046,-0.45850945494994433,-0.40511679644048937,-0.3886540600667408,-0.12347052280311456,0.14304783092324808,0.18131256952169075,0.2560622914349277,0.1946607341490545
2024-10-04,0.09365962180200223,-0.32013348164627364,-0.12302558398220245,-0.2200222469410456,-0.13815350389321468,-0.41045606229143494,-0.2867630700778643,-0.4042269187986652,-0.03848720800889878,0.03848720800889878,0.12703003337041155,0.027808676307007785,-0.040266963292547274
2024-10-07,0.040266963292547274,-0.31790878754171303,-0.09499443826473859,-0.14438264738598441,0.012235817575083427,-0.4647385984427141,-0.2832035595105673,-0.3775305895439377,0.058064516129032254,0.03759733036707453,0.0825361512791991,0.11101223581757509,0.19021134593993325
2024-10-08,-0.07497219132369298,-0.19021134593993325,-0.08120133481646273,-0.15595105672969967,-0.006006674082313682,-0.24004449388209118,-0.10389321468298107,-0.28720800889877635,0.034037819799777526,-0.08164627363737487,-0.02647385984427141,0.030923248053392655,0.09944382647385984
2024-10-09,-0.11546162402669634,-0.2053392658509455,-0.06785317018909899,-0.19866518353726362,-0.0046718576195773085,-0.23648498331479423,-0.20177975528364847,-0.2947719688542826,0.038042269187986644,-0.07452725250278086,0.014015572858731925,0.05628476084538376,0.06340378197997774
2024-10-10,-0.001557285873192436,-0.16929922135706338,-0.03670745272525028,-0.14482758620689654,0.21112347052280311,-0.19288097886540603,-0.24315906562847608,-0.30589543937708563,0.11813125695216908,-0.053170189098998885,0.18798665183537264,0.13192436040044492,0.189321468298109
2024-10-11,-0.19199110122358176,-0.2707452725250278,-0.17330367074527253,-0.2867630700778643,0.15595105672969967,-0.22358175750834258,-0.25383759733036704,-0.37174638487208006,0.016240266963292546,-0.17374860956618463,0.014905450500556172,-0.00778642936596218,0.22758620689655173
2024-10-14,-0.2489432703003337,-0.21067853170189096,-0.07986651835372637,-0.22091212458286985,0.21290322580645163,-0.18264738598442715,-0.2961067853170189,-0.3997775305895439,-0.09721913236929922,-0.08387096774193549,0.12614015572858733,0.07853170189098999,0.3979977753058954
2024-10-15,-0.2088987764182425,-0.20489432703003335,-0.2578420467185762,-0.15417130144605118,-0.011345939933259176,-0.12080088987764183,-0.17463848720800887,-0.20667408231368187,-0.025583982202447165,-0.19421579532814237,-0.08164627363737487,0.0353726362625139,0.058064516129032254
2024-10-16,-0.11546162402669634,-0.1599555061179088,-0.15016685205784203,-0.19021134593993325,0.0024471635150166847,-0.027808676307007785,-0.12525027808676306,-0.16307007786429364,-0.057174638487208,-0.160845383759733,-0.07007786429365963,-0.029588431590656286,-0.06785317018909899
2024-10-17,-0.20444938820912126,-0.0771968854282536,-0.17285873192436038,-0.2876529477196885,-0.013125695216907676,0.05094549499443826,-0.3090100111234705,-0.303670745272525,-0.2992213570634038,-0.08387096774193549,0.04516129032258065,-0.13592880978865407,0.0878754171301446
2024-10-18,-0.058064516129032254,0.20266963292547271,0.07230255839822024,-0.019799777530589546,0.1911012235817575,0.2520578420467186,-0.11190211345939934,-0.18309232480533927,-0.16751946607341492,0.08876529477196884,0.23159065628476083,0.11902113459399331,0.2654060066740823
2024-10-21,-0.14838709677419354,-0.0033370411568409346,0.03492769744160178,-0.055394883203559515,0.2551724137931034,0.0037819799777530586,-0.16974416017797553,-0.21735261401557288,-0.02202447163515017,0.07586206896551724,0.2547274749721913,0.24404894327030033,0.3041156840934371
2024-10-22,-0.11368186874304784,-0.057174638487208,-0.034037819799777526,-0.10656284760845385,0.15728587319243603,-0.08565072302558399,-0.11101223581757509,-0.14705228031145717,-0.07185761957730812,-0.06473859844271414,0.021134593993325918,0.0843159065628476,0.17730812013348163
2024-10-23,-0.17775305895439378,-0.10567296996662959,-0.071412680756396,-0.05761957730812013,-0.05939933259176862,-0.02513904338153504,-0.028698553948832032,-0.006006674082313682,0.020689655172413793,0.020244716351501667,-0.0967741935483871,-0.047830923248053395,-0.1221357063403782
2024-10-24,-0.020689655172413793,0.014015572858731925,-0.057174638487208,-0.05494994438264739,-0.11012235817575085,0.2449388209121246,0.05850945494994438,0.09010011123470522,-0.08743047830923248,-0.06785317018909899,-0.0967741935483871,-0.10389321468298107,-0.03136818687430478
2024-10-25,0.071412680756396,0.11768631813125695,-0.00867630700778643,0.0353726362625139,0.005116796440489433,0.08298109010011123,-0.07764182424916574,0.06206896551724137,-0.07096774193548387,-0.01757508342602892,-0.0011123470522803117,0.020689655172413793,0.030478309232480537
2024-10-28,0.02736373748609566,0.13236929922135707,0.0967741935483871,0.08698553948832036,0.005116796440489433,-0.03136818687430478,-0.03937708565072302,0.02513904338153504,-0.06874304783092325,0.18798665183537264,0.1296996662958843,0.11190211345939934,0.07853170189098999
2024-10-29,0.025583982202447165,0.10923248053392658,0.10300333704115683,0.08832035595105672,-0.0771968854282536,-0.0771968854282536,-0.03626251390433815,-0.05228031145717464,-0.0878754171301446,0.1764182424916574,0.1332591768631813,0.1604004449388209,0.04827586206896552
2024-10-30,0.11012235817575085,0.08876529477196884,0.014905450500556172,0.054505005561735265,-0.14571746384872078,0.06696329254727475,0.06785317018909899,0.014460511679644046,-0.1408231368186874,0.045606229143492764,-0.011790878754171301,-0.021579532814238044,-0.1096774193548387
2024-10-31,0.20133481646273638,-0.1345939933259177,-0.14927697441601778,-0.06696329254727475,-0.33392658509454953,-0.06651835372636263,0.028253615127919914,0.09543937708565071,-0.24671857619577306,-0.17864293659621802,-0.2765294771968854,-0.21690767519466073,-0.3388209121245828
2024-11-01,0.2422691879866518,-0.18665183537263624,-0.25917686318131256,-0.2342602892102336,-0.32057842046718577,-0.10166852057842046,-0.09365962180200223,-0.03314794215795328,-0.2640711902113459,-0.2667408231368187,-0.33303670745272523,-0.3090100111234705,-0.4117908787541713
2024-11-04,0.14527252502780869,-0.14972191323692993,-0.3228031145717464,-0.1906562847608454,-0.3027808676307008,-0.009121245828698554,0.07675194660734148,-0.0006674082313681868,-0.13637374860956616,-0.2800889877641824,-0.43359288097886545,-0.33036707452725245,-0.4006674082313682
2024-11-05,0.0731924360400445,0.011345939933259176,-0.09499443826473859,-0.17552836484983317,-0.16929922135706338,0.17997775305895441,0.0914349276974416,0.10611790878754171,0.03225806451612903,-0.1959955506117909,-0.3027808676307008,-0.31523915461624025,-0.2560622914349277
2024-11-06,0.045606229143492764,0.10344827586206896,0.25294771968854285,0.0371523915461624,-0.020689655172413793,0.04427141268075639,0.21201334816462733,0.10389321468298107,0.22358175750834258,0.1221357063403782,-0.04293659621802002,-0.13993325917686317,-0.09632925472747497
2024-11-07,-0.029143492769744164,0.10522803114571745,0.14838709677419354,0.15372636262513903,-0.06162402669632924,0.07897664071190211,0.43003337041156836,0.31790878754171303,0.4166852057842047,0.061179087875417135,-0.16974416017797553,-0.1884315906562848,-0.2636262513904338
2024-11-08,-0.010456062291434927,0.1408231368186874,0.27875417130144603,0.23737486095661847,0.03181312569521691,0.16885428253615126,0.5377085650723026,0.489210233592881,0.4398220244716351,0.08075639599555061,-0.11768631813125695,-0.1884315906562848,-0.189321468298109
2024-11-11,0.01579532814238042,0.1835372636262514,0.364182424916574,0.3098998887652948,0.18175750834260287,0.1568409343715239,0.48698553948832035,0.4709677419354839,0.4162402669632926,0.09810901001112346,-0.08075639599555061,-0.14260289210233593,0.03225806451612903
2024-11-12,0.03848720800889878,0.1586206896551724,0.3290322580645161,0.30189098998887653,0.18798665183537264,0.18175750834260287,0.5368186874304783,0.4843159065628476,0.46607341490545046,0.07630700778642936,-0.10789766407119021,-0.20355951056729701,-0.01846496106785317
2024-11-13,-0.19154616240266964,0.040266963292547274,0.11635150166852058,0.14660734149054505,0.10745272525027807,0.01935483870967742,0.32413793103448274,0.3103448275862069,0.2827586206896551,-0.05228031145717464,-0.11457174638487205,-0.21557285873192436,-0.07274749721913237
2024-11-14,-0.17241379310344826,0.2569521690767519,0.20800889877641823,0.2266963292547275,0.03982202447163515,0.22447163515016688,0.3939933259176863,0.3477196885428253,0.2765294771968854,0.0353726362625139,-0.08654060066740822,-0.11991101223581756,-0.09454949944382647
2024-11-15,-0.08164627363737487,0.41357063403781974,0.3441601779755284,0.4843159065628476,0.1604004449388209,0.3450500556173526,0.6160177975528365,0.6507230255839822,0.2649610678531702,0.29299221357063404,0.028253615127919914,0.04204671857619577,-0.020244716351501667
2024-11-18,-0.04160177975528365,0.2324805339265851,0.05850945494994438,0.28409343715239155,-0.09899888765294772,0.3147942157953281,0.48698553948832035,0.5199110122358176,0.009121245828698554,0.02469410456062291,-0.09543937708565071,-0.14482758620689654,-0.15283648498331479
2024-11-19,0.030923248053392655,0.1635150166852058,0.060289210233592884,0.13904338153503895,-0.22091212458286985,0.17330367074527253,0.26985539488320354,0.37708565072302563,-0.19421579532814237,-0.016240266963292546,-0.13236929922135707,-0.15150166852057842,-0.030033370411568408
2024-11-20,-0.019799777530589546,0.11724137931034483,-0.045606229143492764,0.0878754171301446,-0.2266963292547275,0.28186874304783094,0.314349276974416,0.4068965517241379,-0.20444938820912126,-0.06785317018909899,-0.19955506117908786,-0.16796440489432704,-0.10611790878754171
2024-11-21,-0.010901001112347052,0.09187986651835373,-0.1408231368186874,-0.03670745272525028,-0.3308120133481646,0.1897664071190211,0.2520578420467186,0.32769744160177977,-0.3121245828698554,-0.10478309232480533,-0.3263626251390434,-0.21957730812013349,-0.21290322580645163
2024-11-22,-0.21557285873192436,-0.04916573971078977,-0.22981090100111232,-0.18531701890989988,-0.403781979977753,0.11857619577308119,0.22580645161290322,0.31345939933259176,0.00867630700778643,-0.2387096774193548,-0.3543937708565072,-0.3739710789766407,-0.38598442714126807
2024-11-25,-0.2200222469410456,-0.10211345939933258,-0.26852057842046717,-0.2186874304783092,-0.39488320355951056,0.09010011123470522,0.07230255839822024,0.1635150166852058,-0.1403781979977753,-0.3076751946607342,-0.40956618464961064,-0.4046718576195773,-0.33659621802002226
2024-11-26,-0.20800889877641823,0.19955506117908786,0.2707452725250278,0.0771968854282536,-0.11279199110122358,0.11056729699666296,0.17018909899888765,0.24315906562847608,-0.05850945494994438,0.1906562847608454,0.23114571746384868,-0.0135706340378198,-0.08387096774193549
2024-11-27,-0.04872080088987764,0.0037819799777530586,-0.07986651835372637,-0.06874304783092325,-0.19288097886540603,0.12791991101223582,0.09810901001112346,0.17953281423804227,-0.2186874304783092,-0.10077864293659622,-0.18175750834260287,-0.1239154616240267,-0.14705228031145717
2024-11-29,-0.022914349276974413,0.1439377085650723,0.021579532814238044,0.05761957730812013,-0.08209121245828699,0.007341490545050056,0.014015572858731925,0.1096774193548387,-0.349944382647386,0.005116796440489433,0.0424916573971079,-0.0037819799777530586,0.05183537263626252
2024-12-02,-0.11501668520578419,-0.07363737486095662,-0.1599555061179088,-0.11012235817575085,-0.20222469410456062,-0.0135706340378198,-0.07230255839822024,-0.035817575083426034,-0.31790878754171303,-0.1532814238042269,-0.16262513904338155,-0.1350389321468298,-0.07497219132369298
2024-12-03,0.0424916573971079,-0.059844271412680755,-0.10745272525027807,-0.09499443826473859,-0.05494994438264739,-0.08832035595105672,-0.07675194660734148,-0.060734149054505006,-0.3081201334816463,-0.027808676307007785,0.030923248053392655,0.09232480533926585,-0.058064516129032254
2024-12-04,0.10745272525027807,-0.16751946607341492,-0.12747497219132367,-0.1132369299221357,-0.10834260289210233,-0.1764182424916574,-0.17463848720800887,-0.17152391546162402,-0.16262513904338155,0.04516129032258065,-0.05850945494994438,0.07363737486095662,-0.12836484983314794
2024-12-05,0.2053392658509455,-0.1604004449388209,-0.23114571746384868,-0.07185761957730812,-0.2324805339265851,-0.11234705228031144,-0.020689655172413793,-0.06740823136818688,0.09721913236929922,-0.11857619577308119,-0.20355951056729701,-0.03626251390433815,-0.2716351501668521
2024-12-06,0.08031145717463849,0.04916573971078977,0.13281423804226916,0.189321468298109,0.04961067853170189,-0.02647385984427141,0.19332591768631813,-0.04338153503893215,0.36729699666295884,0.20311457174638486,0.1221357063403782,0.1350389321468298,-0.09054505005561733
2024-12-09,0.20756395995550608,-0.054505005561735265,-0.1385984427141268,0.008231368186874304,-0.10166852057842046,-0.035817575083426034,0.06295884315906564,0.08698553948832036,0.15194660734149054,0.05272525027808676,-0.029143492769744164,0.058954393770856504,-0.15951056729699667
2024-12-10,0.30055617352614017,-0.17597330367074526,-0.2146829810901001,-0.18887652947719688,-0.21334816462736375,0.08876529477196884,-0.04382647385984427,-0.016240266963292546,0.1292547274749722,-0.14260289210233593,-0.1946607341490545,-0.1096774193548387,-0.24048943270300333
2024-12-11,0.17908787541713014,-0.15372636262513903,0.01268075639599555,0.0424916573971079,0.12880978865406006,-0.09054505005561733,-0.09721913236929922,-0.1835372636262514,0.2921023359288098,0.0843159065628476,0.10611790878754171,0.1546162402669633,0.020689655172413793
2024-12-12,0.1657397107897664,0.01935483870967742,0.1982202447163515,0.1670745272525028,0.16974416017797553,-0.030478309232480537,0.11857619577308119,0.013125695216907676,0.36952169076751945,0.13548387096774192,0.060289210233592884,0.17597330367074526,-0.06607341490545049
2024-12-13,0.11703192863608079,0.13592880978865407,0.17374860956618463,0.13103448275862067,0.17597330367074526,0.10700778642936595,0.12703003337041155,0.07497219132369298,0.18665183537263624,0.15061179087875418,0.1292547274749722,0.15372636262513903,-0.03626251390433815
2024-12-16,-0.19154616240266964,0.12658509454949946,0.19866518353726362,0.30945494994438266,0.12347052280311456,-0.15150166852057842,0.20845383759733035,0.21512791991101224,0.19555061179087874,0.2622914349276974,0.13103448275862067,0.22714126807563956,0.04516129032258065
2024-12-17,-0.2765294771968854,0.26140155728587317,0.2,0.3027808676307008,0.046941045606229144,0.19955506117908786,0.3050055617352614,0.3882091212458286,0.2,0.08387096774193549,-0.022914349276974413,0.13370411568409346,-0.01268075639599555
2024-12-18,-0.3219132369299221,0.39443826473859844,0.13904338153503895,0.2600667408231368,0.005116796440489433,0.3219132369299221,0.17419354838709677,0.3236929922135706,0.026028921023359287,0.19733036707452725,0.13770856507230256,0.1439377085650723,0.0896551724137931
2024-12-19,-0.24582869855394882,0.2387096774193548,0.11101223581757509,0.1221357063403782,0.023359288097886538,0.2200222469410456,0.05094549499443826,0.10923248053392658,-0.05406006674082313,0.12569521690767518,0.1568409343715239,0.15595105672969967,0.10255839822024472
2024-12-20,-0.1959955506117909,0.42869855394883205,0.24760845383759733,0.2551724137931034,0.06518353726362626,0.21557285873192436,0.02246941045606229,0.055394883203559515,-0.08876529477196884,0.34060066740823136,0.2961067853170189,0.32725250278086765,0.2422691879866518
2024-12-23,-0.11991101223581756,0.14705228031145717,-0.0896551724137931,0.019799777530589546,-0.17241379310344826,0.17196885428253617,-0.21023359288097884,-0.1768631813125695,-0.27875417130144603,0.08075639599555061,0.10611790878754171,0.19510567296996661,0.17285873192436038
2024-12-24,-0.07630700778642936,0.39221357063403783,0.09899888765294772,0.2489432703003337,-0.08520578420467186,0.35572858731924356,0.09632925472747497,0.13993325917686317,-0.0024471635150166847,0.16974416017797553,0.08609566184649611,0.22714126807563956,-0.10567296996662959
2024-12-26,-0.10611790878754171,0.2,0.1621802002224694,0.0028921023359288096,0.12836484983314794,0.23203559510567295,0.08832035595105672,-0.034037819799777526,0.0771968854282536,0.021579532814238044,0.057174638487208,0.08743047830923248,0.09543937708565071
2024-12-27,-0.029588431590656286,0.16173526140155728,0.033592880978865404,0.0371523915461624,0.28453837597330367,0.14660734149054505,-0.04338153503893215,-0.12302558398220245,0.12747497219132367,-0.01757508342602892,0.08565072302558399,0.09855394883203561,0.2293659621802002
2024-12-30,-0.10834260289210233,0.057174638487208,0.12480533926585094,0.00778642936596218,0.189321468298109,-0.04382647385984427,-0.11635150166852058,-0.14838709677419354,0.16129032258064516,0.06518353726362626,0.09855394883203561,0.12880978865406006,0.09098998887652948
2024-12-31,-0.015350389321468297,0.00778642936596218,-0.023359288097886538,-0.05005561735261402,0.056729699666295874,0.04471635150166852,-0.24404894327030033,-0.20444938820912126,0.07942157953281423,-0.03670745272525028,0.071412680756396,0.07630700778642936,0.03270300333704116
2025-01-02,0.04916573971078977,-0.00778642936596218,-0.11724137931034483,-0.07363737486095662,-0.05406006674082313,-0.05139043381535039,-0.23648498331479423,-0.1946607341490545,-0.05628476084538376,-0.059844271412680755,0.03136818687430478,0.14705228031145717,0.008231368186874304
2025-01-03,0.05939933259176862,0.19911012235817574,0.10522803114571745,0.04961067853170189,0.10522803114571745,-0.08342602892102337,-0.10255839822024472,-0.20355951056729701,-0.01757508342602892,0.22091212458286985,0.2716351501668521,0.22447163515016688,0.10567296996662959
2025-01-06,0.030478309232480537,0.2947719688542826,0.1897664071190211,0.16307007786429364,0.05494994438264739,0.022914349276974413,0.014905450500556172,-0.10478309232480533,0.14260289210233593,0.20489432703003335,0.1479421579532814,0.22758620689655173,0.0020022246941045607
2025-01-07,0.00689655172413793,0.24449388209121245,0.14349276974416017,0.16751946607341492,0.17374860956618463,0.15150166852057842,0.07274749721913237,-0.01579532814238042,0.1532814238042269,0.14438264738598441,0.20578420467185762,0.13637374860956616,0.10389321468298107
2025-01-08,-0.047385984427141266,0.3388209121245828,0.18887652947719688,0.19199110122358176,0.09054505005561733,0.2418242491657397,0.12258064516129033,0.13681868743047831,0.19288097886540603,0.22135706340378197,0.16618464961067853,0.19555061179087874,0.03181312569521691
2025-01-10,0.07497219132369298,-0.06251390433815351,-0.05406006674082313,0.064293659621802,0.038042269187986644,-0.12258064516129033,-0.1132369299221357,-0.05628476084538376,0.00867630700778643,0.02647385984427141,0.056729699666295874,0.2489432703003337,0.02647385984427141
2025-01-13,0.06251390433815351,0.2849833147942158,0.1568409343715239,0.13192436040044492,0.08387096774193549,0.3846496106785317,0.3459399332591768,0.14838709677419354,0.38731924360400444,0.024249165739710785,0.0006674082313681868,0.035817575083426034,-0.0843159065628476
2025-01-14,0.05628476084538376,0.182202447163515,-0.001557285873192436,0.00778642936596218,0.0046718576195773085,0.1946607341490545,0.011345939933259176,0.07630700778642936,0.07408231368186874,-0.024249165739710785,0.034482758620689655,-0.001557285873192436,0.025583982202447165
2025-01-15,0.09499443826473859,0.3730812013348164,0.14571746384872078,0.16974416017797553,0.08298109010011123,0.5946607341490544,0.314349276974416,0.39532814238042263,0.20266963292547271,0.041156840934371525,-0.0424916573971079,-0.03759733036707453,0.021579532814238044
2025-01-16,0.08209121245828699,0.18798665183537264,-0.05361512791991101,0.03314794215795328,-0.09054505005561733,0.4242491657397108,0.2342602892102336,0.32235817575083425,0.09766407119021134,-0.19021134593993325,-0.30589543937708563,-0.1604004449388209,-0.18175750834260287
2025-01-17,0.03982202447163515,0.3130144605116796,0.05139043381535039,0.05406006674082313,-0.08031145717463849,0.47452725250278077,0.3503893214682981,0.42246941045606223,0.11368186874304784,-0.21245828698553948,-0.3010011123470523,-0.24671857619577306,-0.2671857619577308
2025-01-21,0.05494994438264739,0.3530589543937709,0.1768631813125695,0.12169076751946609,-0.011790878754171301,0.4473859844271412,0.2667408231368187,0.37263626251390436,0.06251390433815351,0.020244716351501667,-0.1239154616240267,-0.1599555061179088,-0.11101223581757509
2025-01-22,-0.033592880978865404,0.26985539488320354,0.16395995550611792,0.17196885428253617,0.01757508342602892,0.28720800889877635,0.06829810901001113,0.3076751946607342,-0.07986651835372637,0.13058954393770855,0.07630700778642936,-0.04961067853170189,0.05272525027808676
2025-01-23,0.10789766407119021,0.3779755283648498,0.2849833147942158,0.20800889877641823,0.0967741935483871,0.40155728587319245,0.2827586206896551,0.34015572858731924,-0.0064516129032258064,0.10789766407119021,0.06785317018909899,-0.05272525027808676,0.064293659621802
2025-01-24,0.16885428253615126,0.4914349276974415,0.3979977753058954,0.3228031145717464,0.13414905450500555,0.39221357063403783,0.2671857619577308,0.4117908787541713,-0.05583982202447163,0.31345939933259176,0.24360400444938823,0.06829810901001113,0.0967741935483871
2025-01-27,0.014015572858731925,0.3650723025583982,0.09588431590656285,0.43270300333704115,0.01579532814238042,0.36017797552836484,0.018909899888765295,0.3793103448275862,-0.21601779755283645,0.3432703003337041,0.15506117908787542,0.2324805339265851,0.11768631813125695
2025-01-28,-0.021134593993325918,0.20800889877641823,0.13726362625139044,0.3228031145717464,-0.0020022246941045607,0.15595105672969967,0.20355951056729701,0.4189098998887653,0.009121245828698554,0.23737486095661847,0.14616240266963293,0.18620689655172412,-0.1114571746384872
2025-01-29,-0.15016685205784203,0.08164627363737487,0.18442714126807563,0.2088987764182425,0.0135706340378198,0.057174638487208,0.3130144605116796,0.35839822024471635,0.11724137931034483,0.08075639599555061,0.006006674082313682,0.13414905450500555,-0.02513904338153504
2025-01-30,-0.15239154616240266,0.17374860956618463,0.32235817575083425,0.28809788654060065,0.13815350389321468,0.09365962180200223,0.4131256952169076,0.34282536151279197,0.2925472747497219,0.20133481646273638,0.1621802002224694,0.21290322580645163,0.12124582869855395
2025-01-31,-0.13281423804226916,0.22580645161290322,0.2307007786429366,0.19733036707452725,0.11457174638487205,0.17330367074527253,0.303670745272525,0.38064516129032255,0.15951056729699667,0.15372636262513903,0.11412680756395997,0.0033370411568409346,0.11991101223581756
2025-02-03,-0.13815350389321468,0.09365962180200223,0.14260289210233593,0.22180200222469412,0.16440489432703,0.01268075639599555,0.1403781979977753,0.2765294771968854,0.18086763070077863,0.17196885428253617,0.03759733036707453,0.1385984427141268,0.11234705228031144
2025-02-04,-0.23025583982202447,0.05005561735261402,0.19866518353726362,0.2587319243604005,0.13370411568409346,-0.034037819799777526,0.17953281423804227,0.17241379310344826,0.20800889877641823,0.1114571746384872,0.005116796440489433,0.18264738598442715,-0.007341490545050056
2025-02-05,-0.3348164627363737,-0.06696329254727475,0.071412680756396,0.12525027808676306,-0.005116796440489433,-0.13058954393770855,0.08031145717463849,0.11768631813125695,0.03759733036707453,0.07185761957730812,-0.03982202447163515,0.05183537263626252,0.10834260289210233
2025-02-06,-0.47319243604004446,0.02202447163515017,0.19555061179087874,0.16129032258064516,0.05628476084538376,-0.047830923248053395,0.12302558398220245,0.11813125695216908,0.025583982202447165,0.11012235817575085,0.059844271412680755,0.07052280311457175,0.10745272525027807
2025-02-07,-0.47408231368186876,-0.026028921023359287,0.3103448275862069,0.19377085650723025,0.17997775305895441,-0.17552836484983317,0.09454949944382647,0.0353726362625139,0.14616240266963293,0.27474972191323693,0.2547274749721913,0.2053392658509455,0.1657397107897664
2025-02-10,-0.38598442714126807,0.0353726362625139,0.1946607341490545,0.19510567296996661,0.0843159065628476,-0.07675194660734148,-0.024249165739710785,-0.018020022246941044,-0.015350389321468297,0.2551724137931034,0.1710789766407119,0.22180200222469412,0.2040044493882091
2025-02-11,-0.33392658509454953,0.3779755283648498,0.5973303670745272,0.5270300333704115,0.4273637374860957,0.10211345939933258,0.29744160177975526,0.27697441601779754,0.2053392658509455,0.5190211345939933,0.4696329254727475,0.3815350389321468,0.4398220244716351
2025-02-12,-0.2200222469410456,0.2609566184649611,0.38776418242491656,0.3659621802002225,0.31835372636262516,0.09410456062291435,0.19911012235817574,0.18131256952169075,0.15951056729699667,0.3882091212458286,0.3619577308120133,0.28987764182424913,0.3486095661846496
2025-02-13,-0.2711902113459399,0.2765294771968854,0.3632925472747497,0.35973303670745277,0.3139043381535039,0.14571746384872078,0.20800889877641823,0.18665183537263624,0.04471635150166852,0.4153503893214683,0.31523915461624025,0.2849833147942158,0.33170189098998887
2025-02-14,-0.2547274749721913,0.0011123470522803117,-0.10122358175750834,0.13904338153503895,-0.027808676307007785,0.09632925472747497,0.04293659621802002,0.16395995550611792,-0.12747497219132367,-0.08698553948832036,-0.1292547274749722,0.020689655172413793,-0.047385984427141266
2025-02-18,-0.22224694104560622,0.17018909899888765,0.06562847608453837,0.07675194660734148,-0.00689655172413793,0.25428253615127916,0.15239154616240266,0.16662958843159065,-0.046941045606229144,0.0389321468298109,-0.023804226918798663,0.0037819799777530586,-0.07853170189098999
2025-02-19,-0.21334816462736375,0.32547274749721916,0.33704115684093433,0.24093437152391545,0.09766407119021134,0.40600667408231367,0.33926585094549494,0.31657397107897667,0.1350389321468298,0.23203559510567295,0.16395995550611792,0.17330367074527253,0.07230255839822024
2025-02-20,-0.189321468298109,0.4883203559510568,0.46785317018909905,0.3979977753058954,0.23692992213570632,0.42602892102335926,0.5768631813125694,0.4602892102335928,0.31167964404894327,0.300111234705228,0.20667408231368187,0.2088987764182425,0.06963292547274749
2025-02-21,-0.14349276974416017,0.4709677419354839,0.43492769744160176,0.4616240266963292,0.29076751946607343,0.3864293659621802,0.5817575083426029,0.5737486095661846,0.40289210233592887,0.33615127919911014,0.2507230255839822,0.20667408231368187,0.06562847608453837
2025-02-24,-0.1385984427141268,0.4829810901001112,0.32725250278086765,0.4220244716351501,0.16974416017797553,0.3842046718576196,0.42602892102335926,0.517686318131257,0.2324805339265851,0.28231368186874306,0.11946607341490545,0.16484983314794216,0.040266963292547274
2025-02-25,-0.19955506117908786,0.5515016685205784,0.23515016685205786,0.4567296996662959,-0.06295884315906564,0.33392658509454953,0.2636262513904338,0.49899888765294764,0.0024471635150166847,0.42246941045606223,0.16484983314794216,0.22847608453837595,-0.009121245828698554
2025-02-26,-0.16484983314794216,0.3352614015572859,0.04204671857619577,0.17508342602892102,-0.10923248053392658,0.2667408231368187,0.20845383759733035,0.2707452725250278,-0.10522803114571745,0.19021134593993325,-0.07452725250278086,0.041156840934371525,-0.06340378197997774
2025-02-27,-0.21245828698553948,0.3196885428253615,0.06918798665183537,0.19377085650723025,-0.17908787541713014,0.33036707452725245,0.25428253615127916,0.2738598442714127,-0.04827586206896552,0.14171301446051168,-0.16262513904338155,-0.010901001112347052,-0.20311457174638486
2025-02-28,-0.24271412680756396,0.3681868743047831,-0.040711902113459396,0.17018909899888765,-0.33793103448275863,0.47497219132369295,0.23737486095661847,0.36062291434927696,-0.08120133481646273,0.04827586206896552,-0.2912124582869855,-0.11813125695216908,-0.2961067853170189
2025-03-03,-0.26184649610678534,0.2863181312569522,-0.15550611790878754,0.028253615127919914,-0.3935483870967742,0.36106785317018913,0.2307007786429366,0.2756395995550612,-0.059844271412680755,-0.05272525027808676,-0.26585094549499444,-0.20978865406006672,-0.44649610678531704
2025-03-04,-0.15951056729699667,0.3548387096774193,-0.06295884315906564,0.020689655172413793,-0.3045606229143492,0.4687430478309232,0.3130144605116796,0.28409343715239155,-0.047830923248053395,-0.07408231368186874,-0.2560622914349277,-0.2925472747497219,-0.3521690767519466
2025-03-05,-0.1203559510567297,0.1804226918798665,-0.05139043381535039,-0.19332591768631813,-0.2961067853170189,0.19377085650723025,0.10834260289210233,0.08743047830923248,-0.06651835372636263,-0.0825361512791991,-0.24449388209121245,-0.2578420467185762,-0.2996662958843159
2025-03-06,-0.27608453837597335,0.061179087875417135,-0.06562847608453837,-0.07452725250278086,-0.08476084538375972,0.1332591768631813,0.04293659621802002,0.09588431590656285,0.06295884315906564,-0.023804226918798663,-0.1243604004449388,-0.11368186874304784,-0.09721913236929922
2025-03-07,-0.41446051167964404,0.1439377085650723,-0.015350389321468297,-0.06918798665183537,0.010901001112347052,0.2088987764182425,0.11679644048943269,0.0731924360400445,0.19777530589543937,-0.08520578420467186,-0.1114571746384872,-0.18887652947719688,-0.11590656284760845
2025-03-10,-0.20133481646273638,-0.18309232480533927,-0.2983314794215795,-0.34371523915461627,-0.06518353726362626,-0.023804226918798663,-0.24582869855394882,-0.21245828698553948,-0.04204671857619577,-0.3388209121245828,-0.2631813125695217,-0.32591768631813123,-0.11457174638487205
2025-03-11,0.0011123470522803117,-0.31123470522803115,-0.3512791991101224,-0.3650723025583982,0.008231368186874304,-0.22224694104560622,-0.3721913236929922,-0.3228031145717464,-0.1870967741935484,-0.3139043381535039,-0.09410456062291435,-0.12480533926585094,0.16395995550611792
2025-03-12,-0.1132369299221357,-0.014905450500556172,0.03937708565072302,-0.16840934371523916,0.17908787541713014,0.00867630700778643,-0.20444938820912126,-0.19377085650723025,-0.21735261401557288,0.0135706340378198,0.19555061179087874,-0.0011123470522803117,0.3659621802002225
2025-03-13,0.016240266963292546,-0.3343715239154616,-0.021134593993325918,-0.27697441601779754,0.35172413793103446,-0.4068965517241379,-0.5461624026696329,-0.5519466073414906,-0.16662958843159065,0.055394883203559515,0.46696329254727476,0.25739710789766407,0.6062291434927697
2025-03-14,-0.01846496106785317,-0.030923248053392655,0.11902113459399331,0.11012235817575085,0.29744160177975526,-0.10255839822024472,-0.30055617352614017,-0.24849833147942155,0.0460511679644049,0.24716351501668518,0.3575083426028921,0.4242491657397108,0.31835372636262516
2025-03-17,0.09543937708565071,-0.018020022246941044,-0.07942157953281423,0.040266963292547274,0.12791991101223582,-0.08832035595105672,-0.2547274749721913,-0.3076751946607342,0.019799777530589546,0.09499443826473859,0.15150166852057842,0.38598442714126807,0.10745272525027807
2025-03-18,0.2854282536151279,0.07808676307007786,0.2943270300333704,0.16484983314794216,0.2516129032258065,-0.2,-0.3232480533926585,-0.35973303670745277,0.13681868743047831,0.40333704115684094,0.453615127919911,0.44783092324805335,0.23781979977753054
2025-03-19,0.4251390433815351,-0.16262513904338155,0.03937708565072302,0.21245828698553948,0.08698553948832036,-0.3468298109010011,-0.20934371523915463,-0.24760845383759733,0.2502780867630701,0.20978865406006672,0.11724137931034483,0.40155728587319245,-0.03982202447163515
2025-03-20,0.3753058954393771,0.0033370411568409346,-0.1586206896551724,-0.05139043381535039,-0.1586206896551724,0.02202447163515017,-0.1946607341490545,-0.1243604004449388,-0.2418242491657397,-0.0002224694104560623,-0.018909899888765295,0.04827586206896552,-0.14705228031145717
2025-03-21,0.4460511679644049,-0.364182424916574,-0.3045606229143492,-0.1568409343715239,-0.21334816462736375,-0.27875417130144603,-0.10478309232480533,-0.08476084538375972,-0.10567296996662959,-0.18086763070077863,-0.16974416017797553,-0.059844271412680755,-0.24849833147942155
2025-03-24,0.3753058954393771,-0.39443826473859844,-0.1621802002224694,-0.1546162402669633,-0.24849833147942155,-0.23337041156840932,0.02246941045606229,0.14616240266963293,-0.11101223581757509,-0.1221357063403782,-0.13948832035595105,-0.16395995550611792,-0.19421579532814237
2025-03-25,0.4473859844271412,-0.21023359288097884,-0.013125695216907676,-0.02469410456062291,-0.11946607341490545,-0.2253615127919911,-0.05628476084538376,0.06162402669632924,-0.057174638487208,0.06785317018909899,0.022914349276974413,0.01579532814238042,-0.09098998887652948
2025-03-26,0.4580645161290322,-0.15061179087875418,0.3090100111234705,0.19555061179087874,0.22625139043381537,-0.35172413793103446,0.13548387096774192,0.14438264738598441,0.22580645161290322,0.2587319243604005,0.2756395995550612,0.1906562847608454,0.23692992213570632
2025-03-27,0.2738598442714127,-0.13236929922135707,0.16796440489432704,0.13770856507230256,0.14927697441601778,-0.26852057842046717,0.10433815350389322,0.06473859844271414,0.2053392658509455,0.12124582869855395,0.1132369299221357,0.13948832035595105,0.14304783092324808
2025-03-28,0.37486095661846497,-0.13993325917686317,0.20978865406006672,0.27875417130144603,0.2293659621802002,-0.3530589543937709,0.18887652947719688,0.08164627363737487,0.3882091212458286,0.16840934371523916,0.23470522803114574,0.24048943270300333,0.14260289210233593
2025-03-31,0.20088987764182425,0.057174638487208,0.2938820912124583,0.2983314794215795,0.29343715239154616,-0.35973303670745277,0.1221357063403782,0.0731924360400445,0.3187986651835373,0.2756395995550612,0.35884315906562847,0.2983314794215795,0.1604004449388209
2025-04-01,0.10211345939933258,0.14260289210233593,0.22758620689655173,0.22491657397107895,0.207119021134594,-0.13236929922135707,0.20355951056729701,0.11412680756395997,0.29744160177975526,0.17552836484983317,0.16885428253615126,0.2569521690767519,0.05850945494994438
2025-04-02,0.07230255839822024,0.15595105672969967,0.0914349276974416,0.09365962180200223,0.13370411568409346,0.058064516129032254,0.03759733036707453,0.10700778642936595,0.14349276974416017,0.09454949944382647,0.08387096774193549,0.11991101223581756,0.0020022246941045607
2025-04-03,0.13815350389321468,0.36462736373748605,0.5012235817575084,0.41713014460511677,0.3521690767519466,-0.15906562847608455,0.3899888765294772,0.30589543937708563,0.4153503893214683,0.4794215795328142,0.4304783092324805,0.40289210233592887,0.04160177975528365
2025-04-04,0.296551724137931,0.48075639599555064,0.33170189098998887,0.4629588431590656,0.15372636262513903,0.06785317018909899,0.3592880978865406,0.40556173526140155,0.3423804226918799,0.37708565072302563,0.17018909899888765,0.4616240266963292,-0.011790878754171301
2025-04-07,0.43492769744160176,0.2253615127919911,0.04916573971078977,0.2609566184649611,-0.1546162402669633,0.035817575083426034,0.08921023359288098,0.21957730812013349,0.11768631813125695,0.1604004449388209,-0.01935483870967742,0.18175750834260287,-0.21601779755283645
2025-04-08,0.1897664071190211,0.014905450500556172,-0.06918798665183537,0.11101223581757509,-0.28987764182424913,-0.13014460511679646,0.034482758620689655,0.0353726362625139,0.024249165739710785,0.03670745272525028,-0.12169076751946609,0.08120133481646273,-0.27430478309232476
2025-04-09,0.13192436040044492,-0.05272525027808676,-0.08298109010011123,-0.028698553948832032,-0.07185761957730812,-0.011345939933259176,0.001557285873192436,-0.07630700778642936,-0.02513904338153504,-0.09276974416017797,-0.06696329254727475,0.058064516129032254,-0.01757508342602892
2025-04-10,0.10834260289210233,-0.15239154616240266,-0.1604004449388209,-0.09276974416017797,-0.07808676307007786,-0.3210233592880979,-0.08476084538375972,-0.13592880978865407,-0.005561735261401557,-0.11368186874304784,-0.08031145717463849,-0.007341490545050056,-0.11234705228031144
2025-04-11,0.03314794215795328,-0.18309232480533927,-0.2053392658509455,-0.15639599555061176,-0.1581757508342603,-0.24404894327030033,-0.14883203559510566,-0.11991101223581756,-0.02202447163515017,-0.15506117908787542,-0.035817575083426034,-0.027808676307007785,-0.14482758620689654
2025-04-14,0.24360400444938823,0.06518353726362626,-0.01668520578420467,0.09232480533926585,-0.33837597330367075,-0.025583982202447165,0.0843159065628476,0.07230255839822024,0.08698553948832036,0.08031145717463849,-0.1345939933259177,0.029588431590656286,-0.3210233592880979
2025-04-15,0.2849833147942158,0.014460511679644046,-0.0024471635150166847,0.01268075639599555,-0.20489432703003335,-0.022914349276974413,0.04471635150166852,0.010456062291434927,0.07808676307007786,0.06384872080088987,-0.05850945494994438,0.02246941045606229,-0.2204671857619577
2025-04-16,0.19866518353726362,-0.05628476084538376,-0.11412680756395997,-0.08476084538375972,-0.2307007786429366,-0.08921023359288098,-0.011345939933259176,0.04827586206896552,0.006006674082313682,-0.07408231368186874,-0.004226918798665183,-0.06874304783092325,-0.25339265850945497
2025-04-17,0.2164627363737486,-0.17018909899888765,-0.06963292547274749,-0.14660734149054505,0.027808676307007785,-0.1479421579532814,-0.047830923248053395,-0.07675194660734148,0.023359288097886538,-0.05761957730812013,0.028698553948832032,0.05228031145717464,-0.053170189098998885
2025-04-21,0.07853170189098999,-0.14260289210233593,-0.24404894327030033,-0.20578420467185762,0.04916573971078977,-0.046496106785317015,-0.2040044493882091,-0.1350389321468298,-0.10478309232480533,-0.12258064516129033,0.0002224694104560623,0.0006674082313681868,0.05628476084538376
2025-04-22,0.07541713014460512,0.03937708565072302,-0.11679644048943269,-0.21690767519466073,0.08832035595105672,0.07363737486095662,-0.22491657397107895,-0.1670745272525028,-0.1203559510567297,-0.11991101223581756,0.14705228031145717,0.08031145717463849,0.11946607341490545
2025-04-23,0.1635150166852058,0.1839822024471635,0.011345939933259176,-0.16129032258064516,0.026028921023359287,0.3125695216907675,0.015350389321468297,-0.04516129032258065,0.12080088987764183,-0.060734149054505006,0.014460511679644046,0.0460511679644049,-0.09410456062291435
2025-04-24,0.026918798665183537,0.17152391546162402,0.1586206896551724,0.07408231368186874,0.3232480533926585,0.0843159065628476,-0.025583982202447165,-0.03759733036707453,0.17463848720800887,0.0967741935483871,0.2204671857619577,0.2565072302558398,0.21023359288097884
2025-04-25,-0.014460511679644046,0.32502780867630704,0.22803114571746386,0.1510567296996663,0.2703003337041157,0.17241379310344826,-0.03759733036707453,-0.00778642936596218,0.15150166852057842,0.3423804226918799,0.26896551724137935,0.30856507230255836,0.2253615127919911
2025-04-28,-0.030478309232480537,-0.011790878754171301,0.01668520578420467,0.2004449388209121,0.16662958843159065,-0.11501668520578419,-0.03314794215795328,0.02202447163515017,0.17953281423804227,0.06696329254727475,0.06340378197997774,0.23114571746384868,0.18887652947719688
2025-04-29,-0.06874304783092325,-0.15239154616240266,-0.18487208008898778,0.1003337041156841,-0.05850945494994438,-0.16974416017797553,-0.18131256952169075,-0.041156840934371525,-0.07230255839822024,-0.028253615127919914,0.05850945494994438,0.21512791991101224,0.028698553948832032
2025-04-30,-0.10344827586206896,-0.19288097886540603,-0.18665183537263624,0.00689655172413793,-0.21379310344827587,-0.196440489432703,-0.17552836484983317,-0.047385984427141266,-0.14927697441601778,-0.182202447163515,-0.1510567296996663,0.05406006674082313,-0.16974416017797553
2025-05-01,-0.13681868743047831,-0.23381535038932147,-0.20088987764182425,-0.17552836484983317,-0.30589543937708563,-0.16173526140155728,-0.11679644048943269,-0.030478309232480537,-0.2307007786429366,-0.1581757508342603,-0.16307007786429364,-0.17864293659621802,-0.33704115684093433
2025-05-02,-0.20978865406006672,-0.13236929922135707,-0.16173526140155728,-0.17953281423804227,-0.26585094549499444,-0.19288097886540603,-0.09721913236929922,-0.07853170189098999,-0.15016685205784203,-0.12525027808676306,-0.17463848720800887,-0.19777530589543937,-0.26585094549499444
2025-05-05,-0.24315906562847608,-0.18264738598442715,-0.13637374860956616,-0.16662958843159065,-0.19911012235817574,-0.24938820912124582,-0.17997775305895441,-0.10300333704115683,-0.10389321468298107,-0.11546162402669634,-0.09632925472747497,-0.18086763070077863,-0.20222469410456062
2025-05-06,-0.22847608453837595,-0.19555061179087874,-0.08565072302558399,-0.12836484983314794,-0.18531701890989988,-0.207119021134594,-0.01668520578420467,-0.08120133481646273,-0.22580645161290322,-0.08654060066740822,-0.11457174638487205,-0.15550611790878754,-0.045606229143492764
2025-05-07,0.008231368186874304,0.05628476084538376,0.10344827586206896,-0.04961067853170189,-0.10344827586206896,0.17953281423804227,0.4580645161290322,0.2382647385984427,-0.06251390433815351,-0.08031145717463849,-0.12080088987764183,-0.1403781979977753,-0.14527252502780869
2025-05-08,0.025583982202447165,0.24716351501668518,0.26184649610678534,0.05850945494994438,0.21913236929922134,0.38731924360400444,0.4487208008898776,0.32858731924360396,-0.0135706340378198,0.018909899888765295,0.05939933259176862,-0.13993325917686317,0.24671857619577306
2025-05-09,-0.10255839822024472,0.09543937708565071,0.11590656284760845,0.05139043381535039,0.1906562847608454,0.21913236929922134,0.25339265850945497,0.2253615127919911,0.08387096774193549,-0.09365962180200223,-0.040711902113459396,-0.0771968854282536,0.1296996662958843
2025-05-12,-0.06963292547274749,0.0896551724137931,0.013125695216907676,-0.028698553948832032,0.10433815350389322,0.185761957730812,0.014905450500556172,0.07986651835372637,-0.08609566184649611,-0.08520578420467186,-0.02647385984427141,-0.11991101223581756,0.11546162402669634
2025-05-13,-0.040266963292547274,-0.055394883203559515,-0.034037819799777526,-0.13147942157953282,0.029588431590656286,-0.04427141268075639,-0.16885428253615126,-0.14304783092324808,-0.1946607341490545,-0.06473859844271414,0.060734149054505006,-0.16885428253615126,0.15194660734149054
2025-05-14,-0.10166852057842046,-0.10255839822024472,-0.12169076751946609,-0.24315906562847608,0.04872080088987764,-0.13904338153503895,-0.160845383759733,-0.18531701890989988,-0.1710789766407119,-0.23515016685205786,-0.03759733036707453,-0.23515016685205786,0.24760845383759733
2025-05-15,-0.07096774193548387,-0.0064516129032258064,0.11234705228031144,-0.09454949944382647,0.20978865406006672,-0.021134593993325918,-0.10745272525027807,-0.1239154616240267,-0.06607341490545049,0.04160177975528365,0.23025583982202447,0.014015572858731925,0.38954393770856505
2025-05-16,-0.10522803114571745,-0.0024471635150166847,0.07541713014460512,-0.010456062291434927,0.2654060066740823,-0.030478309232480537,0.012235817575083427,-0.017130144605116793,0.13681868743047831,-0.07230255839822024,0.021134593993325918,0.021579532814238044,0.207119021134594
2025-05-19,-0.16395995550611792,0.00689655172413793,0.08075639599555061,0.023359288097886538,0.3432703003337041,-0.04160177975528365,-0.1003337041156841,-0.06651835372636263,0.060734149054505006,-0.014015572858731925,0.1385984427141268,0.07630700778642936,0.2863181312569522
2025-05-20,-0.1532814238042269,0.10433815350389322,0.18665183537263624,0.04872080088987764,0.3423804226918799,0.034037819799777526,0.053170189098998885,-0.014015572858731925,0.1586206896551724,0.005116796440489433,0.11679644048943269,0.06740823136818688,0.21423804226918797
2025-05-21,-0.4273637374860957,0.057174638487208,0.28987764182424913,0.21067853170189096,0.32547274749721916,-0.3125695216907675,-0.2622914349276974,-0.22358175750834258,-0.05406006674082313,0.3045606229143492,0.3410456062291435,0.3899888765294772,0.28453837597330367
2025-05-22,-0.4923248053392658,0.07630700778642936,0.27519466073414905,0.3121245828698554,0.20266963292547271,-0.1581757508342603,-0.08743047830923248,-0.07853170189098999,0.0033370411568409346,0.38598442714126807,0.2556173526140155,0.4046718576195773,0.19154616240266964
2025-05-23,-0.46607341490545046,0.15194660734149054,0.3397107897664071,0.3699666295884316,0.2987764182424916,0.01757508342602892,0.13414905450500555,0.09499443826473859,0.07185761957730812,0.30634037819799775,0.37174638487208006,0.349944382647386,0.22758620689655173
2025-05-27,-0.37441601779755285,-0.1635150166852058,-0.053170189098998885,-0.010011123470522802,-0.03670745272525028,-0.1332591768631813,-0.060734149054505006,-0.0024471635150166847,-0.10923248053392658,-0.13058954393770855,-0.060734149054505006,-0.021134593993325918,-0.030478309232480537
2025-05-28,-0.38598442714126807,-0.11590656284760845,-0.20934371523915463,-0.19421579532814237,-0.27697441601779754,-0.07586206896551724,-0.06740823136818688,-0.006006674082313682,-0.2560622914349277,-0.11991101223581756,-0.1408231368186874,-0.23025583982202447,-0.15639599555061176
2025-05-29,-0.32858731924360396,-0.0771968854282536,0.0033370411568409346,-0.11590656284760845,-0.05139043381535039,-0.061179087875417135,-0.029143492769744164,-0.011345939933259176,-0.13058954393770855,-0.12258064516129033,0.04427141268075639,-0.13681868743047831,-0.030478309232480537
2025-05-30,-0.31657397107897667,-0.1332591768631813,-0.18131256952169075,-0.11056729699666296,-0.15417130144605118,-0.035817575083426034,-0.11012235817575085,-0.014015572858731925,-0.26807563959955505,-0.19154616240266964,-0.13014460511679646,-0.1221357063403782,-0.1403781979977753
2025-06-02,-0.24983314794215797,-0.2961067853170189,-0.3481646273637375,-0.3543937708565072,-0.35661846496106786,0.009566184649610678,-0.071412680756396,0.03937708565072302,-0.23915461624026696,-0.4407119021134594,-0.45272525027808674,-0.33926585094549494,-0.36774193548387096
2025-06-03,-0.27875417130144603,-0.17374860956618463,-0.27252502780867627,-0.2649610678531702,-0.2943270300333704,0.11012235817575085,0.0424916573971079,0.006006674082313682,-0.26941045606229147,-0.3552836484983315,-0.3908787541713014,-0.40333704115684094,-0.2849833147942158
2025-06-04,-0.24449388209121245,-0.17864293659621802,-0.2707452725250278,-0.3045606229143492,-0.2876529477196885,0.13548387096774192,-0.014015572858731925,0.07853170189098999,-0.20266963292547271,-0.3575083426028921,-0.3757508342602892,-0.3917686318131257,-0.24582869855394882
2025-06-05,-0.16751946607341492,-0.04516129032258065,-0.28142380422691876,-0.24404894327030033,-0.21512791991101224,0.28898776418242494,-0.03937708565072302,0.07630700778642936,-0.18175750834260287,-0.37664071190211346,-0.41401557285873186,-0.38598442714126807,-0.22402669632925473
2025-06-06,-0.16796440489432704,-0.06785317018909899,-0.17908787541713014,-0.058064516129032254,-0.0771968854282536,0.19421579532814237,0.07853170189098999,0.09721913236929922,-0.026028921023359287,-0.2671857619577308,-0.2649610678531702,-0.17953281423804227,-0.07675194660734148
2025-06-09,-0.11991101223581756,0.11546162402669634,-0.014460511679644046,-0.08743047830923248,0.09276974416017797,0.25739710789766407,0.19955506117908786,0.18620689655172412,0.0843159065628476,-0.2422691879866518,-0.15951056729699667,-0.2582869855394883,-0.0028921023359288096
2025-06-10,0.18309232480533927,0.21913236929922134,-0.06295884315906564,-0.0914349276974416,0.07808676307007786,0.24849833147942155,0.07363737486095662,0.034037819799777526,-0.01846496106785317,-0.2146829810901001,-0.1835372636262514,-0.2422691879866518,0.10522803114571745
2025-06-11,0.054505005561735265,0.2738598442714127,0.19332591768631813,-0.05139043381535039,0.24582869855394882,0.29032258064516125,0.23025583982202447,0.11190211345939934,0.1532814238042269,-0.19866518353726362,-0.07853170189098999,-0.22224694104560622,0.10300333704115683
2025-06-12,0.10255839822024472,0.27341490545050057,0.19688542825361513,0.0424916573971079,0.3196885428253615,0.14527252502780869,0.09365962180200223,0.054505005561735265,0.05850945494994438,0.09276974416017797,0.189321468298109,-0.02246941045606229,0.2507230255839822
2025-06-13,-0.07497219132369298,0.2253615127919911,0.13681868743047831,0.16840934371523916,0.24404894327030033,0.2289210233592881,0.05361512791991101,0.20934371523915463,0.053170189098998885,-0.0024471635150166847,0.058954393770856504,0.04293659621802002,0.11457174638487205
2025-06-16,0.14438264738598441,0.2631813125695217,0.3899888765294772,0.3196885428253615,0.3441601779755284,0.11101223581757509,0.2925472747497219,0.2200222469410456,0.2996662958843159,0.2640711902113459,0.2293659621802002,0.2596218020022247,0.1532814238042269
2025-06-17,-0.0064516129032258064,0.2547274749721913,0.37664071190211346,0.3997775305895439,0.29521690767519465,0.11501668520578419,0.2507230255839822,0.3054505005561735,0.2707452725250278,0.18887652947719688,0.16529477196885425,0.30189098998887653,0.1764182424916574
2025-06-18,-0.021579532814238044,0.24849833147942155,0.20088987764182425,0.307230255839822,0.11368186874304784,0.10300333704115683,0.11679644048943269,0.2703003337041157,-0.014905450500556172,0.16796440489432704,0.11279199110122358,0.20355951056729701,0.12836484983314794
2025-06-20,-0.058064516129032254,0.37174638487208006,0.3236929922135706,0.28720800889877635,0.13281423804226916,0.09588431590656285,0.0731924360400445,0.2182424916573971,-0.11368186874304784,0.3210233592880979,0.33303670745272523,0.2293659621802002,0.1839822024471635
2025-06-23,-0.10522803114571745,0.31790878754171303,0.2978865406006674,0.3081201334816463,0.11768631813125695,-0.03982202447163515,-0.11056729699666296,-0.019799777530589546,-0.16662958843159065,0.3103448275862069,0.29032258064516125,0.30634037819799775,0.21423804226918797
2025-06-24,-0.2596218020022247,0.31657397107897667,0.3130144605116796,0.2961067853170189,0.10878754171301447,0.05272525027808676,-0.034037819799777526,0.02647385984427141,-0.1946607341490545,0.396662958843159,0.33392658509454953,0.34638487208008895,0.22758620689655173
2025-06-25,-0.3828698553948832,0.3041156840934371,0.29032258064516125,0.3343715239154616,-0.0011123470522803117,0.0371523915461624,-0.053170189098998885,0.02246941045606229,-0.17241379310344826,0.3139043381535039,0.2182424916573971,0.24404894327030033,0.17908787541713014
2025-06-26,-0.4282536151279199,0.14927697441601778,0.017130144605116793,0.11501668520578419,-0.14883203559510566,0.20088987764182425,-0.07185761957730812,0.019799777530589546,-0.2507230255839822,0.07185761957730812,0.05183537263626252,0.07408231368186874,0.01668520578420467
2025-06-27,-0.3192436040044494,0.09010011123470522,-0.01935483870967742,0.06829810901001113,-0.17597330367074526,0.2293659621802002,-0.019799777530589546,0.006006674082313682,-0.2413793103448276,0.07096774193548387,-0.07630700778642936,0.06740823136818688,0.005561735261401557
2025-06-30,-0.22981090100111232,0.1221357063403782,-0.18887652947719688,0.05050055617352613,-0.3637374860956618,0.3548387096774193,0.07541713014460512,0.11412680756395997,-0.06874304783092325,-0.04338153503893215,-0.314349276974416,0.02513904338153504,-0.3161290322580645
2025-07-01,-0.3441601779755284,-0.20311457174638486,-0.611123470522803,-0.3530589543937709,-0.5243604004449388,0.2520578420467186,-0.10923248053392658,-0.019799777530589546,-0.182202447163515,-0.5991101223581757,-0.6013348164627365,-0.4496106785317019,-0.38242491657397104
2025-07-02,-0.19154616240266964,-0.2943270300333704,-0.4958843159065628,-0.4758620689655172,-0.28186874304783094,-0.05228031145717464,-0.1599555061179088,-0.07363737486095662,-0.12658509454949946,-0.6240266963292548,-0.39532814238042263,-0.5523915461624027,-0.1345939933259177
2025-07-03,-0.1911012235817575,-0.22758620689655173,-0.2800889877641824,-0.3846496106785317,-0.20222469410456062,-0.03270300333704116,-0.18665183537263624,-0.14571746384872078,-0.15550611790878754,-0.4487208008898776,-0.20845383759733035,-0.37886540600667407,-0.11501668520578419
2025-07-07,-0.185761957730812,-0.1804226918798665,-0.13414905450500555,-0.3010011123470523,-0.16618464961067853,-0.0011123470522803117,-0.1911012235817575,-0.11946607341490545,-0.14260289210233593,-0.2716351501668521,-0.160845383759733,-0.2729699666295884,-0.17152391546162402
2025-07-08,-0.1114571746384872,-0.10656284760845385,-0.05272525027808676,-0.21512791991101224,-0.14126807563959956,0.0002224694104560623,-0.030923248053392655,-0.06340378197997774,-0.12302558398220245,-0.09543937708565071,-0.18531701890989988,-0.1959955506117909,-0.17374860956618463
2025-07-09,-0.0825361512791991,-0.07942157953281423,-0.047385984427141266,-0.07363737486095662,-0.03181312569521691,-0.16618464961067853,-0.185761957730812,-0.15194660734149054,-0.2453837597330367,-0.04204671857619577,-0.17285873192436038,-0.1203559510567297,-0.07808676307007786
2025-07-10,0.05583982202447163,-0.2053392658509455,-0.2449388209121246,-0.1959955506117909,-0.25339265850945497,-0.16974416017797553,-0.21290322580645163,-0.1870967741935484,-0.2867630700778643,-0.20266963292547271,-0.2765294771968854,-0.2053392658509455,-0.22402669632925473
2025-07-11,0.22180200222469412,-0.15595105672969967,-0.2729699666295884,-0.1568409343715239,-0.3561735261401557,-0.1385984427141268,-0.13014460511679646,-0.005116796440489433,-0.15550611790878754,-0.12747497219132367,-0.21023359288097884,-0.2631813125695217,-0.4006674082313682
2025-07-14,0.0896551724137931,0.058064516129032254,-0.06518353726362626,-0.07007786429365963,-0.08832035595105672,0.047385984427141266,0.10611790878754171,0.1003337041156841,-0.1604004449388209,0.014015572858731925,-0.07630700778642936,-0.11768631813125695,-0.15016685205784203
2025-07-15,0.1839822024471635,0.064293659621802,-0.058064516129032254,-0.15550611790878754,-0.22091212458286985,0.12124582869855395,0.09276974416017797,0.07986651835372637,-0.038042269187986644,-0.00867630700778643,-0.1768631813125695,-0.12169076751946609,-0.3539488320355951
2025-07-16,0.1906562847608454,0.05094549499443826,-0.1586206896551724,-0.0006674082313681868,-0.1768631813125695,0.182202447163515,0.12747497219132367,0.15595105672969967,0.1532814238042269,-0.18531701890989988,-0.3592880978865406,-0.09988876529477196,-0.36106785317018913
2025-07-17,0.27208008898776415,0.05361512791991101,-0.11768631813125695,-0.10611790878754171,-0.09766407119021134,0.1474972191323693,-0.020689655172413793,-0.03626251390433815,0.1710789766407119,-0.23203559510567295,-0.20133481646273638,-0.10567296996662959,-0.2867630700778643
2025-07-18,0.2996662958843159,0.058064516129032254,-0.0932146829810901,-0.04916573971078977,-0.13370411568409346,0.13815350389321468,0.02513904338153504,0.040711902113459396,0.14126807563959956,-0.1243604004449388,-0.17597330367074526,-0.1768631813125695,-0.18620689655172412
2025-07-21,0.2324805339265851,0.017130144605116793,-0.13103448275862067,-0.10433815350389322,-0.05761957730812013,0.08876529477196884,-0.08921023359288098,-0.06918798665183537,0.21557285873192436,-0.2462736373748609,-0.23737486095661847,-0.1670745272525028,-0.21112347052280311
2025-07-22,0.17419354838709677,-0.0024471635150166847,-0.16262513904338155,-0.10522803114571745,-0.13592880978865407,0.13103448275862067,-0.26852057842046717,-0.15283648498331479,-0.011790878754171301,-0.15150166852057842,-0.13592880978865407,-0.14571746384872078,-0.17330367074527253
2025-07-23,0.21735261401557288,-0.15639599555061176,-0.1479421579532814,-0.19777530589543937,0.06251390433815351,-0.09454949944382647,-0.19510567296996661,-0.2943270300333704,0.10923248053392658,-0.23292547274749723,-0.09721913236929922,-0.16751946607341492,-0.09365962180200223
2025-07-24,0.44293659621801995,-0.06295884315906564,-0.038042269187986644,-0.05628476084538376,0.04293659621802002,-0.009566184649610678,0.17597330367074526,0.026028921023359287,0.3308120133481646,-0.061179087875417135,-0.047830923248053395,-0.09588431590656285,-0.1804226918798665
2025-07-25,0.37486095661846497,0.08698553948832036,0.09855394883203561,0.09632925472747497,0.058064516129032254,0.07586206896551724,0.24849833147942155,0.160845383759733,0.3775305895439377,0.07853170189098999,-0.035817575083426034,0.0731924360400445,-0.11635150166852058
2025-07-28,0.31657397107897667,0.17463848720800887,0.08921023359288098,0.08031145717463849,0.034482758620689655,0.10300333704115683,0.01268075639599555,0.030923248053392655,0.07408231368186874,0.11501668520578419,0.11279199110122358,0.07052280311457175,-0.0037819799777530586
2025-07-29,0.23159065628476083,0.01268075639599555,0.0002224694104560623,0.028698553948832032,0.047385984427141266,0.001557285873192436,-0.09899888765294772,-0.01668520578420467,0.0024471635150166847,0.05139043381535039,0.026918798665183537,0.028253615127919914,0.011790878754171301
2025-07-30,0.08833018187932333,-0.2307007786429366,-0.2324805339265851,-0.2525027808676307,-0.11234705228031144,-0.1546162402669633,-0.300111234705228,-0.18531701890989988,-0.2395995550611791,-0.185761957730812,-0.15773081201334815,-0.09454949944382647,-0.10834260289210233
2025-07-31,0.13637374860956616,-0.2711902113459399,-0.1003337041156841,-0.25383759733036704,-0.010456062291434927,-0.2418242491657397,-0.30945494994438266,-0.3098998887652948,-0.17463848720800887,-0.047830923248053395,0.07497219132369298,-0.010901001112347052,0.040266963292547274
2025-08-01,0.071412680756396,-0.29076751946607343,-0.20978865406006672,-0.1875417130144605,0.056729699666295874,-0.24716351501668518,-0.31167964404894327,-0.29076751946607343,-0.12836484983314794,-0.08743047830923248,-0.02736373748609566,-0.0135706340378198,0.02736373748609566
2025-08-04,0.1479421579532814,-0.4126807563959955,-0.17241379310344826,-0.14260289210233593,-0.01846496106785317,-0.3348164627363737,-0.2525027808676307,-0.3130144605116796,-0.08031145717463849,-0.07586206896551724,-0.00689655172413793,0.10789766407119021,0.09054505005561733
2025-08-05,0.18086763070077863,-0.27875417130144603,-0.12525027808676306,0.00778642936596218,0.026028921023359287,-0.4082313681868743,-0.35172413793103446,-0.2324805339265851,-0.16262513904338155,0.05183537263626252,0.1474972191323693,0.2088987764182425,0.10700778642936595
2025-08-06,-0.00867630700778643,-0.39888765294771966,-0.1670745272525028,-0.09010011123470522,-0.0460511679644049,-0.5417130144605116,-0.3753058954393771,-0.26629588431590656,-0.21512791991101224,0.03848720800889878,0.09988876529477196,0.21201334816462733,0.04204671857619577
2025-08-07,-0.08876529477196884,-0.31701890989988873,0.05005561735261402,-0.15150166852057842,0.029588431590656286,-0.45850945494994433,-0.31835372636262516,-0.3419354838709677,0.018020022246941044,0.14260289210233593,0.22358175750834258,0.20266963292547271,0.03314794215795328
2025-08-08,-0.16885428253615126,-0.23648498331479423,0.09010011123470522,-0.033592880978865404,0.16395995550611792,-0.4002224694104561,-0.27252502780867627,-0.4126807563959955,-0.05183537263626252,0.16129032258064516,0.2556173526140155,0.2289210233592881,0.2649610678531702
2025-08-11,-0.08654060066740822,-0.07230255839822024,0.15550611790878754,0.033592880978865404,0.21913236929922134,-0.26140155728587317,-0.1839822024471635,-0.28898776418242494,-0.001557285873192436,0.13637374860956616,0.24582869855394882,0.2146829810901001,0.32413793103448274
2025-08-12,-0.08342602892102337,-0.06740823136818688,0.040711902113459396,0.0011123470522803117,0.13948832035595105,-0.21913236929922134,-0.09944382647385984,-0.24582869855394882,0.030478309232480537,-0.0046718576195773085,0.0771968854282536,0.0914349276974416,0.11412680756395997
2025-08-13,0.030033370411568408,0.1114571746384872,0.17063403781979977,0.17463848720800887,0.1003337041156841,0.02202447163515017,0.0967741935483871,-0.030478309232480537,0.21735261401557288,0.17775305895439378,0.0843159065628476,0.18798665183537264,0.014460511679644046
2025-08-14,-0.05183537263626252,-0.01846496106785317,-0.007341490545050056,0.05361512791991101,0.15951056729699667,-0.08609566184649611,-0.25339265850945497,-0.07452725250278086,-0.01268075639599555,0.13637374860956616,0.23159065628476083,0.1439377085650723,0.22758620689655173
2025-08-15,0.17330367074527253,-0.15150166852057842,-0.2520578420467186,-0.12880978865406006,-0.03492769744160178,-0.2382647385984427,-0.1670745272525028,-0.10923248053392658,-0.09988876529477196,-0.14349276974416017,-0.12258064516129033,-0.1332591768631813,0.017130144605116793
2025-08-18,0.3054505005561735,0.08832035595105672,0.03136818687430478,0.07363737486095662,-0.040266963292547274,-0.0389321468298109,0.05183537263626252,0.040711902113459396,0.04516129032258065,0.14171301446051168,-0.0731924360400445,0.009121245828698554,0.026918798665183537
2025-08-19,0.11635150166852058,-0.04916573971078977,-0.12614015572858733,-0.11991101223581756,-0.11724137931034483,-0.01268075639599555,-0.0896551724137931,-0.05850945494994438,-0.0020022246941045607,-0.014460511679644046,-0.05628476084538376,-0.0460511679644049,0.08342602892102337
2025-08-20,0.13592880978865407,-0.060289210233592884,-0.14927697441601778,-0.14482758620689654,-0.15773081201334815,-0.05494994438264739,-0.22091212458286985,-0.19911012235817574,-0.08565072302558399,-0.009121245828698554,0.038042269187986644,0.0371523915461624,-0.0006674082313681868
2025-08-21,0.17552836484983317,0.047830923248053395,-0.001557285873192436,-0.0932146829810901,-0.05094549499443826,-0.11946607341490545,-0.1870967741935484,-0.22269187986651834,-0.13681868743047831,0.071412680756396,0.13192436040044492,0.0389321468298109,0.11724137931034483
2025-08-22,0.19243604004449388,0.2360400444938821,0.09988876529477196,0.17775305895439378,0.040266963292547274,-0.030033370411568408,-0.059844271412680755,0.012235817575083427,-0.10300333704115683,0.2324805339265851,0.2146829810901001,0.20622914349276972,0.2418242491657397
2025-08-25,0.21557285873192436,0.16974416017797553,0.17597330367074526,0.1292547274749722,0.07853170189098999,0.006006674082313682,0.12169076751946609,0.1635150166852058,-0.029588431590656286,0.19377085650723025,0.14527252502780869,0.06251390433815351,0.1532814238042269
2025-08-26,0.2182424916573971,0.01268075639599555,-0.08609566184649611,0.07586206896551724,-0.0424916573971079,0.09232480533926585,0.16484983314794216,0.19421579532814237,-0.1764182424916574,-0.04160177975528365,-0.1835372636262514,-0.07764182424916574,0.01757508342602892
2025-08-27,0.22580645161290322,-0.07586206896551724,-0.09499443826473859,0.06162402669632924,-0.0064516129032258064,-0.017130144605116793,0.06785317018909899,0.13726362625139044,0.013125695216907676,-0.10211345939933258,-0.16618464961067853,-0.10834260289210233,0.01268075639599555
2025-08-28,0.16751946607341492,0.12614015572858733,0.14171301446051168,0.1546162402669633,0.04160177975528365,0.00778642936596218,0.11012235817575085,0.1657397107897664,-0.02202447163515017,0.1243604004449388,0.09010011123470522,0.05761957730812013,0.10389321468298107
2025-08-29,0.10611790878754171,0.10567296996662959,0.021134593993325918,0.04471635150166852,0.04516129032258065,0.2040044493882091,0.11368186874304784,0.05139043381535039,0.06607341490545049,-0.0731924360400445,-0.025583982202447165,0.02202447163515017,-0.026028921023359287
2025-09-02,-0.021134593993325918,0.029143492769744164,0.10656284760845385,0.0914349276974416,0.17775305895439378,0.029143492769744164,0.1096774193548387,0.06206896551724137,0.17196885428253617,-0.06162402669632924,-0.0002224694104560623,0.07764182424916574,0.058064516129032254
2025-09-03,0.03225806451612903,0.13192436040044492,0.20667408231368187,0.1670745272525028,0.21601779755283645,0.09410456062291435,0.11946607341490545,0.08609566184649611,0.17463848720800887,0.03982202447163515,0.1114571746384872,0.13236929922135707,0.10077864293659622
2025-09-04,-0.1332591768631813,0.10077864293659622,0.08654060066740822,0.1479421579532814,0.2395995550611791,0.09721913236929922,-0.017130144605116793,0.0028921023359288096,0.13058954393770855,0.06206896551724137,0.1835372636262514,0.23470522803114574,0.19911012235817574
2025-09-05,-0.1599555061179088,0.03270300333704116,0.019799777530589546,0.0371523915461624,0.0371523915461624,-0.06340378197997774,-0.1768631813125695,-0.06874304783092325,-0.04516129032258065,0.06651835372636263,0.12569521690767518,0.10522803114571745,0.17997775305895441
2025-09-08,-0.2462736373748609,0.10611790878754171,0.13236929922135707,0.0896551724137931,0.0424916573971079,0.09588431590656285,0.07986651835372637,0.00867630700778643,0.07586206896551724,0.1474972191323693,0.1096774193548387,0.13681868743047831,0.11724137931034483
2025-09-09,-0.3192436040044494,0.44827586206896547,0.5986651835372636,0.39621802002224693,0.3299221357063403,0.16129032258064516,0.21290322580645163,0.13681868743047831,0.2996662958843159,0.49410456062291436,0.4616240266963292,0.37441601779755285,0.23292547274749723
2025-09-10,-0.3196885428253615,0.2186874304783092,0.32146829810900995,0.4068965517241379,0.27252502780867627,-0.06206896551724137,0.19555061179087874,0.2,0.42380422691879865,0.3139043381535039,0.2293659621802002,0.307230255839822,0.09855394883203561
2025-09-11,-0.18531701890989988,0.32235817575083425,0.26140155728587317,0.4883203559510568,0.08698553948832036,0.11368186874304784,0.30589543937708563,0.31167964404894327,0.303670745272525,0.435817575083426,0.03982202447163515,0.3388209121245828,-0.07408231368186874
2025-09-12,-0.21334816462736375,0.37174638487208006,0.2978865406006674,0.47185761957730815,0.01268075639599555,0.17419354838709677,0.31746384872080086,0.2863181312569522,0.27430478309232476,0.40289210233592887,0.17419354838709677,0.3890989988876529,-0.1604004449388209
2025-09-15,-0.17152391546162402,0.3681868743047831,0.22269187986651834,0.35661846496106786,-0.03848720800889878,0.24048943270300333,0.4558398220244716,0.4100111234705228,0.2947719688542826,0.2649610678531702,0.0896551724137931,0.21601779755283645,-0.2186874304783092
2025-09-16,-0.13548387096774192,0.3232480533926585,0.19777530589543937,0.22091212458286985,-0.09632925472747497,0.29699666295884314,0.4553948832035596,0.396662958843159,0.23515016685205786,0.16307007786429364,-0.13147942157953282,0.01579532814238042,-0.2938820912124583
2025-09-17,-0.13014460511679646,0.26852057842046717,0.26184649610678534,0.18487208008898778,0.07808676307007786,0.3423804226918799,0.5221357063403782,0.4273637374860957,0.41579532814238046,0.0967741935483871,-0.0460511679644049,-0.09365962180200223,-0.23159065628476083
2025-09-18,-0.07897664071190211,0.35973303670745277,0.3232480533926585,0.38776418242491656,0.03492769744160178,0.36952169076751945,0.42602892102335926,0.6124582869855395,0.28720800889877635,0.26985539488320354,0.02647385984427141,0.04293659621802002,-0.17730812013348163
2025-09-19,-0.0914349276974416,0.1911012235817575,0.060289210233592884,0.1003337041156841,-0.13236929922135707,0.33170189098998887,0.182202447163515,0.3139043381535039,-0.02647385984427141,-0.005116796440489433,-0.09855394883203561,-0.14126807563959956,-0.16129032258064516
2025-09-22,0.15283648498331479,0.314349276974416,0.040266963292547274,0.11590656284760845,-0.07808676307007786,0.45850945494994433,0.27474972191323693,0.30189098998887653,0.02469410456062291,-0.0046718576195773085,-0.09543937708565071,-0.09588431590656285,-0.07185761957730812
2025-09-23,0.06740823136818688,0.1768631813125695,0.0011123470522803117,0.064293659621802,-0.14126807563959956,0.3098998887652948,0.11857619577308119,0.1875417130144605,-0.05406006674082313,-0.060734149054505006,-0.18665183537263624,-0.038042269187986644,-0.15773081201334815
2025-09-24,-0.018909899888765295,0.2449388209121246,0.16840934371523916,0.11457174638487205,0.034482758620689655,0.24449388209121245,0.0460511679644049,0.11190211345939934,-0.055394883203559515,0.18131256952169075,0.06206896551724137,0.10344827586206896,0.046941045606229144
2025-09-25,-0.24449388209121245,0.24004449388209118,0.23159065628476083,0.24760845383759733,0.22180200222469412,0.07764182424916574,-0.1221357063403782,-0.001557285873192436,-0.07675194660734148,0.3343715239154616,0.3325917686318131,0.3779755283648498,0.24849833147942155
2025-09-26,-0.2578420467185762,0.15550611790878754,0.21245828698553948,0.17730812013348163,0.12169076751946609,0.05850945494994438,0.04471635150166852,-0.06696329254727475,-0.06562847608453837,0.19199110122358176,0.19332591768631813,0.21379310344827587,0.08298109010011123
2025-09-29,-0.17508342602892102,0.2854282536151279,0.2578420467185762,0.16751946607341492,0.16929922135706338,0.1532814238042269,0.027808676307007785,-0.0046718576195773085,-0.022914349276974413,0.20667408231368187,0.25294771968854285,0.17463848720800887,0.22313681868743046
2025-09-30,-0.09365962180200223,0.14171301446051168,0.22981090100111232,0.1479421579532814,0.33926585094549494,0.071412680756396,-0.07096774193548387,-0.08698553948832036,0.09410456062291435,0.11902113459399331,0.20088987764182425,0.15016685205784203,0.26807563959955505
2025-10-01,-0.1599555061179088,0.09276974416017797,0.03136818687430478,0.00867630700778643,0.1439377085650723,0.10389321468298107,-0.07408231368186874,-0.06740823136818688,0.10478309232480533,0.03181312569521691,0.033592880978865404,0.014905450500556172,0.13726362625139044
2025-10-02,-0.1332591768631813,0.029143492769744164,-0.11279199110122358,0.005561735261401557,0.17196885428253617,0.018909899888765295,-0.07230255839822024,-0.08832035595105672,0.1421579532814238,-0.07675194660734148,0.02736373748609566,0.09010011123470522,0.18487208008898778
2025-10-03,-0.13726362625139044,0.03626251390433815,-0.13103448275862067,-0.030478309232480537,0.11546162402669634,0.07541713014460512,-0.14349276974416017,-0.07230255839822024,0.05850945494994438,-0.012235817575083427,-0.004226918798665183,0.08921023359288098,0.071412680756396
2025-10-06,-0.29076751946607343,-0.07096774193548387,-0.1243604004449388,-0.10344827586206896,-0.01268075639599555,-0.09499443826473859,-0.2146829810901001,-0.17463848720800887,0.03270300333704116,-0.056729699666295874,0.06874304783092325,0.0460511679644049,-0.061179087875417135
2025-10-07,-0.2832035595105673,-0.2876529477196885,-0.13637374860956616,-0.26852057842046717,-0.1221357063403782,-0.26941045606229147,-0.2996662958843159,-0.2582869855394883,-0.1546162402669633,-0.05494994438264739,-0.013125695216907676,-0.07185761957730812,-0.13147942157953282
2025-10-08,-0.15061179087875418,-0.4384872080088987,-0.3882091212458286,-0.40155728587319245,-0.1657397107897664,-0.29521690767519465,-0.4202447163515017,-0.4384872080088987,-0.17508342602892102,-0.27430478309232476,-0.13948832035595105,-0.0967741935483871,-0.12614015572858733
2025-10-09,-0.05761957730812013,0.005561735261401557,0.027808676307007785,-0.08298109010011123,0.01935483870967742,-0.007341490545050056,0.005561735261401557,-0.1350389321468298,-0.01757508342602892,-0.009566184649610678,0.020244716351501667,-0.10122358175750834,0.07764182424916574
2025-10-10,-0.20845383759733035,0.1096774193548387,-0.10433815350389322,-0.12525027808676306,-0.12569521690767518,0.21245828698553948,0.12169076751946609,0.11501668520578419,-0.035817575083426034,-0.207119021134594,-0.2520578420467186,-0.28809788654060065,-0.11635150166852058
2025-10-13,-0.0967741935483871,-0.001557285873192436,-0.071412680756396,-0.11501668520578419,-0.009121245828698554,0.15061179087875418,0.07897664071190211,0.056729699666295874,0.0011123470522803117,-0.21379310344827587,-0.1568409343715239,-0.19021134593993325,-0.06963292547274749
2025-10-14,-0.05272525027808676,-0.19911012235817574,-0.3521690767519466,-0.2413793103448276,-0.19288097886540603,0.06829810901001113,-0.2516129032258065,-0.11101223581757509,-0.2796440489432703,-0.26273637374860953,-0.22803114571746386,-0.2938820912124583,-0.10389321468298107
2025-10-15,0.14482758620689654,-0.09276974416017797,-0.27608453837597335,-0.23781979977753054,-0.1599555061179088,0.12836484983314794,-0.08876529477196884,-0.12480533926585094,-0.11902113459399331,-0.33748609566184645,-0.27252502780867627,-0.2040044493882091,-0.13637374860956616
2025-10-16,0.01757508342602892,-0.2422691879866518,-0.36106785317018913,-0.33926585094549494,-0.2382647385984427,-0.018909899888765295,-0.27875417130144603,-0.22981090100111232,-0.14705228031145717,-0.31657397107897667,-0.22402669632925473,-0.18887652947719688,-0.16840934371523916
2025-10-17,-0.053170189098998885,-0.09988876529477196,-0.15906562847608455,-0.2671857619577308,-0.09810901001112346,0.10433815350389322,-0.16885428253615126,-0.14660734149054505,-0.14927697441601778,-0.1897664071190211,-0.08565072302558399,-0.23337041156840932,-0.11946607341490545
2025-10-20,0.06162402669632924,-0.1510567296996663,-0.13815350389321468,-0.24582869855394882,-0.0033370411568409346,-0.07052280311457175,-0.24983314794215797,-0.2253615127919911,-0.16173526140155728,-0.1096774193548387,0.08520578420467186,-0.1292547274749722,0.064293659621802
2025-10-21,0.08342602892102337,-0.08876529477196884,-0.2453837597330367,-0.20133481646273638,-0.04338153503893215,0.053170189098998885,-0.19377085650723025,-0.15150166852057842,-0.11457174638487205,-0.16440489432703,-0.07185761957730812,-0.1003337041156841,-0.025583982202447165
2025-10-22,0.01757508342602892,0.005561735261401557,-0.014905450500556172,-0.08654060066740822,-0.07096774193548387,-0.01579532814238042,-0.20622914349276972,-0.26629588431590656,-0.11991101223581756,0.005116796440489433,0.08209121245828699,0.06651835372636263,0.05628476084538376
2025-10-23,-0.1221357063403782,-0.22135706340378197,0.020244716351501667,0.030923248053392655,0.19154616240266964,-0.23159065628476083,-0.046941045606229144,-0.1350389321468298,0.217797552836485,-0.05494994438264739,0.053170189098998885,0.13370411568409346,0.15061179087875418
2025-10-24,0.06295884315906564,-0.0046718576195773085,0.2186874304783092,0.18175750834260287,0.21735261401557288,-0.09365962180200223,0.3325917686318131,0.07452725250278086,0.43003337041156836,0.05228031145717464,0.16885428253615126,0.18665183537263624,0.14660734149054505
2025-10-27,0.010901001112347052,0.12124582869855395,0.1345939933259177,0.20622914349276972,0.10878754171301447,0.02469410456062291,0.14616240266963293,0.15639599555061176,0.15906562847608455,0.09588431590656285,0.06963292547274749,0.14571746384872078,-0.046496106785317015
2025-10-28,-0.060734149054505006,0.07363737486095662,0.2,0.17419354838709677,0.10122358175750834,-0.0033370411568409346,0.05850945494994438,0.17063403781979977,0.11368186874304784,0.10522803114571745,0.1884315906562848,0.12658509454949946,-0.059844271412680755
2025-10-29,-0.11101223581757509,0.05005561735261402,0.08476084538375972,0.2182424916573971,-0.015350389321468297,-0.13370411568409346,-0.058064516129032254,0.04204671857619577,0.023359288097886538,0.24449388209121245,0.0932146829810901,0.2413793103448276,0.007341490545050056
2025-10-30,-0.030033370411568408,0.041156840934371525,0.018909899888765295,0.14349276974416017,-0.05628476084538376,-0.046941045606229144,0.019799777530589546,0.06473859844271414,-0.10166852057842046,0.13058954393770855,0.014905450500556172,0.09276974416017797,-0.03670745272525028
2025-10-31,-0.06874304783092325,0.15728587319243603,-0.03670745272525028,0.17241379310344826,-0.04827586206896552,0.10923248053392658,0.030478309232480537,0.047385984427141266,-0.08921023359288098,0.05005561735261402,-0.046496106785317015,0.12703003337041155,-0.03270300333704116
2025-11-03,-0.06696329254727475,-0.07497219132369298,-0.1635150166852058,0.046941045606229144,-0.21913236929922134,-0.08120133481646273,-0.07096774193548387,-0.02647385984427141,-0.13770856507230256,-0.07897664071190211,-0.12569521690767518,0.007341490545050056,-0.12658509454949946
2025-11-04,-0.05272525027808676,-0.11279199110122358,-0.21423804226918797,-0.11813125695216908,-0.26852057842046717,-0.01268075639599555,-0.08921023359288098,-0.12569521690767518,-0.21735261401557288,-0.08031145717463849,-0.14883203559510566,-0.04293659621802002,-0.21512791991101224
2025-11-05,-0.03626251390433815,-0.13192436040044492,-0.3196885428253615,-0.20355951056729701,-0.39532814238042263,0.05761957730812013,-0.1292547274749722,-0.1635150166852058,-0.23025583982202447,-0.185761957730812,-0.2565072302558398,-0.11546162402669634,-0.30589543937708563
2025-11-06,-0.02469410456062291,-0.1096774193548387,-0.2511679644048943,-0.26807563959955505,-0.35884315906562847,0.19199110122358176,-0.0020022246941045607,0.0011123470522803117,-0.034037819799777526,-0.27697441601779754,-0.3512791991101224,-0.31523915461624025,-0.48031145717463847
2025-11-07,-0.07541713014460512,-0.02469410456062291,-0.02647385984427141,-0.13815350389321468,-0.06829810901001113,0.10923248053392658,0.13014460511679646,0.07274749721913237,0.09232480533926585,-0.0460511679644049,0.047385984427141266,-0.20622914349276972,-0.24271412680756396
2025-11-10,-0.22580645161290322,-0.16974416017797553,-0.21423804226918797,-0.3459399332591768,-0.11101223581757509,0.09410456062291435,-0.08031145717463849,-0.16129032258064516,0.015350389321468297,-0.25739710789766407,-0.18887652947719688,-0.32502780867630704,-0.10211345939933258
2025-11-11,0.02202447163515017,-0.03270300333704116,-0.07052280311457175,-0.1870967741935484,0.02736373748609566,-0.05272525027808676,-0.057174638487208,-0.11012235817575085,0.0771968854282536,-0.026918798665183537,0.05850945494994438,-0.0896551724137931,0.059844271412680755
2025-11-12,0.04827586206896552,-0.11946607341490545,-0.14171301446051168,-0.22847608453837595,-0.004226918798665183,-0.03181312569521691,0.071412680756396,-0.02647385984427141,0.21334816462736375,-0.19199110122358176,-0.19777530589543937,-0.1835372636262514,-0.033592880978865404
2025-11-13,-0.17552836484983317,-0.19154616240266964,-0.21512791991101224,-0.2565072302558398,-0.03982202447163515,-0.035817575083426034,-0.04338153503893215,-0.14527252502780869,0.09054505005561733,-0.2600667408231368,-0.2382647385984427,-0.20800889877641823,0.060289210233592884
2025-11-14,-0.10789766407119021,-0.2004449388209121,-0.20845383759733035,-0.09454949944382647,-0.10300333704115683,-0.13014460511679646,-0.07630700778642936,-0.06918798665183537,0.05761957730812013,-0.16529477196885425,-0.22358175750834258,-0.10656284760845385,-0.06340378197997774
2025-11-17,-0.023359288097886538,-0.23559510567296996,-0.28898776418242494,-0.17775305895439378,-0.1875417130144605,-0.04382647385984427,-0.03848720800889878,0.02469410456062291,0.03492769744160178,-0.2622914349276974,-0.36106785317018913,-0.2578420467185762,-0.13815350389321468
2025-11-18,-0.10834260289210233,-0.31790878754171303,-0.2983314794215795,-0.2716351501668521,-0.23515016685205786,-0.2796440489432703,-0.12614015572858733,-0.0771968854282536,-0.1292547274749722,-0.28898776418242494,-0.2765294771968854,-0.2716351501668521,-0.1243604004449388
2025-11-19,-0.1906562847608454,-0.31078976640711903,-0.17953281423804227,-0.19555061179087874,-0.08342602892102337,-0.2947719688542826,-0.15951056729699667,-0.11234705228031144,-0.16974416017797553,-0.12703003337041155,-0.0914349276974416,-0.1439377085650723,0.009121245828698554
2025-11-20,-0.18665183537263624,-0.41446051167964404,-0.31657397107897667,-0.37085650723025576,-0.06651835372636263,-0.21156840934371526,-0.17908787541713014,-0.21913236929922134,-0.035817575083426034,-0.3592880978865406,-0.20311457174638486,-0.22803114571746386,-0.0020022246941045607
2025-11-21,-0.15595105672969967,-0.4162402669632926,-0.4318131256952169,-0.43715239154616237,-0.33348164627363736,-0.02647385984427141,-0.15639599555061176,-0.22269187986651834,-0.038042269187986644,-0.5141268075639599,-0.4602892102335928,-0.41713014460511677,-0.30945494994438266
2025-11-24,-0.015350389321468297,-0.44783092324805335,-0.4687430478309232,-0.4834260289210234,-0.4117908787541713,-0.20311457174638486,-0.27341490545050057,-0.2200222469410456,-0.17063403781979977,-0.40867630700778645,-0.3882091212458286,-0.43759733036707454,-0.38331479421579534
2025-11-25,0.14660734149054505,-0.20934371523915463,-0.054505005561735265,-0.3232480533926585,0.05361512791991101,-0.22091212458286985,-0.11590656284760845,-0.21334816462736375,0.20133481646273638,-0.09187986651835373,0.009566184649610678,-0.2164627363737486,-0.057174638487208
2025-11-26,0.0011123470522803117,0.0371523915461624,0.2783092324805339,0.02246941045606229,0.2716351501668521,-0.13993325917686317,-0.08698553948832036,-0.1332591768631813,0.25428253615127916,0.14126807563959956,0.18175750834260287,0.10611790878754171,0.12525027808676306
2025-11-28,-0.01846496106785317,-0.005561735261401557,0.059844271412680755,0.07363737486095662,0.1296996662958843,-0.07942157953281423,-0.13548387096774192,-0.06295884315906564,0.1581757508342603,0.0024471635150166847,-0.0011123470522803117,0.010456062291434927,0.020689655172413793
2025-12-01,0.10567296996662959,-0.023804226918798663,-0.05050055617352613,0.045606229143492764,-0.006006674082313682,-0.038042269187986644,-0.03848720800889878,-0.064293659621802,0.07408231368186874,-0.04382647385984427,-0.14126807563959956,-0.04516129032258065,-0.06607341490545049
2025-12-02,0.010901001112347052,0.14972191323692993,0.21601779755283645,0.1221357063403782,0.10923248053392658,-0.030033370411568408,0.08520578420467186,0.004226918798665183,0.15595105672969967,0.1239154616240267,0.09766407119021134,-0.00689655172413793,0.04160177975528365
2025-12-03,-0.0353726362625139,0.21201334816462733,0.09721913236929922,0.0731924360400445,-0.0028921023359288096,0.09944382647385984,0.2703003337041157,0.15639599555061176,0.19377085650723025,0.056729699666295874,-0.02246941045606229,-0.08075639599555061,-0.0932146829810901
2025-12-04,0.05050055617352613,0.29299221357063404,-0.028253615127919914,0.056729699666295874,-0.071412680756396,0.196440489432703,0.1839822024471635,0.23159065628476083,0.16529477196885425,-0.04961067853170189,-0.10433815350389322,-0.18131256952169075,-0.1203559510567297
2025-12-05,0.029143492769744164,0.28854282536151277,0.06918798665183537,0.07497219132369298,0.0024471635150166847,0.26273637374860953,0.17419354838709677,0.1657397107897664,0.10166852057842046,-0.12614015572858733,-0.06785317018909899,-0.15016685205784203,0.014905450500556172
2025-12-08,-0.02246941045606229,0.2645161290322581,0.11501668520578419,0.1764182424916574,0.056729699666295874,0.13281423804226916,0.1670745272525028,0.20444938820912126,0.13281423804226916,0.03492769744160178,0.03225806451612903,0.018020022246941044,0.06918798665183537
2025-12-09,-0.10478309232480533,0.2783092324805339,0.0460511679644049,0.01668520578420467,-0.01579532814238042,0.22803114571746386,0.06518353726362626,0.08387096774193549,-0.047385984427141266,-0.07764182424916574,0.030923248053392655,-0.07007786429365963,0.018909899888765295
2025-12-10,-0.06829810901001113,0.24849833147942155,0.02202447163515017,-0.10611790878754171,-0.0424916573971079,0.23781979977753054,0.017130144605116793,0.030923248053392655,-0.12791991101223582,-0.04427141268075639,0.06295884315906564,-0.15506117908787542,0.021579532814238044
2025-12-11,-0.05583982202447163,0.2640711902113459,0.19510567296996661,0.006006674082313682,0.10923248053392658,0.36774193548387096,0.11902113459399331,0.12302558398220245,-0.06651835372636263,-0.02469410456062291,0.09454949944382647,-0.08298109010011123,0.11679644048943269
2025-12-12,-0.005116796440489433,0.3530589543937709,0.23025583982202447,0.10478309232480533,0.21601779755283645,0.2738598442714127,-0.015350389321468297,-0.012235817575083427,-0.20756395995550608,0.15728587319243603,0.24849833147942155,0.1906562847608454,0.2836484983314794
2025-12-15,-0.14660734149054505,0.18175750834260287,0.03937708565072302,0.07764182424916574,0.06562847608453837,0.22803114571746386,0.19866518353726362,0.11457174638487205,0.14883203559510566,-0.04961067853170189,0.011345939933259176,0.047385984427141266,-0.01757508342602892
2025-12-16,-0.1439377085650723,0.35973303670745277,0.24582869855394882,0.2462736373748609,0.23915461624026696,0.23203559510567295,0.12569521690767518,0.12480533926585094,0.20978865406006672,0.20845383759733035,0.17953281423804227,0.20578420467185762,0.08832035595105672
2025-12-17,-0.10878754171301447,0.14260289210233593,-0.11546162402669634,0.11412680756395997,-0.11946607341490545,0.13147942157953282,0.041156840934371525,-0.034482758620689655,0.24271412680756396,0.00689655172413793,-0.20934371523915463,0.17552836484983317,-0.22981090100111232
2025-12-18,-0.11635150166852058,0.2551724137931034,0.1568409343715239,0.22313681868743046,-0.1875417130144605,0.2266963292547275,0.16129032258064516,0.17018909899888765,0.296551724137931,0.22269187986651834,-0.07185761957730812,0.12880978865406006,-0.30589543937708563
2025-12-19,-0.3263626251390434,0.2,0.07096774193548387,0.15016685205784203,-0.16484983314794216,0.2832035595105673,0.2293659621802002,0.2756395995550612,0.16662958843159065,0.08075639599555061,-0.1911012235817575,-0.09899888765294772,-0.25428253615127916
2025-12-22,-0.31835372636262516,0.2004449388209121,0.2569521690767519,0.14616240266963293,0.001557285873192436,0.17063403781979977,0.12747497219132367,0.13147942157953282,0.10433815350389322,0.23203559510567295,0.0825361512791991,-0.06829810901001113,-0.09454949944382647
2025-12-23,-0.19688542825361513,0.15372636262513903,0.035817575083426034,0.13192436040044492,-0.14304783092324808,0.20978865406006672,0.2556173526140155,0.2961067853170189,0.05361512791991101,-0.011790878754171301,-0.1911012235817575,-0.2671857619577308,-0.14660734149054505
2025-12-24,-0.19154616240266964,-0.011345939933259176,-0.014460511679644046,0.06340378197997774,-0.13236929922135707,0.07675194660734148,0.2462736373748609,0.2507230255839822,0.22491657397107895,-0.12836484983314794,-0.3397107897664071,-0.28097886540600664,-0.2453837597330367
2025-12-26,-0.1296996662958843,-0.06740823136818688,-0.027808676307007785,-0.06607341490545049,-0.059844271412680755,-0.06963292547274749,0.09098998887652948,0.0825361512791991,0.3010011123470523,-0.12658509454949946,-0.31523915461624025,-0.33926585094549494,-0.2547274749721913
2025-12-29,-0.06696329254727475,-0.160845383759733,-0.24716351501668518,-0.014015572858731925,-0.06874304783092325,-0.05094549499443826,0.16885428253615126,0.11012235817575085,0.35706340378198,-0.26140155728587317,-0.34638487208008895,-0.36062291434927696,-0.30233592880978866
2025-12-30,-0.01579532814238042,-0.20667408231368187,-0.17285873192436038,-0.11946607341490545,-0.05494994438264739,-0.07408231368186874,0.030478309232480537,0.06874304783092325,0.24849833147942155,-0.21690767519466073,-0.19911012235817574,-0.32502780867630704,-0.1292547274749722
2025-12-31,-0.0371523915461624,-0.1897664071190211,-0.17330367074527253,-0.22313681868743046,-0.18309232480533927,-0.03937708565072302,0.057174638487208,0.08164627363737487,0.0064516129032258064,-0.2649610678531702,-0.34282536151279197,-0.3904338153503893,-0.23737486095661847
2026-01-02,-0.055394883203559515,-0.0024471635150166847,0.196440489432703,-0.06251390433815351,0.12525027808676306,-0.016240266963292546,0.15639599555061176,-0.04382647385984427,0.13014460511679646,-0.04382647385984427,-0.0011123470522803117,-0.17330367074527253,0.08298109010011123
2026-01-05,0.024249165739710785,0.12480533926585094,0.3308120133481646,0.11501668520578419,0.2805339265850945,-0.07096774193548387,0.12569521690767518,-0.02513904338153504,0.21557285873192436,0.15150166852057842,0.19955506117908786,-0.010901001112347052,0.24449388209121245
2026-01-06,0.07452725250278086,0.1408231368186874,0.32458286985539486,0.23559510567296996,0.34949944382647385,-0.06740823136818688,0.047830923248053395,0.020244716351501667,0.18309232480533927,0.30589543937708563,0.2489432703003337,0.12614015572858733,0.33748609566184645
2026-01-07,-0.011790878754171301,-0.011790878754171301,0.024249165739710785,0.09543937708565071,0.1581757508342603,-0.11946607341490545,-0.08743047830923248,-0.08609566184649611,-0.05406006674082313,0.0731924360400445,0.09588431590656285,0.09588431590656285,0.22224694104560622
2026-01-08,0.07230255839822024,0.11056729699666296,0.26941045606229147,0.24404894327030033,0.23337041156840932,-0.14705228031145717,-0.11056729699666296,-0.04293659621802002,0.034482758620689655,0.364182424916574,0.385539488320356,0.24271412680756396,0.3325917686318131
2026-01-09,0.14616240266963293,0.10255839822024472,0.064293659621802,0.13770856507230256,0.01757508342602892,-0.11635150166852058,-0.08476084538375972,-0.10211345939933258,0.01668520578420467,0.22313681868743046,0.16885428253615126,0.24271412680756396,0.04471635150166852
2026-01-12,0.053170189098998885,0.10611790878754171,-0.0825361512791991,0.06651835372636263,-0.05094549499443826,0.08876529477196884,-0.03181312569521691,-0.10611790878754171,0.014460511679644046,0.07986651835372637,-0.06384872080088987,0.09988876529477196,-0.07452725250278086
2026-01-13,-0.09187986651835373,0.01579532814238042,-0.061179087875417135,0.005561735261401557,-0.05406006674082313,0.08520578420467186,0.0020022246941045607,-0.06562847608453837,0.05628476084538376,-0.023359288097886538,-0.07408231368186874,-0.01757508342602892,-0.08387096774193549
2026-01-14,-0.021579532814238044,0.12569521690767518,-0.03314794215795328,-0.019799777530589546,-0.06562847608453837,0.21156840934371526,0.1764182424916574,0.0967741935483871,0.1839822024471635,-0.1114571746384872,-0.18309232480533927,-0.13014460511679646,-0.14616240266963293
2026-01-15,-0.1568409343715239,0.11279199110122358,-0.011345939933259176,-0.05628476084538376,-0.015350389321468297,0.14126807563959956,0.19332591768631813,0.10166852057842046,0.18309232480533927,-0.10567296996662959,-0.21957730812013349,-0.16484983314794216,-0.10077864293659622
2026-01-16,-0.12258064516129033,0.22180200222469412,0.07452725250278086,0.0002224694104560623,0.04382647385984427,0.3441601779755284,0.27474972191323693,0.1839822024471635,0.12791991101223582,-0.038042269187986644,-0.189321468298109,-0.18131256952169075,-0.06340378197997774
2026-01-20,-0.10433815350389322,0.33125695216907675,0.20088987764182425,0.11501668520578419,0.22580645161290322,0.41446051167964404,0.30189098998887653,0.30945494994438266,0.20978865406006672,-0.014905450500556172,-0.08298109010011123,-0.10433815350389322,0.03314794215795328
2026-01-21,-0.1474972191323693,0.056729699666295874,0.028253615127919914,-0.034037819799777526,0.2324805339265851,0.2636262513904338,0.2525027808676307,0.17463848720800887,0.27786429365962184,-0.24849833147942155,-0.26273637374860953,-0.25383759733036704,-0.10478309232480533
2026-01-22,-0.1532814238042269,0.07586206896551724,-0.026028921023359287,-0.001557285873192436,0.15906562847608455,0.2947719688542826,0.1764182424916574,0.23381535038932147,0.1884315906562848,-0.19421579532814237,-0.2703003337041157,-0.2667408231368187,-0.11991101223581756
2026-01-23,-0.2738598442714127,0.14304783092324808,-0.20133481646273638,-0.06874304783092325,-0.04471635150166852,0.29076751946607343,-0.01846496106785317,0.20444938820912126,-0.01668520578420467,-0.2796440489432703,-0.3481646273637375,-0.2671857619577308,-0.12791991101223582
2026-01-26,-0.35350389321468295,0.3931034482758621,-0.05583982202447163,-0.03626251390433815,-0.18665183537263624,0.5132369299221357,0.10834260289210233,0.2587319243604005,-0.1332591768631813,-0.1239154616240267,-0.2360400444938821,-0.31123470522803115,-0.24093437152391545
2026-01-27,-0.3917686318131257,0.3103448275862069,-0.0914349276974416,-0.035817575083426034,-0.16484983314794216,0.3290322580645161,-0.028698553948832032,0.12747497219132367,-0.17864293659621802,-0.04872080088987764,-0.15150166852057842,-0.17552836484983317,-0.09499443826473859
2026-01-28,-0.2800889877641824,0.4540600667408231,0.2204671857619577,0.07096774193548387,-0.014015572858731925,0.41090100111234706,0.1345939933259177,0.1959955506117909,-0.10611790878754171,0.2004449388209121,0.05628476084538376,-0.13904338153503895,-0.033592880978865404
2026-01-29,-0.20978865406006672,0.47497219132369295,0.3103448275862069,0.21290322580645163,0.09810901001112346,0.4002224694104561,0.23648498331479423,0.22180200222469412,0.0135706340378198,0.23915461624026696,0.07808676307007786,0.024249165739710785,0.10433815350389322
2026-01-30,-0.15639599555061176,0.593325917686318,0.25428253615127916,0.2654060066740823,0.13281423804226916,0.5710789766407119,0.26985539488320354,0.3103448275862069,0.06651835372636263,0.25739710789766407,0.09232480533926585,0.011345939933259176,0.10834260289210233
2026-02-02,-0.19332591768631813,0.6360400444938822,0.3931034482758621,0.41713014460511677,0.2676307007786429,0.5163515016685205,0.29343715239154616,0.314349276974416,0.13904338153503895,0.2943270300333704,0.20667408231368187,0.1835372636262514,0.24760845383759733
2026-02-03,-0.19555061179087874,0.4674082313681869,0.32413793103448274,0.3147942157953281,0.32858731924360396,0.36151279199110126,0.21735261401557288,0.17374860956618463,0.20133481646273638,0.27430478309232476,0.17063403781979977,0.21379310344827587,0.2387096774193548
2026-02-04,-0.11857619577308119,0.2360400444938821,-0.18309232480533927,-0.034482758620689655,-0.058954393770856504,0.31790878754171303,-0.1345939933259177,0.09543937708565071,-0.29699666295884314,-0.09232480533926585,-0.15728587319243603,-0.06651835372636263,0.0731924360400445
2026-02-05,-0.13414905450500555,0.1906562847608454,-0.06874304783092325,-0.17419354838709677,-0.05005561735261402,0.26941045606229147,-0.25428253615127916,-0.10567296996662959,-0.28854282536151277,-0.07630700778642936,0.0028921023359288096,-0.07942157953281423,0.1243604004449388
2026-02-06,-0.02469410456062291,0.33392658509454953,-0.04427141268075639,0.08476084538375972,0.10300333704115683,0.22625139043381537,-0.1599555061179088,-0.10700778642936595,-0.09899888765294772,0.11501668520578419,0.11546162402669634,0.20444938820912126,0.19243604004449388
2026-02-09,0.040266963292547274,0.32591768631813123,0.11813125695216908,0.09899888765294772,0.1510567296996663,0.24404894327030033,-0.07764182424916574,-0.12703003337041155,0.028698553948832032,0.15061179087875418,0.12480533926585094,0.2088987764182425,0.11590656284760845
2026-02-10,0.06384872080088987,0.2947719688542826,0.08565072302558399,0.1203559510567297,0.09988876529477196,0.1439377085650723,-0.2395995550611791,-0.23292547274749723,-0.018909899888765295,0.27919911012235815,0.2307007786429366,0.33125695216907675,0.09632925472747497
2026-02-11,0.16974416017797553,0.047385984427141266,-0.004226918798665183,0.0843159065628476,0.01757508342602892,-0.10700778642936595,-0.24004449388209118,-0.28987764182424913,0.29076751946607343,0.21690767519466073,0.1439377085650723,0.26629588431590656,-0.033592880978865404
2026-02-12,0.06740823136818688,-0.16796440489432704,-0.07897664071190211,-0.016240266963292546,-0.00778642936596218,-0.2516129032258065,-0.19688542825361513,-0.349944382647386,0.2307007786429366,0.09944382647385984,0.026028921023359287,0.23915461624026696,-0.1292547274749722
2026-02-13,0.1221357063403782,-0.12836484983314794,-0.046941045606229144,-0.06384872080088987,-0.021579532814238044,-0.22091212458286985,-0.010011123470522802,-0.23559510567296996,0.4509454949944383,0.09187986651835373,0.024249165739710785,0.1604004449388209,-0.335706340378198
2026-02-17,0.1510567296996663,-0.10478309232480533,0.025583982202447165,-0.016240266963292546,-0.047385984427141266,-0.1875417130144605,0.012235817575083427,-0.1350389321468298,0.49899888765294764,0.02202447163515017,-0.06473859844271414,0.10300333704115683,-0.349944382647386
2026-02-18,0.13058954393770855,-0.05583982202447163,0.07408231368186874,-0.05050055617352613,-0.09543937708565071,-0.07897664071190211,0.11590656284760845,0.029143492769744164,0.5461624026696329,0.045606229143492764,-0.02513904338153504,-0.055394883203559515,-0.32725250278086765
2026-02-19,-0.01846496106785317,-0.2600667408231368,-0.03270300333704116,-0.06340378197997774,-0.11190211345939934,-0.2609566184649611,0.10077864293659622,0.05228031145717464,0.30055617352614017,-0.0843159065628476,-0.08298109010011123,-0.14972191323692993,-0.2360400444938821
2026-02-20,0.009121245828698554,-0.21957730812013349,-0.12658509454949946,-0.15194660734149054,-0.01268075639599555,-0.11768631813125695,0.024249165739710785,0.11679644048943269,0.0731924360400445,-0.34282536151279197,-0.15150166852057842,-0.3125695216907675,-0.13904338153503895
2026-02-23,0.0878754171301446,-0.2516129032258065,0.08031145717463849,-0.028253615127919914,0.19688542825361513,-0.28186874304783094,0.06696329254727475,0.07942157953281423,0.17241379310344826,0.08743047830923248,0.09098998887652948,0.0002224694104560623,0.017130144605116793
2026-02-24,0.11546162402669634,-0.12747497219132367,0.3414905450500556,0.207119021134594,0.19199110122358176,-0.2253615127919911,0.2182424916573971,0.2516129032258065,0.20177975528364847,0.34282536151279197,0.17508342602892102,0.09454949944382647,0.017130144605116793
2026-02-25,-0.01846496106785317,-0.19777530589543937,-0.0028921023359288096,0.0006674082313681868,0.040266963292547274,-0.17864293659621802,-0.010011123470522802,0.06696329254727475,-0.034482758620689655,-0.020244716351501667,-0.06963292547274749,-0.021134593993325918,0.057174638487208
2026-02-26,-0.020244716351501667,-0.21601779755283645,-0.004226918798665183,0.025583982202447165,-0.026028921023359287,-0.13815350389321468,0.23381535038932147,0.12080088987764183,0.047830923248053395,-0.1385984427141268,-0.17864293659621802,-0.06785317018909899,0.023804226918798663
2026-02-27,-0.02513904338153504,-0.23648498331479423,-0.047385984427141266,-0.014905450500556172,-0.010456062291434927,-0.3147942157953281,0.11546162402669634,0.059844271412680755,0.046941045606229144,-0.11234705228031144,-0.09988876529477196,0.009566184649610678,0.07675194660734148
2026-03-02,0.014460511679644046,-0.24983314794215797,-0.22580645161290322,-0.05228031145717464,-0.10567296996662959,-0.22714126807563956,-0.10923248053392658,0.0020022246941045607,-0.14883203559510566,-0.17018909899888765,-0.18487208008898778,-0.08876529477196884,0.0424916573971079
2026-03-03,0.12703003337041155,-0.14972191323692993,-0.1946607341490545,-0.1835372636262514,-0.2520578420467186,-0.06518353726362626,-0.11679644048943269,-0.0825361512791991,-0.33036707452725245,-0.24449388209121245,-0.19733036707452725,-0.23114571746384868,-0.13904338153503895
2026-03-04,0.0731924360400445,-0.22447163515016688,-0.16885428253615126,-0.20177975528364847,-0.1510567296996663,-0.19288097886540603,-0.05939933259176862,-0.08743047830923248,-0.11546162402669634,-0.24805339265850945,-0.1132369299221357,-0.17508342602892102,-0.1332591768631813
2026-03-05,0.03759733036707453,-0.08209121245828699,-0.16796440489432704,-0.01846496106785317,-0.13192436040044492,0.08609566184649611,-0.10255839822024472,0.0006674082313681868,-0.18798665183537264,-0.10611790878754171,-0.16618464961067853,-0.08387096774193549,-0.10700778642936595
2026-03-06,0.14260289210233593,-0.08876529477196884,-0.1710789766407119,0.011790878754171301,-0.2587319243604005,-0.11546162402669634,-0.058954393770856504,0.16484983314794216,-0.15239154616240266,-0.08743047830923248,-0.21735261401557288,-0.10834260289210233,-0.19199110122358176
2026-03-09,0.03848720800889878,-0.17374860956618463,-0.2413793103448276,-0.2631813125695217,-0.26140155728587317,-0.019799777530589546,-0.0914349276974416,0.006006674082313682,-0.28720800889877635,-0.2774193548387097,-0.2938820912124583,-0.33748609566184645,-0.10789766407119021
2026-03-10,0.00689655172413793,-0.11946607341490545,-0.28587319243604004,-0.3032258064516129,-0.1875417130144605,0.05761957730812013,-0.13103448275862067,-0.1132369299221357,-0.2253615127919911,-0.3472747497219132,-0.33615127919911014,-0.3899888765294772,-0.030923248053392655
2026-03-11,0.0932146829810901,-0.37130144605116794,-0.33926585094549494,-0.32146829810900995,-0.08609566184649611,-0.160845383759733,-0.22714126807563956,-0.19777530589543937,-0.15595105672969967,-0.4353726362625139,-0.3268075639599555,-0.3637374860956618,-0.03136818687430478
2026-03-12,-0.04160177975528365,-0.2943270300333704,-0.2266963292547275,-0.27519466073414905,-0.19332591768631813,-0.25339265850945497,-0.1982202447163515,-0.06562847608453837,-0.14616240266963293,-0.2511679644048943,-0.13770856507230256,-0.35839822024471635,-0.09410456062291435
2026-03-13,0.055394883203559515,-0.21601779755283645,-0.27341490545050057,-0.2867630700778643,-0.14260289210233593,-0.07942157953281423,-0.3450500556173526,-0.207119021134594,-0.3410456062291435,-0.2200222469410456,-0.18798665183537264,-0.2703003337041157,-0.059844271412680755
2026-03-16,0.06941817820239013,0.007787295631678379,-0.11213705709616868,-0.09255757093652017,-0.14439871042740768,0.02647680514770649,0.019579486159648496,0.12214929433689801,-0.2732228295914586,-0.09856491328095779,-0.10234731401634442,-0.17354544550597534,0.010234731401634443
2026-03-17,0.0771968854282536,-0.07853170189098999,0.060289210233592884,-0.059844271412680755,-0.045606229143492764,-0.19955506117908786,-0.1621802002224694,0.014460511679644046,-0.2609566184649611,0.07007786429365963,0.06740823136818688,-0.0460511679644049,0.08609566184649611
2026-03-18,0.064293659621802,-0.09721913236929922,0.01935483870967742,-0.08298109010011123,-0.009566184649610678,-0.0460511679644049,0.03937708565072302,-0.0011123470522803117,-0.14927697441601778,0.018909899888765295,-0.03225806451612903,-0.06874304783092325,0.023359288097886538
2026-03-19,-0.06384872080088987,-0.12836484983314794,0.027808676307007785,0.06651835372636263,0.07007786429365963,-0.23381535038932147,-0.09454949944382647,-0.034037819799777526,-0.18442714126807563,0.12169076751946609,0.14838709677419354,0.0932146829810901,0.20266963292547271
2026-03-20,-0.0771968854282536,-0.18887652947719688,0.0011123470522803117,0.021134593993325918,0.0046718576195773085,-0.2413793103448276,-0.11368186874304784,-0.05850945494994438,-0.1439377085650723,0.09276974416017797,0.09944382647385984,0.11635150166852058,0.13904338153503895
2026-03-23,0.02202447163515017,-0.28898776418242494,-0.08654060066740822,-0.11190211345939934,-0.1385984427141268,-0.18487208008898778,-0.029143492769744164,-0.015350389321468297,-0.12525027808676306,-0.0371523915461624,-0.05850945494994438,-0.026028921023359287,-0.064293659621802
2026-03-24,0.028698553948832032,-0.11635150166852058,0.0135706340378198,-0.011790878754171301,-0.02246941045606229,-0.22803114571746386,-0.09010011123470522,-0.05139043381535039,-0.13948832035595105,0.0843159065628476,0.02513904338153504,-0.010901001112347052,0.05850945494994438
2026-03-25,0.10789766407119021,-0.09054505005561733,0.00867630700778643,-0.06162402669632924,0.0843159065628476,-0.10834260289210233,-0.1835372636262514,-0.2,-0.10122358175750834,-0.054505005561735265,0.046496106785317015,-0.018020022246941044,0.11012235817575085
2026-03-26,0.07853170189098999,-0.09988876529477196,0.005116796440489433,-0.04516129032258065,0.17018909899888765,-0.2676307007786429,-0.2983314794215795,-0.2836484983314794,-0.21957730812013349,0.030923248053392655,0.10700778642936595,0.03759733036707453,0.2636262513904338
2026-03-27,0.046496106785317015,-0.0878754171301446,0.0825361512791991,0.012235817575083427,0.13147942157953282,-0.2200222469410456,-0.19866518353726362,-0.20266963292547271,0.005116796440489433,-0.023804226918798663,0.0424916573971079,0.013125695216907676,0.17463848720800887
2026-03-30,-0.05583982202447163,-0.2582869855394883,-0.15639599555061176,0.0135706340378198,0.14171301446051168,-0.3423804226918799,-0.37842046718576194,-0.3486095661846496,-0.00867630700778643,-0.018909899888765295,0.0914349276974416,0.10344827586206896,0.17997775305895441
2026-03-31,-0.08476084538375972,-0.21690767519466073,-0.12836484983314794,-0.04916573971078977,-0.12791991101223582,-0.4242491657397108,-0.2671857619577308,-0.3268075639599555,0.17730812013348163,-0.054505005561735265,0.0020022246941045607,0.03181312569521691,-0.20088987764182425
2026-04-01,-0.12347052280311456,-0.33748609566184645,-0.21423804226918797,-0.18442714126807563,-0.15550611790878754,-0.3739710789766407,-0.35839822024471635,-0.40867630700778645,0.03270300333704116,-0.045606229143492764,0.0006674082313681868,-0.0353726362625139,-0.18487208008898778
2026-04-02,0.010901001112347052,-0.22269187986651834,-0.07497219132369298,-0.005116796440489433,0.020689655172413793,-0.2738598442714127,-0.20355951056729701,-0.21690767519466073,0.15728587319243603,0.06696329254727475,0.10300333704115683,0.18531701890989988,-0.08476084538375972
2026-04-06,0.04427141268075639,-0.2253615127919911,-0.041156840934371525,-0.0371523915461624,0.057174638487208,-0.3468298109010011,-0.2649610678531702,-0.1532814238042269,-0.05228031145717464,0.025583982202447165,0.09810901001112346,0.15906562847608455,-0.04382647385984427
2026-04-07,-0.05005561735261402,-0.18442714126807563,-0.1350389321468298,-0.018909899888765295,-0.17330367074527253,-0.2676307007786429,-0.0843159065628476,-0.10923248053392658,-0.019799777530589546,0.07586206896551724,0.028253615127919914,0.17775305895439378,-0.2600667408231368
2026-04-08,-0.189321468298109,0.12614015572858733,0.26852057842046717,0.06340378197997774,0.071412680756396,0.05228031145717464,0.3308120133481646,-0.005116796440489433,0.3090100111234705,0.1604004449388209,0.1096774193548387,0.10077864293659622,-0.17508342602892102
2026-04-09,-0.31657397107897667,-0.12302558398220245,-0.01579532814238042,-0.03937708565072302,-0.061179087875417135,0.0460511679644049,0.32725250278086765,0.11546162402669634,0.3846496106785317,-0.14304783092324808,-0.2395995550611791,-0.15061179087875418,-0.22847608453837595
2026-04-10,-0.34282536151279197,-0.2827586206896551,-0.1710789766407119,-0.2827586206896551,-0.16662958843159065,-0.1604004449388209,0.05850945494994438,0.05406006674082313,0.19911012235817574,-0.2938820912124583,-0.2912124582869855,-0.39265850945494996,-0.13637374860956616
2026-04-13,-0.4460511679644049,-0.24983314794215797,-0.09988876529477196,-0.11279199110122358,-0.02736373748609566,-0.07986651835372637,0.17241379310344826,0.14349276974416017,0.289432703003337,-0.2711902113459399,-0.14171301446051168,-0.2582869855394883,-0.04293659621802002
2026-04-14,-0.5150166852057843,-0.24004449388209118,-0.11946607341490545,-0.20978865406006672,-0.12258064516129033,-0.08298109010011123,-0.054505005561735265,-0.05272525027808676,0.001557285873192436,-0.1768631813125695,-0.0028921023359288096,-0.1768631813125695,0.06340378197997774
2026-04-15,-0.17908787541713014,-0.19243604004449388,-0.1096774193548387,-0.1657397107897664,-0.03181312569521691,-0.10745272525027807,-0.09855394883203561,-0.05005561735261402,0.07452725250278086,-0.14527252502780869,-0.0064516129032258064,-0.1621802002224694,-0.018909899888765295
2026-04-16,-0.20355951056729701,-0.07942157953281423,-0.035817575083426034,-0.03314794215795328,0.05050055617352613,-0.020689655172413793,0.08565072302558399,0.15506117908787542,0.2582869855394883,-0.071412680756396,-0.06874304783092325,-0.10211345939933258,-0.17819799777530587
2026-04-17,-0.30189098998887653,-0.17819799777530587,-0.010901001112347052,-0.19154616240266964,0.19777530589543937,-0.15016685205784203,-0.15951056729699667,-0.16173526140155728,-0.04293659621802002,-0.0878754171301446,0.15773081201334815,-0.01935483870967742,0.20266963292547271
2026-04-20,-0.3686318131256952,-0.217797552836485,-0.009121245828698554,-0.13281423804226916,0.3486095661846496,-0.32013348164627364,-0.22580645161290322,-0.19866518353726362,-0.09187986651835373,-0.06295884315906564,0.17552836484983317,0.08031145717463849,0.3793103448275862
2026-04-21,-0.3957730812013348,-0.13726362625139044,0.041156840934371525,0.034037819799777526,0.3793103448275862,-0.3508342602892102,-0.22091212458286985,-0.17285873192436038,-0.020244716351501667,0.054505005561735265,0.307230255839822,0.1870967741935484,0.3842046718576196
2026-04-22,-0.2088987764182425,0.033592880978865404,0.1599555061179088,0.14482758620689654,0.25383759733036704,-0.189321468298109,-0.018909899888765295,-0.12880978865406006,0.10077864293659622,0.2667408231368187,0.23470522803114574,0.32547274749721916,0.2289210233592881
2026-04-23,-0.1670745272525028,-0.04293659621802002,-0.03937708565072302,0.16484983314794216,0.14304783092324808,-0.28097886540600664,-0.04916573971078977,-0.056729699666295874,0.31167964404894327,0.10077864293659622,0.06963292547274749,0.31790878754171303,0.054505005561735265
2026-04-24,-0.02513904338153504,0.01668520578420467,-0.06251390433815351,0.07942157953281423,-0.14304783092324808,-0.04338153503893215,0.2307007786429366,0.12880978865406006,0.32502780867630704,0.046941045606229144,-0.07764182424916574,0.10166852057842046,-0.3352614015572859
2026-04-27,0.006006674082313682,-0.030478309232480537,-0.034482758620689655,0.05939933259176862,-0.22313681868743046,-0.20355951056729701,0.03670745272525028,0.07007786429365963,0.21913236929922134,0.07764182424916574,-0.11056729699666296,0.06562847608453837,-0.3681868743047831
2026-04-28,0.027808676307007785,-0.1946607341490545,-0.18887652947719688,-0.11768631813125695,-0.3139043381535039,-0.18131256952169075,-0.15239154616240266,-0.026028921023359287,0.0353726362625139,-0.06295884315906564,-0.21913236929922134,-0.15639599555061176,-0.3997775305895439
2026-04-29,-0.07096774193548387,-0.1532814238042269,-0.1474972191323693,-0.0896551724137931,-0.2983314794215795,-0.11546162402669634,0.11813125695216908,0.05050055617352613,0.0460511679644049,-0.09988876529477196,-0.21290322580645163,-0.185761957730812,-0.3904338153503893
2026-04-30,-0.12658509454949946,-0.08654060066740822,-0.058954393770856504,-0.016240266963292546,-0.196440489432703,-0.12658509454949946,0.2182424916573971,0.17063403781979977,0.1345939933259177,-0.040711902113459396,-0.16929922135706338,-0.1332591768631813,-0.34060066740823136
2026-05-01,-0.07052280311457175,0.028698553948832032,-0.033592880978865404,-0.04916573971078977,-0.30856507230255836,0.07586206896551724,0.5359288097886541,0.3325917686318131,0.30055617352614017,-0.06473859844271414,-0.28453837597330367,-0.19733036707452725,-0.43715239154616237
2026-05-04,-0.03270300333704116,0.04204671857619577,0.0371523915461624,-0.035817575083426034,-0.16885428253615126,0.14349276974416017,0.4282536151279199,0.3121245828698554,0.29299221357063404,-0.04872080088987764,-0.1906562847608454,-0.23025583982202447,-0.34015572858731924
2026-05-05,-0.027808676307007785,0.057174638487208,0.06829810901001113,0.08921023359288098,-0.02246941045606229,0.07986651835372637,0.4255839822024471,0.44249165739710794,0.38331479421579534,-0.0371523915461624,-0.2186874304783092,-0.09632925472747497,-0.2422691879866518
2026-05-06,-0.17063403781979977,-0.06829810901001113,-0.04471635150166852,0.08876529477196884,0.05939933259176862,0.08387096774193549,0.2053392658509455,0.2609566184649611,0.2654060066740823,-0.11813125695216908,-0.2200222469410456,-0.09410456062291435,-0.1804226918798665
2026-05-07,-0.29521690767519465,-0.09810901001112346,-0.05228031145717464,-0.09098998887652948,-0.04827586206896552,0.05139043381535039,-0.0371523915461624,0.0046718576195773085,-0.014905450500556172,-0.0006674082313681868,-0.01757508342602892,-0.053170189098998885,-0.05094549499443826
2026-05-08,-0.2596218020022247,-0.10700778642936595,-0.04160177975528365,-0.07764182424916574,-0.04204671857619577,-0.06384872080088987,-0.17419354838709677,-0.10923248053392658,-0.09543937708565071,0.0771968854282536,0.10344827586206896,0.04827586206896552,-0.011345939933259176
2026-05-11,-0.18665183537263624,-0.2565072302558398,-0.23159065628476083,-0.2186874304783092,-0.08832035595105672,-0.21201334816462733,-0.2645161290322581,-0.31701890989988873,-0.19288097886540603,-0.23337041156840932,-0.1586206896551724,0.0011123470522803117,-0.13147942157953282
2026-05-12,-0.08609566184649611,-0.47185761957730815,-0.4242491657397108,-0.3797552836484983,-0.30945494994438266,-0.32502780867630704,-0.453615127919911,-0.4629588431590656,-0.3730812013348164,-0.38776418242491656,-0.3050055617352614,-0.2947719688542826,-0.20355951056729701
2026-05-13,-0.1510567296996663,-0.47185761957730815,-0.4589543937708565,-0.3931034482758621,-0.3090100111234705,-0.31123470522803115,-0.4816462736373748,-0.48565072302558404,-0.35839822024471635,-0.40333704115684094,-0.4082313681868743,-0.27252502780867627,-0.27252502780867627
2026-05-14,-0.21156840934371526,-0.4202447163515017,-0.42469410456062295,-0.33704115684093433,-0.27252502780867627,-0.1510567296996663,-0.4616240266963292,-0.38954393770856505,-0.37664071190211346,-0.3090100111234705,-0.27430478309232476,-0.2596218020022247,-0.1292547274749722
2026-05-15,-0.11946607341490545,-0.4420467185761958,-0.3704115684093437,-0.34638487208008895,-0.2040044493882091,-0.2387096774193548,-0.46607341490545046,-0.4580645161290322,-0.38731924360400444,-0.2253615127919911,-0.11368186874304784,-0.22447163515016688,-0.08876529477196884
2026-05-18,-0.06963292547274749,-0.30233592880978866,-0.17775305895439378,-0.29744160177975526,-0.014905450500556172,-0.2600667408231368,-0.3686318131256952,-0.37174638487208006,-0.3931034482758621,-0.13548387096774192,0.11457174638487205,-0.12080088987764183,0.14349276974416017
2026-05-19,0.08209121245828699,-0.26852057842046717,-0.12124582869855395,-0.2654060066740823,0.0914349276974416,-0.307230255839822,-0.36017797552836484,-0.4117908787541713,-0.42246941045606223,-0.10745272525027807,0.13147942157953282,-0.04293659621802002,0.31701890989988873
2026-05-20,-0.04827586206896552,-0.08343531033941122,0.029143492769744164,-0.15150166852057842,0.185761957730812,-0.11279199110122358,-0.22847608453837595,-0.2565072302558398,-0.2551724137931034,0.04160177975528365,0.2387096774193548,0.028698553948832032,0.3459399332591768
2026-05-21,-0.055394883203559515,0.09721913236929922,0.20133481646273638,0.04293659621802002,0.3010011123470523,0.0037819799777530586,-0.18264738598442715,-0.11946607341490545,-0.05850945494994438,0.12703003337041155,0.2943270300333704,0.12614015572858733,0.3650723025583982
2026-05-22,0.03982202447163515,0.260511679644049,0.44338153503893213,0.28587319243604004,0.5470522803114571,0.03181312569521691,0.029588431590656286,-0.14838709677419354,0.04872080088987764,0.303670745272525,0.450055617352614,0.3837597330367074,0.5221357063403782
2026-05-26,-0.0006674082313681868,-0.001557285873192436,0.3441601779755284,0.15150166852057842,0.5408231368186874,-0.06295884315906564,-0.0460511679644049,-0.3010011123470523,0.3232480533926585,0.07363737486095662,0.32413793103448274,0.20088987764182425,0.45272525027808674
2026-05-27,-0.11101223581757509,0.06162402669632924,0.21112347052280311,0.1599555061179088,0.3308120133481646,-0.010011123470522802,0.05494994438264739,-0.13770856507230256,0.15194660734149054,-0.02202447163515017,0.2382647385984427,0.10122358175750834,0.3681868743047831
2026-05-28,-0.10166852057842046,0.11635150166852058,0.11857619577308119,0.15773081201334815,0.24315906562847608,-0.014905450500556172,-0.02246941045606229,-0.058064516129032254,0.10789766407119021,0.14927697441601778,0.2204671857619577,0.15194660734149054,0.2186874304783092
2026-05-29,-0.05939933259176862,0.26629588431590656,0.31123470522803115,0.22758620689655173,0.3045606229143492,0.047385984427141266,0.025583982202447165,0.013125695216907676,0.09766407119021134,0.3659621802002225,0.3904338153503893,0.2774193548387097,0.38954393770856505
2026-06-01,0.07052280311457175,-0.07408231368186874,-0.11234705228031144,0.13014460511679646,-0.0020022246941045607,-0.10923248053392658,-0.25428253615127916,-0.07452725250278086,-0.07274749721913237,0.04961067853170189,0.04516129032258065,0.19021134593993325,0.16662958843159065
2026-06-02,-0.0771968854282536,-0.026918798665183537,0.029143492769744164,0.11234705228031144,0.07007786429365963,-0.13014460511679646,-0.041156840934371525,-0.04827586206896552,0.07452725250278086,0.058064516129032254,0.08654060066740822,0.18086763070077863,0.22269187986651834
2026-06-03,-0.0371523915461624,0.16484983314794216,0.08698553948832036,0.07586206896551724,0.01268075639599555,0.0020022246941045607,0.001557285873192436,0.00867630700778643,-0.04427141268075639,0.16129032258064516,0.1604004449388209,0.1003337041156841,0.07630700778642936
2026-06-04,0.021579532814238044,0.14838709677419354,0.11590656284760845,0.13147942157953282,0.10300333704115683,-0.015350389321468297,-0.0424916573971079,-0.022914349276974413,0.029143492769744164,0.2204671857619577,0.1710789766407119,0.2004449388209121,0.13548387096774192
2026-06-05,0.07764182424916574,-0.015350389321468297,-0.0843159065628476,-0.05850945494994438,-0.026918798665183537,-0.016240266963292546,-0.2756395995550612,-0.03937708565072302,0.029143492769744164,-0.0006674082313681868,0.010456062291434927,0.009566184649610678,-0.007341490545050056
2026-06-08,0.03136818687430478,0.06874304783092325,-0.04293659621802002,-0.10923248053392658,0.019799777530589546,0.08698553948832036,-0.14705228031145717,-0.11412680756395997,-0.023804226918798663,0.001557285873192436,0.07408231368186874,-0.04516129032258065,0.024249165739710785
2026-06-09,0.04827586206896552,0.2053392658509455,0.22135706340378197,0.03136818687430478,0.2413793103448276,0.09810901001112346,0.17330367074527253,-0.020689655172413793,0.20311457174638486,0.17597330367074526,0.2582869855394883,0.13993325917686317,0.17775305895439378
2026-06-10,0.058954393770856504,0.12703003337041155,0.14304783092324808,0.07274749721913237,0.3659621802002225,0.06740823136818688,0.03982202447163515,-0.06295884315906564,0.10567296996662959,0.060734149054505006,0.2716351501668521,0.21067853170189096,0.33748609566184645
2026-06-11,0.006006674082313682,0.2289210233592881,0.39265850945494996,0.1568409343715239,0.4513904338153503,0.10700778642936595,0.2088987764182425,-0.046496106785317015,0.27430478309232476,0.2502780867630701,0.5510567296996662,0.3450500556173526,0.4442714126807564
2026-06-12,,,,,,,,,,,,,
2026-06-15,,,,,,,,,,,,,
2026-06-16,,,,,,,,,,,,,
2026-06-17,,,,,,,,,,,,,
2026-06-18,,,,,,,,,,,,,
2026-06-22,,,,,,,,,,,,,
2026-06-23,,,,,,,,,,,,,
2026-06-24,,,,,,,,,,,,,
2026-06-25,,,,,,,,,,,,,
2026-06-26,,,,,,,,,,,,,
